ISO-10303-21;
HEADER;
/* Generated by software containing ST-Developer
 * from STEP Tools, Inc. (www.steptools.com) 
 */

FILE_DESCRIPTION(
/* description */ (''),
/* implementation_level */ '2;1');

FILE_NAME(
/* name */ 'Heavy_Strike_Interceptor_Mk2.step',
/* time_stamp */ '2026-09-18T22:10:10+02:00',
/* author */ (''),
/* organization */ (''),
/* preprocessor_version */ 'ST-DEVELOPER v20.1',
/* originating_system */ 'Autodesk Translation Framework v15.8.0.0',
/* authorisation */ '');

FILE_SCHEMA (('AUTOMOTIVE_DESIGN { 1 0 10303 214 3 1 1 }'));
ENDSEC;

DATA;
#10=MECHANICAL_DESIGN_GEOMETRIC_PRESENTATION_REPRESENTATION('',(#39,#40,
#41,#42,#43,#44,#45,#46,#47,#48,#49,#50,#51,#52,#53,#54,#55,#56,#57,#58,
#59,#60,#61,#62,#63,#64,#65,#66,#67,#68,#69,#70,#71,#72,#73,#74,#75,#76,
#77,#78,#79,#80,#81,#82,#83,#84,#85,#86,#87,#88,#89,#90,#91,#92,#93,#94,
#95,#96,#97,#98,#99,#100,#101,#102,#103,#104,#105,#106,#107,#108,#109,#110,
#111,#112,#113,#114,#115,#116,#117,#118,#119),#4844);
#11=SHAPE_REPRESENTATION_RELATIONSHIP('SRR','None',#4851,#12);
#12=ADVANCED_BREP_SHAPE_REPRESENTATION('',(#3065,#13,#14),#4843);
#13=MANIFOLD_SOLID_BREP('Body2',#3063);
#14=MANIFOLD_SOLID_BREP('Body3',#3064);
#15=FACE_BOUND('',#382,.T.);
#16=FACE_BOUND('',#397,.T.);
#17=FACE_BOUND('',#402,.T.);
#18=FACE_BOUND('',#413,.T.);
#19=FACE_BOUND('',#437,.T.);
#20=FACE_BOUND('',#445,.T.);
#21=CIRCLE('',#3128,280.);
#22=CIRCLE('',#3129,280.);
#23=CIRCLE('',#3132,280.);
#24=CIRCLE('',#3133,280.);
#25=CIRCLE('',#3164,440.);
#26=CIRCLE('',#3166,440.);
#27=CIRCLE('',#3170,440.);
#28=CIRCLE('',#3172,440.);
#29=CIRCLE('',#3246,180.);
#30=CIRCLE('',#3248,180.);
#31=CIRCLE('',#3251,180.);
#32=CIRCLE('',#3253,180.);
#33=CYLINDRICAL_SURFACE('',#3127,280.);
#34=CYLINDRICAL_SURFACE('',#3131,280.);
#35=CYLINDRICAL_SURFACE('',#3167,440.);
#36=CYLINDRICAL_SURFACE('',#3173,440.);
#37=CYLINDRICAL_SURFACE('',#3247,180.);
#38=CYLINDRICAL_SURFACE('',#3252,180.);
#39=STYLED_ITEM('',(#4862),#2896);
#40=STYLED_ITEM('',(#4862),#2899);
#41=STYLED_ITEM('',(#4862),#2900);
#42=STYLED_ITEM('',(#4862),#2901);
#43=STYLED_ITEM('',(#4862),#2910);
#44=STYLED_ITEM('',(#4862),#2911);
#45=STYLED_ITEM('',(#4862),#2912);
#46=STYLED_ITEM('',(#4862),#2913);
#47=STYLED_ITEM('',(#4862),#2943);
#48=STYLED_ITEM('',(#4862),#2944);
#49=STYLED_ITEM('',(#4862),#2945);
#50=STYLED_ITEM('',(#4862),#2946);
#51=STYLED_ITEM('',(#4862),#2947);
#52=STYLED_ITEM('',(#4862),#2948);
#53=STYLED_ITEM('',(#4862),#2949);
#54=STYLED_ITEM('',(#4862),#2951);
#55=STYLED_ITEM('',(#4862),#2952);
#56=STYLED_ITEM('',(#4862),#2953);
#57=STYLED_ITEM('',(#4862),#2954);
#58=STYLED_ITEM('',(#4862),#2955);
#59=STYLED_ITEM('',(#4862),#2956);
#60=STYLED_ITEM('',(#4862),#2957);
#61=STYLED_ITEM('',(#4862),#2958);
#62=STYLED_ITEM('',(#4862),#2959);
#63=STYLED_ITEM('',(#4862),#2961);
#64=STYLED_ITEM('',(#4862),#2963);
#65=STYLED_ITEM('',(#4862),#2964);
#66=STYLED_ITEM('',(#4862),#2966);
#67=STYLED_ITEM('',(#4862),#2967);
#68=STYLED_ITEM('',(#4862),#2968);
#69=STYLED_ITEM('',(#4862),#2970);
#70=STYLED_ITEM('',(#4862),#2971);
#71=STYLED_ITEM('',(#4862),#2972);
#72=STYLED_ITEM('',(#4862),#2974);
#73=STYLED_ITEM('',(#4862),#2975);
#74=STYLED_ITEM('',(#4862),#2976);
#75=STYLED_ITEM('',(#4863),#2977);
#76=STYLED_ITEM('',(#4863),#2978);
#77=STYLED_ITEM('',(#4863),#2979);
#78=STYLED_ITEM('',(#4863),#2981);
#79=STYLED_ITEM('',(#4863),#2982);
#80=STYLED_ITEM('',(#4863),#2984);
#81=STYLED_ITEM('',(#4863),#2985);
#82=STYLED_ITEM('',(#4863),#2986);
#83=STYLED_ITEM('',(#4863),#2987);
#84=STYLED_ITEM('',(#4863),#2988);
#85=STYLED_ITEM('',(#4863),#2989);
#86=STYLED_ITEM('',(#4863),#2990);
#87=STYLED_ITEM('',(#4863),#2991);
#88=STYLED_ITEM('',(#4863),#2992);
#89=STYLED_ITEM('',(#4863),#2993);
#90=STYLED_ITEM('',(#4863),#2995);
#91=STYLED_ITEM('',(#4863),#2997);
#92=STYLED_ITEM('',(#4863),#2998);
#93=STYLED_ITEM('',(#4863),#2999);
#94=STYLED_ITEM('',(#4863),#3000);
#95=STYLED_ITEM('',(#4863),#3001);
#96=STYLED_ITEM('',(#4863),#3002);
#97=STYLED_ITEM('',(#4863),#3003);
#98=STYLED_ITEM('',(#4863),#3005);
#99=STYLED_ITEM('',(#4863),#3006);
#100=STYLED_ITEM('',(#4863),#3007);
#101=STYLED_ITEM('',(#4863),#3010);
#102=STYLED_ITEM('',(#4863),#3011);
#103=STYLED_ITEM('',(#4863),#3012);
#104=STYLED_ITEM('',(#4863),#3013);
#105=STYLED_ITEM('',(#4863),#3014);
#106=STYLED_ITEM('',(#4864),#3015);
#107=STYLED_ITEM('',(#4864),#3016);
#108=STYLED_ITEM('',(#4864),#3017);
#109=STYLED_ITEM('',(#4864),#3018);
#110=STYLED_ITEM('',(#4864),#3019);
#111=STYLED_ITEM('',(#4864),#3020);
#112=STYLED_ITEM('',(#4864),#3021);
#113=STYLED_ITEM('',(#4862),#3025);
#114=STYLED_ITEM('',(#4862),#3028);
#115=STYLED_ITEM('',(#4864),#3037);
#116=STYLED_ITEM('',(#4863),#3042);
#117=STYLED_ITEM('',(#4861),#3065);
#118=STYLED_ITEM('',(#4860),#13);
#119=STYLED_ITEM('',(#4860),#14);
#120=ORIENTED_CLOSED_SHELL('',*,#3054,.F.);
#121=ORIENTED_CLOSED_SHELL('',*,#3055,.F.);
#122=ORIENTED_CLOSED_SHELL('',*,#3056,.F.);
#123=ORIENTED_CLOSED_SHELL('',*,#3057,.F.);
#124=ORIENTED_CLOSED_SHELL('',*,#3058,.F.);
#125=ORIENTED_CLOSED_SHELL('',*,#3059,.F.);
#126=ORIENTED_CLOSED_SHELL('',*,#3060,.F.);
#127=ORIENTED_CLOSED_SHELL('',*,#3061,.F.);
#128=FACE_OUTER_BOUND('',#292,.T.);
#129=FACE_OUTER_BOUND('',#293,.T.);
#130=FACE_OUTER_BOUND('',#294,.T.);
#131=FACE_OUTER_BOUND('',#295,.T.);
#132=FACE_OUTER_BOUND('',#296,.T.);
#133=FACE_OUTER_BOUND('',#297,.T.);
#134=FACE_OUTER_BOUND('',#298,.T.);
#135=FACE_OUTER_BOUND('',#299,.T.);
#136=FACE_OUTER_BOUND('',#300,.T.);
#137=FACE_OUTER_BOUND('',#301,.T.);
#138=FACE_OUTER_BOUND('',#302,.T.);
#139=FACE_OUTER_BOUND('',#303,.T.);
#140=FACE_OUTER_BOUND('',#304,.T.);
#141=FACE_OUTER_BOUND('',#305,.T.);
#142=FACE_OUTER_BOUND('',#306,.T.);
#143=FACE_OUTER_BOUND('',#307,.T.);
#144=FACE_OUTER_BOUND('',#308,.T.);
#145=FACE_OUTER_BOUND('',#309,.T.);
#146=FACE_OUTER_BOUND('',#310,.T.);
#147=FACE_OUTER_BOUND('',#311,.T.);
#148=FACE_OUTER_BOUND('',#312,.T.);
#149=FACE_OUTER_BOUND('',#313,.T.);
#150=FACE_OUTER_BOUND('',#314,.T.);
#151=FACE_OUTER_BOUND('',#315,.T.);
#152=FACE_OUTER_BOUND('',#316,.T.);
#153=FACE_OUTER_BOUND('',#317,.T.);
#154=FACE_OUTER_BOUND('',#318,.T.);
#155=FACE_OUTER_BOUND('',#319,.T.);
#156=FACE_OUTER_BOUND('',#320,.T.);
#157=FACE_OUTER_BOUND('',#321,.T.);
#158=FACE_OUTER_BOUND('',#322,.T.);
#159=FACE_OUTER_BOUND('',#323,.T.);
#160=FACE_OUTER_BOUND('',#324,.T.);
#161=FACE_OUTER_BOUND('',#325,.T.);
#162=FACE_OUTER_BOUND('',#326,.T.);
#163=FACE_OUTER_BOUND('',#327,.T.);
#164=FACE_OUTER_BOUND('',#328,.T.);
#165=FACE_OUTER_BOUND('',#329,.T.);
#166=FACE_OUTER_BOUND('',#330,.T.);
#167=FACE_OUTER_BOUND('',#331,.T.);
#168=FACE_OUTER_BOUND('',#332,.T.);
#169=FACE_OUTER_BOUND('',#333,.T.);
#170=FACE_OUTER_BOUND('',#334,.T.);
#171=FACE_OUTER_BOUND('',#335,.T.);
#172=FACE_OUTER_BOUND('',#336,.T.);
#173=FACE_OUTER_BOUND('',#337,.T.);
#174=FACE_OUTER_BOUND('',#338,.T.);
#175=FACE_OUTER_BOUND('',#339,.T.);
#176=FACE_OUTER_BOUND('',#340,.T.);
#177=FACE_OUTER_BOUND('',#341,.T.);
#178=FACE_OUTER_BOUND('',#342,.T.);
#179=FACE_OUTER_BOUND('',#343,.T.);
#180=FACE_OUTER_BOUND('',#344,.T.);
#181=FACE_OUTER_BOUND('',#345,.T.);
#182=FACE_OUTER_BOUND('',#346,.T.);
#183=FACE_OUTER_BOUND('',#347,.T.);
#184=FACE_OUTER_BOUND('',#348,.T.);
#185=FACE_OUTER_BOUND('',#349,.T.);
#186=FACE_OUTER_BOUND('',#350,.T.);
#187=FACE_OUTER_BOUND('',#351,.T.);
#188=FACE_OUTER_BOUND('',#352,.T.);
#189=FACE_OUTER_BOUND('',#353,.T.);
#190=FACE_OUTER_BOUND('',#354,.T.);
#191=FACE_OUTER_BOUND('',#355,.T.);
#192=FACE_OUTER_BOUND('',#356,.T.);
#193=FACE_OUTER_BOUND('',#357,.T.);
#194=FACE_OUTER_BOUND('',#358,.T.);
#195=FACE_OUTER_BOUND('',#359,.T.);
#196=FACE_OUTER_BOUND('',#360,.T.);
#197=FACE_OUTER_BOUND('',#361,.T.);
#198=FACE_OUTER_BOUND('',#362,.T.);
#199=FACE_OUTER_BOUND('',#363,.T.);
#200=FACE_OUTER_BOUND('',#364,.T.);
#201=FACE_OUTER_BOUND('',#365,.T.);
#202=FACE_OUTER_BOUND('',#366,.T.);
#203=FACE_OUTER_BOUND('',#367,.T.);
#204=FACE_OUTER_BOUND('',#368,.T.);
#205=FACE_OUTER_BOUND('',#369,.T.);
#206=FACE_OUTER_BOUND('',#370,.T.);
#207=FACE_OUTER_BOUND('',#371,.T.);
#208=FACE_OUTER_BOUND('',#372,.T.);
#209=FACE_OUTER_BOUND('',#373,.T.);
#210=FACE_OUTER_BOUND('',#374,.T.);
#211=FACE_OUTER_BOUND('',#375,.T.);
#212=FACE_OUTER_BOUND('',#376,.T.);
#213=FACE_OUTER_BOUND('',#377,.T.);
#214=FACE_OUTER_BOUND('',#378,.T.);
#215=FACE_OUTER_BOUND('',#379,.T.);
#216=FACE_OUTER_BOUND('',#380,.T.);
#217=FACE_OUTER_BOUND('',#381,.T.);
#218=FACE_OUTER_BOUND('',#383,.T.);
#219=FACE_OUTER_BOUND('',#384,.T.);
#220=FACE_OUTER_BOUND('',#385,.T.);
#221=FACE_OUTER_BOUND('',#386,.T.);
#222=FACE_OUTER_BOUND('',#387,.T.);
#223=FACE_OUTER_BOUND('',#388,.T.);
#224=FACE_OUTER_BOUND('',#389,.T.);
#225=FACE_OUTER_BOUND('',#390,.T.);
#226=FACE_OUTER_BOUND('',#391,.T.);
#227=FACE_OUTER_BOUND('',#392,.T.);
#228=FACE_OUTER_BOUND('',#393,.T.);
#229=FACE_OUTER_BOUND('',#394,.T.);
#230=FACE_OUTER_BOUND('',#395,.T.);
#231=FACE_OUTER_BOUND('',#396,.T.);
#232=FACE_OUTER_BOUND('',#398,.T.);
#233=FACE_OUTER_BOUND('',#399,.T.);
#234=FACE_OUTER_BOUND('',#400,.T.);
#235=FACE_OUTER_BOUND('',#401,.T.);
#236=FACE_OUTER_BOUND('',#403,.T.);
#237=FACE_OUTER_BOUND('',#404,.T.);
#238=FACE_OUTER_BOUND('',#405,.T.);
#239=FACE_OUTER_BOUND('',#406,.T.);
#240=FACE_OUTER_BOUND('',#407,.T.);
#241=FACE_OUTER_BOUND('',#408,.T.);
#242=FACE_OUTER_BOUND('',#409,.T.);
#243=FACE_OUTER_BOUND('',#410,.T.);
#244=FACE_OUTER_BOUND('',#411,.T.);
#245=FACE_OUTER_BOUND('',#412,.T.);
#246=FACE_OUTER_BOUND('',#414,.T.);
#247=FACE_OUTER_BOUND('',#415,.T.);
#248=FACE_OUTER_BOUND('',#416,.T.);
#249=FACE_OUTER_BOUND('',#417,.T.);
#250=FACE_OUTER_BOUND('',#418,.T.);
#251=FACE_OUTER_BOUND('',#419,.T.);
#252=FACE_OUTER_BOUND('',#420,.T.);
#253=FACE_OUTER_BOUND('',#421,.T.);
#254=FACE_OUTER_BOUND('',#422,.T.);
#255=FACE_OUTER_BOUND('',#423,.T.);
#256=FACE_OUTER_BOUND('',#424,.T.);
#257=FACE_OUTER_BOUND('',#425,.T.);
#258=FACE_OUTER_BOUND('',#426,.T.);
#259=FACE_OUTER_BOUND('',#427,.T.);
#260=FACE_OUTER_BOUND('',#428,.T.);
#261=FACE_OUTER_BOUND('',#429,.T.);
#262=FACE_OUTER_BOUND('',#430,.T.);
#263=FACE_OUTER_BOUND('',#431,.T.);
#264=FACE_OUTER_BOUND('',#432,.T.);
#265=FACE_OUTER_BOUND('',#433,.T.);
#266=FACE_OUTER_BOUND('',#434,.T.);
#267=FACE_OUTER_BOUND('',#435,.T.);
#268=FACE_OUTER_BOUND('',#436,.T.);
#269=FACE_OUTER_BOUND('',#438,.T.);
#270=FACE_OUTER_BOUND('',#439,.T.);
#271=FACE_OUTER_BOUND('',#440,.T.);
#272=FACE_OUTER_BOUND('',#441,.T.);
#273=FACE_OUTER_BOUND('',#442,.T.);
#274=FACE_OUTER_BOUND('',#443,.T.);
#275=FACE_OUTER_BOUND('',#444,.T.);
#276=FACE_OUTER_BOUND('',#446,.T.);
#277=FACE_OUTER_BOUND('',#447,.T.);
#278=FACE_OUTER_BOUND('',#448,.T.);
#279=FACE_OUTER_BOUND('',#449,.T.);
#280=FACE_OUTER_BOUND('',#450,.T.);
#281=FACE_OUTER_BOUND('',#451,.T.);
#282=FACE_OUTER_BOUND('',#452,.T.);
#283=FACE_OUTER_BOUND('',#453,.T.);
#284=FACE_OUTER_BOUND('',#454,.T.);
#285=FACE_OUTER_BOUND('',#455,.T.);
#286=FACE_OUTER_BOUND('',#456,.T.);
#287=FACE_OUTER_BOUND('',#457,.T.);
#288=FACE_OUTER_BOUND('',#458,.T.);
#289=FACE_OUTER_BOUND('',#459,.T.);
#290=FACE_OUTER_BOUND('',#460,.T.);
#291=FACE_OUTER_BOUND('',#461,.T.);
#292=EDGE_LOOP('',(#1922,#1923,#1924,#1925));
#293=EDGE_LOOP('',(#1926,#1927,#1928,#1929));
#294=EDGE_LOOP('',(#1930,#1931,#1932,#1933));
#295=EDGE_LOOP('',(#1934,#1935,#1936,#1937));
#296=EDGE_LOOP('',(#1938,#1939,#1940,#1941));
#297=EDGE_LOOP('',(#1942,#1943,#1944,#1945));
#298=EDGE_LOOP('',(#1946,#1947,#1948,#1949));
#299=EDGE_LOOP('',(#1950,#1951,#1952,#1953));
#300=EDGE_LOOP('',(#1954,#1955,#1956,#1957));
#301=EDGE_LOOP('',(#1958,#1959,#1960,#1961));
#302=EDGE_LOOP('',(#1962,#1963,#1964,#1965));
#303=EDGE_LOOP('',(#1966,#1967,#1968,#1969));
#304=EDGE_LOOP('',(#1970,#1971,#1972,#1973));
#305=EDGE_LOOP('',(#1974,#1975,#1976,#1977));
#306=EDGE_LOOP('',(#1978,#1979,#1980,#1981));
#307=EDGE_LOOP('',(#1982,#1983,#1984,#1985));
#308=EDGE_LOOP('',(#1986,#1987,#1988,#1989));
#309=EDGE_LOOP('',(#1990,#1991,#1992,#1993));
#310=EDGE_LOOP('',(#1994,#1995,#1996,#1997));
#311=EDGE_LOOP('',(#1998,#1999,#2000,#2001));
#312=EDGE_LOOP('',(#2002,#2003,#2004,#2005));
#313=EDGE_LOOP('',(#2006,#2007,#2008,#2009));
#314=EDGE_LOOP('',(#2010,#2011,#2012,#2013));
#315=EDGE_LOOP('',(#2014,#2015,#2016,#2017));
#316=EDGE_LOOP('',(#2018,#2019,#2020,#2021));
#317=EDGE_LOOP('',(#2022,#2023,#2024,#2025));
#318=EDGE_LOOP('',(#2026,#2027,#2028,#2029));
#319=EDGE_LOOP('',(#2030,#2031,#2032,#2033));
#320=EDGE_LOOP('',(#2034,#2035,#2036,#2037));
#321=EDGE_LOOP('',(#2038,#2039,#2040,#2041));
#322=EDGE_LOOP('',(#2042,#2043,#2044,#2045));
#323=EDGE_LOOP('',(#2046,#2047,#2048,#2049));
#324=EDGE_LOOP('',(#2050,#2051,#2052,#2053));
#325=EDGE_LOOP('',(#2054,#2055,#2056,#2057));
#326=EDGE_LOOP('',(#2058,#2059,#2060,#2061));
#327=EDGE_LOOP('',(#2062,#2063,#2064,#2065));
#328=EDGE_LOOP('',(#2066,#2067,#2068,#2069));
#329=EDGE_LOOP('',(#2070,#2071,#2072,#2073));
#330=EDGE_LOOP('',(#2074,#2075,#2076,#2077));
#331=EDGE_LOOP('',(#2078,#2079,#2080,#2081));
#332=EDGE_LOOP('',(#2082,#2083,#2084,#2085));
#333=EDGE_LOOP('',(#2086,#2087,#2088,#2089));
#334=EDGE_LOOP('',(#2090,#2091,#2092,#2093));
#335=EDGE_LOOP('',(#2094,#2095,#2096,#2097));
#336=EDGE_LOOP('',(#2098,#2099,#2100,#2101));
#337=EDGE_LOOP('',(#2102,#2103,#2104,#2105));
#338=EDGE_LOOP('',(#2106,#2107,#2108,#2109));
#339=EDGE_LOOP('',(#2110,#2111,#2112,#2113));
#340=EDGE_LOOP('',(#2114,#2115,#2116,#2117));
#341=EDGE_LOOP('',(#2118));
#342=EDGE_LOOP('',(#2119,#2120,#2121,#2122));
#343=EDGE_LOOP('',(#2123));
#344=EDGE_LOOP('',(#2124,#2125,#2126,#2127));
#345=EDGE_LOOP('',(#2128,#2129,#2130,#2131));
#346=EDGE_LOOP('',(#2132,#2133,#2134,#2135,#2136,#2137));
#347=EDGE_LOOP('',(#2138,#2139,#2140,#2141,#2142,#2143));
#348=EDGE_LOOP('',(#2144,#2145,#2146,#2147));
#349=EDGE_LOOP('',(#2148,#2149,#2150));
#350=EDGE_LOOP('',(#2151,#2152,#2153,#2154,#2155,#2156,#2157,#2158,#2159,
#2160,#2161,#2162));
#351=EDGE_LOOP('',(#2163,#2164,#2165,#2166));
#352=EDGE_LOOP('',(#2167,#2168,#2169,#2170));
#353=EDGE_LOOP('',(#2171,#2172,#2173,#2174,#2175,#2176));
#354=EDGE_LOOP('',(#2177,#2178,#2179,#2180,#2181,#2182));
#355=EDGE_LOOP('',(#2183,#2184,#2185,#2186));
#356=EDGE_LOOP('',(#2187,#2188,#2189));
#357=EDGE_LOOP('',(#2190,#2191,#2192,#2193,#2194,#2195,#2196,#2197,#2198,
#2199,#2200,#2201));
#358=EDGE_LOOP('',(#2202,#2203,#2204,#2205));
#359=EDGE_LOOP('',(#2206,#2207,#2208,#2209,#2210,#2211));
#360=EDGE_LOOP('',(#2212,#2213,#2214,#2215));
#361=EDGE_LOOP('',(#2216,#2217,#2218,#2219,#2220,#2221));
#362=EDGE_LOOP('',(#2222,#2223,#2224,#2225));
#363=EDGE_LOOP('',(#2226,#2227,#2228,#2229));
#364=EDGE_LOOP('',(#2230,#2231,#2232,#2233,#2234,#2235,#2236,#2237));
#365=EDGE_LOOP('',(#2238,#2239,#2240,#2241));
#366=EDGE_LOOP('',(#2242,#2243,#2244,#2245,#2246,#2247));
#367=EDGE_LOOP('',(#2248,#2249,#2250,#2251));
#368=EDGE_LOOP('',(#2252,#2253,#2254,#2255));
#369=EDGE_LOOP('',(#2256,#2257,#2258,#2259,#2260,#2261));
#370=EDGE_LOOP('',(#2262,#2263,#2264,#2265));
#371=EDGE_LOOP('',(#2266,#2267,#2268,#2269,#2270,#2271,#2272,#2273));
#372=EDGE_LOOP('',(#2274,#2275,#2276));
#373=EDGE_LOOP('',(#2277,#2278,#2279));
#374=EDGE_LOOP('',(#2280,#2281,#2282,#2283));
#375=EDGE_LOOP('',(#2284,#2285,#2286,#2287,#2288,#2289,#2290,#2291));
#376=EDGE_LOOP('',(#2292,#2293,#2294));
#377=EDGE_LOOP('',(#2295,#2296,#2297));
#378=EDGE_LOOP('',(#2298,#2299,#2300,#2301));
#379=EDGE_LOOP('',(#2302,#2303,#2304,#2305,#2306,#2307,#2308,#2309));
#380=EDGE_LOOP('',(#2310,#2311,#2312,#2313));
#381=EDGE_LOOP('',(#2314,#2315,#2316,#2317));
#382=EDGE_LOOP('',(#2318,#2319,#2320,#2321));
#383=EDGE_LOOP('',(#2322,#2323,#2324,#2325));
#384=EDGE_LOOP('',(#2326,#2327,#2328,#2329));
#385=EDGE_LOOP('',(#2330,#2331,#2332,#2333,#2334,#2335,#2336,#2337));
#386=EDGE_LOOP('',(#2338,#2339,#2340,#2341));
#387=EDGE_LOOP('',(#2342,#2343,#2344));
#388=EDGE_LOOP('',(#2345,#2346,#2347,#2348));
#389=EDGE_LOOP('',(#2349,#2350,#2351,#2352));
#390=EDGE_LOOP('',(#2353,#2354,#2355,#2356));
#391=EDGE_LOOP('',(#2357,#2358,#2359));
#392=EDGE_LOOP('',(#2360,#2361,#2362,#2363,#2364,#2365,#2366,#2367,#2368,
#2369));
#393=EDGE_LOOP('',(#2370,#2371,#2372,#2373,#2374,#2375,#2376,#2377));
#394=EDGE_LOOP('',(#2378,#2379,#2380,#2381));
#395=EDGE_LOOP('',(#2382,#2383,#2384,#2385));
#396=EDGE_LOOP('',(#2386,#2387,#2388,#2389));
#397=EDGE_LOOP('',(#2390,#2391,#2392,#2393));
#398=EDGE_LOOP('',(#2394,#2395,#2396,#2397));
#399=EDGE_LOOP('',(#2398,#2399,#2400,#2401,#2402,#2403,#2404,#2405));
#400=EDGE_LOOP('',(#2406,#2407,#2408,#2409));
#401=EDGE_LOOP('',(#2410,#2411,#2412,#2413,#2414,#2415,#2416,#2417,#2418,
#2419));
#402=EDGE_LOOP('',(#2420));
#403=EDGE_LOOP('',(#2421,#2422,#2423));
#404=EDGE_LOOP('',(#2424,#2425,#2426,#2427));
#405=EDGE_LOOP('',(#2428,#2429,#2430,#2431,#2432,#2433,#2434,#2435,#2436,
#2437));
#406=EDGE_LOOP('',(#2438,#2439,#2440,#2441));
#407=EDGE_LOOP('',(#2442,#2443,#2444,#2445));
#408=EDGE_LOOP('',(#2446,#2447,#2448,#2449));
#409=EDGE_LOOP('',(#2450,#2451,#2452,#2453));
#410=EDGE_LOOP('',(#2454,#2455,#2456,#2457));
#411=EDGE_LOOP('',(#2458,#2459,#2460,#2461));
#412=EDGE_LOOP('',(#2462,#2463,#2464,#2465,#2466,#2467,#2468,#2469,#2470,
#2471));
#413=EDGE_LOOP('',(#2472));
#414=EDGE_LOOP('',(#2473,#2474,#2475,#2476,#2477,#2478,#2479,#2480));
#415=EDGE_LOOP('',(#2481,#2482,#2483,#2484));
#416=EDGE_LOOP('',(#2485,#2486,#2487));
#417=EDGE_LOOP('',(#2488,#2489,#2490,#2491));
#418=EDGE_LOOP('',(#2492,#2493,#2494,#2495));
#419=EDGE_LOOP('',(#2496,#2497,#2498,#2499));
#420=EDGE_LOOP('',(#2500,#2501,#2502,#2503,#2504,#2505,#2506,#2507));
#421=EDGE_LOOP('',(#2508,#2509,#2510,#2511));
#422=EDGE_LOOP('',(#2512,#2513,#2514,#2515));
#423=EDGE_LOOP('',(#2516,#2517,#2518,#2519));
#424=EDGE_LOOP('',(#2520,#2521,#2522,#2523));
#425=EDGE_LOOP('',(#2524,#2525,#2526,#2527));
#426=EDGE_LOOP('',(#2528,#2529,#2530,#2531));
#427=EDGE_LOOP('',(#2532,#2533,#2534,#2535,#2536,#2537));
#428=EDGE_LOOP('',(#2538,#2539,#2540,#2541,#2542,#2543,#2544,#2545,#2546,
#2547));
#429=EDGE_LOOP('',(#2548,#2549,#2550,#2551,#2552,#2553,#2554,#2555,#2556,
#2557));
#430=EDGE_LOOP('',(#2558,#2559,#2560,#2561));
#431=EDGE_LOOP('',(#2562,#2563,#2564,#2565));
#432=EDGE_LOOP('',(#2566,#2567,#2568,#2569));
#433=EDGE_LOOP('',(#2570,#2571,#2572,#2573));
#434=EDGE_LOOP('',(#2574,#2575,#2576,#2577));
#435=EDGE_LOOP('',(#2578,#2579,#2580,#2581));
#436=EDGE_LOOP('',(#2582,#2583,#2584,#2585,#2586,#2587,#2588,#2589,#2590,
#2591,#2592,#2593,#2594,#2595,#2596,#2597,#2598,#2599,#2600,#2601,#2602,
#2603,#2604,#2605));
#437=EDGE_LOOP('',(#2606,#2607,#2608,#2609,#2610,#2611,#2612,#2613,#2614,
#2615));
#438=EDGE_LOOP('',(#2616,#2617,#2618,#2619));
#439=EDGE_LOOP('',(#2620,#2621,#2622,#2623,#2624,#2625));
#440=EDGE_LOOP('',(#2626,#2627,#2628,#2629));
#441=EDGE_LOOP('',(#2630,#2631,#2632,#2633));
#442=EDGE_LOOP('',(#2634,#2635,#2636,#2637,#2638,#2639));
#443=EDGE_LOOP('',(#2640,#2641,#2642,#2643));
#444=EDGE_LOOP('',(#2644,#2645,#2646,#2647,#2648,#2649,#2650,#2651));
#445=EDGE_LOOP('',(#2652,#2653,#2654,#2655,#2656,#2657));
#446=EDGE_LOOP('',(#2658,#2659,#2660,#2661,#2662,#2663,#2664,#2665,#2666,
#2667,#2668,#2669,#2670,#2671));
#447=EDGE_LOOP('',(#2672,#2673,#2674,#2675));
#448=EDGE_LOOP('',(#2676,#2677,#2678,#2679));
#449=EDGE_LOOP('',(#2680,#2681,#2682,#2683));
#450=EDGE_LOOP('',(#2684,#2685,#2686,#2687,#2688,#2689,#2690,#2691));
#451=EDGE_LOOP('',(#2692,#2693,#2694,#2695,#2696,#2697,#2698,#2699));
#452=EDGE_LOOP('',(#2700,#2701,#2702,#2703,#2704,#2705,#2706,#2707));
#453=EDGE_LOOP('',(#2708,#2709,#2710,#2711));
#454=EDGE_LOOP('',(#2712,#2713,#2714,#2715));
#455=EDGE_LOOP('',(#2716,#2717,#2718,#2719));
#456=EDGE_LOOP('',(#2720));
#457=EDGE_LOOP('',(#2721,#2722,#2723,#2724));
#458=EDGE_LOOP('',(#2725));
#459=EDGE_LOOP('',(#2726));
#460=EDGE_LOOP('',(#2727,#2728,#2729,#2730));
#461=EDGE_LOOP('',(#2731));
#462=LINE('',#4006,#855);
#463=LINE('',#4008,#856);
#464=LINE('',#4010,#857);
#465=LINE('',#4011,#858);
#466=LINE('',#4014,#859);
#467=LINE('',#4016,#860);
#468=LINE('',#4017,#861);
#469=LINE('',#4020,#862);
#470=LINE('',#4022,#863);
#471=LINE('',#4023,#864);
#472=LINE('',#4025,#865);
#473=LINE('',#4026,#866);
#474=LINE('',#4032,#867);
#475=LINE('',#4034,#868);
#476=LINE('',#4036,#869);
#477=LINE('',#4037,#870);
#478=LINE('',#4040,#871);
#479=LINE('',#4042,#872);
#480=LINE('',#4043,#873);
#481=LINE('',#4046,#874);
#482=LINE('',#4048,#875);
#483=LINE('',#4049,#876);
#484=LINE('',#4051,#877);
#485=LINE('',#4052,#878);
#486=LINE('',#4058,#879);
#487=LINE('',#4060,#880);
#488=LINE('',#4062,#881);
#489=LINE('',#4063,#882);
#490=LINE('',#4066,#883);
#491=LINE('',#4068,#884);
#492=LINE('',#4069,#885);
#493=LINE('',#4072,#886);
#494=LINE('',#4074,#887);
#495=LINE('',#4075,#888);
#496=LINE('',#4077,#889);
#497=LINE('',#4078,#890);
#498=LINE('',#4084,#891);
#499=LINE('',#4086,#892);
#500=LINE('',#4088,#893);
#501=LINE('',#4089,#894);
#502=LINE('',#4092,#895);
#503=LINE('',#4094,#896);
#504=LINE('',#4095,#897);
#505=LINE('',#4098,#898);
#506=LINE('',#4100,#899);
#507=LINE('',#4101,#900);
#508=LINE('',#4103,#901);
#509=LINE('',#4104,#902);
#510=LINE('',#4110,#903);
#511=LINE('',#4112,#904);
#512=LINE('',#4114,#905);
#513=LINE('',#4115,#906);
#514=LINE('',#4118,#907);
#515=LINE('',#4120,#908);
#516=LINE('',#4121,#909);
#517=LINE('',#4124,#910);
#518=LINE('',#4126,#911);
#519=LINE('',#4127,#912);
#520=LINE('',#4129,#913);
#521=LINE('',#4130,#914);
#522=LINE('',#4136,#915);
#523=LINE('',#4138,#916);
#524=LINE('',#4140,#917);
#525=LINE('',#4141,#918);
#526=LINE('',#4144,#919);
#527=LINE('',#4146,#920);
#528=LINE('',#4147,#921);
#529=LINE('',#4150,#922);
#530=LINE('',#4152,#923);
#531=LINE('',#4153,#924);
#532=LINE('',#4155,#925);
#533=LINE('',#4156,#926);
#534=LINE('',#4162,#927);
#535=LINE('',#4164,#928);
#536=LINE('',#4166,#929);
#537=LINE('',#4167,#930);
#538=LINE('',#4170,#931);
#539=LINE('',#4172,#932);
#540=LINE('',#4173,#933);
#541=LINE('',#4176,#934);
#542=LINE('',#4178,#935);
#543=LINE('',#4179,#936);
#544=LINE('',#4181,#937);
#545=LINE('',#4182,#938);
#546=LINE('',#4188,#939);
#547=LINE('',#4190,#940);
#548=LINE('',#4192,#941);
#549=LINE('',#4193,#942);
#550=LINE('',#4196,#943);
#551=LINE('',#4198,#944);
#552=LINE('',#4199,#945);
#553=LINE('',#4202,#946);
#554=LINE('',#4204,#947);
#555=LINE('',#4205,#948);
#556=LINE('',#4207,#949);
#557=LINE('',#4208,#950);
#558=LINE('',#4215,#951);
#559=LINE('',#4222,#952);
#560=LINE('',#4228,#953);
#561=LINE('',#4230,#954);
#562=LINE('',#4232,#955);
#563=LINE('',#4233,#956);
#564=LINE('',#4236,#957);
#565=LINE('',#4238,#958);
#566=LINE('',#4239,#959);
#567=LINE('',#4242,#960);
#568=LINE('',#4244,#961);
#569=LINE('',#4246,#962);
#570=LINE('',#4248,#963);
#571=LINE('',#4249,#964);
#572=LINE('',#4252,#965);
#573=LINE('',#4253,#966);
#574=LINE('',#4255,#967);
#575=LINE('',#4256,#968);
#576=LINE('',#4259,#969);
#577=LINE('',#4262,#970);
#578=LINE('',#4264,#971);
#579=LINE('',#4266,#972);
#580=LINE('',#4268,#973);
#581=LINE('',#4270,#974);
#582=LINE('',#4272,#975);
#583=LINE('',#4274,#976);
#584=LINE('',#4276,#977);
#585=LINE('',#4277,#978);
#586=LINE('',#4281,#979);
#587=LINE('',#4283,#980);
#588=LINE('',#4285,#981);
#589=LINE('',#4286,#982);
#590=LINE('',#4289,#983);
#591=LINE('',#4291,#984);
#592=LINE('',#4292,#985);
#593=LINE('',#4295,#986);
#594=LINE('',#4297,#987);
#595=LINE('',#4299,#988);
#596=LINE('',#4301,#989);
#597=LINE('',#4302,#990);
#598=LINE('',#4306,#991);
#599=LINE('',#4307,#992);
#600=LINE('',#4308,#993);
#601=LINE('',#4309,#994);
#602=LINE('',#4312,#995);
#603=LINE('',#4315,#996);
#604=LINE('',#4317,#997);
#605=LINE('',#4319,#998);
#606=LINE('',#4321,#999);
#607=LINE('',#4323,#1000);
#608=LINE('',#4325,#1001);
#609=LINE('',#4327,#1002);
#610=LINE('',#4329,#1003);
#611=LINE('',#4330,#1004);
#612=LINE('',#4334,#1005);
#613=LINE('',#4336,#1006);
#614=LINE('',#4338,#1007);
#615=LINE('',#4339,#1008);
#616=LINE('',#4342,#1009);
#617=LINE('',#4344,#1010);
#618=LINE('',#4346,#1011);
#619=LINE('',#4348,#1012);
#620=LINE('',#4349,#1013);
#621=LINE('',#4352,#1014);
#622=LINE('',#4354,#1015);
#623=LINE('',#4355,#1016);
#624=LINE('',#4358,#1017);
#625=LINE('',#4359,#1018);
#626=LINE('',#4361,#1019);
#627=LINE('',#4362,#1020);
#628=LINE('',#4364,#1021);
#629=LINE('',#4368,#1022);
#630=LINE('',#4370,#1023);
#631=LINE('',#4372,#1024);
#632=LINE('',#4374,#1025);
#633=LINE('',#4375,#1026);
#634=LINE('',#4379,#1027);
#635=LINE('',#4381,#1028);
#636=LINE('',#4383,#1029);
#637=LINE('',#4384,#1030);
#638=LINE('',#4387,#1031);
#639=LINE('',#4389,#1032);
#640=LINE('',#4391,#1033);
#641=LINE('',#4393,#1034);
#642=LINE('',#4394,#1035);
#643=LINE('',#4397,#1036);
#644=LINE('',#4398,#1037);
#645=LINE('',#4401,#1038);
#646=LINE('',#4403,#1039);
#647=LINE('',#4404,#1040);
#648=LINE('',#4407,#1041);
#649=LINE('',#4408,#1042);
#650=LINE('',#4409,#1043);
#651=LINE('',#4413,#1044);
#652=LINE('',#4415,#1045);
#653=LINE('',#4417,#1046);
#654=LINE('',#4419,#1047);
#655=LINE('',#4420,#1048);
#656=LINE('',#4424,#1049);
#657=LINE('',#4427,#1050);
#658=LINE('',#4430,#1051);
#659=LINE('',#4433,#1052);
#660=LINE('',#4435,#1053);
#661=LINE('',#4436,#1054);
#662=LINE('',#4439,#1055);
#663=LINE('',#4443,#1056);
#664=LINE('',#4446,#1057);
#665=LINE('',#4450,#1058);
#666=LINE('',#4452,#1059);
#667=LINE('',#4454,#1060);
#668=LINE('',#4456,#1061);
#669=LINE('',#4458,#1062);
#670=LINE('',#4460,#1063);
#671=LINE('',#4462,#1064);
#672=LINE('',#4463,#1065);
#673=LINE('',#4466,#1066);
#674=LINE('',#4468,#1067);
#675=LINE('',#4469,#1068);
#676=LINE('',#4472,#1069);
#677=LINE('',#4474,#1070);
#678=LINE('',#4475,#1071);
#679=LINE('',#4478,#1072);
#680=LINE('',#4480,#1073);
#681=LINE('',#4482,#1074);
#682=LINE('',#4483,#1075);
#683=LINE('',#4486,#1076);
#684=LINE('',#4487,#1077);
#685=LINE('',#4490,#1078);
#686=LINE('',#4491,#1079);
#687=LINE('',#4494,#1080);
#688=LINE('',#4495,#1081);
#689=LINE('',#4497,#1082);
#690=LINE('',#4498,#1083);
#691=LINE('',#4502,#1084);
#692=LINE('',#4503,#1085);
#693=LINE('',#4506,#1086);
#694=LINE('',#4507,#1087);
#695=LINE('',#4509,#1088);
#696=LINE('',#4512,#1089);
#697=LINE('',#4514,#1090);
#698=LINE('',#4515,#1091);
#699=LINE('',#4519,#1092);
#700=LINE('',#4521,#1093);
#701=LINE('',#4523,#1094);
#702=LINE('',#4525,#1095);
#703=LINE('',#4527,#1096);
#704=LINE('',#4528,#1097);
#705=LINE('',#4532,#1098);
#706=LINE('',#4534,#1099);
#707=LINE('',#4536,#1100);
#708=LINE('',#4538,#1101);
#709=LINE('',#4540,#1102);
#710=LINE('',#4542,#1103);
#711=LINE('',#4544,#1104);
#712=LINE('',#4545,#1105);
#713=LINE('',#4548,#1106);
#714=LINE('',#4550,#1107);
#715=LINE('',#4551,#1108);
#716=LINE('',#4554,#1109);
#717=LINE('',#4556,#1110);
#718=LINE('',#4557,#1111);
#719=LINE('',#4561,#1112);
#720=LINE('',#4562,#1113);
#721=LINE('',#4563,#1114);
#722=LINE('',#4566,#1115);
#723=LINE('',#4568,#1116);
#724=LINE('',#4570,#1117);
#725=LINE('',#4571,#1118);
#726=LINE('',#4573,#1119);
#727=LINE('',#4576,#1120);
#728=LINE('',#4577,#1121);
#729=LINE('',#4579,#1122);
#730=LINE('',#4580,#1123);
#731=LINE('',#4584,#1124);
#732=LINE('',#4586,#1125);
#733=LINE('',#4588,#1126);
#734=LINE('',#4590,#1127);
#735=LINE('',#4592,#1128);
#736=LINE('',#4594,#1129);
#737=LINE('',#4595,#1130);
#738=LINE('',#4598,#1131);
#739=LINE('',#4599,#1132);
#740=LINE('',#4602,#1133);
#741=LINE('',#4603,#1134);
#742=LINE('',#4606,#1135);
#743=LINE('',#4608,#1136);
#744=LINE('',#4610,#1137);
#745=LINE('',#4612,#1138);
#746=LINE('',#4614,#1139);
#747=LINE('',#4615,#1140);
#748=LINE('',#4617,#1141);
#749=LINE('',#4620,#1142);
#750=LINE('',#4621,#1143);
#751=LINE('',#4624,#1144);
#752=LINE('',#4626,#1145);
#753=LINE('',#4627,#1146);
#754=LINE('',#4630,#1147);
#755=LINE('',#4632,#1148);
#756=LINE('',#4633,#1149);
#757=LINE('',#4635,#1150);
#758=LINE('',#4637,#1151);
#759=LINE('',#4640,#1152);
#760=LINE('',#4641,#1153);
#761=LINE('',#4644,#1154);
#762=LINE('',#4646,#1155);
#763=LINE('',#4648,#1156);
#764=LINE('',#4650,#1157);
#765=LINE('',#4651,#1158);
#766=LINE('',#4653,#1159);
#767=LINE('',#4655,#1160);
#768=LINE('',#4657,#1161);
#769=LINE('',#4658,#1162);
#770=LINE('',#4663,#1163);
#771=LINE('',#4664,#1164);
#772=LINE('',#4666,#1165);
#773=LINE('',#4667,#1166);
#774=LINE('',#4671,#1167);
#775=LINE('',#4673,#1168);
#776=LINE('',#4675,#1169);
#777=LINE('',#4676,#1170);
#778=LINE('',#4679,#1171);
#779=LINE('',#4681,#1172);
#780=LINE('',#4682,#1173);
#781=LINE('',#4685,#1174);
#782=LINE('',#4687,#1175);
#783=LINE('',#4688,#1176);
#784=LINE('',#4691,#1177);
#785=LINE('',#4693,#1178);
#786=LINE('',#4694,#1179);
#787=LINE('',#4697,#1180);
#788=LINE('',#4699,#1181);
#789=LINE('',#4700,#1182);
#790=LINE('',#4702,#1183);
#791=LINE('',#4703,#1184);
#792=LINE('',#4707,#1185);
#793=LINE('',#4709,#1186);
#794=LINE('',#4711,#1187);
#795=LINE('',#4713,#1188);
#796=LINE('',#4714,#1189);
#797=LINE('',#4716,#1190);
#798=LINE('',#4718,#1191);
#799=LINE('',#4720,#1192);
#800=LINE('',#4722,#1193);
#801=LINE('',#4723,#1194);
#802=LINE('',#4727,#1195);
#803=LINE('',#4728,#1196);
#804=LINE('',#4729,#1197);
#805=LINE('',#4732,#1198);
#806=LINE('',#4733,#1199);
#807=LINE('',#4736,#1200);
#808=LINE('',#4737,#1201);
#809=LINE('',#4740,#1202);
#810=LINE('',#4741,#1203);
#811=LINE('',#4744,#1204);
#812=LINE('',#4745,#1205);
#813=LINE('',#4748,#1206);
#814=LINE('',#4749,#1207);
#815=LINE('',#4751,#1208);
#816=LINE('',#4753,#1209);
#817=LINE('',#4755,#1210);
#818=LINE('',#4757,#1211);
#819=LINE('',#4759,#1212);
#820=LINE('',#4761,#1213);
#821=LINE('',#4763,#1214);
#822=LINE('',#4764,#1215);
#823=LINE('',#4765,#1216);
#824=LINE('',#4767,#1217);
#825=LINE('',#4769,#1218);
#826=LINE('',#4771,#1219);
#827=LINE('',#4772,#1220);
#828=LINE('',#4775,#1221);
#829=LINE('',#4776,#1222);
#830=LINE('',#4779,#1223);
#831=LINE('',#4780,#1224);
#832=LINE('',#4783,#1225);
#833=LINE('',#4784,#1226);
#834=LINE('',#4786,#1227);
#835=LINE('',#4789,#1228);
#836=LINE('',#4790,#1229);
#837=LINE('',#4792,#1230);
#838=LINE('',#4797,#1231);
#839=LINE('',#4799,#1232);
#840=LINE('',#4801,#1233);
#841=LINE('',#4802,#1234);
#842=LINE('',#4803,#1235);
#843=LINE('',#4804,#1236);
#844=LINE('',#4806,#1237);
#845=LINE('',#4808,#1238);
#846=LINE('',#4809,#1239);
#847=LINE('',#4811,#1240);
#848=LINE('',#4812,#1241);
#849=LINE('',#4814,#1242);
#850=LINE('',#4819,#1243);
#851=LINE('',#4821,#1244);
#852=LINE('',#4823,#1245);
#853=LINE('',#4831,#1246);
#854=LINE('',#4839,#1247);
#855=VECTOR('',#3259,10.);
#856=VECTOR('',#3260,10.);
#857=VECTOR('',#3261,10.);
#858=VECTOR('',#3262,10.);
#859=VECTOR('',#3265,10.);
#860=VECTOR('',#3266,10.);
#861=VECTOR('',#3267,10.);
#862=VECTOR('',#3270,10.);
#863=VECTOR('',#3271,10.);
#864=VECTOR('',#3272,10.);
#865=VECTOR('',#3275,10.);
#866=VECTOR('',#3276,10.);
#867=VECTOR('',#3283,10.);
#868=VECTOR('',#3284,10.);
#869=VECTOR('',#3285,10.);
#870=VECTOR('',#3286,10.);
#871=VECTOR('',#3289,10.);
#872=VECTOR('',#3290,10.);
#873=VECTOR('',#3291,10.);
#874=VECTOR('',#3294,10.);
#875=VECTOR('',#3295,10.);
#876=VECTOR('',#3296,10.);
#877=VECTOR('',#3299,10.);
#878=VECTOR('',#3300,10.);
#879=VECTOR('',#3307,10.);
#880=VECTOR('',#3308,10.);
#881=VECTOR('',#3309,10.);
#882=VECTOR('',#3310,10.);
#883=VECTOR('',#3313,10.);
#884=VECTOR('',#3314,10.);
#885=VECTOR('',#3315,10.);
#886=VECTOR('',#3318,10.);
#887=VECTOR('',#3319,10.);
#888=VECTOR('',#3320,10.);
#889=VECTOR('',#3323,10.);
#890=VECTOR('',#3324,10.);
#891=VECTOR('',#3331,10.);
#892=VECTOR('',#3332,10.);
#893=VECTOR('',#3333,10.);
#894=VECTOR('',#3334,10.);
#895=VECTOR('',#3337,10.);
#896=VECTOR('',#3338,10.);
#897=VECTOR('',#3339,10.);
#898=VECTOR('',#3342,10.);
#899=VECTOR('',#3343,10.);
#900=VECTOR('',#3344,10.);
#901=VECTOR('',#3347,10.);
#902=VECTOR('',#3348,10.);
#903=VECTOR('',#3355,10.);
#904=VECTOR('',#3356,10.);
#905=VECTOR('',#3357,10.);
#906=VECTOR('',#3358,10.);
#907=VECTOR('',#3361,10.);
#908=VECTOR('',#3362,10.);
#909=VECTOR('',#3363,10.);
#910=VECTOR('',#3366,10.);
#911=VECTOR('',#3367,10.);
#912=VECTOR('',#3368,10.);
#913=VECTOR('',#3371,10.);
#914=VECTOR('',#3372,10.);
#915=VECTOR('',#3379,10.);
#916=VECTOR('',#3380,10.);
#917=VECTOR('',#3381,10.);
#918=VECTOR('',#3382,10.);
#919=VECTOR('',#3385,10.);
#920=VECTOR('',#3386,10.);
#921=VECTOR('',#3387,10.);
#922=VECTOR('',#3390,10.);
#923=VECTOR('',#3391,10.);
#924=VECTOR('',#3392,10.);
#925=VECTOR('',#3395,10.);
#926=VECTOR('',#3396,10.);
#927=VECTOR('',#3403,10.);
#928=VECTOR('',#3404,10.);
#929=VECTOR('',#3405,10.);
#930=VECTOR('',#3406,10.);
#931=VECTOR('',#3409,10.);
#932=VECTOR('',#3410,10.);
#933=VECTOR('',#3411,10.);
#934=VECTOR('',#3414,10.);
#935=VECTOR('',#3415,10.);
#936=VECTOR('',#3416,10.);
#937=VECTOR('',#3419,10.);
#938=VECTOR('',#3420,10.);
#939=VECTOR('',#3427,10.);
#940=VECTOR('',#3428,10.);
#941=VECTOR('',#3429,10.);
#942=VECTOR('',#3430,10.);
#943=VECTOR('',#3433,10.);
#944=VECTOR('',#3434,10.);
#945=VECTOR('',#3435,10.);
#946=VECTOR('',#3438,10.);
#947=VECTOR('',#3439,10.);
#948=VECTOR('',#3440,10.);
#949=VECTOR('',#3443,10.);
#950=VECTOR('',#3444,10.);
#951=VECTOR('',#3453,280.);
#952=VECTOR('',#3462,280.);
#953=VECTOR('',#3469,10.);
#954=VECTOR('',#3470,10.);
#955=VECTOR('',#3471,10.);
#956=VECTOR('',#3472,10.);
#957=VECTOR('',#3475,10.);
#958=VECTOR('',#3476,10.);
#959=VECTOR('',#3477,10.);
#960=VECTOR('',#3480,10.);
#961=VECTOR('',#3481,10.);
#962=VECTOR('',#3482,10.);
#963=VECTOR('',#3483,10.);
#964=VECTOR('',#3484,10.);
#965=VECTOR('',#3487,10.);
#966=VECTOR('',#3488,10.);
#967=VECTOR('',#3489,10.);
#968=VECTOR('',#3490,10.);
#969=VECTOR('',#3495,10.);
#970=VECTOR('',#3498,10.);
#971=VECTOR('',#3499,10.);
#972=VECTOR('',#3500,10.);
#973=VECTOR('',#3501,10.);
#974=VECTOR('',#3502,10.);
#975=VECTOR('',#3503,10.);
#976=VECTOR('',#3504,10.);
#977=VECTOR('',#3505,10.);
#978=VECTOR('',#3506,10.);
#979=VECTOR('',#3509,10.);
#980=VECTOR('',#3510,10.);
#981=VECTOR('',#3511,10.);
#982=VECTOR('',#3512,10.);
#983=VECTOR('',#3515,10.);
#984=VECTOR('',#3516,10.);
#985=VECTOR('',#3517,10.);
#986=VECTOR('',#3520,10.);
#987=VECTOR('',#3521,10.);
#988=VECTOR('',#3522,10.);
#989=VECTOR('',#3523,10.);
#990=VECTOR('',#3524,10.);
#991=VECTOR('',#3527,10.);
#992=VECTOR('',#3528,10.);
#993=VECTOR('',#3529,10.);
#994=VECTOR('',#3530,10.);
#995=VECTOR('',#3535,10.);
#996=VECTOR('',#3538,10.);
#997=VECTOR('',#3539,10.);
#998=VECTOR('',#3540,10.);
#999=VECTOR('',#3541,10.);
#1000=VECTOR('',#3542,10.);
#1001=VECTOR('',#3543,10.);
#1002=VECTOR('',#3544,10.);
#1003=VECTOR('',#3545,10.);
#1004=VECTOR('',#3546,10.);
#1005=VECTOR('',#3549,10.);
#1006=VECTOR('',#3550,10.);
#1007=VECTOR('',#3551,10.);
#1008=VECTOR('',#3552,10.);
#1009=VECTOR('',#3555,10.);
#1010=VECTOR('',#3556,10.);
#1011=VECTOR('',#3557,10.);
#1012=VECTOR('',#3558,10.);
#1013=VECTOR('',#3559,10.);
#1014=VECTOR('',#3562,10.);
#1015=VECTOR('',#3563,10.);
#1016=VECTOR('',#3564,10.);
#1017=VECTOR('',#3567,10.);
#1018=VECTOR('',#3568,10.);
#1019=VECTOR('',#3569,10.);
#1020=VECTOR('',#3570,10.);
#1021=VECTOR('',#3573,10.);
#1022=VECTOR('',#3578,10.);
#1023=VECTOR('',#3579,10.);
#1024=VECTOR('',#3580,10.);
#1025=VECTOR('',#3581,10.);
#1026=VECTOR('',#3582,10.);
#1027=VECTOR('',#3585,10.);
#1028=VECTOR('',#3586,10.);
#1029=VECTOR('',#3587,10.);
#1030=VECTOR('',#3588,10.);
#1031=VECTOR('',#3591,10.);
#1032=VECTOR('',#3592,10.);
#1033=VECTOR('',#3593,10.);
#1034=VECTOR('',#3594,10.);
#1035=VECTOR('',#3595,10.);
#1036=VECTOR('',#3598,10.);
#1037=VECTOR('',#3599,10.);
#1038=VECTOR('',#3602,10.);
#1039=VECTOR('',#3603,10.);
#1040=VECTOR('',#3604,10.);
#1041=VECTOR('',#3607,10.);
#1042=VECTOR('',#3608,10.);
#1043=VECTOR('',#3609,10.);
#1044=VECTOR('',#3614,10.);
#1045=VECTOR('',#3615,10.);
#1046=VECTOR('',#3616,10.);
#1047=VECTOR('',#3617,10.);
#1048=VECTOR('',#3618,10.);
#1049=VECTOR('',#3623,10.);
#1050=VECTOR('',#3626,10.);
#1051=VECTOR('',#3631,10.);
#1052=VECTOR('',#3634,10.);
#1053=VECTOR('',#3635,10.);
#1054=VECTOR('',#3636,10.);
#1055=VECTOR('',#3639,10.);
#1056=VECTOR('',#3644,10.);
#1057=VECTOR('',#3649,10.);
#1058=VECTOR('',#3652,10.);
#1059=VECTOR('',#3653,10.);
#1060=VECTOR('',#3654,10.);
#1061=VECTOR('',#3655,10.);
#1062=VECTOR('',#3656,10.);
#1063=VECTOR('',#3657,10.);
#1064=VECTOR('',#3658,10.);
#1065=VECTOR('',#3659,10.);
#1066=VECTOR('',#3662,10.);
#1067=VECTOR('',#3663,10.);
#1068=VECTOR('',#3664,10.);
#1069=VECTOR('',#3667,10.);
#1070=VECTOR('',#3668,10.);
#1071=VECTOR('',#3669,10.);
#1072=VECTOR('',#3670,10.);
#1073=VECTOR('',#3671,10.);
#1074=VECTOR('',#3672,10.);
#1075=VECTOR('',#3673,10.);
#1076=VECTOR('',#3676,10.);
#1077=VECTOR('',#3677,10.);
#1078=VECTOR('',#3680,10.);
#1079=VECTOR('',#3681,10.);
#1080=VECTOR('',#3684,10.);
#1081=VECTOR('',#3685,10.);
#1082=VECTOR('',#3686,10.);
#1083=VECTOR('',#3687,10.);
#1084=VECTOR('',#3692,10.);
#1085=VECTOR('',#3693,10.);
#1086=VECTOR('',#3696,10.);
#1087=VECTOR('',#3697,10.);
#1088=VECTOR('',#3700,10.);
#1089=VECTOR('',#3703,10.);
#1090=VECTOR('',#3704,10.);
#1091=VECTOR('',#3705,10.);
#1092=VECTOR('',#3710,10.);
#1093=VECTOR('',#3711,10.);
#1094=VECTOR('',#3712,10.);
#1095=VECTOR('',#3713,10.);
#1096=VECTOR('',#3714,10.);
#1097=VECTOR('',#3715,10.);
#1098=VECTOR('',#3718,10.);
#1099=VECTOR('',#3719,10.);
#1100=VECTOR('',#3720,10.);
#1101=VECTOR('',#3721,10.);
#1102=VECTOR('',#3722,10.);
#1103=VECTOR('',#3723,10.);
#1104=VECTOR('',#3724,10.);
#1105=VECTOR('',#3725,10.);
#1106=VECTOR('',#3728,10.);
#1107=VECTOR('',#3729,10.);
#1108=VECTOR('',#3730,10.);
#1109=VECTOR('',#3733,10.);
#1110=VECTOR('',#3734,10.);
#1111=VECTOR('',#3735,10.);
#1112=VECTOR('',#3738,10.);
#1113=VECTOR('',#3739,10.);
#1114=VECTOR('',#3740,10.);
#1115=VECTOR('',#3741,10.);
#1116=VECTOR('',#3742,10.);
#1117=VECTOR('',#3743,10.);
#1118=VECTOR('',#3744,10.);
#1119=VECTOR('',#3747,10.);
#1120=VECTOR('',#3750,10.);
#1121=VECTOR('',#3751,10.);
#1122=VECTOR('',#3752,10.);
#1123=VECTOR('',#3753,10.);
#1124=VECTOR('',#3758,10.);
#1125=VECTOR('',#3759,10.);
#1126=VECTOR('',#3760,10.);
#1127=VECTOR('',#3761,10.);
#1128=VECTOR('',#3762,10.);
#1129=VECTOR('',#3763,10.);
#1130=VECTOR('',#3764,10.);
#1131=VECTOR('',#3767,10.);
#1132=VECTOR('',#3768,10.);
#1133=VECTOR('',#3771,10.);
#1134=VECTOR('',#3772,10.);
#1135=VECTOR('',#3775,10.);
#1136=VECTOR('',#3776,10.);
#1137=VECTOR('',#3777,10.);
#1138=VECTOR('',#3778,10.);
#1139=VECTOR('',#3779,10.);
#1140=VECTOR('',#3780,10.);
#1141=VECTOR('',#3783,10.);
#1142=VECTOR('',#3786,10.);
#1143=VECTOR('',#3787,10.);
#1144=VECTOR('',#3790,10.);
#1145=VECTOR('',#3791,10.);
#1146=VECTOR('',#3792,10.);
#1147=VECTOR('',#3795,10.);
#1148=VECTOR('',#3796,10.);
#1149=VECTOR('',#3797,10.);
#1150=VECTOR('',#3800,10.);
#1151=VECTOR('',#3803,10.);
#1152=VECTOR('',#3806,10.);
#1153=VECTOR('',#3807,10.);
#1154=VECTOR('',#3810,10.);
#1155=VECTOR('',#3811,10.);
#1156=VECTOR('',#3812,10.);
#1157=VECTOR('',#3813,10.);
#1158=VECTOR('',#3814,10.);
#1159=VECTOR('',#3817,10.);
#1160=VECTOR('',#3820,10.);
#1161=VECTOR('',#3823,10.);
#1162=VECTOR('',#3824,10.);
#1163=VECTOR('',#3831,10.);
#1164=VECTOR('',#3832,10.);
#1165=VECTOR('',#3833,10.);
#1166=VECTOR('',#3834,10.);
#1167=VECTOR('',#3837,10.);
#1168=VECTOR('',#3838,10.);
#1169=VECTOR('',#3839,10.);
#1170=VECTOR('',#3840,10.);
#1171=VECTOR('',#3843,10.);
#1172=VECTOR('',#3844,10.);
#1173=VECTOR('',#3845,10.);
#1174=VECTOR('',#3848,10.);
#1175=VECTOR('',#3849,10.);
#1176=VECTOR('',#3850,10.);
#1177=VECTOR('',#3853,10.);
#1178=VECTOR('',#3854,10.);
#1179=VECTOR('',#3855,10.);
#1180=VECTOR('',#3858,10.);
#1181=VECTOR('',#3859,10.);
#1182=VECTOR('',#3860,10.);
#1183=VECTOR('',#3863,10.);
#1184=VECTOR('',#3864,10.);
#1185=VECTOR('',#3869,10.);
#1186=VECTOR('',#3870,10.);
#1187=VECTOR('',#3871,10.);
#1188=VECTOR('',#3872,10.);
#1189=VECTOR('',#3873,10.);
#1190=VECTOR('',#3876,10.);
#1191=VECTOR('',#3877,10.);
#1192=VECTOR('',#3878,10.);
#1193=VECTOR('',#3879,10.);
#1194=VECTOR('',#3880,10.);
#1195=VECTOR('',#3883,10.);
#1196=VECTOR('',#3884,10.);
#1197=VECTOR('',#3885,10.);
#1198=VECTOR('',#3888,10.);
#1199=VECTOR('',#3889,10.);
#1200=VECTOR('',#3892,10.);
#1201=VECTOR('',#3893,10.);
#1202=VECTOR('',#3896,10.);
#1203=VECTOR('',#3897,10.);
#1204=VECTOR('',#3900,10.);
#1205=VECTOR('',#3901,10.);
#1206=VECTOR('',#3904,10.);
#1207=VECTOR('',#3905,10.);
#1208=VECTOR('',#3908,10.);
#1209=VECTOR('',#3909,10.);
#1210=VECTOR('',#3910,10.);
#1211=VECTOR('',#3911,10.);
#1212=VECTOR('',#3912,10.);
#1213=VECTOR('',#3913,10.);
#1214=VECTOR('',#3914,10.);
#1215=VECTOR('',#3915,10.);
#1216=VECTOR('',#3916,10.);
#1217=VECTOR('',#3917,10.);
#1218=VECTOR('',#3918,10.);
#1219=VECTOR('',#3919,10.);
#1220=VECTOR('',#3920,10.);
#1221=VECTOR('',#3923,10.);
#1222=VECTOR('',#3924,10.);
#1223=VECTOR('',#3927,10.);
#1224=VECTOR('',#3928,10.);
#1225=VECTOR('',#3931,10.);
#1226=VECTOR('',#3932,10.);
#1227=VECTOR('',#3935,10.);
#1228=VECTOR('',#3938,10.);
#1229=VECTOR('',#3939,10.);
#1230=VECTOR('',#3942,10.);
#1231=VECTOR('',#3947,10.);
#1232=VECTOR('',#3948,10.);
#1233=VECTOR('',#3949,10.);
#1234=VECTOR('',#3950,10.);
#1235=VECTOR('',#3951,10.);
#1236=VECTOR('',#3952,10.);
#1237=VECTOR('',#3953,10.);
#1238=VECTOR('',#3954,10.);
#1239=VECTOR('',#3955,10.);
#1240=VECTOR('',#3958,10.);
#1241=VECTOR('',#3959,10.);
#1242=VECTOR('',#3962,10.);
#1243=VECTOR('',#3971,10.);
#1244=VECTOR('',#3974,10.);
#1245=VECTOR('',#3977,10.);
#1246=VECTOR('',#3988,180.);
#1247=VECTOR('',#3999,180.);
#1248=VERTEX_POINT('',#4004);
#1249=VERTEX_POINT('',#4005);
#1250=VERTEX_POINT('',#4007);
#1251=VERTEX_POINT('',#4009);
#1252=VERTEX_POINT('',#4013);
#1253=VERTEX_POINT('',#4015);
#1254=VERTEX_POINT('',#4019);
#1255=VERTEX_POINT('',#4021);
#1256=VERTEX_POINT('',#4030);
#1257=VERTEX_POINT('',#4031);
#1258=VERTEX_POINT('',#4033);
#1259=VERTEX_POINT('',#4035);
#1260=VERTEX_POINT('',#4039);
#1261=VERTEX_POINT('',#4041);
#1262=VERTEX_POINT('',#4045);
#1263=VERTEX_POINT('',#4047);
#1264=VERTEX_POINT('',#4056);
#1265=VERTEX_POINT('',#4057);
#1266=VERTEX_POINT('',#4059);
#1267=VERTEX_POINT('',#4061);
#1268=VERTEX_POINT('',#4065);
#1269=VERTEX_POINT('',#4067);
#1270=VERTEX_POINT('',#4071);
#1271=VERTEX_POINT('',#4073);
#1272=VERTEX_POINT('',#4082);
#1273=VERTEX_POINT('',#4083);
#1274=VERTEX_POINT('',#4085);
#1275=VERTEX_POINT('',#4087);
#1276=VERTEX_POINT('',#4091);
#1277=VERTEX_POINT('',#4093);
#1278=VERTEX_POINT('',#4097);
#1279=VERTEX_POINT('',#4099);
#1280=VERTEX_POINT('',#4108);
#1281=VERTEX_POINT('',#4109);
#1282=VERTEX_POINT('',#4111);
#1283=VERTEX_POINT('',#4113);
#1284=VERTEX_POINT('',#4117);
#1285=VERTEX_POINT('',#4119);
#1286=VERTEX_POINT('',#4123);
#1287=VERTEX_POINT('',#4125);
#1288=VERTEX_POINT('',#4134);
#1289=VERTEX_POINT('',#4135);
#1290=VERTEX_POINT('',#4137);
#1291=VERTEX_POINT('',#4139);
#1292=VERTEX_POINT('',#4143);
#1293=VERTEX_POINT('',#4145);
#1294=VERTEX_POINT('',#4149);
#1295=VERTEX_POINT('',#4151);
#1296=VERTEX_POINT('',#4160);
#1297=VERTEX_POINT('',#4161);
#1298=VERTEX_POINT('',#4163);
#1299=VERTEX_POINT('',#4165);
#1300=VERTEX_POINT('',#4169);
#1301=VERTEX_POINT('',#4171);
#1302=VERTEX_POINT('',#4175);
#1303=VERTEX_POINT('',#4177);
#1304=VERTEX_POINT('',#4186);
#1305=VERTEX_POINT('',#4187);
#1306=VERTEX_POINT('',#4189);
#1307=VERTEX_POINT('',#4191);
#1308=VERTEX_POINT('',#4195);
#1309=VERTEX_POINT('',#4197);
#1310=VERTEX_POINT('',#4201);
#1311=VERTEX_POINT('',#4203);
#1312=VERTEX_POINT('',#4212);
#1313=VERTEX_POINT('',#4214);
#1314=VERTEX_POINT('',#4219);
#1315=VERTEX_POINT('',#4221);
#1316=VERTEX_POINT('',#4226);
#1317=VERTEX_POINT('',#4227);
#1318=VERTEX_POINT('',#4229);
#1319=VERTEX_POINT('',#4231);
#1320=VERTEX_POINT('',#4235);
#1321=VERTEX_POINT('',#4237);
#1322=VERTEX_POINT('',#4241);
#1323=VERTEX_POINT('',#4243);
#1324=VERTEX_POINT('',#4245);
#1325=VERTEX_POINT('',#4247);
#1326=VERTEX_POINT('',#4251);
#1327=VERTEX_POINT('',#4254);
#1328=VERTEX_POINT('',#4261);
#1329=VERTEX_POINT('',#4263);
#1330=VERTEX_POINT('',#4265);
#1331=VERTEX_POINT('',#4267);
#1332=VERTEX_POINT('',#4269);
#1333=VERTEX_POINT('',#4271);
#1334=VERTEX_POINT('',#4273);
#1335=VERTEX_POINT('',#4275);
#1336=VERTEX_POINT('',#4279);
#1337=VERTEX_POINT('',#4280);
#1338=VERTEX_POINT('',#4282);
#1339=VERTEX_POINT('',#4284);
#1340=VERTEX_POINT('',#4288);
#1341=VERTEX_POINT('',#4290);
#1342=VERTEX_POINT('',#4294);
#1343=VERTEX_POINT('',#4296);
#1344=VERTEX_POINT('',#4298);
#1345=VERTEX_POINT('',#4300);
#1346=VERTEX_POINT('',#4304);
#1347=VERTEX_POINT('',#4305);
#1348=VERTEX_POINT('',#4314);
#1349=VERTEX_POINT('',#4316);
#1350=VERTEX_POINT('',#4318);
#1351=VERTEX_POINT('',#4320);
#1352=VERTEX_POINT('',#4322);
#1353=VERTEX_POINT('',#4324);
#1354=VERTEX_POINT('',#4326);
#1355=VERTEX_POINT('',#4328);
#1356=VERTEX_POINT('',#4332);
#1357=VERTEX_POINT('',#4333);
#1358=VERTEX_POINT('',#4335);
#1359=VERTEX_POINT('',#4337);
#1360=VERTEX_POINT('',#4341);
#1361=VERTEX_POINT('',#4343);
#1362=VERTEX_POINT('',#4345);
#1363=VERTEX_POINT('',#4347);
#1364=VERTEX_POINT('',#4351);
#1365=VERTEX_POINT('',#4353);
#1366=VERTEX_POINT('',#4357);
#1367=VERTEX_POINT('',#4360);
#1368=VERTEX_POINT('',#4367);
#1369=VERTEX_POINT('',#4369);
#1370=VERTEX_POINT('',#4371);
#1371=VERTEX_POINT('',#4373);
#1372=VERTEX_POINT('',#4377);
#1373=VERTEX_POINT('',#4378);
#1374=VERTEX_POINT('',#4380);
#1375=VERTEX_POINT('',#4382);
#1376=VERTEX_POINT('',#4386);
#1377=VERTEX_POINT('',#4388);
#1378=VERTEX_POINT('',#4390);
#1379=VERTEX_POINT('',#4392);
#1380=VERTEX_POINT('',#4396);
#1381=VERTEX_POINT('',#4400);
#1382=VERTEX_POINT('',#4402);
#1383=VERTEX_POINT('',#4406);
#1384=VERTEX_POINT('',#4412);
#1385=VERTEX_POINT('',#4414);
#1386=VERTEX_POINT('',#4416);
#1387=VERTEX_POINT('',#4418);
#1388=VERTEX_POINT('',#4422);
#1389=VERTEX_POINT('',#4426);
#1390=VERTEX_POINT('',#4432);
#1391=VERTEX_POINT('',#4434);
#1392=VERTEX_POINT('',#4438);
#1393=VERTEX_POINT('',#4442);
#1394=VERTEX_POINT('',#4448);
#1395=VERTEX_POINT('',#4449);
#1396=VERTEX_POINT('',#4451);
#1397=VERTEX_POINT('',#4453);
#1398=VERTEX_POINT('',#4455);
#1399=VERTEX_POINT('',#4457);
#1400=VERTEX_POINT('',#4459);
#1401=VERTEX_POINT('',#4461);
#1402=VERTEX_POINT('',#4465);
#1403=VERTEX_POINT('',#4467);
#1404=VERTEX_POINT('',#4471);
#1405=VERTEX_POINT('',#4473);
#1406=VERTEX_POINT('',#4476);
#1407=VERTEX_POINT('',#4477);
#1408=VERTEX_POINT('',#4479);
#1409=VERTEX_POINT('',#4481);
#1410=VERTEX_POINT('',#4485);
#1411=VERTEX_POINT('',#4489);
#1412=VERTEX_POINT('',#4493);
#1413=VERTEX_POINT('',#4496);
#1414=VERTEX_POINT('',#4501);
#1415=VERTEX_POINT('',#4505);
#1416=VERTEX_POINT('',#4511);
#1417=VERTEX_POINT('',#4513);
#1418=VERTEX_POINT('',#4518);
#1419=VERTEX_POINT('',#4520);
#1420=VERTEX_POINT('',#4522);
#1421=VERTEX_POINT('',#4524);
#1422=VERTEX_POINT('',#4526);
#1423=VERTEX_POINT('',#4530);
#1424=VERTEX_POINT('',#4531);
#1425=VERTEX_POINT('',#4533);
#1426=VERTEX_POINT('',#4535);
#1427=VERTEX_POINT('',#4537);
#1428=VERTEX_POINT('',#4539);
#1429=VERTEX_POINT('',#4541);
#1430=VERTEX_POINT('',#4543);
#1431=VERTEX_POINT('',#4547);
#1432=VERTEX_POINT('',#4549);
#1433=VERTEX_POINT('',#4553);
#1434=VERTEX_POINT('',#4555);
#1435=VERTEX_POINT('',#4559);
#1436=VERTEX_POINT('',#4560);
#1437=VERTEX_POINT('',#4564);
#1438=VERTEX_POINT('',#4565);
#1439=VERTEX_POINT('',#4567);
#1440=VERTEX_POINT('',#4569);
#1441=VERTEX_POINT('',#4575);
#1442=VERTEX_POINT('',#4578);
#1443=VERTEX_POINT('',#4583);
#1444=VERTEX_POINT('',#4585);
#1445=VERTEX_POINT('',#4587);
#1446=VERTEX_POINT('',#4589);
#1447=VERTEX_POINT('',#4591);
#1448=VERTEX_POINT('',#4593);
#1449=VERTEX_POINT('',#4597);
#1450=VERTEX_POINT('',#4601);
#1451=VERTEX_POINT('',#4605);
#1452=VERTEX_POINT('',#4607);
#1453=VERTEX_POINT('',#4609);
#1454=VERTEX_POINT('',#4611);
#1455=VERTEX_POINT('',#4613);
#1456=VERTEX_POINT('',#4619);
#1457=VERTEX_POINT('',#4623);
#1458=VERTEX_POINT('',#4625);
#1459=VERTEX_POINT('',#4629);
#1460=VERTEX_POINT('',#4631);
#1461=VERTEX_POINT('',#4639);
#1462=VERTEX_POINT('',#4643);
#1463=VERTEX_POINT('',#4645);
#1464=VERTEX_POINT('',#4647);
#1465=VERTEX_POINT('',#4649);
#1466=VERTEX_POINT('',#4662);
#1467=VERTEX_POINT('',#4665);
#1468=VERTEX_POINT('',#4669);
#1469=VERTEX_POINT('',#4670);
#1470=VERTEX_POINT('',#4672);
#1471=VERTEX_POINT('',#4674);
#1472=VERTEX_POINT('',#4678);
#1473=VERTEX_POINT('',#4680);
#1474=VERTEX_POINT('',#4684);
#1475=VERTEX_POINT('',#4686);
#1476=VERTEX_POINT('',#4690);
#1477=VERTEX_POINT('',#4692);
#1478=VERTEX_POINT('',#4696);
#1479=VERTEX_POINT('',#4698);
#1480=VERTEX_POINT('',#4706);
#1481=VERTEX_POINT('',#4708);
#1482=VERTEX_POINT('',#4710);
#1483=VERTEX_POINT('',#4712);
#1484=VERTEX_POINT('',#4717);
#1485=VERTEX_POINT('',#4719);
#1486=VERTEX_POINT('',#4721);
#1487=VERTEX_POINT('',#4725);
#1488=VERTEX_POINT('',#4726);
#1489=VERTEX_POINT('',#4731);
#1490=VERTEX_POINT('',#4735);
#1491=VERTEX_POINT('',#4739);
#1492=VERTEX_POINT('',#4743);
#1493=VERTEX_POINT('',#4747);
#1494=VERTEX_POINT('',#4752);
#1495=VERTEX_POINT('',#4754);
#1496=VERTEX_POINT('',#4756);
#1497=VERTEX_POINT('',#4758);
#1498=VERTEX_POINT('',#4760);
#1499=VERTEX_POINT('',#4762);
#1500=VERTEX_POINT('',#4766);
#1501=VERTEX_POINT('',#4768);
#1502=VERTEX_POINT('',#4770);
#1503=VERTEX_POINT('',#4774);
#1504=VERTEX_POINT('',#4778);
#1505=VERTEX_POINT('',#4782);
#1506=VERTEX_POINT('',#4788);
#1507=VERTEX_POINT('',#4795);
#1508=VERTEX_POINT('',#4796);
#1509=VERTEX_POINT('',#4798);
#1510=VERTEX_POINT('',#4800);
#1511=VERTEX_POINT('',#4805);
#1512=VERTEX_POINT('',#4807);
#1513=VERTEX_POINT('',#4826);
#1514=VERTEX_POINT('',#4829);
#1515=VERTEX_POINT('',#4834);
#1516=VERTEX_POINT('',#4837);
#1517=EDGE_CURVE('',#1248,#1249,#462,.T.);
#1518=EDGE_CURVE('',#1249,#1250,#463,.T.);
#1519=EDGE_CURVE('',#1250,#1251,#464,.T.);
#1520=EDGE_CURVE('',#1248,#1251,#465,.T.);
#1521=EDGE_CURVE('',#1249,#1252,#466,.T.);
#1522=EDGE_CURVE('',#1252,#1253,#467,.T.);
#1523=EDGE_CURVE('',#1253,#1250,#468,.T.);
#1524=EDGE_CURVE('',#1252,#1254,#469,.T.);
#1525=EDGE_CURVE('',#1254,#1255,#470,.T.);
#1526=EDGE_CURVE('',#1255,#1253,#471,.T.);
#1527=EDGE_CURVE('',#1254,#1248,#472,.T.);
#1528=EDGE_CURVE('',#1251,#1255,#473,.T.);
#1529=EDGE_CURVE('',#1256,#1257,#474,.T.);
#1530=EDGE_CURVE('',#1257,#1258,#475,.T.);
#1531=EDGE_CURVE('',#1258,#1259,#476,.T.);
#1532=EDGE_CURVE('',#1256,#1259,#477,.T.);
#1533=EDGE_CURVE('',#1257,#1260,#478,.T.);
#1534=EDGE_CURVE('',#1260,#1261,#479,.T.);
#1535=EDGE_CURVE('',#1261,#1258,#480,.T.);
#1536=EDGE_CURVE('',#1260,#1262,#481,.T.);
#1537=EDGE_CURVE('',#1262,#1263,#482,.T.);
#1538=EDGE_CURVE('',#1263,#1261,#483,.T.);
#1539=EDGE_CURVE('',#1262,#1256,#484,.T.);
#1540=EDGE_CURVE('',#1259,#1263,#485,.T.);
#1541=EDGE_CURVE('',#1264,#1265,#486,.T.);
#1542=EDGE_CURVE('',#1265,#1266,#487,.T.);
#1543=EDGE_CURVE('',#1266,#1267,#488,.T.);
#1544=EDGE_CURVE('',#1264,#1267,#489,.T.);
#1545=EDGE_CURVE('',#1265,#1268,#490,.T.);
#1546=EDGE_CURVE('',#1268,#1269,#491,.T.);
#1547=EDGE_CURVE('',#1269,#1266,#492,.T.);
#1548=EDGE_CURVE('',#1268,#1270,#493,.T.);
#1549=EDGE_CURVE('',#1270,#1271,#494,.T.);
#1550=EDGE_CURVE('',#1271,#1269,#495,.T.);
#1551=EDGE_CURVE('',#1270,#1264,#496,.T.);
#1552=EDGE_CURVE('',#1267,#1271,#497,.T.);
#1553=EDGE_CURVE('',#1272,#1273,#498,.T.);
#1554=EDGE_CURVE('',#1273,#1274,#499,.T.);
#1555=EDGE_CURVE('',#1274,#1275,#500,.T.);
#1556=EDGE_CURVE('',#1272,#1275,#501,.T.);
#1557=EDGE_CURVE('',#1273,#1276,#502,.T.);
#1558=EDGE_CURVE('',#1276,#1277,#503,.T.);
#1559=EDGE_CURVE('',#1277,#1274,#504,.T.);
#1560=EDGE_CURVE('',#1276,#1278,#505,.T.);
#1561=EDGE_CURVE('',#1278,#1279,#506,.T.);
#1562=EDGE_CURVE('',#1279,#1277,#507,.T.);
#1563=EDGE_CURVE('',#1278,#1272,#508,.T.);
#1564=EDGE_CURVE('',#1275,#1279,#509,.T.);
#1565=EDGE_CURVE('',#1280,#1281,#510,.T.);
#1566=EDGE_CURVE('',#1281,#1282,#511,.T.);
#1567=EDGE_CURVE('',#1282,#1283,#512,.T.);
#1568=EDGE_CURVE('',#1280,#1283,#513,.T.);
#1569=EDGE_CURVE('',#1281,#1284,#514,.T.);
#1570=EDGE_CURVE('',#1284,#1285,#515,.T.);
#1571=EDGE_CURVE('',#1285,#1282,#516,.T.);
#1572=EDGE_CURVE('',#1284,#1286,#517,.T.);
#1573=EDGE_CURVE('',#1286,#1287,#518,.T.);
#1574=EDGE_CURVE('',#1287,#1285,#519,.T.);
#1575=EDGE_CURVE('',#1286,#1280,#520,.T.);
#1576=EDGE_CURVE('',#1283,#1287,#521,.T.);
#1577=EDGE_CURVE('',#1288,#1289,#522,.T.);
#1578=EDGE_CURVE('',#1289,#1290,#523,.T.);
#1579=EDGE_CURVE('',#1290,#1291,#524,.T.);
#1580=EDGE_CURVE('',#1288,#1291,#525,.T.);
#1581=EDGE_CURVE('',#1289,#1292,#526,.T.);
#1582=EDGE_CURVE('',#1292,#1293,#527,.T.);
#1583=EDGE_CURVE('',#1293,#1290,#528,.T.);
#1584=EDGE_CURVE('',#1292,#1294,#529,.T.);
#1585=EDGE_CURVE('',#1294,#1295,#530,.T.);
#1586=EDGE_CURVE('',#1295,#1293,#531,.T.);
#1587=EDGE_CURVE('',#1294,#1288,#532,.T.);
#1588=EDGE_CURVE('',#1291,#1295,#533,.T.);
#1589=EDGE_CURVE('',#1296,#1297,#534,.T.);
#1590=EDGE_CURVE('',#1297,#1298,#535,.T.);
#1591=EDGE_CURVE('',#1298,#1299,#536,.T.);
#1592=EDGE_CURVE('',#1296,#1299,#537,.T.);
#1593=EDGE_CURVE('',#1297,#1300,#538,.T.);
#1594=EDGE_CURVE('',#1300,#1301,#539,.T.);
#1595=EDGE_CURVE('',#1301,#1298,#540,.T.);
#1596=EDGE_CURVE('',#1300,#1302,#541,.T.);
#1597=EDGE_CURVE('',#1302,#1303,#542,.T.);
#1598=EDGE_CURVE('',#1303,#1301,#543,.T.);
#1599=EDGE_CURVE('',#1302,#1296,#544,.T.);
#1600=EDGE_CURVE('',#1299,#1303,#545,.T.);
#1601=EDGE_CURVE('',#1304,#1305,#546,.T.);
#1602=EDGE_CURVE('',#1305,#1306,#547,.T.);
#1603=EDGE_CURVE('',#1306,#1307,#548,.T.);
#1604=EDGE_CURVE('',#1304,#1307,#549,.T.);
#1605=EDGE_CURVE('',#1305,#1308,#550,.T.);
#1606=EDGE_CURVE('',#1308,#1309,#551,.T.);
#1607=EDGE_CURVE('',#1309,#1306,#552,.T.);
#1608=EDGE_CURVE('',#1308,#1310,#553,.T.);
#1609=EDGE_CURVE('',#1310,#1311,#554,.T.);
#1610=EDGE_CURVE('',#1311,#1309,#555,.T.);
#1611=EDGE_CURVE('',#1310,#1304,#556,.T.);
#1612=EDGE_CURVE('',#1307,#1311,#557,.T.);
#1613=EDGE_CURVE('',#1312,#1312,#21,.T.);
#1614=EDGE_CURVE('',#1312,#1313,#558,.T.);
#1615=EDGE_CURVE('',#1313,#1313,#22,.T.);
#1616=EDGE_CURVE('',#1314,#1314,#23,.T.);
#1617=EDGE_CURVE('',#1314,#1315,#559,.T.);
#1618=EDGE_CURVE('',#1315,#1315,#24,.T.);
#1619=EDGE_CURVE('',#1316,#1317,#560,.T.);
#1620=EDGE_CURVE('',#1316,#1318,#561,.T.);
#1621=EDGE_CURVE('',#1319,#1318,#562,.T.);
#1622=EDGE_CURVE('',#1317,#1319,#563,.T.);
#1623=EDGE_CURVE('',#1320,#1316,#564,.T.);
#1624=EDGE_CURVE('',#1320,#1321,#565,.T.);
#1625=EDGE_CURVE('',#1318,#1321,#566,.T.);
#1626=EDGE_CURVE('',#1322,#1320,#567,.T.);
#1627=EDGE_CURVE('',#1323,#1322,#568,.T.);
#1628=EDGE_CURVE('',#1324,#1323,#569,.T.);
#1629=EDGE_CURVE('',#1324,#1325,#570,.T.);
#1630=EDGE_CURVE('',#1321,#1325,#571,.T.);
#1631=EDGE_CURVE('',#1317,#1326,#572,.T.);
#1632=EDGE_CURVE('',#1325,#1319,#573,.T.);
#1633=EDGE_CURVE('',#1327,#1324,#574,.T.);
#1634=EDGE_CURVE('',#1326,#1327,#575,.T.);
#1635=EDGE_CURVE('',#1327,#1323,#576,.T.);
#1636=EDGE_CURVE('',#1328,#1322,#577,.T.);
#1637=EDGE_CURVE('',#1329,#1328,#578,.T.);
#1638=EDGE_CURVE('',#1329,#1330,#579,.T.);
#1639=EDGE_CURVE('',#1330,#1331,#580,.T.);
#1640=EDGE_CURVE('',#1331,#1332,#581,.T.);
#1641=EDGE_CURVE('',#1333,#1332,#582,.T.);
#1642=EDGE_CURVE('',#1334,#1333,#583,.T.);
#1643=EDGE_CURVE('',#1334,#1335,#584,.T.);
#1644=EDGE_CURVE('',#1326,#1335,#585,.T.);
#1645=EDGE_CURVE('',#1336,#1337,#586,.T.);
#1646=EDGE_CURVE('',#1336,#1338,#587,.T.);
#1647=EDGE_CURVE('',#1339,#1338,#588,.T.);
#1648=EDGE_CURVE('',#1337,#1339,#589,.T.);
#1649=EDGE_CURVE('',#1340,#1336,#590,.T.);
#1650=EDGE_CURVE('',#1340,#1341,#591,.T.);
#1651=EDGE_CURVE('',#1338,#1341,#592,.T.);
#1652=EDGE_CURVE('',#1337,#1342,#593,.T.);
#1653=EDGE_CURVE('',#1343,#1339,#594,.T.);
#1654=EDGE_CURVE('',#1344,#1343,#595,.T.);
#1655=EDGE_CURVE('',#1344,#1345,#596,.T.);
#1656=EDGE_CURVE('',#1342,#1345,#597,.T.);
#1657=EDGE_CURVE('',#1346,#1347,#598,.T.);
#1658=EDGE_CURVE('',#1346,#1344,#599,.T.);
#1659=EDGE_CURVE('',#1341,#1343,#600,.T.);
#1660=EDGE_CURVE('',#1347,#1340,#601,.T.);
#1661=EDGE_CURVE('',#1345,#1346,#602,.T.);
#1662=EDGE_CURVE('',#1348,#1347,#603,.T.);
#1663=EDGE_CURVE('',#1349,#1348,#604,.T.);
#1664=EDGE_CURVE('',#1350,#1349,#605,.T.);
#1665=EDGE_CURVE('',#1350,#1351,#606,.T.);
#1666=EDGE_CURVE('',#1351,#1352,#607,.T.);
#1667=EDGE_CURVE('',#1352,#1353,#608,.T.);
#1668=EDGE_CURVE('',#1353,#1354,#609,.T.);
#1669=EDGE_CURVE('',#1354,#1355,#610,.T.);
#1670=EDGE_CURVE('',#1342,#1355,#611,.T.);
#1671=EDGE_CURVE('',#1356,#1357,#612,.T.);
#1672=EDGE_CURVE('',#1358,#1356,#613,.T.);
#1673=EDGE_CURVE('',#1359,#1358,#614,.T.);
#1674=EDGE_CURVE('',#1357,#1359,#615,.T.);
#1675=EDGE_CURVE('',#1357,#1360,#616,.T.);
#1676=EDGE_CURVE('',#1361,#1359,#617,.T.);
#1677=EDGE_CURVE('',#1361,#1362,#618,.T.);
#1678=EDGE_CURVE('',#1362,#1363,#619,.T.);
#1679=EDGE_CURVE('',#1360,#1363,#620,.T.);
#1680=EDGE_CURVE('',#1363,#1364,#621,.T.);
#1681=EDGE_CURVE('',#1362,#1365,#622,.T.);
#1682=EDGE_CURVE('',#1365,#1364,#623,.T.);
#1683=EDGE_CURVE('',#1366,#1356,#624,.T.);
#1684=EDGE_CURVE('',#1364,#1366,#625,.T.);
#1685=EDGE_CURVE('',#1365,#1367,#626,.T.);
#1686=EDGE_CURVE('',#1367,#1358,#627,.T.);
#1687=EDGE_CURVE('',#1367,#1361,#628,.T.);
#1688=EDGE_CURVE('',#1360,#1368,#629,.T.);
#1689=EDGE_CURVE('',#1368,#1369,#630,.T.);
#1690=EDGE_CURVE('',#1370,#1369,#631,.T.);
#1691=EDGE_CURVE('',#1371,#1370,#632,.T.);
#1692=EDGE_CURVE('',#1371,#1366,#633,.T.);
#1693=EDGE_CURVE('',#1372,#1373,#634,.T.);
#1694=EDGE_CURVE('',#1374,#1372,#635,.T.);
#1695=EDGE_CURVE('',#1375,#1374,#636,.T.);
#1696=EDGE_CURVE('',#1373,#1375,#637,.T.);
#1697=EDGE_CURVE('',#1373,#1376,#638,.T.);
#1698=EDGE_CURVE('',#1377,#1375,#639,.T.);
#1699=EDGE_CURVE('',#1377,#1378,#640,.T.);
#1700=EDGE_CURVE('',#1378,#1379,#641,.T.);
#1701=EDGE_CURVE('',#1376,#1379,#642,.T.);
#1702=EDGE_CURVE('',#1380,#1377,#643,.T.);
#1703=EDGE_CURVE('',#1380,#1374,#644,.T.);
#1704=EDGE_CURVE('',#1379,#1381,#645,.T.);
#1705=EDGE_CURVE('',#1378,#1382,#646,.T.);
#1706=EDGE_CURVE('',#1382,#1381,#647,.T.);
#1707=EDGE_CURVE('',#1383,#1372,#648,.T.);
#1708=EDGE_CURVE('',#1381,#1383,#649,.T.);
#1709=EDGE_CURVE('',#1382,#1380,#650,.T.);
#1710=EDGE_CURVE('',#1376,#1384,#651,.T.);
#1711=EDGE_CURVE('',#1384,#1385,#652,.T.);
#1712=EDGE_CURVE('',#1386,#1385,#653,.T.);
#1713=EDGE_CURVE('',#1387,#1386,#654,.T.);
#1714=EDGE_CURVE('',#1387,#1383,#655,.T.);
#1715=EDGE_CURVE('',#1388,#1353,#25,.T.);
#1716=EDGE_CURVE('',#1354,#1388,#656,.T.);
#1717=EDGE_CURVE('',#1389,#1351,#657,.T.);
#1718=EDGE_CURVE('',#1352,#1389,#26,.T.);
#1719=EDGE_CURVE('',#1388,#1389,#658,.T.);
#1720=EDGE_CURVE('',#1390,#1350,#659,.T.);
#1721=EDGE_CURVE('',#1390,#1391,#660,.T.);
#1722=EDGE_CURVE('',#1355,#1391,#661,.T.);
#1723=EDGE_CURVE('',#1392,#1329,#662,.T.);
#1724=EDGE_CURVE('',#1330,#1392,#27,.T.);
#1725=EDGE_CURVE('',#1332,#1393,#663,.T.);
#1726=EDGE_CURVE('',#1393,#1331,#28,.T.);
#1727=EDGE_CURVE('',#1393,#1392,#664,.T.);
#1728=EDGE_CURVE('',#1394,#1395,#665,.T.);
#1729=EDGE_CURVE('',#1396,#1394,#666,.T.);
#1730=EDGE_CURVE('',#1397,#1396,#667,.T.);
#1731=EDGE_CURVE('',#1397,#1398,#668,.T.);
#1732=EDGE_CURVE('',#1399,#1398,#669,.T.);
#1733=EDGE_CURVE('',#1400,#1399,#670,.T.);
#1734=EDGE_CURVE('',#1401,#1400,#671,.T.);
#1735=EDGE_CURVE('',#1401,#1395,#672,.T.);
#1736=EDGE_CURVE('',#1402,#1397,#673,.T.);
#1737=EDGE_CURVE('',#1403,#1402,#674,.T.);
#1738=EDGE_CURVE('',#1398,#1403,#675,.T.);
#1739=EDGE_CURVE('',#1404,#1399,#676,.T.);
#1740=EDGE_CURVE('',#1405,#1404,#677,.T.);
#1741=EDGE_CURVE('',#1400,#1405,#678,.T.);
#1742=EDGE_CURVE('',#1406,#1407,#679,.T.);
#1743=EDGE_CURVE('',#1408,#1406,#680,.T.);
#1744=EDGE_CURVE('',#1409,#1408,#681,.T.);
#1745=EDGE_CURVE('',#1407,#1409,#682,.T.);
#1746=EDGE_CURVE('',#1405,#1410,#683,.T.);
#1747=EDGE_CURVE('',#1410,#1401,#684,.T.);
#1748=EDGE_CURVE('',#1395,#1411,#685,.T.);
#1749=EDGE_CURVE('',#1411,#1410,#686,.T.);
#1750=EDGE_CURVE('',#1411,#1412,#687,.T.);
#1751=EDGE_CURVE('',#1403,#1404,#688,.T.);
#1752=EDGE_CURVE('',#1413,#1402,#689,.T.);
#1753=EDGE_CURVE('',#1412,#1413,#690,.T.);
#1754=EDGE_CURVE('',#1408,#1414,#691,.T.);
#1755=EDGE_CURVE('',#1414,#1409,#692,.T.);
#1756=EDGE_CURVE('',#1415,#1414,#693,.T.);
#1757=EDGE_CURVE('',#1407,#1415,#694,.T.);
#1758=EDGE_CURVE('',#1415,#1406,#695,.T.);
#1759=EDGE_CURVE('',#1416,#1413,#696,.T.);
#1760=EDGE_CURVE('',#1417,#1416,#697,.T.);
#1761=EDGE_CURVE('',#1412,#1417,#698,.T.);
#1762=EDGE_CURVE('',#1417,#1418,#699,.T.);
#1763=EDGE_CURVE('',#1418,#1419,#700,.T.);
#1764=EDGE_CURVE('',#1420,#1419,#701,.T.);
#1765=EDGE_CURVE('',#1421,#1420,#702,.T.);
#1766=EDGE_CURVE('',#1421,#1422,#703,.T.);
#1767=EDGE_CURVE('',#1422,#1394,#704,.T.);
#1768=EDGE_CURVE('',#1423,#1424,#705,.T.);
#1769=EDGE_CURVE('',#1425,#1423,#706,.T.);
#1770=EDGE_CURVE('',#1426,#1425,#707,.T.);
#1771=EDGE_CURVE('',#1427,#1426,#708,.T.);
#1772=EDGE_CURVE('',#1428,#1427,#709,.T.);
#1773=EDGE_CURVE('',#1428,#1429,#710,.T.);
#1774=EDGE_CURVE('',#1430,#1429,#711,.T.);
#1775=EDGE_CURVE('',#1424,#1430,#712,.T.);
#1776=EDGE_CURVE('',#1431,#1426,#713,.T.);
#1777=EDGE_CURVE('',#1431,#1432,#714,.T.);
#1778=EDGE_CURVE('',#1427,#1432,#715,.T.);
#1779=EDGE_CURVE('',#1424,#1433,#716,.T.);
#1780=EDGE_CURVE('',#1434,#1430,#717,.T.);
#1781=EDGE_CURVE('',#1434,#1433,#718,.T.);
#1782=EDGE_CURVE('',#1435,#1436,#719,.T.);
#1783=EDGE_CURVE('',#1429,#1436,#720,.T.);
#1784=EDGE_CURVE('',#1435,#1428,#721,.T.);
#1785=EDGE_CURVE('',#1437,#1438,#722,.T.);
#1786=EDGE_CURVE('',#1439,#1437,#723,.T.);
#1787=EDGE_CURVE('',#1440,#1439,#724,.T.);
#1788=EDGE_CURVE('',#1438,#1440,#725,.T.);
#1789=EDGE_CURVE('',#1432,#1435,#726,.T.);
#1790=EDGE_CURVE('',#1433,#1441,#727,.T.);
#1791=EDGE_CURVE('',#1436,#1434,#728,.T.);
#1792=EDGE_CURVE('',#1442,#1431,#729,.T.);
#1793=EDGE_CURVE('',#1441,#1442,#730,.T.);
#1794=EDGE_CURVE('',#1441,#1443,#731,.T.);
#1795=EDGE_CURVE('',#1443,#1444,#732,.T.);
#1796=EDGE_CURVE('',#1444,#1445,#733,.T.);
#1797=EDGE_CURVE('',#1446,#1445,#734,.T.);
#1798=EDGE_CURVE('',#1447,#1446,#735,.T.);
#1799=EDGE_CURVE('',#1447,#1448,#736,.T.);
#1800=EDGE_CURVE('',#1448,#1423,#737,.T.);
#1801=EDGE_CURVE('',#1439,#1449,#738,.T.);
#1802=EDGE_CURVE('',#1449,#1440,#739,.T.);
#1803=EDGE_CURVE('',#1450,#1442,#740,.T.);
#1804=EDGE_CURVE('',#1450,#1443,#741,.T.);
#1805=EDGE_CURVE('',#1425,#1451,#742,.T.);
#1806=EDGE_CURVE('',#1451,#1452,#743,.T.);
#1807=EDGE_CURVE('',#1453,#1452,#744,.T.);
#1808=EDGE_CURVE('',#1454,#1453,#745,.T.);
#1809=EDGE_CURVE('',#1454,#1455,#746,.T.);
#1810=EDGE_CURVE('',#1455,#1450,#747,.T.);
#1811=EDGE_CURVE('',#1451,#1448,#748,.T.);
#1812=EDGE_CURVE('',#1456,#1437,#749,.T.);
#1813=EDGE_CURVE('',#1456,#1449,#750,.T.);
#1814=EDGE_CURVE('',#1419,#1457,#751,.T.);
#1815=EDGE_CURVE('',#1418,#1458,#752,.T.);
#1816=EDGE_CURVE('',#1457,#1458,#753,.T.);
#1817=EDGE_CURVE('',#1459,#1421,#754,.T.);
#1818=EDGE_CURVE('',#1460,#1459,#755,.T.);
#1819=EDGE_CURVE('',#1422,#1460,#756,.T.);
#1820=EDGE_CURVE('',#1396,#1460,#757,.T.);
#1821=EDGE_CURVE('',#1458,#1416,#758,.T.);
#1822=EDGE_CURVE('',#1461,#1459,#759,.T.);
#1823=EDGE_CURVE('',#1457,#1461,#760,.T.);
#1824=EDGE_CURVE('',#1462,#1420,#761,.T.);
#1825=EDGE_CURVE('',#1463,#1462,#762,.T.);
#1826=EDGE_CURVE('',#1463,#1464,#763,.T.);
#1827=EDGE_CURVE('',#1465,#1464,#764,.T.);
#1828=EDGE_CURVE('',#1461,#1465,#765,.T.);
#1829=EDGE_CURVE('',#1452,#1447,#766,.T.);
#1830=EDGE_CURVE('',#1438,#1456,#767,.T.);
#1831=EDGE_CURVE('',#1445,#1454,#768,.T.);
#1832=EDGE_CURVE('',#1455,#1444,#769,.T.);
#1833=EDGE_CURVE('',#1466,#1453,#770,.T.);
#1834=EDGE_CURVE('',#1349,#1466,#771,.T.);
#1835=EDGE_CURVE('',#1467,#1348,#772,.T.);
#1836=EDGE_CURVE('',#1446,#1467,#773,.T.);
#1837=EDGE_CURVE('',#1468,#1469,#774,.T.);
#1838=EDGE_CURVE('',#1468,#1470,#775,.T.);
#1839=EDGE_CURVE('',#1471,#1470,#776,.T.);
#1840=EDGE_CURVE('',#1469,#1471,#777,.T.);
#1841=EDGE_CURVE('',#1472,#1468,#778,.T.);
#1842=EDGE_CURVE('',#1472,#1473,#779,.T.);
#1843=EDGE_CURVE('',#1470,#1473,#780,.T.);
#1844=EDGE_CURVE('',#1474,#1472,#781,.T.);
#1845=EDGE_CURVE('',#1474,#1475,#782,.T.);
#1846=EDGE_CURVE('',#1473,#1475,#783,.T.);
#1847=EDGE_CURVE('',#1469,#1476,#784,.T.);
#1848=EDGE_CURVE('',#1477,#1471,#785,.T.);
#1849=EDGE_CURVE('',#1476,#1477,#786,.T.);
#1850=EDGE_CURVE('',#1476,#1478,#787,.T.);
#1851=EDGE_CURVE('',#1479,#1477,#788,.T.);
#1852=EDGE_CURVE('',#1478,#1479,#789,.T.);
#1853=EDGE_CURVE('',#1478,#1474,#790,.T.);
#1854=EDGE_CURVE('',#1475,#1479,#791,.T.);
#1855=EDGE_CURVE('',#1480,#1371,#792,.T.);
#1856=EDGE_CURVE('',#1480,#1481,#793,.T.);
#1857=EDGE_CURVE('',#1481,#1482,#794,.T.);
#1858=EDGE_CURVE('',#1482,#1483,#795,.T.);
#1859=EDGE_CURVE('',#1368,#1483,#796,.T.);
#1860=EDGE_CURVE('',#1483,#1387,#797,.T.);
#1861=EDGE_CURVE('',#1483,#1484,#798,.T.);
#1862=EDGE_CURVE('',#1484,#1485,#799,.T.);
#1863=EDGE_CURVE('',#1485,#1486,#800,.T.);
#1864=EDGE_CURVE('',#1384,#1486,#801,.T.);
#1865=EDGE_CURVE('',#1487,#1488,#802,.T.);
#1866=EDGE_CURVE('',#1486,#1487,#803,.T.);
#1867=EDGE_CURVE('',#1488,#1485,#804,.T.);
#1868=EDGE_CURVE('',#1488,#1489,#805,.T.);
#1869=EDGE_CURVE('',#1489,#1484,#806,.T.);
#1870=EDGE_CURVE('',#1489,#1490,#807,.T.);
#1871=EDGE_CURVE('',#1490,#1483,#808,.T.);
#1872=EDGE_CURVE('',#1490,#1491,#809,.T.);
#1873=EDGE_CURVE('',#1491,#1482,#810,.T.);
#1874=EDGE_CURVE('',#1491,#1492,#811,.T.);
#1875=EDGE_CURVE('',#1492,#1481,#812,.T.);
#1876=EDGE_CURVE('',#1492,#1493,#813,.T.);
#1877=EDGE_CURVE('',#1493,#1480,#814,.T.);
#1878=EDGE_CURVE('',#1335,#1465,#815,.T.);
#1879=EDGE_CURVE('',#1464,#1494,#816,.T.);
#1880=EDGE_CURVE('',#1494,#1495,#817,.T.);
#1881=EDGE_CURVE('',#1495,#1496,#818,.T.);
#1882=EDGE_CURVE('',#1496,#1497,#819,.T.);
#1883=EDGE_CURVE('',#1497,#1498,#820,.T.);
#1884=EDGE_CURVE('',#1498,#1499,#821,.T.);
#1885=EDGE_CURVE('',#1499,#1467,#822,.T.);
#1886=EDGE_CURVE('',#1391,#1328,#823,.T.);
#1887=EDGE_CURVE('',#1493,#1500,#824,.T.);
#1888=EDGE_CURVE('',#1500,#1501,#825,.T.);
#1889=EDGE_CURVE('',#1501,#1502,#826,.T.);
#1890=EDGE_CURVE('',#1502,#1487,#827,.T.);
#1891=EDGE_CURVE('',#1503,#1386,#828,.T.);
#1892=EDGE_CURVE('',#1483,#1503,#829,.T.);
#1893=EDGE_CURVE('',#1502,#1504,#830,.T.);
#1894=EDGE_CURVE('',#1385,#1504,#831,.T.);
#1895=EDGE_CURVE('',#1501,#1505,#832,.T.);
#1896=EDGE_CURVE('',#1504,#1505,#833,.T.);
#1897=EDGE_CURVE('',#1369,#1503,#834,.T.);
#1898=EDGE_CURVE('',#1506,#1370,#835,.T.);
#1899=EDGE_CURVE('',#1500,#1506,#836,.T.);
#1900=EDGE_CURVE('',#1505,#1506,#837,.T.);
#1901=EDGE_CURVE('',#1507,#1508,#838,.T.);
#1902=EDGE_CURVE('',#1508,#1509,#839,.T.);
#1903=EDGE_CURVE('',#1509,#1510,#840,.T.);
#1904=EDGE_CURVE('',#1510,#1463,#841,.T.);
#1905=EDGE_CURVE('',#1462,#1334,#842,.T.);
#1906=EDGE_CURVE('',#1333,#1390,#843,.T.);
#1907=EDGE_CURVE('',#1466,#1511,#844,.T.);
#1908=EDGE_CURVE('',#1511,#1512,#845,.T.);
#1909=EDGE_CURVE('',#1512,#1507,#846,.T.);
#1910=EDGE_CURVE('',#1496,#1508,#847,.T.);
#1911=EDGE_CURVE('',#1509,#1495,#848,.T.);
#1912=EDGE_CURVE('',#1510,#1494,#849,.T.);
#1913=EDGE_CURVE('',#1511,#1499,#850,.T.);
#1914=EDGE_CURVE('',#1512,#1498,#851,.T.);
#1915=EDGE_CURVE('',#1507,#1497,#852,.T.);
#1916=EDGE_CURVE('',#1513,#1513,#29,.T.);
#1917=EDGE_CURVE('',#1514,#1514,#30,.T.);
#1918=EDGE_CURVE('',#1514,#1513,#853,.T.);
#1919=EDGE_CURVE('',#1515,#1515,#31,.T.);
#1920=EDGE_CURVE('',#1516,#1516,#32,.T.);
#1921=EDGE_CURVE('',#1516,#1515,#854,.T.);
#1922=ORIENTED_EDGE('',*,*,#1517,.T.);
#1923=ORIENTED_EDGE('',*,*,#1518,.T.);
#1924=ORIENTED_EDGE('',*,*,#1519,.T.);
#1925=ORIENTED_EDGE('',*,*,#1520,.F.);
#1926=ORIENTED_EDGE('',*,*,#1521,.T.);
#1927=ORIENTED_EDGE('',*,*,#1522,.T.);
#1928=ORIENTED_EDGE('',*,*,#1523,.T.);
#1929=ORIENTED_EDGE('',*,*,#1518,.F.);
#1930=ORIENTED_EDGE('',*,*,#1524,.T.);
#1931=ORIENTED_EDGE('',*,*,#1525,.T.);
#1932=ORIENTED_EDGE('',*,*,#1526,.T.);
#1933=ORIENTED_EDGE('',*,*,#1522,.F.);
#1934=ORIENTED_EDGE('',*,*,#1527,.T.);
#1935=ORIENTED_EDGE('',*,*,#1520,.T.);
#1936=ORIENTED_EDGE('',*,*,#1528,.T.);
#1937=ORIENTED_EDGE('',*,*,#1525,.F.);
#1938=ORIENTED_EDGE('',*,*,#1528,.F.);
#1939=ORIENTED_EDGE('',*,*,#1519,.F.);
#1940=ORIENTED_EDGE('',*,*,#1523,.F.);
#1941=ORIENTED_EDGE('',*,*,#1526,.F.);
#1942=ORIENTED_EDGE('',*,*,#1527,.F.);
#1943=ORIENTED_EDGE('',*,*,#1524,.F.);
#1944=ORIENTED_EDGE('',*,*,#1521,.F.);
#1945=ORIENTED_EDGE('',*,*,#1517,.F.);
#1946=ORIENTED_EDGE('',*,*,#1529,.T.);
#1947=ORIENTED_EDGE('',*,*,#1530,.T.);
#1948=ORIENTED_EDGE('',*,*,#1531,.T.);
#1949=ORIENTED_EDGE('',*,*,#1532,.F.);
#1950=ORIENTED_EDGE('',*,*,#1533,.T.);
#1951=ORIENTED_EDGE('',*,*,#1534,.T.);
#1952=ORIENTED_EDGE('',*,*,#1535,.T.);
#1953=ORIENTED_EDGE('',*,*,#1530,.F.);
#1954=ORIENTED_EDGE('',*,*,#1536,.T.);
#1955=ORIENTED_EDGE('',*,*,#1537,.T.);
#1956=ORIENTED_EDGE('',*,*,#1538,.T.);
#1957=ORIENTED_EDGE('',*,*,#1534,.F.);
#1958=ORIENTED_EDGE('',*,*,#1539,.T.);
#1959=ORIENTED_EDGE('',*,*,#1532,.T.);
#1960=ORIENTED_EDGE('',*,*,#1540,.T.);
#1961=ORIENTED_EDGE('',*,*,#1537,.F.);
#1962=ORIENTED_EDGE('',*,*,#1540,.F.);
#1963=ORIENTED_EDGE('',*,*,#1531,.F.);
#1964=ORIENTED_EDGE('',*,*,#1535,.F.);
#1965=ORIENTED_EDGE('',*,*,#1538,.F.);
#1966=ORIENTED_EDGE('',*,*,#1539,.F.);
#1967=ORIENTED_EDGE('',*,*,#1536,.F.);
#1968=ORIENTED_EDGE('',*,*,#1533,.F.);
#1969=ORIENTED_EDGE('',*,*,#1529,.F.);
#1970=ORIENTED_EDGE('',*,*,#1541,.T.);
#1971=ORIENTED_EDGE('',*,*,#1542,.T.);
#1972=ORIENTED_EDGE('',*,*,#1543,.T.);
#1973=ORIENTED_EDGE('',*,*,#1544,.F.);
#1974=ORIENTED_EDGE('',*,*,#1545,.T.);
#1975=ORIENTED_EDGE('',*,*,#1546,.T.);
#1976=ORIENTED_EDGE('',*,*,#1547,.T.);
#1977=ORIENTED_EDGE('',*,*,#1542,.F.);
#1978=ORIENTED_EDGE('',*,*,#1548,.T.);
#1979=ORIENTED_EDGE('',*,*,#1549,.T.);
#1980=ORIENTED_EDGE('',*,*,#1550,.T.);
#1981=ORIENTED_EDGE('',*,*,#1546,.F.);
#1982=ORIENTED_EDGE('',*,*,#1551,.T.);
#1983=ORIENTED_EDGE('',*,*,#1544,.T.);
#1984=ORIENTED_EDGE('',*,*,#1552,.T.);
#1985=ORIENTED_EDGE('',*,*,#1549,.F.);
#1986=ORIENTED_EDGE('',*,*,#1552,.F.);
#1987=ORIENTED_EDGE('',*,*,#1543,.F.);
#1988=ORIENTED_EDGE('',*,*,#1547,.F.);
#1989=ORIENTED_EDGE('',*,*,#1550,.F.);
#1990=ORIENTED_EDGE('',*,*,#1551,.F.);
#1991=ORIENTED_EDGE('',*,*,#1548,.F.);
#1992=ORIENTED_EDGE('',*,*,#1545,.F.);
#1993=ORIENTED_EDGE('',*,*,#1541,.F.);
#1994=ORIENTED_EDGE('',*,*,#1553,.T.);
#1995=ORIENTED_EDGE('',*,*,#1554,.T.);
#1996=ORIENTED_EDGE('',*,*,#1555,.T.);
#1997=ORIENTED_EDGE('',*,*,#1556,.F.);
#1998=ORIENTED_EDGE('',*,*,#1557,.T.);
#1999=ORIENTED_EDGE('',*,*,#1558,.T.);
#2000=ORIENTED_EDGE('',*,*,#1559,.T.);
#2001=ORIENTED_EDGE('',*,*,#1554,.F.);
#2002=ORIENTED_EDGE('',*,*,#1560,.T.);
#2003=ORIENTED_EDGE('',*,*,#1561,.T.);
#2004=ORIENTED_EDGE('',*,*,#1562,.T.);
#2005=ORIENTED_EDGE('',*,*,#1558,.F.);
#2006=ORIENTED_EDGE('',*,*,#1563,.T.);
#2007=ORIENTED_EDGE('',*,*,#1556,.T.);
#2008=ORIENTED_EDGE('',*,*,#1564,.T.);
#2009=ORIENTED_EDGE('',*,*,#1561,.F.);
#2010=ORIENTED_EDGE('',*,*,#1564,.F.);
#2011=ORIENTED_EDGE('',*,*,#1555,.F.);
#2012=ORIENTED_EDGE('',*,*,#1559,.F.);
#2013=ORIENTED_EDGE('',*,*,#1562,.F.);
#2014=ORIENTED_EDGE('',*,*,#1563,.F.);
#2015=ORIENTED_EDGE('',*,*,#1560,.F.);
#2016=ORIENTED_EDGE('',*,*,#1557,.F.);
#2017=ORIENTED_EDGE('',*,*,#1553,.F.);
#2018=ORIENTED_EDGE('',*,*,#1565,.T.);
#2019=ORIENTED_EDGE('',*,*,#1566,.T.);
#2020=ORIENTED_EDGE('',*,*,#1567,.T.);
#2021=ORIENTED_EDGE('',*,*,#1568,.F.);
#2022=ORIENTED_EDGE('',*,*,#1569,.T.);
#2023=ORIENTED_EDGE('',*,*,#1570,.T.);
#2024=ORIENTED_EDGE('',*,*,#1571,.T.);
#2025=ORIENTED_EDGE('',*,*,#1566,.F.);
#2026=ORIENTED_EDGE('',*,*,#1572,.T.);
#2027=ORIENTED_EDGE('',*,*,#1573,.T.);
#2028=ORIENTED_EDGE('',*,*,#1574,.T.);
#2029=ORIENTED_EDGE('',*,*,#1570,.F.);
#2030=ORIENTED_EDGE('',*,*,#1575,.T.);
#2031=ORIENTED_EDGE('',*,*,#1568,.T.);
#2032=ORIENTED_EDGE('',*,*,#1576,.T.);
#2033=ORIENTED_EDGE('',*,*,#1573,.F.);
#2034=ORIENTED_EDGE('',*,*,#1576,.F.);
#2035=ORIENTED_EDGE('',*,*,#1567,.F.);
#2036=ORIENTED_EDGE('',*,*,#1571,.F.);
#2037=ORIENTED_EDGE('',*,*,#1574,.F.);
#2038=ORIENTED_EDGE('',*,*,#1575,.F.);
#2039=ORIENTED_EDGE('',*,*,#1572,.F.);
#2040=ORIENTED_EDGE('',*,*,#1569,.F.);
#2041=ORIENTED_EDGE('',*,*,#1565,.F.);
#2042=ORIENTED_EDGE('',*,*,#1577,.T.);
#2043=ORIENTED_EDGE('',*,*,#1578,.T.);
#2044=ORIENTED_EDGE('',*,*,#1579,.T.);
#2045=ORIENTED_EDGE('',*,*,#1580,.F.);
#2046=ORIENTED_EDGE('',*,*,#1581,.T.);
#2047=ORIENTED_EDGE('',*,*,#1582,.T.);
#2048=ORIENTED_EDGE('',*,*,#1583,.T.);
#2049=ORIENTED_EDGE('',*,*,#1578,.F.);
#2050=ORIENTED_EDGE('',*,*,#1584,.T.);
#2051=ORIENTED_EDGE('',*,*,#1585,.T.);
#2052=ORIENTED_EDGE('',*,*,#1586,.T.);
#2053=ORIENTED_EDGE('',*,*,#1582,.F.);
#2054=ORIENTED_EDGE('',*,*,#1587,.T.);
#2055=ORIENTED_EDGE('',*,*,#1580,.T.);
#2056=ORIENTED_EDGE('',*,*,#1588,.T.);
#2057=ORIENTED_EDGE('',*,*,#1585,.F.);
#2058=ORIENTED_EDGE('',*,*,#1588,.F.);
#2059=ORIENTED_EDGE('',*,*,#1579,.F.);
#2060=ORIENTED_EDGE('',*,*,#1583,.F.);
#2061=ORIENTED_EDGE('',*,*,#1586,.F.);
#2062=ORIENTED_EDGE('',*,*,#1587,.F.);
#2063=ORIENTED_EDGE('',*,*,#1584,.F.);
#2064=ORIENTED_EDGE('',*,*,#1581,.F.);
#2065=ORIENTED_EDGE('',*,*,#1577,.F.);
#2066=ORIENTED_EDGE('',*,*,#1589,.T.);
#2067=ORIENTED_EDGE('',*,*,#1590,.T.);
#2068=ORIENTED_EDGE('',*,*,#1591,.T.);
#2069=ORIENTED_EDGE('',*,*,#1592,.F.);
#2070=ORIENTED_EDGE('',*,*,#1593,.T.);
#2071=ORIENTED_EDGE('',*,*,#1594,.T.);
#2072=ORIENTED_EDGE('',*,*,#1595,.T.);
#2073=ORIENTED_EDGE('',*,*,#1590,.F.);
#2074=ORIENTED_EDGE('',*,*,#1596,.T.);
#2075=ORIENTED_EDGE('',*,*,#1597,.T.);
#2076=ORIENTED_EDGE('',*,*,#1598,.T.);
#2077=ORIENTED_EDGE('',*,*,#1594,.F.);
#2078=ORIENTED_EDGE('',*,*,#1599,.T.);
#2079=ORIENTED_EDGE('',*,*,#1592,.T.);
#2080=ORIENTED_EDGE('',*,*,#1600,.T.);
#2081=ORIENTED_EDGE('',*,*,#1597,.F.);
#2082=ORIENTED_EDGE('',*,*,#1600,.F.);
#2083=ORIENTED_EDGE('',*,*,#1591,.F.);
#2084=ORIENTED_EDGE('',*,*,#1595,.F.);
#2085=ORIENTED_EDGE('',*,*,#1598,.F.);
#2086=ORIENTED_EDGE('',*,*,#1599,.F.);
#2087=ORIENTED_EDGE('',*,*,#1596,.F.);
#2088=ORIENTED_EDGE('',*,*,#1593,.F.);
#2089=ORIENTED_EDGE('',*,*,#1589,.F.);
#2090=ORIENTED_EDGE('',*,*,#1601,.T.);
#2091=ORIENTED_EDGE('',*,*,#1602,.T.);
#2092=ORIENTED_EDGE('',*,*,#1603,.T.);
#2093=ORIENTED_EDGE('',*,*,#1604,.F.);
#2094=ORIENTED_EDGE('',*,*,#1605,.T.);
#2095=ORIENTED_EDGE('',*,*,#1606,.T.);
#2096=ORIENTED_EDGE('',*,*,#1607,.T.);
#2097=ORIENTED_EDGE('',*,*,#1602,.F.);
#2098=ORIENTED_EDGE('',*,*,#1608,.T.);
#2099=ORIENTED_EDGE('',*,*,#1609,.T.);
#2100=ORIENTED_EDGE('',*,*,#1610,.T.);
#2101=ORIENTED_EDGE('',*,*,#1606,.F.);
#2102=ORIENTED_EDGE('',*,*,#1611,.T.);
#2103=ORIENTED_EDGE('',*,*,#1604,.T.);
#2104=ORIENTED_EDGE('',*,*,#1612,.T.);
#2105=ORIENTED_EDGE('',*,*,#1609,.F.);
#2106=ORIENTED_EDGE('',*,*,#1612,.F.);
#2107=ORIENTED_EDGE('',*,*,#1603,.F.);
#2108=ORIENTED_EDGE('',*,*,#1607,.F.);
#2109=ORIENTED_EDGE('',*,*,#1610,.F.);
#2110=ORIENTED_EDGE('',*,*,#1611,.F.);
#2111=ORIENTED_EDGE('',*,*,#1608,.F.);
#2112=ORIENTED_EDGE('',*,*,#1605,.F.);
#2113=ORIENTED_EDGE('',*,*,#1601,.F.);
#2114=ORIENTED_EDGE('',*,*,#1613,.F.);
#2115=ORIENTED_EDGE('',*,*,#1614,.T.);
#2116=ORIENTED_EDGE('',*,*,#1615,.F.);
#2117=ORIENTED_EDGE('',*,*,#1614,.F.);
#2118=ORIENTED_EDGE('',*,*,#1613,.T.);
#2119=ORIENTED_EDGE('',*,*,#1616,.F.);
#2120=ORIENTED_EDGE('',*,*,#1617,.T.);
#2121=ORIENTED_EDGE('',*,*,#1618,.F.);
#2122=ORIENTED_EDGE('',*,*,#1617,.F.);
#2123=ORIENTED_EDGE('',*,*,#1616,.T.);
#2124=ORIENTED_EDGE('',*,*,#1619,.F.);
#2125=ORIENTED_EDGE('',*,*,#1620,.T.);
#2126=ORIENTED_EDGE('',*,*,#1621,.F.);
#2127=ORIENTED_EDGE('',*,*,#1622,.F.);
#2128=ORIENTED_EDGE('',*,*,#1623,.F.);
#2129=ORIENTED_EDGE('',*,*,#1624,.T.);
#2130=ORIENTED_EDGE('',*,*,#1625,.F.);
#2131=ORIENTED_EDGE('',*,*,#1620,.F.);
#2132=ORIENTED_EDGE('',*,*,#1626,.F.);
#2133=ORIENTED_EDGE('',*,*,#1627,.F.);
#2134=ORIENTED_EDGE('',*,*,#1628,.F.);
#2135=ORIENTED_EDGE('',*,*,#1629,.T.);
#2136=ORIENTED_EDGE('',*,*,#1630,.F.);
#2137=ORIENTED_EDGE('',*,*,#1624,.F.);
#2138=ORIENTED_EDGE('',*,*,#1631,.F.);
#2139=ORIENTED_EDGE('',*,*,#1622,.T.);
#2140=ORIENTED_EDGE('',*,*,#1632,.F.);
#2141=ORIENTED_EDGE('',*,*,#1629,.F.);
#2142=ORIENTED_EDGE('',*,*,#1633,.F.);
#2143=ORIENTED_EDGE('',*,*,#1634,.F.);
#2144=ORIENTED_EDGE('',*,*,#1630,.T.);
#2145=ORIENTED_EDGE('',*,*,#1632,.T.);
#2146=ORIENTED_EDGE('',*,*,#1621,.T.);
#2147=ORIENTED_EDGE('',*,*,#1625,.T.);
#2148=ORIENTED_EDGE('',*,*,#1635,.F.);
#2149=ORIENTED_EDGE('',*,*,#1633,.T.);
#2150=ORIENTED_EDGE('',*,*,#1628,.T.);
#2151=ORIENTED_EDGE('',*,*,#1634,.T.);
#2152=ORIENTED_EDGE('',*,*,#1635,.T.);
#2153=ORIENTED_EDGE('',*,*,#1627,.T.);
#2154=ORIENTED_EDGE('',*,*,#1636,.F.);
#2155=ORIENTED_EDGE('',*,*,#1637,.F.);
#2156=ORIENTED_EDGE('',*,*,#1638,.T.);
#2157=ORIENTED_EDGE('',*,*,#1639,.T.);
#2158=ORIENTED_EDGE('',*,*,#1640,.T.);
#2159=ORIENTED_EDGE('',*,*,#1641,.F.);
#2160=ORIENTED_EDGE('',*,*,#1642,.F.);
#2161=ORIENTED_EDGE('',*,*,#1643,.T.);
#2162=ORIENTED_EDGE('',*,*,#1644,.F.);
#2163=ORIENTED_EDGE('',*,*,#1645,.F.);
#2164=ORIENTED_EDGE('',*,*,#1646,.T.);
#2165=ORIENTED_EDGE('',*,*,#1647,.F.);
#2166=ORIENTED_EDGE('',*,*,#1648,.F.);
#2167=ORIENTED_EDGE('',*,*,#1649,.F.);
#2168=ORIENTED_EDGE('',*,*,#1650,.T.);
#2169=ORIENTED_EDGE('',*,*,#1651,.F.);
#2170=ORIENTED_EDGE('',*,*,#1646,.F.);
#2171=ORIENTED_EDGE('',*,*,#1652,.F.);
#2172=ORIENTED_EDGE('',*,*,#1648,.T.);
#2173=ORIENTED_EDGE('',*,*,#1653,.F.);
#2174=ORIENTED_EDGE('',*,*,#1654,.F.);
#2175=ORIENTED_EDGE('',*,*,#1655,.T.);
#2176=ORIENTED_EDGE('',*,*,#1656,.F.);
#2177=ORIENTED_EDGE('',*,*,#1657,.F.);
#2178=ORIENTED_EDGE('',*,*,#1658,.T.);
#2179=ORIENTED_EDGE('',*,*,#1654,.T.);
#2180=ORIENTED_EDGE('',*,*,#1659,.F.);
#2181=ORIENTED_EDGE('',*,*,#1650,.F.);
#2182=ORIENTED_EDGE('',*,*,#1660,.F.);
#2183=ORIENTED_EDGE('',*,*,#1647,.T.);
#2184=ORIENTED_EDGE('',*,*,#1651,.T.);
#2185=ORIENTED_EDGE('',*,*,#1659,.T.);
#2186=ORIENTED_EDGE('',*,*,#1653,.T.);
#2187=ORIENTED_EDGE('',*,*,#1661,.F.);
#2188=ORIENTED_EDGE('',*,*,#1655,.F.);
#2189=ORIENTED_EDGE('',*,*,#1658,.F.);
#2190=ORIENTED_EDGE('',*,*,#1656,.T.);
#2191=ORIENTED_EDGE('',*,*,#1661,.T.);
#2192=ORIENTED_EDGE('',*,*,#1657,.T.);
#2193=ORIENTED_EDGE('',*,*,#1662,.F.);
#2194=ORIENTED_EDGE('',*,*,#1663,.F.);
#2195=ORIENTED_EDGE('',*,*,#1664,.F.);
#2196=ORIENTED_EDGE('',*,*,#1665,.T.);
#2197=ORIENTED_EDGE('',*,*,#1666,.T.);
#2198=ORIENTED_EDGE('',*,*,#1667,.T.);
#2199=ORIENTED_EDGE('',*,*,#1668,.T.);
#2200=ORIENTED_EDGE('',*,*,#1669,.T.);
#2201=ORIENTED_EDGE('',*,*,#1670,.F.);
#2202=ORIENTED_EDGE('',*,*,#1671,.F.);
#2203=ORIENTED_EDGE('',*,*,#1672,.F.);
#2204=ORIENTED_EDGE('',*,*,#1673,.F.);
#2205=ORIENTED_EDGE('',*,*,#1674,.F.);
#2206=ORIENTED_EDGE('',*,*,#1675,.F.);
#2207=ORIENTED_EDGE('',*,*,#1674,.T.);
#2208=ORIENTED_EDGE('',*,*,#1676,.F.);
#2209=ORIENTED_EDGE('',*,*,#1677,.T.);
#2210=ORIENTED_EDGE('',*,*,#1678,.T.);
#2211=ORIENTED_EDGE('',*,*,#1679,.F.);
#2212=ORIENTED_EDGE('',*,*,#1680,.F.);
#2213=ORIENTED_EDGE('',*,*,#1678,.F.);
#2214=ORIENTED_EDGE('',*,*,#1681,.T.);
#2215=ORIENTED_EDGE('',*,*,#1682,.T.);
#2216=ORIENTED_EDGE('',*,*,#1683,.F.);
#2217=ORIENTED_EDGE('',*,*,#1684,.F.);
#2218=ORIENTED_EDGE('',*,*,#1682,.F.);
#2219=ORIENTED_EDGE('',*,*,#1685,.T.);
#2220=ORIENTED_EDGE('',*,*,#1686,.T.);
#2221=ORIENTED_EDGE('',*,*,#1672,.T.);
#2222=ORIENTED_EDGE('',*,*,#1687,.T.);
#2223=ORIENTED_EDGE('',*,*,#1676,.T.);
#2224=ORIENTED_EDGE('',*,*,#1673,.T.);
#2225=ORIENTED_EDGE('',*,*,#1686,.F.);
#2226=ORIENTED_EDGE('',*,*,#1677,.F.);
#2227=ORIENTED_EDGE('',*,*,#1687,.F.);
#2228=ORIENTED_EDGE('',*,*,#1685,.F.);
#2229=ORIENTED_EDGE('',*,*,#1681,.F.);
#2230=ORIENTED_EDGE('',*,*,#1683,.T.);
#2231=ORIENTED_EDGE('',*,*,#1671,.T.);
#2232=ORIENTED_EDGE('',*,*,#1675,.T.);
#2233=ORIENTED_EDGE('',*,*,#1688,.T.);
#2234=ORIENTED_EDGE('',*,*,#1689,.T.);
#2235=ORIENTED_EDGE('',*,*,#1690,.F.);
#2236=ORIENTED_EDGE('',*,*,#1691,.F.);
#2237=ORIENTED_EDGE('',*,*,#1692,.T.);
#2238=ORIENTED_EDGE('',*,*,#1693,.F.);
#2239=ORIENTED_EDGE('',*,*,#1694,.F.);
#2240=ORIENTED_EDGE('',*,*,#1695,.F.);
#2241=ORIENTED_EDGE('',*,*,#1696,.F.);
#2242=ORIENTED_EDGE('',*,*,#1697,.F.);
#2243=ORIENTED_EDGE('',*,*,#1696,.T.);
#2244=ORIENTED_EDGE('',*,*,#1698,.F.);
#2245=ORIENTED_EDGE('',*,*,#1699,.T.);
#2246=ORIENTED_EDGE('',*,*,#1700,.T.);
#2247=ORIENTED_EDGE('',*,*,#1701,.F.);
#2248=ORIENTED_EDGE('',*,*,#1702,.T.);
#2249=ORIENTED_EDGE('',*,*,#1698,.T.);
#2250=ORIENTED_EDGE('',*,*,#1695,.T.);
#2251=ORIENTED_EDGE('',*,*,#1703,.F.);
#2252=ORIENTED_EDGE('',*,*,#1704,.F.);
#2253=ORIENTED_EDGE('',*,*,#1700,.F.);
#2254=ORIENTED_EDGE('',*,*,#1705,.T.);
#2255=ORIENTED_EDGE('',*,*,#1706,.T.);
#2256=ORIENTED_EDGE('',*,*,#1707,.F.);
#2257=ORIENTED_EDGE('',*,*,#1708,.F.);
#2258=ORIENTED_EDGE('',*,*,#1706,.F.);
#2259=ORIENTED_EDGE('',*,*,#1709,.T.);
#2260=ORIENTED_EDGE('',*,*,#1703,.T.);
#2261=ORIENTED_EDGE('',*,*,#1694,.T.);
#2262=ORIENTED_EDGE('',*,*,#1709,.F.);
#2263=ORIENTED_EDGE('',*,*,#1705,.F.);
#2264=ORIENTED_EDGE('',*,*,#1699,.F.);
#2265=ORIENTED_EDGE('',*,*,#1702,.F.);
#2266=ORIENTED_EDGE('',*,*,#1707,.T.);
#2267=ORIENTED_EDGE('',*,*,#1693,.T.);
#2268=ORIENTED_EDGE('',*,*,#1697,.T.);
#2269=ORIENTED_EDGE('',*,*,#1710,.T.);
#2270=ORIENTED_EDGE('',*,*,#1711,.T.);
#2271=ORIENTED_EDGE('',*,*,#1712,.F.);
#2272=ORIENTED_EDGE('',*,*,#1713,.F.);
#2273=ORIENTED_EDGE('',*,*,#1714,.T.);
#2274=ORIENTED_EDGE('',*,*,#1668,.F.);
#2275=ORIENTED_EDGE('',*,*,#1715,.F.);
#2276=ORIENTED_EDGE('',*,*,#1716,.F.);
#2277=ORIENTED_EDGE('',*,*,#1666,.F.);
#2278=ORIENTED_EDGE('',*,*,#1717,.F.);
#2279=ORIENTED_EDGE('',*,*,#1718,.F.);
#2280=ORIENTED_EDGE('',*,*,#1667,.F.);
#2281=ORIENTED_EDGE('',*,*,#1718,.T.);
#2282=ORIENTED_EDGE('',*,*,#1719,.F.);
#2283=ORIENTED_EDGE('',*,*,#1715,.T.);
#2284=ORIENTED_EDGE('',*,*,#1716,.T.);
#2285=ORIENTED_EDGE('',*,*,#1719,.T.);
#2286=ORIENTED_EDGE('',*,*,#1717,.T.);
#2287=ORIENTED_EDGE('',*,*,#1665,.F.);
#2288=ORIENTED_EDGE('',*,*,#1720,.F.);
#2289=ORIENTED_EDGE('',*,*,#1721,.T.);
#2290=ORIENTED_EDGE('',*,*,#1722,.F.);
#2291=ORIENTED_EDGE('',*,*,#1669,.F.);
#2292=ORIENTED_EDGE('',*,*,#1723,.F.);
#2293=ORIENTED_EDGE('',*,*,#1724,.F.);
#2294=ORIENTED_EDGE('',*,*,#1638,.F.);
#2295=ORIENTED_EDGE('',*,*,#1725,.F.);
#2296=ORIENTED_EDGE('',*,*,#1640,.F.);
#2297=ORIENTED_EDGE('',*,*,#1726,.F.);
#2298=ORIENTED_EDGE('',*,*,#1727,.F.);
#2299=ORIENTED_EDGE('',*,*,#1726,.T.);
#2300=ORIENTED_EDGE('',*,*,#1639,.F.);
#2301=ORIENTED_EDGE('',*,*,#1724,.T.);
#2302=ORIENTED_EDGE('',*,*,#1728,.F.);
#2303=ORIENTED_EDGE('',*,*,#1729,.F.);
#2304=ORIENTED_EDGE('',*,*,#1730,.F.);
#2305=ORIENTED_EDGE('',*,*,#1731,.T.);
#2306=ORIENTED_EDGE('',*,*,#1732,.F.);
#2307=ORIENTED_EDGE('',*,*,#1733,.F.);
#2308=ORIENTED_EDGE('',*,*,#1734,.F.);
#2309=ORIENTED_EDGE('',*,*,#1735,.T.);
#2310=ORIENTED_EDGE('',*,*,#1736,.F.);
#2311=ORIENTED_EDGE('',*,*,#1737,.F.);
#2312=ORIENTED_EDGE('',*,*,#1738,.F.);
#2313=ORIENTED_EDGE('',*,*,#1731,.F.);
#2314=ORIENTED_EDGE('',*,*,#1733,.T.);
#2315=ORIENTED_EDGE('',*,*,#1739,.F.);
#2316=ORIENTED_EDGE('',*,*,#1740,.F.);
#2317=ORIENTED_EDGE('',*,*,#1741,.F.);
#2318=ORIENTED_EDGE('',*,*,#1742,.F.);
#2319=ORIENTED_EDGE('',*,*,#1743,.F.);
#2320=ORIENTED_EDGE('',*,*,#1744,.F.);
#2321=ORIENTED_EDGE('',*,*,#1745,.F.);
#2322=ORIENTED_EDGE('',*,*,#1746,.T.);
#2323=ORIENTED_EDGE('',*,*,#1747,.T.);
#2324=ORIENTED_EDGE('',*,*,#1734,.T.);
#2325=ORIENTED_EDGE('',*,*,#1741,.T.);
#2326=ORIENTED_EDGE('',*,*,#1748,.F.);
#2327=ORIENTED_EDGE('',*,*,#1735,.F.);
#2328=ORIENTED_EDGE('',*,*,#1747,.F.);
#2329=ORIENTED_EDGE('',*,*,#1749,.F.);
#2330=ORIENTED_EDGE('',*,*,#1750,.F.);
#2331=ORIENTED_EDGE('',*,*,#1749,.T.);
#2332=ORIENTED_EDGE('',*,*,#1746,.F.);
#2333=ORIENTED_EDGE('',*,*,#1740,.T.);
#2334=ORIENTED_EDGE('',*,*,#1751,.F.);
#2335=ORIENTED_EDGE('',*,*,#1737,.T.);
#2336=ORIENTED_EDGE('',*,*,#1752,.F.);
#2337=ORIENTED_EDGE('',*,*,#1753,.F.);
#2338=ORIENTED_EDGE('',*,*,#1751,.T.);
#2339=ORIENTED_EDGE('',*,*,#1739,.T.);
#2340=ORIENTED_EDGE('',*,*,#1732,.T.);
#2341=ORIENTED_EDGE('',*,*,#1738,.T.);
#2342=ORIENTED_EDGE('',*,*,#1744,.T.);
#2343=ORIENTED_EDGE('',*,*,#1754,.T.);
#2344=ORIENTED_EDGE('',*,*,#1755,.T.);
#2345=ORIENTED_EDGE('',*,*,#1745,.T.);
#2346=ORIENTED_EDGE('',*,*,#1755,.F.);
#2347=ORIENTED_EDGE('',*,*,#1756,.F.);
#2348=ORIENTED_EDGE('',*,*,#1757,.F.);
#2349=ORIENTED_EDGE('',*,*,#1743,.T.);
#2350=ORIENTED_EDGE('',*,*,#1758,.F.);
#2351=ORIENTED_EDGE('',*,*,#1756,.T.);
#2352=ORIENTED_EDGE('',*,*,#1754,.F.);
#2353=ORIENTED_EDGE('',*,*,#1753,.T.);
#2354=ORIENTED_EDGE('',*,*,#1759,.F.);
#2355=ORIENTED_EDGE('',*,*,#1760,.F.);
#2356=ORIENTED_EDGE('',*,*,#1761,.F.);
#2357=ORIENTED_EDGE('',*,*,#1742,.T.);
#2358=ORIENTED_EDGE('',*,*,#1757,.T.);
#2359=ORIENTED_EDGE('',*,*,#1758,.T.);
#2360=ORIENTED_EDGE('',*,*,#1728,.T.);
#2361=ORIENTED_EDGE('',*,*,#1748,.T.);
#2362=ORIENTED_EDGE('',*,*,#1750,.T.);
#2363=ORIENTED_EDGE('',*,*,#1761,.T.);
#2364=ORIENTED_EDGE('',*,*,#1762,.T.);
#2365=ORIENTED_EDGE('',*,*,#1763,.T.);
#2366=ORIENTED_EDGE('',*,*,#1764,.F.);
#2367=ORIENTED_EDGE('',*,*,#1765,.F.);
#2368=ORIENTED_EDGE('',*,*,#1766,.T.);
#2369=ORIENTED_EDGE('',*,*,#1767,.T.);
#2370=ORIENTED_EDGE('',*,*,#1768,.F.);
#2371=ORIENTED_EDGE('',*,*,#1769,.F.);
#2372=ORIENTED_EDGE('',*,*,#1770,.F.);
#2373=ORIENTED_EDGE('',*,*,#1771,.F.);
#2374=ORIENTED_EDGE('',*,*,#1772,.F.);
#2375=ORIENTED_EDGE('',*,*,#1773,.T.);
#2376=ORIENTED_EDGE('',*,*,#1774,.F.);
#2377=ORIENTED_EDGE('',*,*,#1775,.F.);
#2378=ORIENTED_EDGE('',*,*,#1776,.F.);
#2379=ORIENTED_EDGE('',*,*,#1777,.T.);
#2380=ORIENTED_EDGE('',*,*,#1778,.F.);
#2381=ORIENTED_EDGE('',*,*,#1771,.T.);
#2382=ORIENTED_EDGE('',*,*,#1779,.F.);
#2383=ORIENTED_EDGE('',*,*,#1775,.T.);
#2384=ORIENTED_EDGE('',*,*,#1780,.F.);
#2385=ORIENTED_EDGE('',*,*,#1781,.T.);
#2386=ORIENTED_EDGE('',*,*,#1782,.T.);
#2387=ORIENTED_EDGE('',*,*,#1783,.F.);
#2388=ORIENTED_EDGE('',*,*,#1773,.F.);
#2389=ORIENTED_EDGE('',*,*,#1784,.F.);
#2390=ORIENTED_EDGE('',*,*,#1785,.F.);
#2391=ORIENTED_EDGE('',*,*,#1786,.F.);
#2392=ORIENTED_EDGE('',*,*,#1787,.F.);
#2393=ORIENTED_EDGE('',*,*,#1788,.F.);
#2394=ORIENTED_EDGE('',*,*,#1778,.T.);
#2395=ORIENTED_EDGE('',*,*,#1789,.T.);
#2396=ORIENTED_EDGE('',*,*,#1784,.T.);
#2397=ORIENTED_EDGE('',*,*,#1772,.T.);
#2398=ORIENTED_EDGE('',*,*,#1790,.F.);
#2399=ORIENTED_EDGE('',*,*,#1781,.F.);
#2400=ORIENTED_EDGE('',*,*,#1791,.F.);
#2401=ORIENTED_EDGE('',*,*,#1782,.F.);
#2402=ORIENTED_EDGE('',*,*,#1789,.F.);
#2403=ORIENTED_EDGE('',*,*,#1777,.F.);
#2404=ORIENTED_EDGE('',*,*,#1792,.F.);
#2405=ORIENTED_EDGE('',*,*,#1793,.F.);
#2406=ORIENTED_EDGE('',*,*,#1780,.T.);
#2407=ORIENTED_EDGE('',*,*,#1774,.T.);
#2408=ORIENTED_EDGE('',*,*,#1783,.T.);
#2409=ORIENTED_EDGE('',*,*,#1791,.T.);
#2410=ORIENTED_EDGE('',*,*,#1790,.T.);
#2411=ORIENTED_EDGE('',*,*,#1794,.T.);
#2412=ORIENTED_EDGE('',*,*,#1795,.T.);
#2413=ORIENTED_EDGE('',*,*,#1796,.T.);
#2414=ORIENTED_EDGE('',*,*,#1797,.F.);
#2415=ORIENTED_EDGE('',*,*,#1798,.F.);
#2416=ORIENTED_EDGE('',*,*,#1799,.T.);
#2417=ORIENTED_EDGE('',*,*,#1800,.T.);
#2418=ORIENTED_EDGE('',*,*,#1768,.T.);
#2419=ORIENTED_EDGE('',*,*,#1779,.T.);
#2420=ORIENTED_EDGE('',*,*,#1615,.T.);
#2421=ORIENTED_EDGE('',*,*,#1787,.T.);
#2422=ORIENTED_EDGE('',*,*,#1801,.T.);
#2423=ORIENTED_EDGE('',*,*,#1802,.T.);
#2424=ORIENTED_EDGE('',*,*,#1793,.T.);
#2425=ORIENTED_EDGE('',*,*,#1803,.F.);
#2426=ORIENTED_EDGE('',*,*,#1804,.T.);
#2427=ORIENTED_EDGE('',*,*,#1794,.F.);
#2428=ORIENTED_EDGE('',*,*,#1792,.T.);
#2429=ORIENTED_EDGE('',*,*,#1776,.T.);
#2430=ORIENTED_EDGE('',*,*,#1770,.T.);
#2431=ORIENTED_EDGE('',*,*,#1805,.T.);
#2432=ORIENTED_EDGE('',*,*,#1806,.T.);
#2433=ORIENTED_EDGE('',*,*,#1807,.F.);
#2434=ORIENTED_EDGE('',*,*,#1808,.F.);
#2435=ORIENTED_EDGE('',*,*,#1809,.T.);
#2436=ORIENTED_EDGE('',*,*,#1810,.T.);
#2437=ORIENTED_EDGE('',*,*,#1803,.T.);
#2438=ORIENTED_EDGE('',*,*,#1769,.T.);
#2439=ORIENTED_EDGE('',*,*,#1800,.F.);
#2440=ORIENTED_EDGE('',*,*,#1811,.F.);
#2441=ORIENTED_EDGE('',*,*,#1805,.F.);
#2442=ORIENTED_EDGE('',*,*,#1786,.T.);
#2443=ORIENTED_EDGE('',*,*,#1812,.F.);
#2444=ORIENTED_EDGE('',*,*,#1813,.T.);
#2445=ORIENTED_EDGE('',*,*,#1801,.F.);
#2446=ORIENTED_EDGE('',*,*,#1814,.F.);
#2447=ORIENTED_EDGE('',*,*,#1763,.F.);
#2448=ORIENTED_EDGE('',*,*,#1815,.T.);
#2449=ORIENTED_EDGE('',*,*,#1816,.F.);
#2450=ORIENTED_EDGE('',*,*,#1817,.F.);
#2451=ORIENTED_EDGE('',*,*,#1818,.F.);
#2452=ORIENTED_EDGE('',*,*,#1819,.F.);
#2453=ORIENTED_EDGE('',*,*,#1766,.F.);
#2454=ORIENTED_EDGE('',*,*,#1729,.T.);
#2455=ORIENTED_EDGE('',*,*,#1767,.F.);
#2456=ORIENTED_EDGE('',*,*,#1819,.T.);
#2457=ORIENTED_EDGE('',*,*,#1820,.F.);
#2458=ORIENTED_EDGE('',*,*,#1760,.T.);
#2459=ORIENTED_EDGE('',*,*,#1821,.F.);
#2460=ORIENTED_EDGE('',*,*,#1815,.F.);
#2461=ORIENTED_EDGE('',*,*,#1762,.F.);
#2462=ORIENTED_EDGE('',*,*,#1730,.T.);
#2463=ORIENTED_EDGE('',*,*,#1820,.T.);
#2464=ORIENTED_EDGE('',*,*,#1818,.T.);
#2465=ORIENTED_EDGE('',*,*,#1822,.F.);
#2466=ORIENTED_EDGE('',*,*,#1823,.F.);
#2467=ORIENTED_EDGE('',*,*,#1816,.T.);
#2468=ORIENTED_EDGE('',*,*,#1821,.T.);
#2469=ORIENTED_EDGE('',*,*,#1759,.T.);
#2470=ORIENTED_EDGE('',*,*,#1752,.T.);
#2471=ORIENTED_EDGE('',*,*,#1736,.T.);
#2472=ORIENTED_EDGE('',*,*,#1618,.T.);
#2473=ORIENTED_EDGE('',*,*,#1822,.T.);
#2474=ORIENTED_EDGE('',*,*,#1817,.T.);
#2475=ORIENTED_EDGE('',*,*,#1765,.T.);
#2476=ORIENTED_EDGE('',*,*,#1824,.F.);
#2477=ORIENTED_EDGE('',*,*,#1825,.F.);
#2478=ORIENTED_EDGE('',*,*,#1826,.T.);
#2479=ORIENTED_EDGE('',*,*,#1827,.F.);
#2480=ORIENTED_EDGE('',*,*,#1828,.F.);
#2481=ORIENTED_EDGE('',*,*,#1829,.F.);
#2482=ORIENTED_EDGE('',*,*,#1806,.F.);
#2483=ORIENTED_EDGE('',*,*,#1811,.T.);
#2484=ORIENTED_EDGE('',*,*,#1799,.F.);
#2485=ORIENTED_EDGE('',*,*,#1785,.T.);
#2486=ORIENTED_EDGE('',*,*,#1830,.T.);
#2487=ORIENTED_EDGE('',*,*,#1812,.T.);
#2488=ORIENTED_EDGE('',*,*,#1831,.F.);
#2489=ORIENTED_EDGE('',*,*,#1796,.F.);
#2490=ORIENTED_EDGE('',*,*,#1832,.F.);
#2491=ORIENTED_EDGE('',*,*,#1809,.F.);
#2492=ORIENTED_EDGE('',*,*,#1832,.T.);
#2493=ORIENTED_EDGE('',*,*,#1795,.F.);
#2494=ORIENTED_EDGE('',*,*,#1804,.F.);
#2495=ORIENTED_EDGE('',*,*,#1810,.F.);
#2496=ORIENTED_EDGE('',*,*,#1788,.T.);
#2497=ORIENTED_EDGE('',*,*,#1802,.F.);
#2498=ORIENTED_EDGE('',*,*,#1813,.F.);
#2499=ORIENTED_EDGE('',*,*,#1830,.F.);
#2500=ORIENTED_EDGE('',*,*,#1797,.T.);
#2501=ORIENTED_EDGE('',*,*,#1831,.T.);
#2502=ORIENTED_EDGE('',*,*,#1808,.T.);
#2503=ORIENTED_EDGE('',*,*,#1833,.F.);
#2504=ORIENTED_EDGE('',*,*,#1834,.F.);
#2505=ORIENTED_EDGE('',*,*,#1663,.T.);
#2506=ORIENTED_EDGE('',*,*,#1835,.F.);
#2507=ORIENTED_EDGE('',*,*,#1836,.F.);
#2508=ORIENTED_EDGE('',*,*,#1837,.F.);
#2509=ORIENTED_EDGE('',*,*,#1838,.T.);
#2510=ORIENTED_EDGE('',*,*,#1839,.F.);
#2511=ORIENTED_EDGE('',*,*,#1840,.F.);
#2512=ORIENTED_EDGE('',*,*,#1841,.F.);
#2513=ORIENTED_EDGE('',*,*,#1842,.T.);
#2514=ORIENTED_EDGE('',*,*,#1843,.F.);
#2515=ORIENTED_EDGE('',*,*,#1838,.F.);
#2516=ORIENTED_EDGE('',*,*,#1844,.F.);
#2517=ORIENTED_EDGE('',*,*,#1845,.T.);
#2518=ORIENTED_EDGE('',*,*,#1846,.F.);
#2519=ORIENTED_EDGE('',*,*,#1842,.F.);
#2520=ORIENTED_EDGE('',*,*,#1847,.F.);
#2521=ORIENTED_EDGE('',*,*,#1840,.T.);
#2522=ORIENTED_EDGE('',*,*,#1848,.F.);
#2523=ORIENTED_EDGE('',*,*,#1849,.F.);
#2524=ORIENTED_EDGE('',*,*,#1850,.F.);
#2525=ORIENTED_EDGE('',*,*,#1849,.T.);
#2526=ORIENTED_EDGE('',*,*,#1851,.F.);
#2527=ORIENTED_EDGE('',*,*,#1852,.F.);
#2528=ORIENTED_EDGE('',*,*,#1853,.F.);
#2529=ORIENTED_EDGE('',*,*,#1852,.T.);
#2530=ORIENTED_EDGE('',*,*,#1854,.F.);
#2531=ORIENTED_EDGE('',*,*,#1845,.F.);
#2532=ORIENTED_EDGE('',*,*,#1854,.T.);
#2533=ORIENTED_EDGE('',*,*,#1851,.T.);
#2534=ORIENTED_EDGE('',*,*,#1848,.T.);
#2535=ORIENTED_EDGE('',*,*,#1839,.T.);
#2536=ORIENTED_EDGE('',*,*,#1843,.T.);
#2537=ORIENTED_EDGE('',*,*,#1846,.T.);
#2538=ORIENTED_EDGE('',*,*,#1684,.T.);
#2539=ORIENTED_EDGE('',*,*,#1692,.F.);
#2540=ORIENTED_EDGE('',*,*,#1855,.F.);
#2541=ORIENTED_EDGE('',*,*,#1856,.T.);
#2542=ORIENTED_EDGE('',*,*,#1857,.T.);
#2543=ORIENTED_EDGE('',*,*,#1858,.T.);
#2544=ORIENTED_EDGE('',*,*,#1859,.F.);
#2545=ORIENTED_EDGE('',*,*,#1688,.F.);
#2546=ORIENTED_EDGE('',*,*,#1679,.T.);
#2547=ORIENTED_EDGE('',*,*,#1680,.T.);
#2548=ORIENTED_EDGE('',*,*,#1708,.T.);
#2549=ORIENTED_EDGE('',*,*,#1714,.F.);
#2550=ORIENTED_EDGE('',*,*,#1860,.F.);
#2551=ORIENTED_EDGE('',*,*,#1861,.T.);
#2552=ORIENTED_EDGE('',*,*,#1862,.T.);
#2553=ORIENTED_EDGE('',*,*,#1863,.T.);
#2554=ORIENTED_EDGE('',*,*,#1864,.F.);
#2555=ORIENTED_EDGE('',*,*,#1710,.F.);
#2556=ORIENTED_EDGE('',*,*,#1701,.T.);
#2557=ORIENTED_EDGE('',*,*,#1704,.T.);
#2558=ORIENTED_EDGE('',*,*,#1865,.F.);
#2559=ORIENTED_EDGE('',*,*,#1866,.F.);
#2560=ORIENTED_EDGE('',*,*,#1863,.F.);
#2561=ORIENTED_EDGE('',*,*,#1867,.F.);
#2562=ORIENTED_EDGE('',*,*,#1868,.F.);
#2563=ORIENTED_EDGE('',*,*,#1867,.T.);
#2564=ORIENTED_EDGE('',*,*,#1862,.F.);
#2565=ORIENTED_EDGE('',*,*,#1869,.F.);
#2566=ORIENTED_EDGE('',*,*,#1870,.F.);
#2567=ORIENTED_EDGE('',*,*,#1869,.T.);
#2568=ORIENTED_EDGE('',*,*,#1861,.F.);
#2569=ORIENTED_EDGE('',*,*,#1871,.F.);
#2570=ORIENTED_EDGE('',*,*,#1872,.F.);
#2571=ORIENTED_EDGE('',*,*,#1871,.T.);
#2572=ORIENTED_EDGE('',*,*,#1858,.F.);
#2573=ORIENTED_EDGE('',*,*,#1873,.F.);
#2574=ORIENTED_EDGE('',*,*,#1874,.F.);
#2575=ORIENTED_EDGE('',*,*,#1873,.T.);
#2576=ORIENTED_EDGE('',*,*,#1857,.F.);
#2577=ORIENTED_EDGE('',*,*,#1875,.F.);
#2578=ORIENTED_EDGE('',*,*,#1876,.F.);
#2579=ORIENTED_EDGE('',*,*,#1875,.T.);
#2580=ORIENTED_EDGE('',*,*,#1856,.F.);
#2581=ORIENTED_EDGE('',*,*,#1877,.F.);
#2582=ORIENTED_EDGE('',*,*,#1631,.T.);
#2583=ORIENTED_EDGE('',*,*,#1644,.T.);
#2584=ORIENTED_EDGE('',*,*,#1878,.T.);
#2585=ORIENTED_EDGE('',*,*,#1827,.T.);
#2586=ORIENTED_EDGE('',*,*,#1879,.T.);
#2587=ORIENTED_EDGE('',*,*,#1880,.T.);
#2588=ORIENTED_EDGE('',*,*,#1881,.T.);
#2589=ORIENTED_EDGE('',*,*,#1882,.T.);
#2590=ORIENTED_EDGE('',*,*,#1883,.T.);
#2591=ORIENTED_EDGE('',*,*,#1884,.T.);
#2592=ORIENTED_EDGE('',*,*,#1885,.T.);
#2593=ORIENTED_EDGE('',*,*,#1835,.T.);
#2594=ORIENTED_EDGE('',*,*,#1662,.T.);
#2595=ORIENTED_EDGE('',*,*,#1660,.T.);
#2596=ORIENTED_EDGE('',*,*,#1649,.T.);
#2597=ORIENTED_EDGE('',*,*,#1645,.T.);
#2598=ORIENTED_EDGE('',*,*,#1652,.T.);
#2599=ORIENTED_EDGE('',*,*,#1670,.T.);
#2600=ORIENTED_EDGE('',*,*,#1722,.T.);
#2601=ORIENTED_EDGE('',*,*,#1886,.T.);
#2602=ORIENTED_EDGE('',*,*,#1636,.T.);
#2603=ORIENTED_EDGE('',*,*,#1626,.T.);
#2604=ORIENTED_EDGE('',*,*,#1623,.T.);
#2605=ORIENTED_EDGE('',*,*,#1619,.T.);
#2606=ORIENTED_EDGE('',*,*,#1865,.T.);
#2607=ORIENTED_EDGE('',*,*,#1868,.T.);
#2608=ORIENTED_EDGE('',*,*,#1870,.T.);
#2609=ORIENTED_EDGE('',*,*,#1872,.T.);
#2610=ORIENTED_EDGE('',*,*,#1874,.T.);
#2611=ORIENTED_EDGE('',*,*,#1876,.T.);
#2612=ORIENTED_EDGE('',*,*,#1887,.T.);
#2613=ORIENTED_EDGE('',*,*,#1888,.T.);
#2614=ORIENTED_EDGE('',*,*,#1889,.T.);
#2615=ORIENTED_EDGE('',*,*,#1890,.T.);
#2616=ORIENTED_EDGE('',*,*,#1860,.T.);
#2617=ORIENTED_EDGE('',*,*,#1713,.T.);
#2618=ORIENTED_EDGE('',*,*,#1891,.F.);
#2619=ORIENTED_EDGE('',*,*,#1892,.F.);
#2620=ORIENTED_EDGE('',*,*,#1866,.T.);
#2621=ORIENTED_EDGE('',*,*,#1890,.F.);
#2622=ORIENTED_EDGE('',*,*,#1893,.T.);
#2623=ORIENTED_EDGE('',*,*,#1894,.F.);
#2624=ORIENTED_EDGE('',*,*,#1711,.F.);
#2625=ORIENTED_EDGE('',*,*,#1864,.T.);
#2626=ORIENTED_EDGE('',*,*,#1889,.F.);
#2627=ORIENTED_EDGE('',*,*,#1895,.T.);
#2628=ORIENTED_EDGE('',*,*,#1896,.F.);
#2629=ORIENTED_EDGE('',*,*,#1893,.F.);
#2630=ORIENTED_EDGE('',*,*,#1859,.T.);
#2631=ORIENTED_EDGE('',*,*,#1892,.T.);
#2632=ORIENTED_EDGE('',*,*,#1897,.F.);
#2633=ORIENTED_EDGE('',*,*,#1689,.F.);
#2634=ORIENTED_EDGE('',*,*,#1855,.T.);
#2635=ORIENTED_EDGE('',*,*,#1691,.T.);
#2636=ORIENTED_EDGE('',*,*,#1898,.F.);
#2637=ORIENTED_EDGE('',*,*,#1899,.F.);
#2638=ORIENTED_EDGE('',*,*,#1887,.F.);
#2639=ORIENTED_EDGE('',*,*,#1877,.T.);
#2640=ORIENTED_EDGE('',*,*,#1888,.F.);
#2641=ORIENTED_EDGE('',*,*,#1899,.T.);
#2642=ORIENTED_EDGE('',*,*,#1900,.F.);
#2643=ORIENTED_EDGE('',*,*,#1895,.F.);
#2644=ORIENTED_EDGE('',*,*,#1900,.T.);
#2645=ORIENTED_EDGE('',*,*,#1898,.T.);
#2646=ORIENTED_EDGE('',*,*,#1690,.T.);
#2647=ORIENTED_EDGE('',*,*,#1897,.T.);
#2648=ORIENTED_EDGE('',*,*,#1891,.T.);
#2649=ORIENTED_EDGE('',*,*,#1712,.T.);
#2650=ORIENTED_EDGE('',*,*,#1894,.T.);
#2651=ORIENTED_EDGE('',*,*,#1896,.T.);
#2652=ORIENTED_EDGE('',*,*,#1844,.T.);
#2653=ORIENTED_EDGE('',*,*,#1841,.T.);
#2654=ORIENTED_EDGE('',*,*,#1837,.T.);
#2655=ORIENTED_EDGE('',*,*,#1847,.T.);
#2656=ORIENTED_EDGE('',*,*,#1850,.T.);
#2657=ORIENTED_EDGE('',*,*,#1853,.T.);
#2658=ORIENTED_EDGE('',*,*,#1901,.T.);
#2659=ORIENTED_EDGE('',*,*,#1902,.T.);
#2660=ORIENTED_EDGE('',*,*,#1903,.T.);
#2661=ORIENTED_EDGE('',*,*,#1904,.T.);
#2662=ORIENTED_EDGE('',*,*,#1825,.T.);
#2663=ORIENTED_EDGE('',*,*,#1905,.T.);
#2664=ORIENTED_EDGE('',*,*,#1642,.T.);
#2665=ORIENTED_EDGE('',*,*,#1906,.T.);
#2666=ORIENTED_EDGE('',*,*,#1720,.T.);
#2667=ORIENTED_EDGE('',*,*,#1664,.T.);
#2668=ORIENTED_EDGE('',*,*,#1834,.T.);
#2669=ORIENTED_EDGE('',*,*,#1907,.T.);
#2670=ORIENTED_EDGE('',*,*,#1908,.T.);
#2671=ORIENTED_EDGE('',*,*,#1909,.T.);
#2672=ORIENTED_EDGE('',*,*,#1910,.F.);
#2673=ORIENTED_EDGE('',*,*,#1881,.F.);
#2674=ORIENTED_EDGE('',*,*,#1911,.F.);
#2675=ORIENTED_EDGE('',*,*,#1902,.F.);
#2676=ORIENTED_EDGE('',*,*,#1911,.T.);
#2677=ORIENTED_EDGE('',*,*,#1880,.F.);
#2678=ORIENTED_EDGE('',*,*,#1912,.F.);
#2679=ORIENTED_EDGE('',*,*,#1903,.F.);
#2680=ORIENTED_EDGE('',*,*,#1912,.T.);
#2681=ORIENTED_EDGE('',*,*,#1879,.F.);
#2682=ORIENTED_EDGE('',*,*,#1826,.F.);
#2683=ORIENTED_EDGE('',*,*,#1904,.F.);
#2684=ORIENTED_EDGE('',*,*,#1823,.T.);
#2685=ORIENTED_EDGE('',*,*,#1828,.T.);
#2686=ORIENTED_EDGE('',*,*,#1878,.F.);
#2687=ORIENTED_EDGE('',*,*,#1643,.F.);
#2688=ORIENTED_EDGE('',*,*,#1905,.F.);
#2689=ORIENTED_EDGE('',*,*,#1824,.T.);
#2690=ORIENTED_EDGE('',*,*,#1764,.T.);
#2691=ORIENTED_EDGE('',*,*,#1814,.T.);
#2692=ORIENTED_EDGE('',*,*,#1723,.T.);
#2693=ORIENTED_EDGE('',*,*,#1637,.T.);
#2694=ORIENTED_EDGE('',*,*,#1886,.F.);
#2695=ORIENTED_EDGE('',*,*,#1721,.F.);
#2696=ORIENTED_EDGE('',*,*,#1906,.F.);
#2697=ORIENTED_EDGE('',*,*,#1641,.T.);
#2698=ORIENTED_EDGE('',*,*,#1725,.T.);
#2699=ORIENTED_EDGE('',*,*,#1727,.T.);
#2700=ORIENTED_EDGE('',*,*,#1798,.T.);
#2701=ORIENTED_EDGE('',*,*,#1836,.T.);
#2702=ORIENTED_EDGE('',*,*,#1885,.F.);
#2703=ORIENTED_EDGE('',*,*,#1913,.F.);
#2704=ORIENTED_EDGE('',*,*,#1907,.F.);
#2705=ORIENTED_EDGE('',*,*,#1833,.T.);
#2706=ORIENTED_EDGE('',*,*,#1807,.T.);
#2707=ORIENTED_EDGE('',*,*,#1829,.T.);
#2708=ORIENTED_EDGE('',*,*,#1913,.T.);
#2709=ORIENTED_EDGE('',*,*,#1884,.F.);
#2710=ORIENTED_EDGE('',*,*,#1914,.F.);
#2711=ORIENTED_EDGE('',*,*,#1908,.F.);
#2712=ORIENTED_EDGE('',*,*,#1914,.T.);
#2713=ORIENTED_EDGE('',*,*,#1883,.F.);
#2714=ORIENTED_EDGE('',*,*,#1915,.F.);
#2715=ORIENTED_EDGE('',*,*,#1909,.F.);
#2716=ORIENTED_EDGE('',*,*,#1915,.T.);
#2717=ORIENTED_EDGE('',*,*,#1882,.F.);
#2718=ORIENTED_EDGE('',*,*,#1910,.T.);
#2719=ORIENTED_EDGE('',*,*,#1901,.F.);
#2720=ORIENTED_EDGE('',*,*,#1916,.T.);
#2721=ORIENTED_EDGE('',*,*,#1917,.F.);
#2722=ORIENTED_EDGE('',*,*,#1918,.T.);
#2723=ORIENTED_EDGE('',*,*,#1916,.F.);
#2724=ORIENTED_EDGE('',*,*,#1918,.F.);
#2725=ORIENTED_EDGE('',*,*,#1917,.T.);
#2726=ORIENTED_EDGE('',*,*,#1919,.T.);
#2727=ORIENTED_EDGE('',*,*,#1920,.F.);
#2728=ORIENTED_EDGE('',*,*,#1921,.T.);
#2729=ORIENTED_EDGE('',*,*,#1919,.F.);
#2730=ORIENTED_EDGE('',*,*,#1921,.F.);
#2731=ORIENTED_EDGE('',*,*,#1920,.T.);
#2732=PLANE('',#3079);
#2733=PLANE('',#3080);
#2734=PLANE('',#3081);
#2735=PLANE('',#3082);
#2736=PLANE('',#3083);
#2737=PLANE('',#3084);
#2738=PLANE('',#3085);
#2739=PLANE('',#3086);
#2740=PLANE('',#3087);
#2741=PLANE('',#3088);
#2742=PLANE('',#3089);
#2743=PLANE('',#3090);
#2744=PLANE('',#3091);
#2745=PLANE('',#3092);
#2746=PLANE('',#3093);
#2747=PLANE('',#3094);
#2748=PLANE('',#3095);
#2749=PLANE('',#3096);
#2750=PLANE('',#3097);
#2751=PLANE('',#3098);
#2752=PLANE('',#3099);
#2753=PLANE('',#3100);
#2754=PLANE('',#3101);
#2755=PLANE('',#3102);
#2756=PLANE('',#3103);
#2757=PLANE('',#3104);
#2758=PLANE('',#3105);
#2759=PLANE('',#3106);
#2760=PLANE('',#3107);
#2761=PLANE('',#3108);
#2762=PLANE('',#3109);
#2763=PLANE('',#3110);
#2764=PLANE('',#3111);
#2765=PLANE('',#3112);
#2766=PLANE('',#3113);
#2767=PLANE('',#3114);
#2768=PLANE('',#3115);
#2769=PLANE('',#3116);
#2770=PLANE('',#3117);
#2771=PLANE('',#3118);
#2772=PLANE('',#3119);
#2773=PLANE('',#3120);
#2774=PLANE('',#3121);
#2775=PLANE('',#3122);
#2776=PLANE('',#3123);
#2777=PLANE('',#3124);
#2778=PLANE('',#3125);
#2779=PLANE('',#3126);
#2780=PLANE('',#3130);
#2781=PLANE('',#3134);
#2782=PLANE('',#3135);
#2783=PLANE('',#3136);
#2784=PLANE('',#3137);
#2785=PLANE('',#3138);
#2786=PLANE('',#3139);
#2787=PLANE('',#3140);
#2788=PLANE('',#3141);
#2789=PLANE('',#3142);
#2790=PLANE('',#3143);
#2791=PLANE('',#3144);
#2792=PLANE('',#3145);
#2793=PLANE('',#3146);
#2794=PLANE('',#3147);
#2795=PLANE('',#3148);
#2796=PLANE('',#3149);
#2797=PLANE('',#3150);
#2798=PLANE('',#3151);
#2799=PLANE('',#3152);
#2800=PLANE('',#3153);
#2801=PLANE('',#3154);
#2802=PLANE('',#3155);
#2803=PLANE('',#3156);
#2804=PLANE('',#3157);
#2805=PLANE('',#3158);
#2806=PLANE('',#3159);
#2807=PLANE('',#3160);
#2808=PLANE('',#3161);
#2809=PLANE('',#3162);
#2810=PLANE('',#3163);
#2811=PLANE('',#3165);
#2812=PLANE('',#3168);
#2813=PLANE('',#3169);
#2814=PLANE('',#3171);
#2815=PLANE('',#3174);
#2816=PLANE('',#3175);
#2817=PLANE('',#3176);
#2818=PLANE('',#3177);
#2819=PLANE('',#3178);
#2820=PLANE('',#3179);
#2821=PLANE('',#3180);
#2822=PLANE('',#3181);
#2823=PLANE('',#3182);
#2824=PLANE('',#3183);
#2825=PLANE('',#3184);
#2826=PLANE('',#3185);
#2827=PLANE('',#3186);
#2828=PLANE('',#3187);
#2829=PLANE('',#3188);
#2830=PLANE('',#3189);
#2831=PLANE('',#3190);
#2832=PLANE('',#3191);
#2833=PLANE('',#3192);
#2834=PLANE('',#3193);
#2835=PLANE('',#3194);
#2836=PLANE('',#3195);
#2837=PLANE('',#3196);
#2838=PLANE('',#3197);
#2839=PLANE('',#3198);
#2840=PLANE('',#3199);
#2841=PLANE('',#3200);
#2842=PLANE('',#3201);
#2843=PLANE('',#3202);
#2844=PLANE('',#3203);
#2845=PLANE('',#3204);
#2846=PLANE('',#3205);
#2847=PLANE('',#3206);
#2848=PLANE('',#3207);
#2849=PLANE('',#3208);
#2850=PLANE('',#3209);
#2851=PLANE('',#3210);
#2852=PLANE('',#3211);
#2853=PLANE('',#3212);
#2854=PLANE('',#3213);
#2855=PLANE('',#3214);
#2856=PLANE('',#3215);
#2857=PLANE('',#3216);
#2858=PLANE('',#3217);
#2859=PLANE('',#3218);
#2860=PLANE('',#3219);
#2861=PLANE('',#3220);
#2862=PLANE('',#3221);
#2863=PLANE('',#3222);
#2864=PLANE('',#3223);
#2865=PLANE('',#3224);
#2866=PLANE('',#3225);
#2867=PLANE('',#3226);
#2868=PLANE('',#3227);
#2869=PLANE('',#3228);
#2870=PLANE('',#3229);
#2871=PLANE('',#3230);
#2872=PLANE('',#3231);
#2873=PLANE('',#3232);
#2874=PLANE('',#3233);
#2875=PLANE('',#3234);
#2876=PLANE('',#3235);
#2877=PLANE('',#3236);
#2878=PLANE('',#3237);
#2879=PLANE('',#3238);
#2880=PLANE('',#3239);
#2881=PLANE('',#3240);
#2882=PLANE('',#3241);
#2883=PLANE('',#3242);
#2884=PLANE('',#3243);
#2885=PLANE('',#3244);
#2886=PLANE('',#3245);
#2887=PLANE('',#3249);
#2888=PLANE('',#3250);
#2889=PLANE('',#3254);
#2890=ADVANCED_FACE('',(#128),#2732,.F.);
#2891=ADVANCED_FACE('',(#129),#2733,.F.);
#2892=ADVANCED_FACE('',(#130),#2734,.F.);
#2893=ADVANCED_FACE('',(#131),#2735,.F.);
#2894=ADVANCED_FACE('',(#132),#2736,.F.);
#2895=ADVANCED_FACE('',(#133),#2737,.T.);
#2896=ADVANCED_FACE('',(#134),#2738,.F.);
#2897=ADVANCED_FACE('',(#135),#2739,.F.);
#2898=ADVANCED_FACE('',(#136),#2740,.F.);
#2899=ADVANCED_FACE('',(#137),#2741,.F.);
#2900=ADVANCED_FACE('',(#138),#2742,.F.);
#2901=ADVANCED_FACE('',(#139),#2743,.T.);
#2902=ADVANCED_FACE('',(#140),#2744,.F.);
#2903=ADVANCED_FACE('',(#141),#2745,.F.);
#2904=ADVANCED_FACE('',(#142),#2746,.F.);
#2905=ADVANCED_FACE('',(#143),#2747,.F.);
#2906=ADVANCED_FACE('',(#144),#2748,.F.);
#2907=ADVANCED_FACE('',(#145),#2749,.T.);
#2908=ADVANCED_FACE('',(#146),#2750,.F.);
#2909=ADVANCED_FACE('',(#147),#2751,.F.);
#2910=ADVANCED_FACE('',(#148),#2752,.F.);
#2911=ADVANCED_FACE('',(#149),#2753,.F.);
#2912=ADVANCED_FACE('',(#150),#2754,.F.);
#2913=ADVANCED_FACE('',(#151),#2755,.T.);
#2914=ADVANCED_FACE('',(#152),#2756,.F.);
#2915=ADVANCED_FACE('',(#153),#2757,.F.);
#2916=ADVANCED_FACE('',(#154),#2758,.F.);
#2917=ADVANCED_FACE('',(#155),#2759,.F.);
#2918=ADVANCED_FACE('',(#156),#2760,.F.);
#2919=ADVANCED_FACE('',(#157),#2761,.T.);
#2920=ADVANCED_FACE('',(#158),#2762,.F.);
#2921=ADVANCED_FACE('',(#159),#2763,.F.);
#2922=ADVANCED_FACE('',(#160),#2764,.F.);
#2923=ADVANCED_FACE('',(#161),#2765,.F.);
#2924=ADVANCED_FACE('',(#162),#2766,.F.);
#2925=ADVANCED_FACE('',(#163),#2767,.T.);
#2926=ADVANCED_FACE('',(#164),#2768,.F.);
#2927=ADVANCED_FACE('',(#165),#2769,.F.);
#2928=ADVANCED_FACE('',(#166),#2770,.F.);
#2929=ADVANCED_FACE('',(#167),#2771,.F.);
#2930=ADVANCED_FACE('',(#168),#2772,.F.);
#2931=ADVANCED_FACE('',(#169),#2773,.T.);
#2932=ADVANCED_FACE('',(#170),#2774,.F.);
#2933=ADVANCED_FACE('',(#171),#2775,.F.);
#2934=ADVANCED_FACE('',(#172),#2776,.F.);
#2935=ADVANCED_FACE('',(#173),#2777,.F.);
#2936=ADVANCED_FACE('',(#174),#2778,.F.);
#2937=ADVANCED_FACE('',(#175),#2779,.T.);
#2938=ADVANCED_FACE('',(#176),#33,.T.);
#2939=ADVANCED_FACE('',(#177),#2780,.T.);
#2940=ADVANCED_FACE('',(#178),#34,.T.);
#2941=ADVANCED_FACE('',(#179),#2781,.T.);
#2942=ADVANCED_FACE('',(#180),#2782,.T.);
#2943=ADVANCED_FACE('',(#181),#2783,.T.);
#2944=ADVANCED_FACE('',(#182),#2784,.T.);
#2945=ADVANCED_FACE('',(#183),#2785,.T.);
#2946=ADVANCED_FACE('',(#184),#2786,.T.);
#2947=ADVANCED_FACE('',(#185),#2787,.F.);
#2948=ADVANCED_FACE('',(#186),#2788,.T.);
#2949=ADVANCED_FACE('',(#187),#2789,.T.);
#2950=ADVANCED_FACE('',(#188),#2790,.T.);
#2951=ADVANCED_FACE('',(#189),#2791,.T.);
#2952=ADVANCED_FACE('',(#190),#2792,.T.);
#2953=ADVANCED_FACE('',(#191),#2793,.T.);
#2954=ADVANCED_FACE('',(#192),#2794,.F.);
#2955=ADVANCED_FACE('',(#193),#2795,.T.);
#2956=ADVANCED_FACE('',(#194),#2796,.F.);
#2957=ADVANCED_FACE('',(#195),#2797,.F.);
#2958=ADVANCED_FACE('',(#196),#2798,.F.);
#2959=ADVANCED_FACE('',(#197),#2799,.F.);
#2960=ADVANCED_FACE('',(#198),#2800,.F.);
#2961=ADVANCED_FACE('',(#199),#2801,.T.);
#2962=ADVANCED_FACE('',(#200),#2802,.T.);
#2963=ADVANCED_FACE('',(#201),#2803,.F.);
#2964=ADVANCED_FACE('',(#202),#2804,.F.);
#2965=ADVANCED_FACE('',(#203),#2805,.F.);
#2966=ADVANCED_FACE('',(#204),#2806,.F.);
#2967=ADVANCED_FACE('',(#205),#2807,.F.);
#2968=ADVANCED_FACE('',(#206),#2808,.T.);
#2969=ADVANCED_FACE('',(#207),#2809,.T.);
#2970=ADVANCED_FACE('',(#208),#2810,.F.);
#2971=ADVANCED_FACE('',(#209),#2811,.T.);
#2972=ADVANCED_FACE('',(#210),#35,.F.);
#2973=ADVANCED_FACE('',(#211),#2812,.T.);
#2974=ADVANCED_FACE('',(#212),#2813,.F.);
#2975=ADVANCED_FACE('',(#213),#2814,.T.);
#2976=ADVANCED_FACE('',(#214),#36,.F.);
#2977=ADVANCED_FACE('',(#215),#2815,.T.);
#2978=ADVANCED_FACE('',(#216),#2816,.T.);
#2979=ADVANCED_FACE('',(#217,#15),#2817,.T.);
#2980=ADVANCED_FACE('',(#218),#2818,.T.);
#2981=ADVANCED_FACE('',(#219),#2819,.T.);
#2982=ADVANCED_FACE('',(#220),#2820,.T.);
#2983=ADVANCED_FACE('',(#221),#2821,.T.);
#2984=ADVANCED_FACE('',(#222),#2822,.T.);
#2985=ADVANCED_FACE('',(#223),#2823,.T.);
#2986=ADVANCED_FACE('',(#224),#2824,.T.);
#2987=ADVANCED_FACE('',(#225),#2825,.T.);
#2988=ADVANCED_FACE('',(#226),#2826,.T.);
#2989=ADVANCED_FACE('',(#227),#2827,.T.);
#2990=ADVANCED_FACE('',(#228),#2828,.T.);
#2991=ADVANCED_FACE('',(#229),#2829,.T.);
#2992=ADVANCED_FACE('',(#230),#2830,.T.);
#2993=ADVANCED_FACE('',(#231,#16),#2831,.T.);
#2994=ADVANCED_FACE('',(#232),#2832,.T.);
#2995=ADVANCED_FACE('',(#233),#2833,.T.);
#2996=ADVANCED_FACE('',(#234),#2834,.T.);
#2997=ADVANCED_FACE('',(#235,#17),#2835,.T.);
#2998=ADVANCED_FACE('',(#236),#2836,.T.);
#2999=ADVANCED_FACE('',(#237),#2837,.T.);
#3000=ADVANCED_FACE('',(#238),#2838,.T.);
#3001=ADVANCED_FACE('',(#239),#2839,.T.);
#3002=ADVANCED_FACE('',(#240),#2840,.T.);
#3003=ADVANCED_FACE('',(#241),#2841,.T.);
#3004=ADVANCED_FACE('',(#242),#2842,.T.);
#3005=ADVANCED_FACE('',(#243),#2843,.T.);
#3006=ADVANCED_FACE('',(#244),#2844,.T.);
#3007=ADVANCED_FACE('',(#245,#18),#2845,.T.);
#3008=ADVANCED_FACE('',(#246),#2846,.T.);
#3009=ADVANCED_FACE('',(#247),#2847,.T.);
#3010=ADVANCED_FACE('',(#248),#2848,.T.);
#3011=ADVANCED_FACE('',(#249),#2849,.T.);
#3012=ADVANCED_FACE('',(#250),#2850,.T.);
#3013=ADVANCED_FACE('',(#251),#2851,.T.);
#3014=ADVANCED_FACE('',(#252),#2852,.T.);
#3015=ADVANCED_FACE('',(#253),#2853,.T.);
#3016=ADVANCED_FACE('',(#254),#2854,.T.);
#3017=ADVANCED_FACE('',(#255),#2855,.T.);
#3018=ADVANCED_FACE('',(#256),#2856,.T.);
#3019=ADVANCED_FACE('',(#257),#2857,.T.);
#3020=ADVANCED_FACE('',(#258),#2858,.T.);
#3021=ADVANCED_FACE('',(#259),#2859,.T.);
#3022=ADVANCED_FACE('',(#260),#2860,.T.);
#3023=ADVANCED_FACE('',(#261),#2861,.T.);
#3024=ADVANCED_FACE('',(#262),#2862,.T.);
#3025=ADVANCED_FACE('',(#263),#2863,.T.);
#3026=ADVANCED_FACE('',(#264),#2864,.T.);
#3027=ADVANCED_FACE('',(#265),#2865,.T.);
#3028=ADVANCED_FACE('',(#266),#2866,.T.);
#3029=ADVANCED_FACE('',(#267),#2867,.T.);
#3030=ADVANCED_FACE('',(#268,#19),#2868,.T.);
#3031=ADVANCED_FACE('',(#269),#2869,.T.);
#3032=ADVANCED_FACE('',(#270),#2870,.T.);
#3033=ADVANCED_FACE('',(#271),#2871,.T.);
#3034=ADVANCED_FACE('',(#272),#2872,.T.);
#3035=ADVANCED_FACE('',(#273),#2873,.T.);
#3036=ADVANCED_FACE('',(#274),#2874,.T.);
#3037=ADVANCED_FACE('',(#275,#20),#2875,.T.);
#3038=ADVANCED_FACE('',(#276),#2876,.T.);
#3039=ADVANCED_FACE('',(#277),#2877,.T.);
#3040=ADVANCED_FACE('',(#278),#2878,.T.);
#3041=ADVANCED_FACE('',(#279),#2879,.T.);
#3042=ADVANCED_FACE('',(#280),#2880,.T.);
#3043=ADVANCED_FACE('',(#281),#2881,.T.);
#3044=ADVANCED_FACE('',(#282),#2882,.T.);
#3045=ADVANCED_FACE('',(#283),#2883,.T.);
#3046=ADVANCED_FACE('',(#284),#2884,.T.);
#3047=ADVANCED_FACE('',(#285),#2885,.T.);
#3048=ADVANCED_FACE('',(#286),#2886,.F.);
#3049=ADVANCED_FACE('',(#287),#37,.T.);
#3050=ADVANCED_FACE('',(#288),#2887,.T.);
#3051=ADVANCED_FACE('',(#289),#2888,.F.);
#3052=ADVANCED_FACE('',(#290),#38,.T.);
#3053=ADVANCED_FACE('',(#291),#2889,.T.);
#3054=CLOSED_SHELL('',(#2890,#2891,#2892,#2893,#2894,#2895));
#3055=CLOSED_SHELL('',(#2896,#2897,#2898,#2899,#2900,#2901));
#3056=CLOSED_SHELL('',(#2902,#2903,#2904,#2905,#2906,#2907));
#3057=CLOSED_SHELL('',(#2908,#2909,#2910,#2911,#2912,#2913));
#3058=CLOSED_SHELL('',(#2914,#2915,#2916,#2917,#2918,#2919));
#3059=CLOSED_SHELL('',(#2920,#2921,#2922,#2923,#2924,#2925));
#3060=CLOSED_SHELL('',(#2926,#2927,#2928,#2929,#2930,#2931));
#3061=CLOSED_SHELL('',(#2932,#2933,#2934,#2935,#2936,#2937));
#3062=CLOSED_SHELL('',(#2938,#2939,#2940,#2941,#2942,#2943,#2944,#2945,
#2946,#2947,#2948,#2949,#2950,#2951,#2952,#2953,#2954,#2955,#2956,#2957,
#2958,#2959,#2960,#2961,#2962,#2963,#2964,#2965,#2966,#2967,#2968,#2969,
#2970,#2971,#2972,#2973,#2974,#2975,#2976,#2977,#2978,#2979,#2980,#2981,
#2982,#2983,#2984,#2985,#2986,#2987,#2988,#2989,#2990,#2991,#2992,#2993,
#2994,#2995,#2996,#2997,#2998,#2999,#3000,#3001,#3002,#3003,#3004,#3005,
#3006,#3007,#3008,#3009,#3010,#3011,#3012,#3013,#3014,#3015,#3016,#3017,
#3018,#3019,#3020,#3021,#3022,#3023,#3024,#3025,#3026,#3027,#3028,#3029,
#3030,#3031,#3032,#3033,#3034,#3035,#3036,#3037,#3038,#3039,#3040,#3041,
#3042,#3043,#3044,#3045,#3046,#3047));
#3063=CLOSED_SHELL('',(#3048,#3049,#3050));
#3064=CLOSED_SHELL('',(#3051,#3052,#3053));
#3065=BREP_WITH_VOIDS('Heavy_Hull',#3062,(#120,#121,#122,#123,#124,#125,
#126,#127));
#3066=DERIVED_UNIT_ELEMENT(#3068,1.);
#3067=DERIVED_UNIT_ELEMENT(#4846,-3.);
#3068=(
MASS_UNIT()
NAMED_UNIT(*)
SI_UNIT(.KILO.,.GRAM.)
);
#3069=DERIVED_UNIT((#3066,#3067));
#3070=MEASURE_REPRESENTATION_ITEM('density measure',
POSITIVE_RATIO_MEASURE(7850.),#3069);
#3071=PROPERTY_DEFINITION_REPRESENTATION(#3076,#3073);
#3072=PROPERTY_DEFINITION_REPRESENTATION(#3077,#3074);
#3073=REPRESENTATION('material name',(#3075),#4843);
#3074=REPRESENTATION('density',(#3070),#4843);
#3075=DESCRIPTIVE_REPRESENTATION_ITEM('Steel','Steel');
#3076=PROPERTY_DEFINITION('material property','material name',#4853);
#3077=PROPERTY_DEFINITION('material property','density of part',#4853);
#3078=AXIS2_PLACEMENT_3D('',#4002,#3255,#3256);
#3079=AXIS2_PLACEMENT_3D('',#4003,#3257,#3258);
#3080=AXIS2_PLACEMENT_3D('',#4012,#3263,#3264);
#3081=AXIS2_PLACEMENT_3D('',#4018,#3268,#3269);
#3082=AXIS2_PLACEMENT_3D('',#4024,#3273,#3274);
#3083=AXIS2_PLACEMENT_3D('',#4027,#3277,#3278);
#3084=AXIS2_PLACEMENT_3D('',#4028,#3279,#3280);
#3085=AXIS2_PLACEMENT_3D('',#4029,#3281,#3282);
#3086=AXIS2_PLACEMENT_3D('',#4038,#3287,#3288);
#3087=AXIS2_PLACEMENT_3D('',#4044,#3292,#3293);
#3088=AXIS2_PLACEMENT_3D('',#4050,#3297,#3298);
#3089=AXIS2_PLACEMENT_3D('',#4053,#3301,#3302);
#3090=AXIS2_PLACEMENT_3D('',#4054,#3303,#3304);
#3091=AXIS2_PLACEMENT_3D('',#4055,#3305,#3306);
#3092=AXIS2_PLACEMENT_3D('',#4064,#3311,#3312);
#3093=AXIS2_PLACEMENT_3D('',#4070,#3316,#3317);
#3094=AXIS2_PLACEMENT_3D('',#4076,#3321,#3322);
#3095=AXIS2_PLACEMENT_3D('',#4079,#3325,#3326);
#3096=AXIS2_PLACEMENT_3D('',#4080,#3327,#3328);
#3097=AXIS2_PLACEMENT_3D('',#4081,#3329,#3330);
#3098=AXIS2_PLACEMENT_3D('',#4090,#3335,#3336);
#3099=AXIS2_PLACEMENT_3D('',#4096,#3340,#3341);
#3100=AXIS2_PLACEMENT_3D('',#4102,#3345,#3346);
#3101=AXIS2_PLACEMENT_3D('',#4105,#3349,#3350);
#3102=AXIS2_PLACEMENT_3D('',#4106,#3351,#3352);
#3103=AXIS2_PLACEMENT_3D('',#4107,#3353,#3354);
#3104=AXIS2_PLACEMENT_3D('',#4116,#3359,#3360);
#3105=AXIS2_PLACEMENT_3D('',#4122,#3364,#3365);
#3106=AXIS2_PLACEMENT_3D('',#4128,#3369,#3370);
#3107=AXIS2_PLACEMENT_3D('',#4131,#3373,#3374);
#3108=AXIS2_PLACEMENT_3D('',#4132,#3375,#3376);
#3109=AXIS2_PLACEMENT_3D('',#4133,#3377,#3378);
#3110=AXIS2_PLACEMENT_3D('',#4142,#3383,#3384);
#3111=AXIS2_PLACEMENT_3D('',#4148,#3388,#3389);
#3112=AXIS2_PLACEMENT_3D('',#4154,#3393,#3394);
#3113=AXIS2_PLACEMENT_3D('',#4157,#3397,#3398);
#3114=AXIS2_PLACEMENT_3D('',#4158,#3399,#3400);
#3115=AXIS2_PLACEMENT_3D('',#4159,#3401,#3402);
#3116=AXIS2_PLACEMENT_3D('',#4168,#3407,#3408);
#3117=AXIS2_PLACEMENT_3D('',#4174,#3412,#3413);
#3118=AXIS2_PLACEMENT_3D('',#4180,#3417,#3418);
#3119=AXIS2_PLACEMENT_3D('',#4183,#3421,#3422);
#3120=AXIS2_PLACEMENT_3D('',#4184,#3423,#3424);
#3121=AXIS2_PLACEMENT_3D('',#4185,#3425,#3426);
#3122=AXIS2_PLACEMENT_3D('',#4194,#3431,#3432);
#3123=AXIS2_PLACEMENT_3D('',#4200,#3436,#3437);
#3124=AXIS2_PLACEMENT_3D('',#4206,#3441,#3442);
#3125=AXIS2_PLACEMENT_3D('',#4209,#3445,#3446);
#3126=AXIS2_PLACEMENT_3D('',#4210,#3447,#3448);
#3127=AXIS2_PLACEMENT_3D('',#4211,#3449,#3450);
#3128=AXIS2_PLACEMENT_3D('',#4213,#3451,#3452);
#3129=AXIS2_PLACEMENT_3D('',#4216,#3454,#3455);
#3130=AXIS2_PLACEMENT_3D('',#4217,#3456,#3457);
#3131=AXIS2_PLACEMENT_3D('',#4218,#3458,#3459);
#3132=AXIS2_PLACEMENT_3D('',#4220,#3460,#3461);
#3133=AXIS2_PLACEMENT_3D('',#4223,#3463,#3464);
#3134=AXIS2_PLACEMENT_3D('',#4224,#3465,#3466);
#3135=AXIS2_PLACEMENT_3D('',#4225,#3467,#3468);
#3136=AXIS2_PLACEMENT_3D('',#4234,#3473,#3474);
#3137=AXIS2_PLACEMENT_3D('',#4240,#3478,#3479);
#3138=AXIS2_PLACEMENT_3D('',#4250,#3485,#3486);
#3139=AXIS2_PLACEMENT_3D('',#4257,#3491,#3492);
#3140=AXIS2_PLACEMENT_3D('',#4258,#3493,#3494);
#3141=AXIS2_PLACEMENT_3D('',#4260,#3496,#3497);
#3142=AXIS2_PLACEMENT_3D('',#4278,#3507,#3508);
#3143=AXIS2_PLACEMENT_3D('',#4287,#3513,#3514);
#3144=AXIS2_PLACEMENT_3D('',#4293,#3518,#3519);
#3145=AXIS2_PLACEMENT_3D('',#4303,#3525,#3526);
#3146=AXIS2_PLACEMENT_3D('',#4310,#3531,#3532);
#3147=AXIS2_PLACEMENT_3D('',#4311,#3533,#3534);
#3148=AXIS2_PLACEMENT_3D('',#4313,#3536,#3537);
#3149=AXIS2_PLACEMENT_3D('',#4331,#3547,#3548);
#3150=AXIS2_PLACEMENT_3D('',#4340,#3553,#3554);
#3151=AXIS2_PLACEMENT_3D('',#4350,#3560,#3561);
#3152=AXIS2_PLACEMENT_3D('',#4356,#3565,#3566);
#3153=AXIS2_PLACEMENT_3D('',#4363,#3571,#3572);
#3154=AXIS2_PLACEMENT_3D('',#4365,#3574,#3575);
#3155=AXIS2_PLACEMENT_3D('',#4366,#3576,#3577);
#3156=AXIS2_PLACEMENT_3D('',#4376,#3583,#3584);
#3157=AXIS2_PLACEMENT_3D('',#4385,#3589,#3590);
#3158=AXIS2_PLACEMENT_3D('',#4395,#3596,#3597);
#3159=AXIS2_PLACEMENT_3D('',#4399,#3600,#3601);
#3160=AXIS2_PLACEMENT_3D('',#4405,#3605,#3606);
#3161=AXIS2_PLACEMENT_3D('',#4410,#3610,#3611);
#3162=AXIS2_PLACEMENT_3D('',#4411,#3612,#3613);
#3163=AXIS2_PLACEMENT_3D('',#4421,#3619,#3620);
#3164=AXIS2_PLACEMENT_3D('',#4423,#3621,#3622);
#3165=AXIS2_PLACEMENT_3D('',#4425,#3624,#3625);
#3166=AXIS2_PLACEMENT_3D('',#4428,#3627,#3628);
#3167=AXIS2_PLACEMENT_3D('',#4429,#3629,#3630);
#3168=AXIS2_PLACEMENT_3D('',#4431,#3632,#3633);
#3169=AXIS2_PLACEMENT_3D('',#4437,#3637,#3638);
#3170=AXIS2_PLACEMENT_3D('',#4440,#3640,#3641);
#3171=AXIS2_PLACEMENT_3D('',#4441,#3642,#3643);
#3172=AXIS2_PLACEMENT_3D('',#4444,#3645,#3646);
#3173=AXIS2_PLACEMENT_3D('',#4445,#3647,#3648);
#3174=AXIS2_PLACEMENT_3D('',#4447,#3650,#3651);
#3175=AXIS2_PLACEMENT_3D('',#4464,#3660,#3661);
#3176=AXIS2_PLACEMENT_3D('',#4470,#3665,#3666);
#3177=AXIS2_PLACEMENT_3D('',#4484,#3674,#3675);
#3178=AXIS2_PLACEMENT_3D('',#4488,#3678,#3679);
#3179=AXIS2_PLACEMENT_3D('',#4492,#3682,#3683);
#3180=AXIS2_PLACEMENT_3D('',#4499,#3688,#3689);
#3181=AXIS2_PLACEMENT_3D('',#4500,#3690,#3691);
#3182=AXIS2_PLACEMENT_3D('',#4504,#3694,#3695);
#3183=AXIS2_PLACEMENT_3D('',#4508,#3698,#3699);
#3184=AXIS2_PLACEMENT_3D('',#4510,#3701,#3702);
#3185=AXIS2_PLACEMENT_3D('',#4516,#3706,#3707);
#3186=AXIS2_PLACEMENT_3D('',#4517,#3708,#3709);
#3187=AXIS2_PLACEMENT_3D('',#4529,#3716,#3717);
#3188=AXIS2_PLACEMENT_3D('',#4546,#3726,#3727);
#3189=AXIS2_PLACEMENT_3D('',#4552,#3731,#3732);
#3190=AXIS2_PLACEMENT_3D('',#4558,#3736,#3737);
#3191=AXIS2_PLACEMENT_3D('',#4572,#3745,#3746);
#3192=AXIS2_PLACEMENT_3D('',#4574,#3748,#3749);
#3193=AXIS2_PLACEMENT_3D('',#4581,#3754,#3755);
#3194=AXIS2_PLACEMENT_3D('',#4582,#3756,#3757);
#3195=AXIS2_PLACEMENT_3D('',#4596,#3765,#3766);
#3196=AXIS2_PLACEMENT_3D('',#4600,#3769,#3770);
#3197=AXIS2_PLACEMENT_3D('',#4604,#3773,#3774);
#3198=AXIS2_PLACEMENT_3D('',#4616,#3781,#3782);
#3199=AXIS2_PLACEMENT_3D('',#4618,#3784,#3785);
#3200=AXIS2_PLACEMENT_3D('',#4622,#3788,#3789);
#3201=AXIS2_PLACEMENT_3D('',#4628,#3793,#3794);
#3202=AXIS2_PLACEMENT_3D('',#4634,#3798,#3799);
#3203=AXIS2_PLACEMENT_3D('',#4636,#3801,#3802);
#3204=AXIS2_PLACEMENT_3D('',#4638,#3804,#3805);
#3205=AXIS2_PLACEMENT_3D('',#4642,#3808,#3809);
#3206=AXIS2_PLACEMENT_3D('',#4652,#3815,#3816);
#3207=AXIS2_PLACEMENT_3D('',#4654,#3818,#3819);
#3208=AXIS2_PLACEMENT_3D('',#4656,#3821,#3822);
#3209=AXIS2_PLACEMENT_3D('',#4659,#3825,#3826);
#3210=AXIS2_PLACEMENT_3D('',#4660,#3827,#3828);
#3211=AXIS2_PLACEMENT_3D('',#4661,#3829,#3830);
#3212=AXIS2_PLACEMENT_3D('',#4668,#3835,#3836);
#3213=AXIS2_PLACEMENT_3D('',#4677,#3841,#3842);
#3214=AXIS2_PLACEMENT_3D('',#4683,#3846,#3847);
#3215=AXIS2_PLACEMENT_3D('',#4689,#3851,#3852);
#3216=AXIS2_PLACEMENT_3D('',#4695,#3856,#3857);
#3217=AXIS2_PLACEMENT_3D('',#4701,#3861,#3862);
#3218=AXIS2_PLACEMENT_3D('',#4704,#3865,#3866);
#3219=AXIS2_PLACEMENT_3D('',#4705,#3867,#3868);
#3220=AXIS2_PLACEMENT_3D('',#4715,#3874,#3875);
#3221=AXIS2_PLACEMENT_3D('',#4724,#3881,#3882);
#3222=AXIS2_PLACEMENT_3D('',#4730,#3886,#3887);
#3223=AXIS2_PLACEMENT_3D('',#4734,#3890,#3891);
#3224=AXIS2_PLACEMENT_3D('',#4738,#3894,#3895);
#3225=AXIS2_PLACEMENT_3D('',#4742,#3898,#3899);
#3226=AXIS2_PLACEMENT_3D('',#4746,#3902,#3903);
#3227=AXIS2_PLACEMENT_3D('',#4750,#3906,#3907);
#3228=AXIS2_PLACEMENT_3D('',#4773,#3921,#3922);
#3229=AXIS2_PLACEMENT_3D('',#4777,#3925,#3926);
#3230=AXIS2_PLACEMENT_3D('',#4781,#3929,#3930);
#3231=AXIS2_PLACEMENT_3D('',#4785,#3933,#3934);
#3232=AXIS2_PLACEMENT_3D('',#4787,#3936,#3937);
#3233=AXIS2_PLACEMENT_3D('',#4791,#3940,#3941);
#3234=AXIS2_PLACEMENT_3D('',#4793,#3943,#3944);
#3235=AXIS2_PLACEMENT_3D('',#4794,#3945,#3946);
#3236=AXIS2_PLACEMENT_3D('',#4810,#3956,#3957);
#3237=AXIS2_PLACEMENT_3D('',#4813,#3960,#3961);
#3238=AXIS2_PLACEMENT_3D('',#4815,#3963,#3964);
#3239=AXIS2_PLACEMENT_3D('',#4816,#3965,#3966);
#3240=AXIS2_PLACEMENT_3D('',#4817,#3967,#3968);
#3241=AXIS2_PLACEMENT_3D('',#4818,#3969,#3970);
#3242=AXIS2_PLACEMENT_3D('',#4820,#3972,#3973);
#3243=AXIS2_PLACEMENT_3D('',#4822,#3975,#3976);
#3244=AXIS2_PLACEMENT_3D('',#4824,#3978,#3979);
#3245=AXIS2_PLACEMENT_3D('',#4825,#3980,#3981);
#3246=AXIS2_PLACEMENT_3D('',#4827,#3982,#3983);
#3247=AXIS2_PLACEMENT_3D('',#4828,#3984,#3985);
#3248=AXIS2_PLACEMENT_3D('',#4830,#3986,#3987);
#3249=AXIS2_PLACEMENT_3D('',#4832,#3989,#3990);
#3250=AXIS2_PLACEMENT_3D('',#4833,#3991,#3992);
#3251=AXIS2_PLACEMENT_3D('',#4835,#3993,#3994);
#3252=AXIS2_PLACEMENT_3D('',#4836,#3995,#3996);
#3253=AXIS2_PLACEMENT_3D('',#4838,#3997,#3998);
#3254=AXIS2_PLACEMENT_3D('',#4840,#4000,#4001);
#3255=DIRECTION('axis',(0.,0.,1.));
#3256=DIRECTION('refdir',(1.,0.,0.));
#3257=DIRECTION('center_axis',(-1.,0.,0.));
#3258=DIRECTION('ref_axis',(0.,-1.,0.));
#3259=DIRECTION('',(0.,1.,0.));
#3260=DIRECTION('',(0.,0.,1.));
#3261=DIRECTION('',(0.,-1.,0.));
#3262=DIRECTION('',(0.,0.,1.));
#3263=DIRECTION('center_axis',(0.,1.,0.));
#3264=DIRECTION('ref_axis',(-1.,0.,0.));
#3265=DIRECTION('',(1.,0.,0.));
#3266=DIRECTION('',(0.,0.,1.));
#3267=DIRECTION('',(-1.,0.,0.));
#3268=DIRECTION('center_axis',(1.,0.,0.));
#3269=DIRECTION('ref_axis',(0.,1.,0.));
#3270=DIRECTION('',(0.,-1.,0.));
#3271=DIRECTION('',(0.,0.,1.));
#3272=DIRECTION('',(0.,1.,0.));
#3273=DIRECTION('center_axis',(0.,-1.,0.));
#3274=DIRECTION('ref_axis',(1.,0.,0.));
#3275=DIRECTION('',(-1.,0.,0.));
#3276=DIRECTION('',(1.,0.,0.));
#3277=DIRECTION('center_axis',(0.,0.,1.));
#3278=DIRECTION('ref_axis',(1.,0.,0.));
#3279=DIRECTION('center_axis',(0.,0.,1.));
#3280=DIRECTION('ref_axis',(1.,0.,0.));
#3281=DIRECTION('center_axis',(-1.,0.,0.));
#3282=DIRECTION('ref_axis',(0.,-1.,0.));
#3283=DIRECTION('',(0.,1.,0.));
#3284=DIRECTION('',(0.,0.,1.));
#3285=DIRECTION('',(0.,-1.,0.));
#3286=DIRECTION('',(0.,0.,1.));
#3287=DIRECTION('center_axis',(0.,1.,0.));
#3288=DIRECTION('ref_axis',(-1.,0.,0.));
#3289=DIRECTION('',(1.,0.,0.));
#3290=DIRECTION('',(0.,0.,1.));
#3291=DIRECTION('',(-1.,0.,0.));
#3292=DIRECTION('center_axis',(1.,0.,0.));
#3293=DIRECTION('ref_axis',(0.,1.,0.));
#3294=DIRECTION('',(0.,-1.,0.));
#3295=DIRECTION('',(0.,0.,1.));
#3296=DIRECTION('',(0.,1.,0.));
#3297=DIRECTION('center_axis',(0.,-1.,0.));
#3298=DIRECTION('ref_axis',(1.,0.,0.));
#3299=DIRECTION('',(-1.,0.,0.));
#3300=DIRECTION('',(1.,0.,0.));
#3301=DIRECTION('center_axis',(0.,0.,1.));
#3302=DIRECTION('ref_axis',(1.,0.,0.));
#3303=DIRECTION('center_axis',(0.,0.,1.));
#3304=DIRECTION('ref_axis',(1.,0.,0.));
#3305=DIRECTION('center_axis',(-1.,0.,0.));
#3306=DIRECTION('ref_axis',(0.,-1.,0.));
#3307=DIRECTION('',(0.,1.,0.));
#3308=DIRECTION('',(0.,0.,1.));
#3309=DIRECTION('',(0.,-1.,0.));
#3310=DIRECTION('',(0.,0.,1.));
#3311=DIRECTION('center_axis',(0.,1.,0.));
#3312=DIRECTION('ref_axis',(-1.,0.,0.));
#3313=DIRECTION('',(1.,0.,0.));
#3314=DIRECTION('',(0.,0.,1.));
#3315=DIRECTION('',(-1.,0.,0.));
#3316=DIRECTION('center_axis',(1.,0.,0.));
#3317=DIRECTION('ref_axis',(0.,1.,0.));
#3318=DIRECTION('',(0.,-1.,0.));
#3319=DIRECTION('',(0.,0.,1.));
#3320=DIRECTION('',(0.,1.,0.));
#3321=DIRECTION('center_axis',(0.,-1.,0.));
#3322=DIRECTION('ref_axis',(1.,0.,0.));
#3323=DIRECTION('',(-1.,0.,0.));
#3324=DIRECTION('',(1.,0.,0.));
#3325=DIRECTION('center_axis',(0.,0.,1.));
#3326=DIRECTION('ref_axis',(1.,0.,0.));
#3327=DIRECTION('center_axis',(0.,0.,1.));
#3328=DIRECTION('ref_axis',(1.,0.,0.));
#3329=DIRECTION('center_axis',(-1.,0.,0.));
#3330=DIRECTION('ref_axis',(0.,-1.,0.));
#3331=DIRECTION('',(0.,1.,0.));
#3332=DIRECTION('',(0.,0.,1.));
#3333=DIRECTION('',(0.,-1.,0.));
#3334=DIRECTION('',(0.,0.,1.));
#3335=DIRECTION('center_axis',(0.,1.,0.));
#3336=DIRECTION('ref_axis',(-1.,0.,0.));
#3337=DIRECTION('',(1.,0.,0.));
#3338=DIRECTION('',(0.,0.,1.));
#3339=DIRECTION('',(-1.,0.,0.));
#3340=DIRECTION('center_axis',(1.,0.,0.));
#3341=DIRECTION('ref_axis',(0.,1.,0.));
#3342=DIRECTION('',(0.,-1.,0.));
#3343=DIRECTION('',(0.,0.,1.));
#3344=DIRECTION('',(0.,1.,0.));
#3345=DIRECTION('center_axis',(0.,-1.,0.));
#3346=DIRECTION('ref_axis',(1.,0.,0.));
#3347=DIRECTION('',(-1.,0.,0.));
#3348=DIRECTION('',(1.,0.,0.));
#3349=DIRECTION('center_axis',(0.,0.,1.));
#3350=DIRECTION('ref_axis',(1.,0.,0.));
#3351=DIRECTION('center_axis',(0.,0.,1.));
#3352=DIRECTION('ref_axis',(1.,0.,0.));
#3353=DIRECTION('center_axis',(-1.,0.,0.));
#3354=DIRECTION('ref_axis',(0.,-1.,0.));
#3355=DIRECTION('',(0.,1.,0.));
#3356=DIRECTION('',(0.,0.,1.));
#3357=DIRECTION('',(0.,-1.,0.));
#3358=DIRECTION('',(0.,0.,1.));
#3359=DIRECTION('center_axis',(0.,1.,0.));
#3360=DIRECTION('ref_axis',(-1.,0.,0.));
#3361=DIRECTION('',(1.,0.,0.));
#3362=DIRECTION('',(0.,0.,1.));
#3363=DIRECTION('',(-1.,0.,0.));
#3364=DIRECTION('center_axis',(1.,0.,0.));
#3365=DIRECTION('ref_axis',(0.,1.,0.));
#3366=DIRECTION('',(0.,-1.,0.));
#3367=DIRECTION('',(0.,0.,1.));
#3368=DIRECTION('',(0.,1.,0.));
#3369=DIRECTION('center_axis',(0.,-1.,0.));
#3370=DIRECTION('ref_axis',(1.,0.,0.));
#3371=DIRECTION('',(-1.,0.,0.));
#3372=DIRECTION('',(1.,0.,0.));
#3373=DIRECTION('center_axis',(0.,0.,1.));
#3374=DIRECTION('ref_axis',(1.,0.,0.));
#3375=DIRECTION('center_axis',(0.,0.,1.));
#3376=DIRECTION('ref_axis',(1.,0.,0.));
#3377=DIRECTION('center_axis',(-1.,0.,0.));
#3378=DIRECTION('ref_axis',(0.,-1.,0.));
#3379=DIRECTION('',(0.,1.,0.));
#3380=DIRECTION('',(0.,0.,1.));
#3381=DIRECTION('',(0.,-1.,0.));
#3382=DIRECTION('',(0.,0.,1.));
#3383=DIRECTION('center_axis',(0.,1.,0.));
#3384=DIRECTION('ref_axis',(-1.,0.,0.));
#3385=DIRECTION('',(1.,0.,0.));
#3386=DIRECTION('',(0.,0.,1.));
#3387=DIRECTION('',(-1.,0.,0.));
#3388=DIRECTION('center_axis',(1.,0.,0.));
#3389=DIRECTION('ref_axis',(0.,1.,0.));
#3390=DIRECTION('',(0.,-1.,0.));
#3391=DIRECTION('',(0.,0.,1.));
#3392=DIRECTION('',(0.,1.,0.));
#3393=DIRECTION('center_axis',(0.,-1.,0.));
#3394=DIRECTION('ref_axis',(1.,0.,0.));
#3395=DIRECTION('',(-1.,0.,0.));
#3396=DIRECTION('',(1.,0.,0.));
#3397=DIRECTION('center_axis',(0.,0.,1.));
#3398=DIRECTION('ref_axis',(1.,0.,0.));
#3399=DIRECTION('center_axis',(0.,0.,1.));
#3400=DIRECTION('ref_axis',(1.,0.,0.));
#3401=DIRECTION('center_axis',(-1.,0.,0.));
#3402=DIRECTION('ref_axis',(0.,-1.,0.));
#3403=DIRECTION('',(0.,1.,0.));
#3404=DIRECTION('',(0.,0.,1.));
#3405=DIRECTION('',(0.,-1.,0.));
#3406=DIRECTION('',(0.,0.,1.));
#3407=DIRECTION('center_axis',(0.,1.,0.));
#3408=DIRECTION('ref_axis',(-1.,0.,0.));
#3409=DIRECTION('',(1.,0.,0.));
#3410=DIRECTION('',(0.,0.,1.));
#3411=DIRECTION('',(-1.,0.,0.));
#3412=DIRECTION('center_axis',(1.,0.,0.));
#3413=DIRECTION('ref_axis',(0.,1.,0.));
#3414=DIRECTION('',(0.,-1.,0.));
#3415=DIRECTION('',(0.,0.,1.));
#3416=DIRECTION('',(0.,1.,0.));
#3417=DIRECTION('center_axis',(0.,-1.,0.));
#3418=DIRECTION('ref_axis',(1.,0.,0.));
#3419=DIRECTION('',(-1.,0.,0.));
#3420=DIRECTION('',(1.,0.,0.));
#3421=DIRECTION('center_axis',(0.,0.,1.));
#3422=DIRECTION('ref_axis',(1.,0.,0.));
#3423=DIRECTION('center_axis',(0.,0.,1.));
#3424=DIRECTION('ref_axis',(1.,0.,0.));
#3425=DIRECTION('center_axis',(-1.,0.,0.));
#3426=DIRECTION('ref_axis',(0.,-1.,0.));
#3427=DIRECTION('',(0.,1.,0.));
#3428=DIRECTION('',(0.,0.,1.));
#3429=DIRECTION('',(0.,-1.,0.));
#3430=DIRECTION('',(0.,0.,1.));
#3431=DIRECTION('center_axis',(0.,1.,0.));
#3432=DIRECTION('ref_axis',(-1.,0.,0.));
#3433=DIRECTION('',(1.,0.,0.));
#3434=DIRECTION('',(0.,0.,1.));
#3435=DIRECTION('',(-1.,0.,0.));
#3436=DIRECTION('center_axis',(1.,0.,0.));
#3437=DIRECTION('ref_axis',(0.,1.,0.));
#3438=DIRECTION('',(0.,-1.,0.));
#3439=DIRECTION('',(0.,0.,1.));
#3440=DIRECTION('',(0.,1.,0.));
#3441=DIRECTION('center_axis',(0.,-1.,0.));
#3442=DIRECTION('ref_axis',(1.,0.,0.));
#3443=DIRECTION('',(-1.,0.,0.));
#3444=DIRECTION('',(1.,0.,0.));
#3445=DIRECTION('center_axis',(0.,0.,1.));
#3446=DIRECTION('ref_axis',(1.,0.,0.));
#3447=DIRECTION('center_axis',(0.,0.,1.));
#3448=DIRECTION('ref_axis',(1.,0.,0.));
#3449=DIRECTION('center_axis',(0.,0.,1.));
#3450=DIRECTION('ref_axis',(1.,0.,0.));
#3451=DIRECTION('center_axis',(0.,0.,1.));
#3452=DIRECTION('ref_axis',(1.,0.,0.));
#3453=DIRECTION('',(0.,0.,-1.));
#3454=DIRECTION('center_axis',(0.,0.,-1.));
#3455=DIRECTION('ref_axis',(1.,0.,0.));
#3456=DIRECTION('center_axis',(0.,0.,1.));
#3457=DIRECTION('ref_axis',(1.,0.,0.));
#3458=DIRECTION('center_axis',(0.,0.,1.));
#3459=DIRECTION('ref_axis',(1.,0.,0.));
#3460=DIRECTION('center_axis',(0.,0.,1.));
#3461=DIRECTION('ref_axis',(1.,0.,0.));
#3462=DIRECTION('',(0.,0.,-1.));
#3463=DIRECTION('center_axis',(0.,0.,-1.));
#3464=DIRECTION('ref_axis',(1.,0.,0.));
#3465=DIRECTION('center_axis',(0.,0.,1.));
#3466=DIRECTION('ref_axis',(1.,0.,0.));
#3467=DIRECTION('center_axis',(0.,1.,0.));
#3468=DIRECTION('ref_axis',(-1.,0.,0.));
#3469=DIRECTION('',(1.,0.,0.));
#3470=DIRECTION('',(0.,0.,1.));
#3471=DIRECTION('',(-1.,0.,0.));
#3472=DIRECTION('',(0.,0.,1.));
#3473=DIRECTION('center_axis',(-1.,0.,0.));
#3474=DIRECTION('ref_axis',(0.,-1.,0.));
#3475=DIRECTION('',(0.,1.,0.));
#3476=DIRECTION('',(0.,0.,1.));
#3477=DIRECTION('',(0.,-1.,0.));
#3478=DIRECTION('center_axis',(0.,-1.,0.));
#3479=DIRECTION('ref_axis',(1.,0.,0.));
#3480=DIRECTION('',(-1.,0.,0.));
#3481=DIRECTION('',(0.,0.,1.));
#3482=DIRECTION('',(-1.,0.,0.));
#3483=DIRECTION('',(0.,0.,1.));
#3484=DIRECTION('',(1.,0.,0.));
#3485=DIRECTION('center_axis',(1.,0.,0.));
#3486=DIRECTION('ref_axis',(0.,1.,0.));
#3487=DIRECTION('',(0.,-1.,0.));
#3488=DIRECTION('',(0.,1.,0.));
#3489=DIRECTION('',(0.,-1.,0.));
#3490=DIRECTION('',(0.,0.,-1.));
#3491=DIRECTION('center_axis',(0.,0.,1.));
#3492=DIRECTION('ref_axis',(1.,0.,0.));
#3493=DIRECTION('center_axis',(0.,0.,1.));
#3494=DIRECTION('ref_axis',(1.,0.,0.));
#3495=DIRECTION('',(-0.384615384615385,-0.923076923076923,0.));
#3496=DIRECTION('center_axis',(0.923076923076923,-0.384615384615385,0.));
#3497=DIRECTION('ref_axis',(0.384615384615385,0.923076923076923,0.));
#3498=DIRECTION('',(0.384615384615385,0.923076923076923,0.));
#3499=DIRECTION('',(0.,0.,1.));
#3500=DIRECTION('',(0.384615384615385,0.923076923076923,0.));
#3501=DIRECTION('',(0.,0.,-1.));
#3502=DIRECTION('',(-0.384615384615385,-0.923076923076923,0.));
#3503=DIRECTION('',(0.,0.,1.));
#3504=DIRECTION('',(-0.384615384615385,-0.923076923076923,0.));
#3505=DIRECTION('',(0.,0.,1.));
#3506=DIRECTION('',(0.384615384615385,0.923076923076923,0.));
#3507=DIRECTION('center_axis',(1.,0.,0.));
#3508=DIRECTION('ref_axis',(0.,1.,0.));
#3509=DIRECTION('',(0.,-1.,0.));
#3510=DIRECTION('',(0.,0.,1.));
#3511=DIRECTION('',(0.,1.,0.));
#3512=DIRECTION('',(0.,0.,1.));
#3513=DIRECTION('center_axis',(0.,1.,0.));
#3514=DIRECTION('ref_axis',(-1.,0.,0.));
#3515=DIRECTION('',(1.,0.,0.));
#3516=DIRECTION('',(0.,0.,1.));
#3517=DIRECTION('',(-1.,0.,0.));
#3518=DIRECTION('center_axis',(0.,-1.,0.));
#3519=DIRECTION('ref_axis',(1.,0.,0.));
#3520=DIRECTION('',(-1.,0.,0.));
#3521=DIRECTION('',(1.,0.,0.));
#3522=DIRECTION('',(0.,0.,1.));
#3523=DIRECTION('',(1.,0.,0.));
#3524=DIRECTION('',(0.,0.,-1.));
#3525=DIRECTION('center_axis',(-1.,0.,0.));
#3526=DIRECTION('ref_axis',(0.,-1.,0.));
#3527=DIRECTION('',(0.,0.,1.));
#3528=DIRECTION('',(0.,-1.,0.));
#3529=DIRECTION('',(0.,-1.,0.));
#3530=DIRECTION('',(0.,1.,0.));
#3531=DIRECTION('center_axis',(0.,0.,1.));
#3532=DIRECTION('ref_axis',(1.,0.,0.));
#3533=DIRECTION('center_axis',(0.,0.,1.));
#3534=DIRECTION('ref_axis',(1.,0.,0.));
#3535=DIRECTION('',(-0.384615384615385,0.923076923076923,0.));
#3536=DIRECTION('center_axis',(-0.923076923076923,-0.384615384615385,0.));
#3537=DIRECTION('ref_axis',(0.384615384615385,-0.923076923076923,0.));
#3538=DIRECTION('',(0.384615384615385,-0.923076923076923,0.));
#3539=DIRECTION('',(0.,0.,1.));
#3540=DIRECTION('',(-0.384615384615385,0.923076923076923,0.));
#3541=DIRECTION('',(0.,0.,1.));
#3542=DIRECTION('',(-0.384615384615385,0.923076923076923,0.));
#3543=DIRECTION('',(0.,0.,1.));
#3544=DIRECTION('',(0.384615384615385,-0.923076923076923,0.));
#3545=DIRECTION('',(0.,0.,1.));
#3546=DIRECTION('',(0.384615384615385,-0.923076923076923,0.));
#3547=DIRECTION('center_axis',(0.,0.,1.));
#3548=DIRECTION('ref_axis',(1.,0.,0.));
#3549=DIRECTION('',(0.0440747750707748,-0.999028234937562,0.));
#3550=DIRECTION('',(-1.,0.,0.));
#3551=DIRECTION('',(0.,1.,0.));
#3552=DIRECTION('',(1.,0.,0.));
#3553=DIRECTION('center_axis',(0.,-1.,0.));
#3554=DIRECTION('ref_axis',(1.,0.,0.));
#3555=DIRECTION('',(0.,0.,-1.));
#3556=DIRECTION('',(0.,0.,1.));
#3557=DIRECTION('',(-1.,0.,0.));
#3558=DIRECTION('',(0.,0.,1.));
#3559=DIRECTION('',(-1.,0.,0.));
#3560=DIRECTION('center_axis',(-1.,0.,0.));
#3561=DIRECTION('ref_axis',(0.,-1.,0.));
#3562=DIRECTION('',(0.,1.,0.));
#3563=DIRECTION('',(0.,1.,0.));
#3564=DIRECTION('',(0.,0.,1.));
#3565=DIRECTION('center_axis',(0.,1.,0.));
#3566=DIRECTION('ref_axis',(-1.,0.,0.));
#3567=DIRECTION('',(0.,0.,1.));
#3568=DIRECTION('',(1.,0.,0.));
#3569=DIRECTION('',(1.,0.,0.));
#3570=DIRECTION('',(0.,0.,1.));
#3571=DIRECTION('center_axis',(1.,0.,0.));
#3572=DIRECTION('ref_axis',(0.,1.,0.));
#3573=DIRECTION('',(0.,-1.,0.));
#3574=DIRECTION('center_axis',(0.,0.,1.));
#3575=DIRECTION('ref_axis',(1.,0.,0.));
#3576=DIRECTION('center_axis',(-0.999028234937562,-0.0440747750707748,0.));
#3577=DIRECTION('ref_axis',(0.0440747750707748,-0.999028234937562,0.));
#3578=DIRECTION('',(0.0440747750707748,-0.999028234937562,0.));
#3579=DIRECTION('',(0.,0.,1.));
#3580=DIRECTION('',(0.0440747750707748,-0.999028234937562,0.));
#3581=DIRECTION('',(0.,0.,1.));
#3582=DIRECTION('',(0.0440747750707748,-0.999028234937562,0.));
#3583=DIRECTION('center_axis',(0.,0.,1.));
#3584=DIRECTION('ref_axis',(1.,0.,0.));
#3585=DIRECTION('',(0.0440747750707748,0.999028234937562,0.));
#3586=DIRECTION('',(1.,0.,0.));
#3587=DIRECTION('',(0.,-1.,0.));
#3588=DIRECTION('',(-1.,0.,0.));
#3589=DIRECTION('center_axis',(0.,1.,0.));
#3590=DIRECTION('ref_axis',(-1.,0.,0.));
#3591=DIRECTION('',(0.,0.,-1.));
#3592=DIRECTION('',(0.,0.,1.));
#3593=DIRECTION('',(1.,0.,0.));
#3594=DIRECTION('',(0.,0.,1.));
#3595=DIRECTION('',(1.,0.,0.));
#3596=DIRECTION('center_axis',(-1.,0.,0.));
#3597=DIRECTION('ref_axis',(0.,-1.,0.));
#3598=DIRECTION('',(0.,1.,0.));
#3599=DIRECTION('',(0.,0.,1.));
#3600=DIRECTION('center_axis',(1.,0.,0.));
#3601=DIRECTION('ref_axis',(0.,1.,0.));
#3602=DIRECTION('',(0.,-1.,0.));
#3603=DIRECTION('',(0.,-1.,0.));
#3604=DIRECTION('',(0.,0.,1.));
#3605=DIRECTION('center_axis',(0.,-1.,0.));
#3606=DIRECTION('ref_axis',(1.,0.,0.));
#3607=DIRECTION('',(0.,0.,1.));
#3608=DIRECTION('',(-1.,0.,0.));
#3609=DIRECTION('',(-1.,0.,0.));
#3610=DIRECTION('center_axis',(0.,0.,1.));
#3611=DIRECTION('ref_axis',(1.,0.,0.));
#3612=DIRECTION('center_axis',(0.999028234937562,-0.0440747750707748,0.));
#3613=DIRECTION('ref_axis',(0.0440747750707748,0.999028234937562,0.));
#3614=DIRECTION('',(0.0440747750707748,0.999028234937562,0.));
#3615=DIRECTION('',(0.,0.,1.));
#3616=DIRECTION('',(0.0440747750707748,0.999028234937562,0.));
#3617=DIRECTION('',(0.,0.,1.));
#3618=DIRECTION('',(0.0440747750707748,0.999028234937562,0.));
#3619=DIRECTION('center_axis',(0.,0.,1.));
#3620=DIRECTION('ref_axis',(1.,0.,0.));
#3621=DIRECTION('center_axis',(0.,0.,1.));
#3622=DIRECTION('ref_axis',(1.,0.,0.));
#3623=DIRECTION('',(0.948683298050514,0.316227766016838,0.));
#3624=DIRECTION('center_axis',(0.,0.,1.));
#3625=DIRECTION('ref_axis',(1.,0.,0.));
#3626=DIRECTION('',(-0.948683298050514,-0.316227766016838,0.));
#3627=DIRECTION('center_axis',(0.,0.,-1.));
#3628=DIRECTION('ref_axis',(1.,0.,0.));
#3629=DIRECTION('center_axis',(0.,0.,1.));
#3630=DIRECTION('ref_axis',(1.,0.,0.));
#3631=DIRECTION('',(0.,0.,-1.));
#3632=DIRECTION('center_axis',(0.316227766016838,-0.948683298050514,0.));
#3633=DIRECTION('ref_axis',(0.948683298050514,0.316227766016838,0.));
#3634=DIRECTION('',(-0.948683298050514,-0.316227766016838,0.));
#3635=DIRECTION('',(0.,0.,1.));
#3636=DIRECTION('',(0.948683298050514,0.316227766016838,0.));
#3637=DIRECTION('center_axis',(0.,0.,1.));
#3638=DIRECTION('ref_axis',(1.,0.,0.));
#3639=DIRECTION('',(0.948683298050514,-0.316227766016838,0.));
#3640=DIRECTION('center_axis',(0.,0.,1.));
#3641=DIRECTION('ref_axis',(1.,0.,0.));
#3642=DIRECTION('center_axis',(0.,0.,1.));
#3643=DIRECTION('ref_axis',(1.,0.,0.));
#3644=DIRECTION('',(-0.948683298050514,0.316227766016838,0.));
#3645=DIRECTION('center_axis',(0.,0.,-1.));
#3646=DIRECTION('ref_axis',(1.,0.,0.));
#3647=DIRECTION('center_axis',(0.,0.,1.));
#3648=DIRECTION('ref_axis',(-0.771319350781461,0.636448316134205,0.));
#3649=DIRECTION('',(0.,0.,1.));
#3650=DIRECTION('center_axis',(0.,1.,0.));
#3651=DIRECTION('ref_axis',(-1.,0.,0.));
#3652=DIRECTION('',(-1.,0.,0.));
#3653=DIRECTION('',(0.,0.,-1.));
#3654=DIRECTION('',(1.,0.,0.));
#3655=DIRECTION('',(0.,0.,1.));
#3656=DIRECTION('',(-1.,0.,0.));
#3657=DIRECTION('',(0.,0.,1.));
#3658=DIRECTION('',(1.,0.,0.));
#3659=DIRECTION('',(0.,0.,1.));
#3660=DIRECTION('center_axis',(-1.,0.,0.));
#3661=DIRECTION('ref_axis',(0.,-1.,0.));
#3662=DIRECTION('',(0.,1.,0.));
#3663=DIRECTION('',(0.,0.,-1.));
#3664=DIRECTION('',(0.,-1.,0.));
#3665=DIRECTION('center_axis',(1.,0.,0.));
#3666=DIRECTION('ref_axis',(0.,1.,0.));
#3667=DIRECTION('',(0.,1.,0.));
#3668=DIRECTION('',(0.,0.,1.));
#3669=DIRECTION('',(0.,-1.,0.));
#3670=DIRECTION('',(0.,1.,0.));
#3671=DIRECTION('',(0.,0.,-1.));
#3672=DIRECTION('',(0.,-1.,0.));
#3673=DIRECTION('',(0.,0.,1.));
#3674=DIRECTION('center_axis',(0.,0.,-1.));
#3675=DIRECTION('ref_axis',(-1.,0.,0.));
#3676=DIRECTION('',(-1.,0.,0.));
#3677=DIRECTION('',(0.,1.,0.));
#3678=DIRECTION('center_axis',(-1.,0.,0.));
#3679=DIRECTION('ref_axis',(0.,-1.,0.));
#3680=DIRECTION('',(0.,-1.,0.));
#3681=DIRECTION('',(0.,0.,-1.));
#3682=DIRECTION('center_axis',(0.,-1.,0.));
#3683=DIRECTION('ref_axis',(1.,0.,0.));
#3684=DIRECTION('',(1.,0.,0.));
#3685=DIRECTION('',(1.,0.,0.));
#3686=DIRECTION('',(-1.,0.,0.));
#3687=DIRECTION('',(0.,0.,1.));
#3688=DIRECTION('center_axis',(0.,0.,1.));
#3689=DIRECTION('ref_axis',(1.,0.,0.));
#3690=DIRECTION('center_axis',(0.,0.,1.));
#3691=DIRECTION('ref_axis',(1.,0.,0.));
#3692=DIRECTION('',(0.14142135623731,0.989949493661167,0.));
#3693=DIRECTION('',(-0.729537204140085,0.68394112888133,0.));
#3694=DIRECTION('center_axis',(0.68394112888133,0.729537204140085,0.));
#3695=DIRECTION('ref_axis',(-0.729537204140085,0.68394112888133,0.));
#3696=DIRECTION('',(0.,0.,1.));
#3697=DIRECTION('',(0.729537204140085,-0.68394112888133,0.));
#3698=DIRECTION('center_axis',(0.989949493661167,-0.14142135623731,0.));
#3699=DIRECTION('ref_axis',(0.14142135623731,0.989949493661167,0.));
#3700=DIRECTION('',(-0.14142135623731,-0.989949493661167,0.));
#3701=DIRECTION('center_axis',(0.989949493661167,-0.14142135623731,0.));
#3702=DIRECTION('ref_axis',(0.14142135623731,0.989949493661167,0.));
#3703=DIRECTION('',(0.14142135623731,0.989949493661167,0.));
#3704=DIRECTION('',(0.,0.,1.));
#3705=DIRECTION('',(-0.14142135623731,-0.989949493661167,0.));
#3706=DIRECTION('center_axis',(0.,0.,-1.));
#3707=DIRECTION('ref_axis',(-1.,0.,0.));
#3708=DIRECTION('center_axis',(0.,0.,-1.));
#3709=DIRECTION('ref_axis',(-1.,0.,0.));
#3710=DIRECTION('',(-0.948683298050514,0.316227766016838,0.));
#3711=DIRECTION('',(-0.990404895365489,0.138196031911464,0.));
#3712=DIRECTION('',(-0.0384331221012044,-0.999261174631314,0.));
#3713=DIRECTION('',(0.219512195121951,-0.975609756097561,0.));
#3714=DIRECTION('',(0.0131567558702855,0.9999134461417,0.));
#3715=DIRECTION('',(0.729537204140085,-0.68394112888133,0.));
#3716=DIRECTION('center_axis',(0.,1.,0.));
#3717=DIRECTION('ref_axis',(-1.,0.,0.));
#3718=DIRECTION('',(1.,0.,0.));
#3719=DIRECTION('',(0.,0.,1.));
#3720=DIRECTION('',(-1.,0.,0.));
#3721=DIRECTION('',(0.,0.,1.));
#3722=DIRECTION('',(1.,0.,0.));
#3723=DIRECTION('',(0.,0.,1.));
#3724=DIRECTION('',(-1.,0.,0.));
#3725=DIRECTION('',(0.,0.,1.));
#3726=DIRECTION('center_axis',(1.,0.,0.));
#3727=DIRECTION('ref_axis',(0.,1.,0.));
#3728=DIRECTION('',(0.,1.,0.));
#3729=DIRECTION('',(0.,0.,-1.));
#3730=DIRECTION('',(0.,-1.,0.));
#3731=DIRECTION('center_axis',(1.,0.,0.));
#3732=DIRECTION('ref_axis',(0.,1.,0.));
#3733=DIRECTION('',(0.,-1.,0.));
#3734=DIRECTION('',(0.,1.,0.));
#3735=DIRECTION('',(0.,0.,-1.));
#3736=DIRECTION('center_axis',(-1.,0.,0.));
#3737=DIRECTION('ref_axis',(0.,-1.,0.));
#3738=DIRECTION('',(0.,0.,1.));
#3739=DIRECTION('',(0.,-1.,0.));
#3740=DIRECTION('',(0.,1.,0.));
#3741=DIRECTION('',(0.,-1.,0.));
#3742=DIRECTION('',(0.,0.,-1.));
#3743=DIRECTION('',(0.,1.,0.));
#3744=DIRECTION('',(0.,0.,1.));
#3745=DIRECTION('center_axis',(0.,0.,-1.));
#3746=DIRECTION('ref_axis',(-1.,0.,0.));
#3747=DIRECTION('',(-1.,0.,0.));
#3748=DIRECTION('center_axis',(0.,-1.,0.));
#3749=DIRECTION('ref_axis',(1.,0.,0.));
#3750=DIRECTION('',(-1.,0.,0.));
#3751=DIRECTION('',(1.,0.,0.));
#3752=DIRECTION('',(1.,0.,0.));
#3753=DIRECTION('',(0.,0.,-1.));
#3754=DIRECTION('center_axis',(0.,0.,1.));
#3755=DIRECTION('ref_axis',(1.,0.,0.));
#3756=DIRECTION('center_axis',(0.,0.,1.));
#3757=DIRECTION('ref_axis',(1.,0.,0.));
#3758=DIRECTION('',(0.14142135623731,-0.989949493661167,0.));
#3759=DIRECTION('',(0.948683298050514,0.316227766016838,0.));
#3760=DIRECTION('',(0.990404895365489,0.138196031911464,0.));
#3761=DIRECTION('',(0.0384331221012044,-0.999261174631314,0.));
#3762=DIRECTION('',(-0.219512195121951,-0.975609756097561,0.));
#3763=DIRECTION('',(-0.0131567558702855,0.9999134461417,0.));
#3764=DIRECTION('',(-0.729537204140085,-0.68394112888133,0.));
#3765=DIRECTION('center_axis',(0.,0.,1.));
#3766=DIRECTION('ref_axis',(1.,0.,0.));
#3767=DIRECTION('',(-0.729537204140085,-0.68394112888133,0.));
#3768=DIRECTION('',(0.14142135623731,-0.989949493661167,0.));
#3769=DIRECTION('center_axis',(-0.989949493661167,-0.14142135623731,0.));
#3770=DIRECTION('ref_axis',(0.14142135623731,-0.989949493661167,0.));
#3771=DIRECTION('',(-0.14142135623731,0.989949493661167,0.));
#3772=DIRECTION('',(0.,0.,1.));
#3773=DIRECTION('center_axis',(0.,0.,-1.));
#3774=DIRECTION('ref_axis',(-1.,0.,0.));
#3775=DIRECTION('',(0.729537204140085,0.68394112888133,0.));
#3776=DIRECTION('',(0.0131567558702855,-0.9999134461417,0.));
#3777=DIRECTION('',(0.219512195121951,0.975609756097561,0.));
#3778=DIRECTION('',(-0.0384331221012044,0.999261174631314,0.));
#3779=DIRECTION('',(-0.990404895365489,-0.138196031911464,0.));
#3780=DIRECTION('',(-0.948683298050514,-0.316227766016838,0.));
#3781=DIRECTION('center_axis',(-0.68394112888133,0.729537204140085,0.));
#3782=DIRECTION('ref_axis',(-0.729537204140085,-0.68394112888133,0.));
#3783=DIRECTION('',(0.,0.,1.));
#3784=DIRECTION('center_axis',(-0.68394112888133,0.729537204140085,0.));
#3785=DIRECTION('ref_axis',(-0.729537204140085,-0.68394112888133,0.));
#3786=DIRECTION('',(0.729537204140085,0.68394112888133,0.));
#3787=DIRECTION('',(0.,0.,1.));
#3788=DIRECTION('center_axis',(-0.138196031911464,-0.990404895365489,0.));
#3789=DIRECTION('ref_axis',(0.990404895365489,-0.138196031911464,0.));
#3790=DIRECTION('',(0.,0.,1.));
#3791=DIRECTION('',(0.,0.,1.));
#3792=DIRECTION('',(0.990404895365489,-0.138196031911464,0.));
#3793=DIRECTION('center_axis',(-0.9999134461417,0.0131567558702855,0.));
#3794=DIRECTION('ref_axis',(-0.0131567558702855,-0.9999134461417,0.));
#3795=DIRECTION('',(0.,0.,-1.));
#3796=DIRECTION('',(-0.0131567558702855,-0.9999134461417,0.));
#3797=DIRECTION('',(0.,0.,1.));
#3798=DIRECTION('center_axis',(0.68394112888133,0.729537204140085,0.));
#3799=DIRECTION('ref_axis',(-0.729537204140085,0.68394112888133,0.));
#3800=DIRECTION('',(-0.729537204140085,0.68394112888133,0.));
#3801=DIRECTION('center_axis',(-0.316227766016838,-0.948683298050514,0.));
#3802=DIRECTION('ref_axis',(0.948683298050514,-0.316227766016838,0.));
#3803=DIRECTION('',(0.948683298050514,-0.316227766016838,0.));
#3804=DIRECTION('center_axis',(0.,0.,1.));
#3805=DIRECTION('ref_axis',(1.,0.,0.));
#3806=DIRECTION('',(-0.219512195121951,0.975609756097561,0.));
#3807=DIRECTION('',(0.0384331221012044,0.999261174631314,0.));
#3808=DIRECTION('center_axis',(0.975609756097561,0.219512195121951,0.));
#3809=DIRECTION('ref_axis',(-0.219512195121951,0.975609756097561,0.));
#3810=DIRECTION('',(0.,0.,1.));
#3811=DIRECTION('',(0.219512195121951,-0.975609756097561,0.));
#3812=DIRECTION('',(0.,0.,1.));
#3813=DIRECTION('',(-0.219512195121951,0.975609756097561,0.));
#3814=DIRECTION('',(0.,0.,1.));
#3815=DIRECTION('center_axis',(0.9999134461417,0.0131567558702855,0.));
#3816=DIRECTION('ref_axis',(-0.0131567558702855,0.9999134461417,0.));
#3817=DIRECTION('',(0.,0.,1.));
#3818=DIRECTION('center_axis',(0.,0.,-1.));
#3819=DIRECTION('ref_axis',(-1.,0.,0.));
#3820=DIRECTION('',(-0.14142135623731,0.989949493661167,0.));
#3821=DIRECTION('center_axis',(0.138196031911464,-0.990404895365489,0.));
#3822=DIRECTION('ref_axis',(0.990404895365489,0.138196031911464,0.));
#3823=DIRECTION('',(0.,0.,-1.));
#3824=DIRECTION('',(0.,0.,1.));
#3825=DIRECTION('center_axis',(0.316227766016838,-0.948683298050514,0.));
#3826=DIRECTION('ref_axis',(0.948683298050514,0.316227766016838,0.));
#3827=DIRECTION('center_axis',(-0.989949493661167,-0.14142135623731,0.));
#3828=DIRECTION('ref_axis',(0.14142135623731,-0.989949493661167,0.));
#3829=DIRECTION('center_axis',(-0.999261174631314,-0.0384331221012044,0.));
#3830=DIRECTION('ref_axis',(0.0384331221012044,-0.999261174631314,0.));
#3831=DIRECTION('',(0.,0.,1.));
#3832=DIRECTION('',(-0.0384331221012044,0.999261174631314,0.));
#3833=DIRECTION('',(0.0384331221012044,-0.999261174631314,0.));
#3834=DIRECTION('',(0.,0.,1.));
#3835=DIRECTION('center_axis',(0.581238193719096,-0.813733471206735,0.));
#3836=DIRECTION('ref_axis',(0.813733471206735,0.581238193719096,0.));
#3837=DIRECTION('',(-0.813733471206735,-0.581238193719096,0.));
#3838=DIRECTION('',(0.,0.,1.));
#3839=DIRECTION('',(0.813733471206735,0.581238193719096,0.));
#3840=DIRECTION('',(0.,0.,1.));
#3841=DIRECTION('center_axis',(0.999444906979154,-0.0333148302326385,0.));
#3842=DIRECTION('ref_axis',(0.0333148302326385,0.999444906979154,0.));
#3843=DIRECTION('',(-0.0333148302326385,-0.999444906979154,0.));
#3844=DIRECTION('',(0.,0.,1.));
#3845=DIRECTION('',(0.0333148302326385,0.999444906979154,0.));
#3846=DIRECTION('center_axis',(0.957826285221151,0.287347885566345,0.));
#3847=DIRECTION('ref_axis',(-0.287347885566345,0.957826285221151,0.));
#3848=DIRECTION('',(0.287347885566345,-0.957826285221151,0.));
#3849=DIRECTION('',(0.,0.,1.));
#3850=DIRECTION('',(-0.287347885566345,0.957826285221151,0.));
#3851=DIRECTION('center_axis',(-0.581238193719096,-0.813733471206735,0.));
#3852=DIRECTION('ref_axis',(0.813733471206735,-0.581238193719096,0.));
#3853=DIRECTION('',(-0.813733471206735,0.581238193719096,0.));
#3854=DIRECTION('',(0.813733471206735,-0.581238193719096,0.));
#3855=DIRECTION('',(0.,0.,1.));
#3856=DIRECTION('center_axis',(-0.999444906979154,-0.0333148302326385,0.));
#3857=DIRECTION('ref_axis',(0.0333148302326385,-0.999444906979154,0.));
#3858=DIRECTION('',(-0.0333148302326385,0.999444906979154,0.));
#3859=DIRECTION('',(0.0333148302326385,-0.999444906979154,0.));
#3860=DIRECTION('',(0.,0.,1.));
#3861=DIRECTION('center_axis',(-0.957826285221151,0.287347885566345,0.));
#3862=DIRECTION('ref_axis',(-0.287347885566345,-0.957826285221151,0.));
#3863=DIRECTION('',(0.287347885566345,0.957826285221151,0.));
#3864=DIRECTION('',(-0.287347885566345,-0.957826285221151,0.));
#3865=DIRECTION('center_axis',(0.,0.,1.));
#3866=DIRECTION('ref_axis',(1.,0.,0.));
#3867=DIRECTION('center_axis',(0.,0.,1.));
#3868=DIRECTION('ref_axis',(1.,0.,0.));
#3869=DIRECTION('',(-0.0995037190209989,-0.995037190209989,0.));
#3870=DIRECTION('',(-0.124034734589208,-0.992277876713668,0.));
#3871=DIRECTION('',(0.0440747750707748,-0.999028234937562,0.));
#3872=DIRECTION('',(0.894427190999916,-0.447213595499958,0.));
#3873=DIRECTION('',(0.658504607868518,-0.752576694706878,0.));
#3874=DIRECTION('center_axis',(0.,0.,1.));
#3875=DIRECTION('ref_axis',(1.,0.,0.));
#3876=DIRECTION('',(0.658504607868518,0.752576694706878,0.));
#3877=DIRECTION('',(0.894427190999916,0.447213595499958,0.));
#3878=DIRECTION('',(0.0440747750707748,0.999028234937562,0.));
#3879=DIRECTION('',(-0.124034734589208,0.992277876713668,0.));
#3880=DIRECTION('',(-0.0995037190209989,0.995037190209989,0.));
#3881=DIRECTION('center_axis',(0.992277876713668,0.124034734589208,0.));
#3882=DIRECTION('ref_axis',(-0.124034734589208,0.992277876713668,0.));
#3883=DIRECTION('',(0.124034734589208,-0.992277876713668,0.));
#3884=DIRECTION('',(0.,0.,-1.));
#3885=DIRECTION('',(0.,0.,1.));
#3886=DIRECTION('center_axis',(0.999028234937562,-0.0440747750707748,0.));
#3887=DIRECTION('ref_axis',(0.0440747750707748,0.999028234937562,0.));
#3888=DIRECTION('',(-0.0440747750707748,-0.999028234937562,0.));
#3889=DIRECTION('',(0.,0.,1.));
#3890=DIRECTION('center_axis',(0.447213595499958,-0.894427190999916,0.));
#3891=DIRECTION('ref_axis',(0.894427190999916,0.447213595499958,0.));
#3892=DIRECTION('',(-0.894427190999916,-0.447213595499958,0.));
#3893=DIRECTION('',(0.,0.,1.));
#3894=DIRECTION('center_axis',(-0.447213595499958,-0.894427190999916,0.));
#3895=DIRECTION('ref_axis',(0.894427190999916,-0.447213595499958,0.));
#3896=DIRECTION('',(-0.894427190999916,0.447213595499958,0.));
#3897=DIRECTION('',(0.,0.,1.));
#3898=DIRECTION('center_axis',(-0.999028234937562,-0.0440747750707748,0.));
#3899=DIRECTION('ref_axis',(0.0440747750707748,-0.999028234937562,0.));
#3900=DIRECTION('',(-0.0440747750707748,0.999028234937562,0.));
#3901=DIRECTION('',(0.,0.,1.));
#3902=DIRECTION('center_axis',(-0.992277876713668,0.124034734589208,0.));
#3903=DIRECTION('ref_axis',(-0.124034734589208,-0.992277876713668,0.));
#3904=DIRECTION('',(0.124034734589208,0.992277876713668,0.));
#3905=DIRECTION('',(0.,0.,1.));
#3906=DIRECTION('center_axis',(0.,0.,1.));
#3907=DIRECTION('ref_axis',(1.,0.,0.));
#3908=DIRECTION('',(0.0384331221012044,0.999261174631314,0.));
#3909=DIRECTION('',(-0.196116135138184,0.98058067569092,0.));
#3910=DIRECTION('',(-0.270745576918284,0.962650940153899,0.));
#3911=DIRECTION('',(-0.490261239632559,0.871575537124549,0.));
#3912=DIRECTION('',(-0.490261239632559,-0.871575537124549,0.));
#3913=DIRECTION('',(-0.270745576918284,-0.962650940153899,0.));
#3914=DIRECTION('',(-0.196116135138184,-0.98058067569092,0.));
#3915=DIRECTION('',(-0.219512195121951,-0.975609756097561,0.));
#3916=DIRECTION('',(0.948683298050514,-0.316227766016838,0.));
#3917=DIRECTION('',(0.0995037190209989,0.995037190209989,0.));
#3918=DIRECTION('',(0.29221853559902,0.956351571051339,0.));
#3919=DIRECTION('',(0.29221853559902,-0.956351571051339,0.));
#3920=DIRECTION('',(0.0995037190209989,-0.995037190209989,0.));
#3921=DIRECTION('center_axis',(0.752576694706878,-0.658504607868518,0.));
#3922=DIRECTION('ref_axis',(0.658504607868518,0.752576694706878,0.));
#3923=DIRECTION('',(0.658504607868518,0.752576694706878,0.));
#3924=DIRECTION('',(0.,0.,1.));
#3925=DIRECTION('center_axis',(0.995037190209989,0.0995037190209989,0.));
#3926=DIRECTION('ref_axis',(-0.0995037190209989,0.995037190209989,0.));
#3927=DIRECTION('',(0.,0.,1.));
#3928=DIRECTION('',(-0.0995037190209989,0.995037190209989,0.));
#3929=DIRECTION('center_axis',(0.956351571051339,0.29221853559902,0.));
#3930=DIRECTION('ref_axis',(-0.29221853559902,0.956351571051339,0.));
#3931=DIRECTION('',(0.,0.,1.));
#3932=DIRECTION('',(-0.29221853559902,0.956351571051339,0.));
#3933=DIRECTION('center_axis',(-0.752576694706878,-0.658504607868518,0.));
#3934=DIRECTION('ref_axis',(0.658504607868518,-0.752576694706878,0.));
#3935=DIRECTION('',(0.658504607868518,-0.752576694706878,0.));
#3936=DIRECTION('center_axis',(-0.995037190209989,0.0995037190209989,0.));
#3937=DIRECTION('ref_axis',(-0.0995037190209989,-0.995037190209989,0.));
#3938=DIRECTION('',(-0.0995037190209989,-0.995037190209989,0.));
#3939=DIRECTION('',(0.,0.,1.));
#3940=DIRECTION('center_axis',(-0.956351571051339,0.29221853559902,0.));
#3941=DIRECTION('ref_axis',(-0.29221853559902,-0.956351571051339,0.));
#3942=DIRECTION('',(-0.29221853559902,-0.956351571051339,0.));
#3943=DIRECTION('center_axis',(0.,0.,1.));
#3944=DIRECTION('ref_axis',(1.,0.,0.));
#3945=DIRECTION('center_axis',(0.,0.,-1.));
#3946=DIRECTION('ref_axis',(-1.,0.,0.));
#3947=DIRECTION('',(0.490261239632559,0.871575537124549,0.));
#3948=DIRECTION('',(0.490261239632559,-0.871575537124549,0.));
#3949=DIRECTION('',(0.270745576918284,-0.962650940153899,0.));
#3950=DIRECTION('',(0.196116135138184,-0.98058067569092,0.));
#3951=DIRECTION('',(-0.0384331221012044,-0.999261174631314,0.));
#3952=DIRECTION('',(-0.948683298050514,0.316227766016838,0.));
#3953=DIRECTION('',(0.219512195121951,0.975609756097561,0.));
#3954=DIRECTION('',(0.196116135138184,0.98058067569092,0.));
#3955=DIRECTION('',(0.270745576918284,0.962650940153899,0.));
#3956=DIRECTION('center_axis',(0.871575537124549,0.490261239632559,0.));
#3957=DIRECTION('ref_axis',(-0.490261239632559,0.871575537124549,0.));
#3958=DIRECTION('',(0.,0.,-1.));
#3959=DIRECTION('',(0.,0.,1.));
#3960=DIRECTION('center_axis',(0.962650940153899,0.270745576918284,0.));
#3961=DIRECTION('ref_axis',(-0.270745576918284,0.962650940153899,0.));
#3962=DIRECTION('',(0.,0.,1.));
#3963=DIRECTION('center_axis',(0.98058067569092,0.196116135138184,0.));
#3964=DIRECTION('ref_axis',(-0.196116135138184,0.98058067569092,0.));
#3965=DIRECTION('center_axis',(0.999261174631314,-0.0384331221012044,0.));
#3966=DIRECTION('ref_axis',(0.0384331221012044,0.999261174631314,0.));
#3967=DIRECTION('center_axis',(-0.316227766016838,-0.948683298050514,0.));
#3968=DIRECTION('ref_axis',(0.948683298050514,-0.316227766016838,0.));
#3969=DIRECTION('center_axis',(-0.975609756097561,0.219512195121951,0.));
#3970=DIRECTION('ref_axis',(-0.219512195121951,-0.975609756097561,0.));
#3971=DIRECTION('',(0.,0.,1.));
#3972=DIRECTION('center_axis',(-0.98058067569092,0.196116135138184,0.));
#3973=DIRECTION('ref_axis',(-0.196116135138184,-0.98058067569092,0.));
#3974=DIRECTION('',(0.,0.,1.));
#3975=DIRECTION('center_axis',(-0.962650940153899,0.270745576918284,0.));
#3976=DIRECTION('ref_axis',(-0.270745576918284,-0.962650940153899,0.));
#3977=DIRECTION('',(0.,0.,1.));
#3978=DIRECTION('center_axis',(-0.871575537124549,0.490261239632559,0.));
#3979=DIRECTION('ref_axis',(-0.490261239632559,-0.871575537124549,0.));
#3980=DIRECTION('center_axis',(0.,0.,1.));
#3981=DIRECTION('ref_axis',(1.,0.,0.));
#3982=DIRECTION('center_axis',(0.,0.,-1.));
#3983=DIRECTION('ref_axis',(1.,0.,0.));
#3984=DIRECTION('center_axis',(0.,0.,1.));
#3985=DIRECTION('ref_axis',(1.,0.,0.));
#3986=DIRECTION('center_axis',(0.,0.,1.));
#3987=DIRECTION('ref_axis',(1.,0.,0.));
#3988=DIRECTION('',(0.,0.,-1.));
#3989=DIRECTION('center_axis',(0.,0.,1.));
#3990=DIRECTION('ref_axis',(1.,0.,0.));
#3991=DIRECTION('center_axis',(0.,0.,1.));
#3992=DIRECTION('ref_axis',(1.,0.,0.));
#3993=DIRECTION('center_axis',(0.,0.,-1.));
#3994=DIRECTION('ref_axis',(1.,0.,0.));
#3995=DIRECTION('center_axis',(0.,0.,1.));
#3996=DIRECTION('ref_axis',(1.,0.,0.));
#3997=DIRECTION('center_axis',(0.,0.,1.));
#3998=DIRECTION('ref_axis',(1.,0.,0.));
#3999=DIRECTION('',(0.,0.,-1.));
#4000=DIRECTION('center_axis',(0.,0.,1.));
#4001=DIRECTION('ref_axis',(1.,0.,0.));
#4002=CARTESIAN_POINT('',(0.,0.,0.));
#4003=CARTESIAN_POINT('Origin',(350.,-1450.,0.));
#4004=CARTESIAN_POINT('',(350.,-1650.,0.));
#4005=CARTESIAN_POINT('',(350.,-1450.,0.));
#4006=CARTESIAN_POINT('',(350.,-1650.,0.));
#4007=CARTESIAN_POINT('',(350.,-1450.,880.));
#4008=CARTESIAN_POINT('',(350.,-1450.,0.));
#4009=CARTESIAN_POINT('',(350.,-1650.,880.));
#4010=CARTESIAN_POINT('',(350.,-1650.,880.));
#4011=CARTESIAN_POINT('',(350.,-1650.,0.));
#4012=CARTESIAN_POINT('Origin',(750.,-1450.,0.));
#4013=CARTESIAN_POINT('',(750.,-1450.,0.));
#4014=CARTESIAN_POINT('',(350.,-1450.,0.));
#4015=CARTESIAN_POINT('',(750.,-1450.,880.));
#4016=CARTESIAN_POINT('',(750.,-1450.,0.));
#4017=CARTESIAN_POINT('',(350.,-1450.,880.));
#4018=CARTESIAN_POINT('Origin',(750.,-1650.,0.));
#4019=CARTESIAN_POINT('',(750.,-1650.,0.));
#4020=CARTESIAN_POINT('',(750.,-1450.,0.));
#4021=CARTESIAN_POINT('',(750.,-1650.,880.));
#4022=CARTESIAN_POINT('',(750.,-1650.,0.));
#4023=CARTESIAN_POINT('',(750.,-1450.,880.));
#4024=CARTESIAN_POINT('Origin',(350.,-1650.,0.));
#4025=CARTESIAN_POINT('',(750.,-1650.,0.));
#4026=CARTESIAN_POINT('',(750.,-1650.,880.));
#4027=CARTESIAN_POINT('Origin',(550.,-1550.,880.));
#4028=CARTESIAN_POINT('Origin',(550.,-1550.,0.));
#4029=CARTESIAN_POINT('Origin',(-750.,-2350.,0.));
#4030=CARTESIAN_POINT('',(-750.,-2550.,0.));
#4031=CARTESIAN_POINT('',(-750.,-2350.,0.));
#4032=CARTESIAN_POINT('',(-750.,-2550.,0.));
#4033=CARTESIAN_POINT('',(-750.,-2350.,880.));
#4034=CARTESIAN_POINT('',(-750.,-2350.,0.));
#4035=CARTESIAN_POINT('',(-750.,-2550.,880.));
#4036=CARTESIAN_POINT('',(-750.,-2550.,880.));
#4037=CARTESIAN_POINT('',(-750.,-2550.,0.));
#4038=CARTESIAN_POINT('Origin',(-350.,-2350.,0.));
#4039=CARTESIAN_POINT('',(-350.,-2350.,0.));
#4040=CARTESIAN_POINT('',(-750.,-2350.,0.));
#4041=CARTESIAN_POINT('',(-350.,-2350.,880.));
#4042=CARTESIAN_POINT('',(-350.,-2350.,0.));
#4043=CARTESIAN_POINT('',(-750.,-2350.,880.));
#4044=CARTESIAN_POINT('Origin',(-350.,-2550.,0.));
#4045=CARTESIAN_POINT('',(-350.,-2550.,0.));
#4046=CARTESIAN_POINT('',(-350.,-2350.,0.));
#4047=CARTESIAN_POINT('',(-350.,-2550.,880.));
#4048=CARTESIAN_POINT('',(-350.,-2550.,0.));
#4049=CARTESIAN_POINT('',(-350.,-2350.,880.));
#4050=CARTESIAN_POINT('Origin',(-750.,-2550.,0.));
#4051=CARTESIAN_POINT('',(-350.,-2550.,0.));
#4052=CARTESIAN_POINT('',(-350.,-2550.,880.));
#4053=CARTESIAN_POINT('Origin',(-550.,-2450.,880.));
#4054=CARTESIAN_POINT('Origin',(-550.,-2450.,0.));
#4055=CARTESIAN_POINT('Origin',(-750.,-1450.,0.));
#4056=CARTESIAN_POINT('',(-750.,-1650.,0.));
#4057=CARTESIAN_POINT('',(-750.,-1450.,0.));
#4058=CARTESIAN_POINT('',(-750.,-1650.,0.));
#4059=CARTESIAN_POINT('',(-750.,-1450.,880.));
#4060=CARTESIAN_POINT('',(-750.,-1450.,0.));
#4061=CARTESIAN_POINT('',(-750.,-1650.,880.));
#4062=CARTESIAN_POINT('',(-750.,-1650.,880.));
#4063=CARTESIAN_POINT('',(-750.,-1650.,0.));
#4064=CARTESIAN_POINT('Origin',(-350.,-1450.,0.));
#4065=CARTESIAN_POINT('',(-350.,-1450.,0.));
#4066=CARTESIAN_POINT('',(-750.,-1450.,0.));
#4067=CARTESIAN_POINT('',(-350.,-1450.,880.));
#4068=CARTESIAN_POINT('',(-350.,-1450.,0.));
#4069=CARTESIAN_POINT('',(-750.,-1450.,880.));
#4070=CARTESIAN_POINT('Origin',(-350.,-1650.,0.));
#4071=CARTESIAN_POINT('',(-350.,-1650.,0.));
#4072=CARTESIAN_POINT('',(-350.,-1450.,0.));
#4073=CARTESIAN_POINT('',(-350.,-1650.,880.));
#4074=CARTESIAN_POINT('',(-350.,-1650.,0.));
#4075=CARTESIAN_POINT('',(-350.,-1450.,880.));
#4076=CARTESIAN_POINT('Origin',(-750.,-1650.,0.));
#4077=CARTESIAN_POINT('',(-350.,-1650.,0.));
#4078=CARTESIAN_POINT('',(-350.,-1650.,880.));
#4079=CARTESIAN_POINT('Origin',(-550.,-1550.,880.));
#4080=CARTESIAN_POINT('Origin',(-550.,-1550.,0.));
#4081=CARTESIAN_POINT('Origin',(350.,-2350.,0.));
#4082=CARTESIAN_POINT('',(350.,-2550.,0.));
#4083=CARTESIAN_POINT('',(350.,-2350.,0.));
#4084=CARTESIAN_POINT('',(350.,-2550.,0.));
#4085=CARTESIAN_POINT('',(350.,-2350.,880.));
#4086=CARTESIAN_POINT('',(350.,-2350.,0.));
#4087=CARTESIAN_POINT('',(350.,-2550.,880.));
#4088=CARTESIAN_POINT('',(350.,-2550.,880.));
#4089=CARTESIAN_POINT('',(350.,-2550.,0.));
#4090=CARTESIAN_POINT('Origin',(750.,-2350.,0.));
#4091=CARTESIAN_POINT('',(750.,-2350.,0.));
#4092=CARTESIAN_POINT('',(350.,-2350.,0.));
#4093=CARTESIAN_POINT('',(750.,-2350.,880.));
#4094=CARTESIAN_POINT('',(750.,-2350.,0.));
#4095=CARTESIAN_POINT('',(350.,-2350.,880.));
#4096=CARTESIAN_POINT('Origin',(750.,-2550.,0.));
#4097=CARTESIAN_POINT('',(750.,-2550.,0.));
#4098=CARTESIAN_POINT('',(750.,-2350.,0.));
#4099=CARTESIAN_POINT('',(750.,-2550.,880.));
#4100=CARTESIAN_POINT('',(750.,-2550.,0.));
#4101=CARTESIAN_POINT('',(750.,-2350.,880.));
#4102=CARTESIAN_POINT('Origin',(350.,-2550.,0.));
#4103=CARTESIAN_POINT('',(750.,-2550.,0.));
#4104=CARTESIAN_POINT('',(750.,-2550.,880.));
#4105=CARTESIAN_POINT('Origin',(550.,-2450.,880.));
#4106=CARTESIAN_POINT('Origin',(550.,-2450.,0.));
#4107=CARTESIAN_POINT('Origin',(350.,-1900.,0.));
#4108=CARTESIAN_POINT('',(350.,-2100.,0.));
#4109=CARTESIAN_POINT('',(350.,-1900.,0.));
#4110=CARTESIAN_POINT('',(350.,-2100.,0.));
#4111=CARTESIAN_POINT('',(350.,-1900.,880.));
#4112=CARTESIAN_POINT('',(350.,-1900.,0.));
#4113=CARTESIAN_POINT('',(350.,-2100.,880.));
#4114=CARTESIAN_POINT('',(350.,-2100.,880.));
#4115=CARTESIAN_POINT('',(350.,-2100.,0.));
#4116=CARTESIAN_POINT('Origin',(750.,-1900.,0.));
#4117=CARTESIAN_POINT('',(750.,-1900.,0.));
#4118=CARTESIAN_POINT('',(350.,-1900.,0.));
#4119=CARTESIAN_POINT('',(750.,-1900.,880.));
#4120=CARTESIAN_POINT('',(750.,-1900.,0.));
#4121=CARTESIAN_POINT('',(350.,-1900.,880.));
#4122=CARTESIAN_POINT('Origin',(750.,-2100.,0.));
#4123=CARTESIAN_POINT('',(750.,-2100.,0.));
#4124=CARTESIAN_POINT('',(750.,-1900.,0.));
#4125=CARTESIAN_POINT('',(750.,-2100.,880.));
#4126=CARTESIAN_POINT('',(750.,-2100.,0.));
#4127=CARTESIAN_POINT('',(750.,-1900.,880.));
#4128=CARTESIAN_POINT('Origin',(350.,-2100.,0.));
#4129=CARTESIAN_POINT('',(750.,-2100.,0.));
#4130=CARTESIAN_POINT('',(750.,-2100.,880.));
#4131=CARTESIAN_POINT('Origin',(550.,-2000.,880.));
#4132=CARTESIAN_POINT('Origin',(550.,-2000.,0.));
#4133=CARTESIAN_POINT('Origin',(-750.,-1900.,0.));
#4134=CARTESIAN_POINT('',(-750.,-2100.,0.));
#4135=CARTESIAN_POINT('',(-750.,-1900.,0.));
#4136=CARTESIAN_POINT('',(-750.,-2100.,0.));
#4137=CARTESIAN_POINT('',(-750.,-1900.,880.));
#4138=CARTESIAN_POINT('',(-750.,-1900.,0.));
#4139=CARTESIAN_POINT('',(-750.,-2100.,880.));
#4140=CARTESIAN_POINT('',(-750.,-2100.,880.));
#4141=CARTESIAN_POINT('',(-750.,-2100.,0.));
#4142=CARTESIAN_POINT('Origin',(-350.,-1900.,0.));
#4143=CARTESIAN_POINT('',(-350.,-1900.,0.));
#4144=CARTESIAN_POINT('',(-750.,-1900.,0.));
#4145=CARTESIAN_POINT('',(-350.,-1900.,880.));
#4146=CARTESIAN_POINT('',(-350.,-1900.,0.));
#4147=CARTESIAN_POINT('',(-750.,-1900.,880.));
#4148=CARTESIAN_POINT('Origin',(-350.,-2100.,0.));
#4149=CARTESIAN_POINT('',(-350.,-2100.,0.));
#4150=CARTESIAN_POINT('',(-350.,-1900.,0.));
#4151=CARTESIAN_POINT('',(-350.,-2100.,880.));
#4152=CARTESIAN_POINT('',(-350.,-2100.,0.));
#4153=CARTESIAN_POINT('',(-350.,-1900.,880.));
#4154=CARTESIAN_POINT('Origin',(-750.,-2100.,0.));
#4155=CARTESIAN_POINT('',(-350.,-2100.,0.));
#4156=CARTESIAN_POINT('',(-350.,-2100.,880.));
#4157=CARTESIAN_POINT('Origin',(-550.,-2000.,880.));
#4158=CARTESIAN_POINT('Origin',(-550.,-2000.,0.));
#4159=CARTESIAN_POINT('Origin',(350.,-1000.,0.));
#4160=CARTESIAN_POINT('',(350.,-1200.,0.));
#4161=CARTESIAN_POINT('',(350.,-1000.,0.));
#4162=CARTESIAN_POINT('',(350.,-1200.,0.));
#4163=CARTESIAN_POINT('',(350.,-1000.,880.));
#4164=CARTESIAN_POINT('',(350.,-1000.,0.));
#4165=CARTESIAN_POINT('',(350.,-1200.,880.));
#4166=CARTESIAN_POINT('',(350.,-1200.,880.));
#4167=CARTESIAN_POINT('',(350.,-1200.,0.));
#4168=CARTESIAN_POINT('Origin',(750.,-1000.,0.));
#4169=CARTESIAN_POINT('',(750.,-1000.,0.));
#4170=CARTESIAN_POINT('',(350.,-1000.,0.));
#4171=CARTESIAN_POINT('',(750.,-1000.,880.));
#4172=CARTESIAN_POINT('',(750.,-1000.,0.));
#4173=CARTESIAN_POINT('',(350.,-1000.,880.));
#4174=CARTESIAN_POINT('Origin',(750.,-1200.,0.));
#4175=CARTESIAN_POINT('',(750.,-1200.,0.));
#4176=CARTESIAN_POINT('',(750.,-1000.,0.));
#4177=CARTESIAN_POINT('',(750.,-1200.,880.));
#4178=CARTESIAN_POINT('',(750.,-1200.,0.));
#4179=CARTESIAN_POINT('',(750.,-1000.,880.));
#4180=CARTESIAN_POINT('Origin',(350.,-1200.,0.));
#4181=CARTESIAN_POINT('',(750.,-1200.,0.));
#4182=CARTESIAN_POINT('',(750.,-1200.,880.));
#4183=CARTESIAN_POINT('Origin',(550.,-1100.,880.));
#4184=CARTESIAN_POINT('Origin',(550.,-1100.,0.));
#4185=CARTESIAN_POINT('Origin',(-750.,-1000.,0.));
#4186=CARTESIAN_POINT('',(-750.,-1200.,0.));
#4187=CARTESIAN_POINT('',(-750.,-1000.,0.));
#4188=CARTESIAN_POINT('',(-750.,-1200.,0.));
#4189=CARTESIAN_POINT('',(-750.,-1000.,880.));
#4190=CARTESIAN_POINT('',(-750.,-1000.,0.));
#4191=CARTESIAN_POINT('',(-750.,-1200.,880.));
#4192=CARTESIAN_POINT('',(-750.,-1200.,880.));
#4193=CARTESIAN_POINT('',(-750.,-1200.,0.));
#4194=CARTESIAN_POINT('Origin',(-350.,-1000.,0.));
#4195=CARTESIAN_POINT('',(-350.,-1000.,0.));
#4196=CARTESIAN_POINT('',(-750.,-1000.,0.));
#4197=CARTESIAN_POINT('',(-350.,-1000.,880.));
#4198=CARTESIAN_POINT('',(-350.,-1000.,0.));
#4199=CARTESIAN_POINT('',(-750.,-1000.,880.));
#4200=CARTESIAN_POINT('Origin',(-350.,-1200.,0.));
#4201=CARTESIAN_POINT('',(-350.,-1200.,0.));
#4202=CARTESIAN_POINT('',(-350.,-1000.,0.));
#4203=CARTESIAN_POINT('',(-350.,-1200.,880.));
#4204=CARTESIAN_POINT('',(-350.,-1200.,0.));
#4205=CARTESIAN_POINT('',(-350.,-1000.,880.));
#4206=CARTESIAN_POINT('Origin',(-750.,-1200.,0.));
#4207=CARTESIAN_POINT('',(-350.,-1200.,0.));
#4208=CARTESIAN_POINT('',(-350.,-1200.,880.));
#4209=CARTESIAN_POINT('Origin',(-550.,-1100.,880.));
#4210=CARTESIAN_POINT('Origin',(-550.,-1100.,0.));
#4211=CARTESIAN_POINT('Origin',(-2800.,-1800.,0.));
#4212=CARTESIAN_POINT('',(-3080.,-1800.,480.));
#4213=CARTESIAN_POINT('Origin',(-2800.,-1800.,480.));
#4214=CARTESIAN_POINT('',(-3080.,-1800.,60.));
#4215=CARTESIAN_POINT('',(-3080.,-1800.,0.));
#4216=CARTESIAN_POINT('Origin',(-2800.,-1800.,60.));
#4217=CARTESIAN_POINT('Origin',(-2800.,-1800.,480.));
#4218=CARTESIAN_POINT('Origin',(2800.,-1800.,0.));
#4219=CARTESIAN_POINT('',(2520.,-1800.,480.));
#4220=CARTESIAN_POINT('Origin',(2800.,-1800.,480.));
#4221=CARTESIAN_POINT('',(2520.,-1800.,60.));
#4222=CARTESIAN_POINT('',(2520.,-1800.,0.));
#4223=CARTESIAN_POINT('Origin',(2800.,-1800.,60.));
#4224=CARTESIAN_POINT('Origin',(2800.,-1800.,480.));
#4225=CARTESIAN_POINT('Origin',(1350.,-1400.,0.));
#4226=CARTESIAN_POINT('',(1150.,-1400.,225.));
#4227=CARTESIAN_POINT('',(1350.,-1400.,225.));
#4228=CARTESIAN_POINT('',(675.,-1400.,225.));
#4229=CARTESIAN_POINT('',(1150.,-1400.,1550.));
#4230=CARTESIAN_POINT('',(1150.,-1400.,0.));
#4231=CARTESIAN_POINT('',(1350.,-1400.,1550.));
#4232=CARTESIAN_POINT('',(1150.,-1400.,1550.));
#4233=CARTESIAN_POINT('',(1350.,-1400.,0.));
#4234=CARTESIAN_POINT('Origin',(1150.,-1400.,0.));
#4235=CARTESIAN_POINT('',(1150.,-4400.,225.));
#4236=CARTESIAN_POINT('',(1150.,-600.,225.));
#4237=CARTESIAN_POINT('',(1150.,-4400.,1550.));
#4238=CARTESIAN_POINT('',(1150.,-4400.,0.));
#4239=CARTESIAN_POINT('',(1150.,-4400.,1550.));
#4240=CARTESIAN_POINT('Origin',(1150.,-4400.,0.));
#4241=CARTESIAN_POINT('',(1233.33333333333,-4400.,225.));
#4242=CARTESIAN_POINT('',(575.,-4400.,225.));
#4243=CARTESIAN_POINT('',(1233.33333333333,-4400.,0.));
#4244=CARTESIAN_POINT('',(1233.33333333333,-4400.,0.));
#4245=CARTESIAN_POINT('',(1350.,-4400.,0.));
#4246=CARTESIAN_POINT('',(1350.,-4400.,0.));
#4247=CARTESIAN_POINT('',(1350.,-4400.,1550.));
#4248=CARTESIAN_POINT('',(1350.,-4400.,0.));
#4249=CARTESIAN_POINT('',(1350.,-4400.,1550.));
#4250=CARTESIAN_POINT('Origin',(1350.,-4400.,0.));
#4251=CARTESIAN_POINT('',(1350.,-4120.,225.));
#4252=CARTESIAN_POINT('',(1350.,-2100.,225.));
#4253=CARTESIAN_POINT('',(1350.,-1400.,1550.));
#4254=CARTESIAN_POINT('',(1350.,-4120.,0.));
#4255=CARTESIAN_POINT('',(1350.,-1400.,0.));
#4256=CARTESIAN_POINT('',(1350.,-4120.,0.));
#4257=CARTESIAN_POINT('Origin',(1250.,-2900.,1550.));
#4258=CARTESIAN_POINT('Origin',(1250.,-2900.,0.));
#4259=CARTESIAN_POINT('',(1334.17159763314,-4157.98816568047,0.));
#4260=CARTESIAN_POINT('Origin',(900.,-5200.,0.));
#4261=CARTESIAN_POINT('',(900.,-5200.,225.));
#4262=CARTESIAN_POINT('',(1650.,-3400.,225.));
#4263=CARTESIAN_POINT('',(900.,-5200.,170.));
#4264=CARTESIAN_POINT('',(900.,-5200.,0.));
#4265=CARTESIAN_POINT('',(1197.69607838931,-4485.52941186567,170.));
#4266=CARTESIAN_POINT('',(964.349112426036,-5045.56213017751,170.));
#4267=CARTESIAN_POINT('',(1197.69607838931,-4485.52941186567,-170.));
#4268=CARTESIAN_POINT('',(1197.69607838931,-4485.52941186567,0.));
#4269=CARTESIAN_POINT('',(900.,-5200.,-170.));
#4270=CARTESIAN_POINT('',(964.349112426036,-5045.56213017751,-170.));
#4271=CARTESIAN_POINT('',(900.,-5200.,-225.));
#4272=CARTESIAN_POINT('',(900.,-5200.,0.));
#4273=CARTESIAN_POINT('',(1650.,-3400.,-225.));
#4274=CARTESIAN_POINT('',(1650.,-3400.,-225.));
#4275=CARTESIAN_POINT('',(1650.,-3400.,225.));
#4276=CARTESIAN_POINT('',(1650.,-3400.,0.));
#4277=CARTESIAN_POINT('',(1650.,-3400.,225.));
#4278=CARTESIAN_POINT('Origin',(-1150.,-4400.,0.));
#4279=CARTESIAN_POINT('',(-1150.,-1400.,225.));
#4280=CARTESIAN_POINT('',(-1150.,-4400.,225.));
#4281=CARTESIAN_POINT('',(-1150.,-2100.,225.));
#4282=CARTESIAN_POINT('',(-1150.,-1400.,1550.));
#4283=CARTESIAN_POINT('',(-1150.,-1400.,0.));
#4284=CARTESIAN_POINT('',(-1150.,-4400.,1550.));
#4285=CARTESIAN_POINT('',(-1150.,-4400.,1550.));
#4286=CARTESIAN_POINT('',(-1150.,-4400.,0.));
#4287=CARTESIAN_POINT('Origin',(-1150.,-1400.,0.));
#4288=CARTESIAN_POINT('',(-1350.,-1400.,225.));
#4289=CARTESIAN_POINT('',(-575.,-1400.,225.));
#4290=CARTESIAN_POINT('',(-1350.,-1400.,1550.));
#4291=CARTESIAN_POINT('',(-1350.,-1400.,0.));
#4292=CARTESIAN_POINT('',(-1150.,-1400.,1550.));
#4293=CARTESIAN_POINT('Origin',(-1350.,-4400.,0.));
#4294=CARTESIAN_POINT('',(-1233.33333333333,-4400.,225.));
#4295=CARTESIAN_POINT('',(-675.,-4400.,225.));
#4296=CARTESIAN_POINT('',(-1350.,-4400.,1550.));
#4297=CARTESIAN_POINT('',(-1350.,-4400.,1550.));
#4298=CARTESIAN_POINT('',(-1350.,-4400.,0.));
#4299=CARTESIAN_POINT('',(-1350.,-4400.,0.));
#4300=CARTESIAN_POINT('',(-1233.33333333333,-4400.,0.));
#4301=CARTESIAN_POINT('',(-1350.,-4400.,0.));
#4302=CARTESIAN_POINT('',(-1233.33333333333,-4400.,0.));
#4303=CARTESIAN_POINT('Origin',(-1350.,-1400.,0.));
#4304=CARTESIAN_POINT('',(-1350.,-4120.,0.));
#4305=CARTESIAN_POINT('',(-1350.,-4120.,225.));
#4306=CARTESIAN_POINT('',(-1350.,-4120.,0.));
#4307=CARTESIAN_POINT('',(-1350.,-1400.,0.));
#4308=CARTESIAN_POINT('',(-1350.,-1400.,1550.));
#4309=CARTESIAN_POINT('',(-1350.,-600.,225.));
#4310=CARTESIAN_POINT('Origin',(-1250.,-2900.,1550.));
#4311=CARTESIAN_POINT('Origin',(-1250.,-2900.,0.));
#4312=CARTESIAN_POINT('',(-1709.17159763314,-3257.98816568047,0.));
#4313=CARTESIAN_POINT('Origin',(-1650.,-3400.,0.));
#4314=CARTESIAN_POINT('',(-1650.,-3400.,225.));
#4315=CARTESIAN_POINT('',(-1650.,-3400.,225.));
#4316=CARTESIAN_POINT('',(-1650.,-3400.,-225.));
#4317=CARTESIAN_POINT('',(-1650.,-3400.,0.));
#4318=CARTESIAN_POINT('',(-900.,-5200.,-225.));
#4319=CARTESIAN_POINT('',(-1650.,-3400.,-225.));
#4320=CARTESIAN_POINT('',(-900.,-5200.,-170.));
#4321=CARTESIAN_POINT('',(-900.,-5200.,0.));
#4322=CARTESIAN_POINT('',(-1197.69607838931,-4485.52941186567,-170.));
#4323=CARTESIAN_POINT('',(-1339.34911242604,-4145.56213017751,-170.));
#4324=CARTESIAN_POINT('',(-1197.69607838931,-4485.52941186567,170.));
#4325=CARTESIAN_POINT('',(-1197.69607838931,-4485.52941186567,0.));
#4326=CARTESIAN_POINT('',(-900.,-5200.,170.));
#4327=CARTESIAN_POINT('',(-1339.34911242604,-4145.56213017751,170.));
#4328=CARTESIAN_POINT('',(-900.,-5200.,225.));
#4329=CARTESIAN_POINT('',(-900.,-5200.,0.));
#4330=CARTESIAN_POINT('',(-1650.,-3400.,225.));
#4331=CARTESIAN_POINT('Origin',(-550.,-2900.,880.));
#4332=CARTESIAN_POINT('',(-744.117647058823,-2800.,880.));
#4333=CARTESIAN_POINT('',(-735.294117647059,-3000.,880.));
#4334=CARTESIAN_POINT('',(-794.668681200086,-1654.17655946471,880.));
#4335=CARTESIAN_POINT('',(-350.,-2800.,880.));
#4336=CARTESIAN_POINT('',(-750.,-2800.,880.));
#4337=CARTESIAN_POINT('',(-350.,-3000.,880.));
#4338=CARTESIAN_POINT('',(-350.,-2800.,880.));
#4339=CARTESIAN_POINT('',(-350.,-3000.,880.));
#4340=CARTESIAN_POINT('Origin',(-750.,-3000.,0.));
#4341=CARTESIAN_POINT('',(-735.294117647059,-3000.,850.));
#4342=CARTESIAN_POINT('',(-735.294117647059,-3000.,0.));
#4343=CARTESIAN_POINT('',(-350.,-3000.,0.));
#4344=CARTESIAN_POINT('',(-350.,-3000.,0.));
#4345=CARTESIAN_POINT('',(-750.,-3000.,0.));
#4346=CARTESIAN_POINT('',(-350.,-3000.,0.));
#4347=CARTESIAN_POINT('',(-750.,-3000.,850.));
#4348=CARTESIAN_POINT('',(-750.,-3000.,0.));
#4349=CARTESIAN_POINT('',(-375.,-3000.,850.));
#4350=CARTESIAN_POINT('Origin',(-750.,-2800.,0.));
#4351=CARTESIAN_POINT('',(-750.,-2800.,850.));
#4352=CARTESIAN_POINT('',(-750.,-1650.,850.));
#4353=CARTESIAN_POINT('',(-750.,-2800.,0.));
#4354=CARTESIAN_POINT('',(-750.,-3000.,0.));
#4355=CARTESIAN_POINT('',(-750.,-2800.,0.));
#4356=CARTESIAN_POINT('Origin',(-350.,-2800.,0.));
#4357=CARTESIAN_POINT('',(-744.117647058823,-2800.,850.));
#4358=CARTESIAN_POINT('',(-744.117647058823,-2800.,0.));
#4359=CARTESIAN_POINT('',(-175.,-2800.,850.));
#4360=CARTESIAN_POINT('',(-350.,-2800.,0.));
#4361=CARTESIAN_POINT('',(-750.,-2800.,0.));
#4362=CARTESIAN_POINT('',(-350.,-2800.,0.));
#4363=CARTESIAN_POINT('Origin',(-350.,-3000.,0.));
#4364=CARTESIAN_POINT('',(-350.,-2800.,0.));
#4365=CARTESIAN_POINT('Origin',(-550.,-2900.,0.));
#4366=CARTESIAN_POINT('Origin',(-850.,-400.,0.));
#4367=CARTESIAN_POINT('',(-700.,-3800.,850.));
#4368=CARTESIAN_POINT('',(-846.972803798834,-468.616447226419,850.));
#4369=CARTESIAN_POINT('',(-700.,-3800.,950.));
#4370=CARTESIAN_POINT('',(-700.,-3800.,0.));
#4371=CARTESIAN_POINT('',(-850.,-400.,950.));
#4372=CARTESIAN_POINT('',(-850.,-400.,950.));
#4373=CARTESIAN_POINT('',(-850.,-400.,850.));
#4374=CARTESIAN_POINT('',(-850.,-400.,0.));
#4375=CARTESIAN_POINT('',(-846.972803798834,-468.616447226419,850.));
#4376=CARTESIAN_POINT('Origin',(550.,-2900.,880.));
#4377=CARTESIAN_POINT('',(735.294117647059,-3000.,880.));
#4378=CARTESIAN_POINT('',(744.117647058823,-2800.,880.));
#4379=CARTESIAN_POINT('',(719.668681200086,-3354.17655946471,880.));
#4380=CARTESIAN_POINT('',(350.,-3000.,880.));
#4381=CARTESIAN_POINT('',(750.,-3000.,880.));
#4382=CARTESIAN_POINT('',(350.,-2800.,880.));
#4383=CARTESIAN_POINT('',(350.,-3000.,880.));
#4384=CARTESIAN_POINT('',(350.,-2800.,880.));
#4385=CARTESIAN_POINT('Origin',(750.,-2800.,0.));
#4386=CARTESIAN_POINT('',(744.117647058823,-2800.,850.));
#4387=CARTESIAN_POINT('',(744.117647058823,-2800.,0.));
#4388=CARTESIAN_POINT('',(350.,-2800.,0.));
#4389=CARTESIAN_POINT('',(350.,-2800.,0.));
#4390=CARTESIAN_POINT('',(750.,-2800.,0.));
#4391=CARTESIAN_POINT('',(350.,-2800.,0.));
#4392=CARTESIAN_POINT('',(750.,-2800.,850.));
#4393=CARTESIAN_POINT('',(750.,-2800.,0.));
#4394=CARTESIAN_POINT('',(375.,-2800.,850.));
#4395=CARTESIAN_POINT('Origin',(350.,-2800.,0.));
#4396=CARTESIAN_POINT('',(350.,-3000.,0.));
#4397=CARTESIAN_POINT('',(350.,-3000.,0.));
#4398=CARTESIAN_POINT('',(350.,-3000.,0.));
#4399=CARTESIAN_POINT('Origin',(750.,-3000.,0.));
#4400=CARTESIAN_POINT('',(750.,-3000.,850.));
#4401=CARTESIAN_POINT('',(750.,-1750.,850.));
#4402=CARTESIAN_POINT('',(750.,-3000.,0.));
#4403=CARTESIAN_POINT('',(750.,-2800.,0.));
#4404=CARTESIAN_POINT('',(750.,-3000.,0.));
#4405=CARTESIAN_POINT('Origin',(350.,-3000.,0.));
#4406=CARTESIAN_POINT('',(735.294117647059,-3000.,850.));
#4407=CARTESIAN_POINT('',(735.294117647059,-3000.,0.));
#4408=CARTESIAN_POINT('',(175.,-3000.,850.));
#4409=CARTESIAN_POINT('',(750.,-3000.,0.));
#4410=CARTESIAN_POINT('Origin',(550.,-2900.,0.));
#4411=CARTESIAN_POINT('Origin',(700.,-3800.,0.));
#4412=CARTESIAN_POINT('',(850.,-400.,850.));
#4413=CARTESIAN_POINT('',(771.972803798834,-2168.61644722642,850.));
#4414=CARTESIAN_POINT('',(850.,-400.,950.));
#4415=CARTESIAN_POINT('',(850.,-400.,0.));
#4416=CARTESIAN_POINT('',(700.,-3800.,950.));
#4417=CARTESIAN_POINT('',(850.,-400.,950.));
#4418=CARTESIAN_POINT('',(700.,-3800.,850.));
#4419=CARTESIAN_POINT('',(700.,-3800.,0.));
#4420=CARTESIAN_POINT('',(771.972803798834,-2168.61644722642,850.));
#4421=CARTESIAN_POINT('Origin',(-1050.,-4900.,170.));
#4422=CARTESIAN_POINT('',(-671.111336488711,-5123.70377882957,170.));
#4423=CARTESIAN_POINT('Origin',(-1050.,-4900.,170.));
#4424=CARTESIAN_POINT('',(-922.5,-5207.5,170.));
#4425=CARTESIAN_POINT('Origin',(-1050.,-4900.,-170.));
#4426=CARTESIAN_POINT('',(-671.111336488711,-5123.70377882957,-170.));
#4427=CARTESIAN_POINT('',(-922.5,-5207.5,-170.));
#4428=CARTESIAN_POINT('Origin',(-1050.,-4900.,-170.));
#4429=CARTESIAN_POINT('Origin',(-1050.,-4900.,0.));
#4430=CARTESIAN_POINT('',(-671.111336488711,-5123.70377882957,0.));
#4431=CARTESIAN_POINT('Origin',(-900.,-5200.,0.));
#4432=CARTESIAN_POINT('',(0.,-4900.,-225.));
#4433=CARTESIAN_POINT('',(-900.,-5200.,-225.));
#4434=CARTESIAN_POINT('',(0.,-4900.,225.));
#4435=CARTESIAN_POINT('',(0.,-4900.,0.));
#4436=CARTESIAN_POINT('',(-900.,-5200.,225.));
#4437=CARTESIAN_POINT('Origin',(1050.,-4900.,170.));
#4438=CARTESIAN_POINT('',(671.111336488711,-5123.70377882957,170.));
#4439=CARTESIAN_POINT('',(472.5,-5057.5,170.));
#4440=CARTESIAN_POINT('Origin',(1050.,-4900.,170.));
#4441=CARTESIAN_POINT('Origin',(1050.,-4900.,-170.));
#4442=CARTESIAN_POINT('',(671.111336488711,-5123.70377882957,-170.));
#4443=CARTESIAN_POINT('',(472.5,-5057.5,-170.));
#4444=CARTESIAN_POINT('Origin',(1050.,-4900.,-170.));
#4445=CARTESIAN_POINT('Origin',(1050.,-4900.,0.));
#4446=CARTESIAN_POINT('',(671.111336488711,-5123.70377882957,0.));
#4447=CARTESIAN_POINT('Origin',(4750.,-2300.,0.));
#4448=CARTESIAN_POINT('',(4693.33333333333,-2300.,-60.));
#4449=CARTESIAN_POINT('',(4550.,-2300.,-60.));
#4450=CARTESIAN_POINT('',(3962.5,-2300.,-60.));
#4451=CARTESIAN_POINT('',(4693.33333333333,-2300.,60.));
#4452=CARTESIAN_POINT('',(4693.33333333333,-2300.,0.));
#4453=CARTESIAN_POINT('',(4550.,-2300.,60.));
#4454=CARTESIAN_POINT('',(3962.5,-2300.,60.));
#4455=CARTESIAN_POINT('',(4550.,-2300.,275.));
#4456=CARTESIAN_POINT('',(4550.,-2300.,0.));
#4457=CARTESIAN_POINT('',(4750.,-2300.,275.));
#4458=CARTESIAN_POINT('',(4550.,-2300.,275.));
#4459=CARTESIAN_POINT('',(4750.,-2300.,-275.));
#4460=CARTESIAN_POINT('',(4750.,-2300.,0.));
#4461=CARTESIAN_POINT('',(4550.,-2300.,-275.));
#4462=CARTESIAN_POINT('',(4550.,-2300.,-275.));
#4463=CARTESIAN_POINT('',(4550.,-2300.,0.));
#4464=CARTESIAN_POINT('Origin',(4550.,-2300.,0.));
#4465=CARTESIAN_POINT('',(4550.,-3700.,60.));
#4466=CARTESIAN_POINT('',(4550.,-1950.,60.));
#4467=CARTESIAN_POINT('',(4550.,-3700.,275.));
#4468=CARTESIAN_POINT('',(4550.,-3700.,0.));
#4469=CARTESIAN_POINT('',(4550.,-3700.,275.));
#4470=CARTESIAN_POINT('Origin',(4750.,-3700.,0.));
#4471=CARTESIAN_POINT('',(4750.,-3700.,275.));
#4472=CARTESIAN_POINT('',(4750.,-2300.,275.));
#4473=CARTESIAN_POINT('',(4750.,-3700.,-275.));
#4474=CARTESIAN_POINT('',(4750.,-3700.,0.));
#4475=CARTESIAN_POINT('',(4750.,-2300.,-275.));
#4476=CARTESIAN_POINT('',(4750.,-2750.,-60.));
#4477=CARTESIAN_POINT('',(4750.,-2353.125,-60.));
#4478=CARTESIAN_POINT('',(4750.,-2650.,-60.));
#4479=CARTESIAN_POINT('',(4750.,-2750.,60.));
#4480=CARTESIAN_POINT('',(4750.,-2750.,0.));
#4481=CARTESIAN_POINT('',(4750.,-2353.125,60.));
#4482=CARTESIAN_POINT('',(4750.,-2650.,60.));
#4483=CARTESIAN_POINT('',(4750.,-2353.125,0.));
#4484=CARTESIAN_POINT('Origin',(4650.,-3000.,-275.));
#4485=CARTESIAN_POINT('',(4550.,-3700.,-275.));
#4486=CARTESIAN_POINT('',(4750.,-3700.,-275.));
#4487=CARTESIAN_POINT('',(4550.,-3700.,-275.));
#4488=CARTESIAN_POINT('Origin',(4550.,-2300.,0.));
#4489=CARTESIAN_POINT('',(4550.,-3700.,-60.));
#4490=CARTESIAN_POINT('',(4550.,-1950.,-60.));
#4491=CARTESIAN_POINT('',(4550.,-3700.,0.));
#4492=CARTESIAN_POINT('Origin',(4550.,-3700.,0.));
#4493=CARTESIAN_POINT('',(4614.28571428571,-3700.,-60.));
#4494=CARTESIAN_POINT('',(3862.5,-3700.,-60.));
#4495=CARTESIAN_POINT('',(4750.,-3700.,275.));
#4496=CARTESIAN_POINT('',(4614.28571428571,-3700.,60.));
#4497=CARTESIAN_POINT('',(3862.5,-3700.,60.));
#4498=CARTESIAN_POINT('',(4614.28571428571,-3700.,0.));
#4499=CARTESIAN_POINT('Origin',(4650.,-3000.,275.));
#4500=CARTESIAN_POINT('Origin',(3175.,-1600.,60.));
#4501=CARTESIAN_POINT('',(4800.,-2400.,60.));
#4502=CARTESIAN_POINT('',(4800.,-2400.,60.));
#4503=CARTESIAN_POINT('',(1600.,600.,60.));
#4504=CARTESIAN_POINT('Origin',(4800.,-2400.,0.));
#4505=CARTESIAN_POINT('',(4800.,-2400.,-60.));
#4506=CARTESIAN_POINT('',(4800.,-2400.,0.));
#4507=CARTESIAN_POINT('',(1600.,600.,-60.));
#4508=CARTESIAN_POINT('Origin',(4600.,-3800.,0.));
#4509=CARTESIAN_POINT('',(4800.,-2400.,-60.));
#4510=CARTESIAN_POINT('Origin',(4600.,-3800.,0.));
#4511=CARTESIAN_POINT('',(4600.,-3800.,60.));
#4512=CARTESIAN_POINT('',(4800.,-2400.,60.));
#4513=CARTESIAN_POINT('',(4600.,-3800.,-60.));
#4514=CARTESIAN_POINT('',(4600.,-3800.,0.));
#4515=CARTESIAN_POINT('',(4800.,-2400.,-60.));
#4516=CARTESIAN_POINT('Origin',(3175.,-1600.,-60.));
#4517=CARTESIAN_POINT('Origin',(3175.,-1600.,-60.));
#4518=CARTESIAN_POINT('',(3700.,-3500.,-60.));
#4519=CARTESIAN_POINT('',(4600.,-3800.,-60.));
#4520=CARTESIAN_POINT('',(1657.11743772242,-3214.94661921708,-60.));
#4521=CARTESIAN_POINT('',(3700.,-3500.,-60.));
#4522=CARTESIAN_POINT('',(1750.,-800.,-60.));
#4523=CARTESIAN_POINT('',(1685.6905465288,-2472.04579025111,-60.));
#4524=CARTESIAN_POINT('',(1590.88397790055,-92.8176795580112,-60.));
#4525=CARTESIAN_POINT('',(1869.99553837002,-1333.31350386675,-60.));
#4526=CARTESIAN_POINT('',(1600.,600.,-60.));
#4527=CARTESIAN_POINT('',(1550.,-3200.,-60.));
#4528=CARTESIAN_POINT('',(1600.,600.,-60.));
#4529=CARTESIAN_POINT('Origin',(-4550.,-2300.,0.));
#4530=CARTESIAN_POINT('',(-4693.33333333333,-2300.,60.));
#4531=CARTESIAN_POINT('',(-4550.,-2300.,60.));
#4532=CARTESIAN_POINT('',(-3862.5,-2300.,60.));
#4533=CARTESIAN_POINT('',(-4693.33333333333,-2300.,-60.));
#4534=CARTESIAN_POINT('',(-4693.33333333333,-2300.,0.));
#4535=CARTESIAN_POINT('',(-4550.,-2300.,-60.));
#4536=CARTESIAN_POINT('',(-3862.5,-2300.,-60.));
#4537=CARTESIAN_POINT('',(-4550.,-2300.,-275.));
#4538=CARTESIAN_POINT('',(-4550.,-2300.,0.));
#4539=CARTESIAN_POINT('',(-4750.,-2300.,-275.));
#4540=CARTESIAN_POINT('',(-4550.,-2300.,-275.));
#4541=CARTESIAN_POINT('',(-4750.,-2300.,275.));
#4542=CARTESIAN_POINT('',(-4750.,-2300.,0.));
#4543=CARTESIAN_POINT('',(-4550.,-2300.,275.));
#4544=CARTESIAN_POINT('',(-4550.,-2300.,275.));
#4545=CARTESIAN_POINT('',(-4550.,-2300.,0.));
#4546=CARTESIAN_POINT('Origin',(-4550.,-3700.,0.));
#4547=CARTESIAN_POINT('',(-4550.,-3700.,-60.));
#4548=CARTESIAN_POINT('',(-4550.,-2650.,-60.));
#4549=CARTESIAN_POINT('',(-4550.,-3700.,-275.));
#4550=CARTESIAN_POINT('',(-4550.,-3700.,0.));
#4551=CARTESIAN_POINT('',(-4550.,-3700.,-275.));
#4552=CARTESIAN_POINT('Origin',(-4550.,-3700.,0.));
#4553=CARTESIAN_POINT('',(-4550.,-3700.,60.));
#4554=CARTESIAN_POINT('',(-4550.,-2650.,60.));
#4555=CARTESIAN_POINT('',(-4550.,-3700.,275.));
#4556=CARTESIAN_POINT('',(-4550.,-3700.,275.));
#4557=CARTESIAN_POINT('',(-4550.,-3700.,0.));
#4558=CARTESIAN_POINT('Origin',(-4750.,-2300.,0.));
#4559=CARTESIAN_POINT('',(-4750.,-3700.,-275.));
#4560=CARTESIAN_POINT('',(-4750.,-3700.,275.));
#4561=CARTESIAN_POINT('',(-4750.,-3700.,0.));
#4562=CARTESIAN_POINT('',(-4750.,-2300.,275.));
#4563=CARTESIAN_POINT('',(-4750.,-2300.,-275.));
#4564=CARTESIAN_POINT('',(-4750.,-2353.125,-60.));
#4565=CARTESIAN_POINT('',(-4750.,-2750.,-60.));
#4566=CARTESIAN_POINT('',(-4750.,-1950.,-60.));
#4567=CARTESIAN_POINT('',(-4750.,-2353.125,60.));
#4568=CARTESIAN_POINT('',(-4750.,-2353.125,0.));
#4569=CARTESIAN_POINT('',(-4750.,-2750.,60.));
#4570=CARTESIAN_POINT('',(-4750.,-1950.,60.));
#4571=CARTESIAN_POINT('',(-4750.,-2750.,0.));
#4572=CARTESIAN_POINT('Origin',(-4650.,-3000.,-275.));
#4573=CARTESIAN_POINT('',(-4750.,-3700.,-275.));
#4574=CARTESIAN_POINT('Origin',(-4750.,-3700.,0.));
#4575=CARTESIAN_POINT('',(-4614.28571428571,-3700.,60.));
#4576=CARTESIAN_POINT('',(-3962.5,-3700.,60.));
#4577=CARTESIAN_POINT('',(-4750.,-3700.,275.));
#4578=CARTESIAN_POINT('',(-4614.28571428571,-3700.,-60.));
#4579=CARTESIAN_POINT('',(-3962.5,-3700.,-60.));
#4580=CARTESIAN_POINT('',(-4614.28571428571,-3700.,0.));
#4581=CARTESIAN_POINT('Origin',(-4650.,-3000.,275.));
#4582=CARTESIAN_POINT('Origin',(-3175.,-1600.,60.));
#4583=CARTESIAN_POINT('',(-4600.,-3800.,60.));
#4584=CARTESIAN_POINT('',(-4800.,-2400.,60.));
#4585=CARTESIAN_POINT('',(-3700.,-3500.,60.));
#4586=CARTESIAN_POINT('',(-4600.,-3800.,60.));
#4587=CARTESIAN_POINT('',(-1657.11743772242,-3214.94661921708,60.));
#4588=CARTESIAN_POINT('',(-3700.,-3500.,60.));
#4589=CARTESIAN_POINT('',(-1750.,-800.,60.));
#4590=CARTESIAN_POINT('',(-1735.6905465288,-1172.04579025111,60.));
#4591=CARTESIAN_POINT('',(-1590.88397790055,-92.8176795580112,60.));
#4592=CARTESIAN_POINT('',(-1644.99553837002,-333.313503866746,60.));
#4593=CARTESIAN_POINT('',(-1600.,600.,60.));
#4594=CARTESIAN_POINT('',(-1550.,-3200.,60.));
#4595=CARTESIAN_POINT('',(-1600.,600.,60.));
#4596=CARTESIAN_POINT('Origin',(-3175.,-1600.,60.));
#4597=CARTESIAN_POINT('',(-4800.,-2400.,60.));
#4598=CARTESIAN_POINT('',(-1600.,600.,60.));
#4599=CARTESIAN_POINT('',(-4800.,-2400.,60.));
#4600=CARTESIAN_POINT('Origin',(-4800.,-2400.,0.));
#4601=CARTESIAN_POINT('',(-4600.,-3800.,-60.));
#4602=CARTESIAN_POINT('',(-4800.,-2400.,-60.));
#4603=CARTESIAN_POINT('',(-4600.,-3800.,0.));
#4604=CARTESIAN_POINT('Origin',(-3175.,-1600.,-60.));
#4605=CARTESIAN_POINT('',(-1600.,600.,-60.));
#4606=CARTESIAN_POINT('',(-1600.,600.,-60.));
#4607=CARTESIAN_POINT('',(-1590.88397790055,-92.8176795580112,-60.));
#4608=CARTESIAN_POINT('',(-1550.,-3200.,-60.));
#4609=CARTESIAN_POINT('',(-1750.,-800.,-60.));
#4610=CARTESIAN_POINT('',(-1644.99553837002,-333.313503866746,-60.));
#4611=CARTESIAN_POINT('',(-1657.11743772242,-3214.94661921708,-60.));
#4612=CARTESIAN_POINT('',(-1735.6905465288,-1172.04579025111,-60.));
#4613=CARTESIAN_POINT('',(-3700.,-3500.,-60.));
#4614=CARTESIAN_POINT('',(-3700.,-3500.,-60.));
#4615=CARTESIAN_POINT('',(-4600.,-3800.,-60.));
#4616=CARTESIAN_POINT('Origin',(-1600.,600.,0.));
#4617=CARTESIAN_POINT('',(-1600.,600.,0.));
#4618=CARTESIAN_POINT('Origin',(-1600.,600.,0.));
#4619=CARTESIAN_POINT('',(-4800.,-2400.,-60.));
#4620=CARTESIAN_POINT('',(-1600.,600.,-60.));
#4621=CARTESIAN_POINT('',(-4800.,-2400.,0.));
#4622=CARTESIAN_POINT('Origin',(1550.,-3200.,0.));
#4623=CARTESIAN_POINT('',(1657.11743772242,-3214.94661921708,60.));
#4624=CARTESIAN_POINT('',(1657.11743772242,-3214.94661921708,0.));
#4625=CARTESIAN_POINT('',(3700.,-3500.,60.));
#4626=CARTESIAN_POINT('',(3700.,-3500.,0.));
#4627=CARTESIAN_POINT('',(3700.,-3500.,60.));
#4628=CARTESIAN_POINT('Origin',(1600.,599.999999999999,0.));
#4629=CARTESIAN_POINT('',(1590.88397790055,-92.8176795580112,60.));
#4630=CARTESIAN_POINT('',(1590.88397790055,-92.8176795580115,0.));
#4631=CARTESIAN_POINT('',(1600.,600.,60.));
#4632=CARTESIAN_POINT('',(1550.,-3200.,60.));
#4633=CARTESIAN_POINT('',(1600.,600.,0.));
#4634=CARTESIAN_POINT('Origin',(4800.,-2400.,0.));
#4635=CARTESIAN_POINT('',(1600.,600.,60.));
#4636=CARTESIAN_POINT('Origin',(3700.,-3500.,0.));
#4637=CARTESIAN_POINT('',(4600.,-3800.,60.));
#4638=CARTESIAN_POINT('Origin',(3175.,-1600.,60.));
#4639=CARTESIAN_POINT('',(1750.,-800.,60.));
#4640=CARTESIAN_POINT('',(1869.99553837002,-1333.31350386675,60.));
#4641=CARTESIAN_POINT('',(1685.6905465288,-2472.04579025111,60.));
#4642=CARTESIAN_POINT('Origin',(1750.,-800.,0.));
#4643=CARTESIAN_POINT('',(1750.,-800.,-225.));
#4644=CARTESIAN_POINT('',(1750.,-800.,0.));
#4645=CARTESIAN_POINT('',(1300.,1200.,-225.));
#4646=CARTESIAN_POINT('',(1300.,1200.,-225.));
#4647=CARTESIAN_POINT('',(1300.,1200.,225.));
#4648=CARTESIAN_POINT('',(1300.,1200.,0.));
#4649=CARTESIAN_POINT('',(1750.,-800.,225.));
#4650=CARTESIAN_POINT('',(1300.,1200.,225.));
#4651=CARTESIAN_POINT('',(1750.,-800.,0.));
#4652=CARTESIAN_POINT('Origin',(-1550.,-3200.,0.));
#4653=CARTESIAN_POINT('',(-1590.88397790055,-92.817679558011,0.));
#4654=CARTESIAN_POINT('Origin',(-3175.,-1600.,-60.));
#4655=CARTESIAN_POINT('',(-4800.,-2400.,-60.));
#4656=CARTESIAN_POINT('Origin',(-3700.,-3500.,0.));
#4657=CARTESIAN_POINT('',(-1657.11743772242,-3214.94661921708,0.));
#4658=CARTESIAN_POINT('',(-3700.,-3500.,0.));
#4659=CARTESIAN_POINT('Origin',(-4600.,-3800.,0.));
#4660=CARTESIAN_POINT('Origin',(-4800.,-2400.,0.));
#4661=CARTESIAN_POINT('Origin',(-1750.,-800.,0.));
#4662=CARTESIAN_POINT('',(-1750.,-800.,-225.));
#4663=CARTESIAN_POINT('',(-1750.,-800.,0.));
#4664=CARTESIAN_POINT('',(-1750.,-800.,-225.));
#4665=CARTESIAN_POINT('',(-1750.,-800.,225.));
#4666=CARTESIAN_POINT('',(-1750.,-800.,225.));
#4667=CARTESIAN_POINT('',(-1750.,-800.,0.));
#4668=CARTESIAN_POINT('Origin',(0.,-500.,0.));
#4669=CARTESIAN_POINT('',(420.,-200.,950.));
#4670=CARTESIAN_POINT('',(0.,-500.,950.));
#4671=CARTESIAN_POINT('',(94.5945945945946,-432.432432432432,950.));
#4672=CARTESIAN_POINT('',(420.,-200.,1350.));
#4673=CARTESIAN_POINT('',(420.,-200.,0.));
#4674=CARTESIAN_POINT('',(0.,-500.,1350.));
#4675=CARTESIAN_POINT('',(420.,-200.,1350.));
#4676=CARTESIAN_POINT('',(0.,-500.,0.));
#4677=CARTESIAN_POINT('Origin',(420.,-200.,0.));
#4678=CARTESIAN_POINT('',(480.,1600.,950.));
#4679=CARTESIAN_POINT('',(421.431742508324,-157.047724750277,950.));
#4680=CARTESIAN_POINT('',(480.,1600.,1350.));
#4681=CARTESIAN_POINT('',(480.,1600.,0.));
#4682=CARTESIAN_POINT('',(480.,1600.,1350.));
#4683=CARTESIAN_POINT('Origin',(480.,1600.,0.));
#4684=CARTESIAN_POINT('',(0.,3200.,950.));
#4685=CARTESIAN_POINT('',(694.128440366973,886.238532110092,950.));
#4686=CARTESIAN_POINT('',(0.,3200.,1350.));
#4687=CARTESIAN_POINT('',(0.,3200.,0.));
#4688=CARTESIAN_POINT('',(0.,3200.,1350.));
#4689=CARTESIAN_POINT('Origin',(-420.,-200.,0.));
#4690=CARTESIAN_POINT('',(-420.,-200.,950.));
#4691=CARTESIAN_POINT('',(-304.594594594595,-282.432432432432,950.));
#4692=CARTESIAN_POINT('',(-420.,-200.,1350.));
#4693=CARTESIAN_POINT('',(-420.,-200.,1350.));
#4694=CARTESIAN_POINT('',(-420.,-200.,0.));
#4695=CARTESIAN_POINT('Origin',(-480.,1600.,0.));
#4696=CARTESIAN_POINT('',(-480.,1600.,950.));
#4697=CARTESIAN_POINT('',(-451.431742508324,742.952275249722,950.));
#4698=CARTESIAN_POINT('',(-480.,1600.,1350.));
#4699=CARTESIAN_POINT('',(-480.,1600.,1350.));
#4700=CARTESIAN_POINT('',(-480.,1600.,0.));
#4701=CARTESIAN_POINT('Origin',(0.,3200.,0.));
#4702=CARTESIAN_POINT('',(-454.128440366973,1686.23853211009,950.));
#4703=CARTESIAN_POINT('',(0.,3200.,1350.));
#4704=CARTESIAN_POINT('Origin',(0.,1350.,1350.));
#4705=CARTESIAN_POINT('Origin',(0.,-500.,850.));
#4706=CARTESIAN_POINT('',(-650.,1600.,850.));
#4707=CARTESIAN_POINT('',(-700.742574257426,1092.57425742574,850.));
#4708=CARTESIAN_POINT('',(-950.,-800.,850.));
#4709=CARTESIAN_POINT('',(-650.,1600.,850.));
#4710=CARTESIAN_POINT('',(-800.,-4200.,850.));
#4711=CARTESIAN_POINT('',(-950.,-800.,850.));
#4712=CARTESIAN_POINT('',(0.,-4600.,850.));
#4713=CARTESIAN_POINT('',(-800.,-4200.,850.));
#4714=CARTESIAN_POINT('',(-1365.92920353982,-3038.93805309735,850.));
#4715=CARTESIAN_POINT('Origin',(0.,-500.,850.));
#4716=CARTESIAN_POINT('',(1015.92920353982,-3438.93805309735,850.));
#4717=CARTESIAN_POINT('',(800.,-4200.,850.));
#4718=CARTESIAN_POINT('',(800.,-4200.,850.));
#4719=CARTESIAN_POINT('',(950.,-800.,850.));
#4720=CARTESIAN_POINT('',(950.,-800.,850.));
#4721=CARTESIAN_POINT('',(650.,1600.,850.));
#4722=CARTESIAN_POINT('',(650.,1600.,850.));
#4723=CARTESIAN_POINT('',(850.742574257426,-407.425742574257,850.));
#4724=CARTESIAN_POINT('Origin',(950.,-800.,0.));
#4725=CARTESIAN_POINT('',(650.,1600.,225.));
#4726=CARTESIAN_POINT('',(950.,-800.,225.));
#4727=CARTESIAN_POINT('',(881.153846153846,-249.230769230769,225.));
#4728=CARTESIAN_POINT('',(650.,1600.,0.));
#4729=CARTESIAN_POINT('',(950.,-800.,0.));
#4730=CARTESIAN_POINT('Origin',(800.,-4200.,0.));
#4731=CARTESIAN_POINT('',(800.,-4200.,225.));
#4732=CARTESIAN_POINT('',(896.093244118282,-2021.88646665228,225.));
#4733=CARTESIAN_POINT('',(800.,-4200.,0.));
#4734=CARTESIAN_POINT('Origin',(0.,-4600.,0.));
#4735=CARTESIAN_POINT('',(0.,-4600.,225.));
#4736=CARTESIAN_POINT('',(960.,-4120.,225.));
#4737=CARTESIAN_POINT('',(0.,-4600.,0.));
#4738=CARTESIAN_POINT('Origin',(-800.,-4200.,0.));
#4739=CARTESIAN_POINT('',(-800.,-4200.,225.));
#4740=CARTESIAN_POINT('',(-1360.,-3920.,225.));
#4741=CARTESIAN_POINT('',(-800.,-4200.,0.));
#4742=CARTESIAN_POINT('Origin',(-950.,-800.,0.));
#4743=CARTESIAN_POINT('',(-950.,-800.,225.));
#4744=CARTESIAN_POINT('',(-971.093244118282,-321.886466652277,225.));
#4745=CARTESIAN_POINT('',(-950.,-800.,0.));
#4746=CARTESIAN_POINT('Origin',(-650.,1600.,0.));
#4747=CARTESIAN_POINT('',(-650.,1600.,225.));
#4748=CARTESIAN_POINT('',(-731.153846153846,950.769230769231,225.));
#4749=CARTESIAN_POINT('',(-650.,1600.,0.));
#4750=CARTESIAN_POINT('Origin',(0.,200.,225.));
#4751=CARTESIAN_POINT('',(1750.,-800.,225.));
#4752=CARTESIAN_POINT('',(900.,3200.,225.));
#4753=CARTESIAN_POINT('',(900.,3200.,225.));
#4754=CARTESIAN_POINT('',(450.,4800.,225.));
#4755=CARTESIAN_POINT('',(450.,4800.,225.));
#4756=CARTESIAN_POINT('',(0.,5600.,225.));
#4757=CARTESIAN_POINT('',(0.,5600.,225.));
#4758=CARTESIAN_POINT('',(-450.,4800.,225.));
#4759=CARTESIAN_POINT('',(0.,5600.,225.));
#4760=CARTESIAN_POINT('',(-900.,3200.,225.));
#4761=CARTESIAN_POINT('',(-450.,4800.,225.));
#4762=CARTESIAN_POINT('',(-1300.,1200.,225.));
#4763=CARTESIAN_POINT('',(-900.,3200.,225.));
#4764=CARTESIAN_POINT('',(-1300.,1200.,225.));
#4765=CARTESIAN_POINT('',(900.,-5200.,225.));
#4766=CARTESIAN_POINT('',(-550.,2600.,225.));
#4767=CARTESIAN_POINT('',(-666.089108910891,1439.10891089109,225.));
#4768=CARTESIAN_POINT('',(0.,4400.,225.));
#4769=CARTESIAN_POINT('',(-586.873676781934,2479.32251235004,225.));
#4770=CARTESIAN_POINT('',(550.,2600.,225.));
#4771=CARTESIAN_POINT('',(861.873676781934,1579.32251235004,225.));
#4772=CARTESIAN_POINT('',(816.089108910891,-60.8910891089109,225.));
#4773=CARTESIAN_POINT('Origin',(0.,-4600.,0.));
#4774=CARTESIAN_POINT('',(0.,-4600.,950.));
#4775=CARTESIAN_POINT('',(700.,-3800.,950.));
#4776=CARTESIAN_POINT('',(0.,-4600.,0.));
#4777=CARTESIAN_POINT('Origin',(850.,-400.,0.));
#4778=CARTESIAN_POINT('',(550.,2600.,950.));
#4779=CARTESIAN_POINT('',(550.,2600.,0.));
#4780=CARTESIAN_POINT('',(550.,2600.,950.));
#4781=CARTESIAN_POINT('Origin',(550.,2600.,0.));
#4782=CARTESIAN_POINT('',(0.,4400.,950.));
#4783=CARTESIAN_POINT('',(0.,4400.,0.));
#4784=CARTESIAN_POINT('',(0.,4400.,950.));
#4785=CARTESIAN_POINT('Origin',(-700.,-3800.,0.));
#4786=CARTESIAN_POINT('',(-700.,-3800.,950.));
#4787=CARTESIAN_POINT('Origin',(-550.,2600.,0.));
#4788=CARTESIAN_POINT('',(-550.,2600.,950.));
#4789=CARTESIAN_POINT('',(-550.,2600.,950.));
#4790=CARTESIAN_POINT('',(-550.,2600.,0.));
#4791=CARTESIAN_POINT('Origin',(0.,4400.,0.));
#4792=CARTESIAN_POINT('',(0.,4400.,950.));
#4793=CARTESIAN_POINT('Origin',(0.,-100.,950.));
#4794=CARTESIAN_POINT('Origin',(0.,200.,-225.));
#4795=CARTESIAN_POINT('',(-450.,4800.,-225.));
#4796=CARTESIAN_POINT('',(0.,5600.,-225.));
#4797=CARTESIAN_POINT('',(0.,5600.,-225.));
#4798=CARTESIAN_POINT('',(450.,4800.,-225.));
#4799=CARTESIAN_POINT('',(0.,5600.,-225.));
#4800=CARTESIAN_POINT('',(900.,3200.,-225.));
#4801=CARTESIAN_POINT('',(450.,4800.,-225.));
#4802=CARTESIAN_POINT('',(900.,3200.,-225.));
#4803=CARTESIAN_POINT('',(1750.,-800.,-225.));
#4804=CARTESIAN_POINT('',(900.,-5200.,-225.));
#4805=CARTESIAN_POINT('',(-1300.,1200.,-225.));
#4806=CARTESIAN_POINT('',(-1300.,1200.,-225.));
#4807=CARTESIAN_POINT('',(-900.,3200.,-225.));
#4808=CARTESIAN_POINT('',(-900.,3200.,-225.));
#4809=CARTESIAN_POINT('',(-450.,4800.,-225.));
#4810=CARTESIAN_POINT('Origin',(450.,4800.,0.));
#4811=CARTESIAN_POINT('',(0.,5600.,0.));
#4812=CARTESIAN_POINT('',(450.,4800.,0.));
#4813=CARTESIAN_POINT('Origin',(900.,3200.,0.));
#4814=CARTESIAN_POINT('',(900.,3200.,0.));
#4815=CARTESIAN_POINT('Origin',(1300.,1200.,0.));
#4816=CARTESIAN_POINT('Origin',(1650.,-3400.,0.));
#4817=CARTESIAN_POINT('Origin',(0.,-4900.,0.));
#4818=CARTESIAN_POINT('Origin',(-1300.,1200.,0.));
#4819=CARTESIAN_POINT('',(-1300.,1200.,0.));
#4820=CARTESIAN_POINT('Origin',(-900.,3200.,0.));
#4821=CARTESIAN_POINT('',(-900.,3200.,0.));
#4822=CARTESIAN_POINT('Origin',(-450.,4800.,0.));
#4823=CARTESIAN_POINT('',(-450.,4800.,0.));
#4824=CARTESIAN_POINT('Origin',(0.,5600.,0.));
#4825=CARTESIAN_POINT('Origin',(1050.,-4900.,-120.));
#4826=CARTESIAN_POINT('',(870.,-4900.,-120.));
#4827=CARTESIAN_POINT('Origin',(1050.,-4900.,-120.));
#4828=CARTESIAN_POINT('Origin',(1050.,-4900.,0.));
#4829=CARTESIAN_POINT('',(870.,-4900.,120.));
#4830=CARTESIAN_POINT('Origin',(1050.,-4900.,120.));
#4831=CARTESIAN_POINT('',(870.,-4900.,0.));
#4832=CARTESIAN_POINT('Origin',(1050.,-4900.,120.));
#4833=CARTESIAN_POINT('Origin',(-1050.,-4900.,-120.));
#4834=CARTESIAN_POINT('',(-1230.,-4900.,-120.));
#4835=CARTESIAN_POINT('Origin',(-1050.,-4900.,-120.));
#4836=CARTESIAN_POINT('Origin',(-1050.,-4900.,0.));
#4837=CARTESIAN_POINT('',(-1230.,-4900.,120.));
#4838=CARTESIAN_POINT('Origin',(-1050.,-4900.,120.));
#4839=CARTESIAN_POINT('',(-1230.,-4900.,0.));
#4840=CARTESIAN_POINT('Origin',(-1050.,-4900.,120.));
#4841=UNCERTAINTY_MEASURE_WITH_UNIT(LENGTH_MEASURE(0.01),#4845,
'DISTANCE_ACCURACY_VALUE',
'Maximum model space distance between geometric entities at asserted c
onnectivities');
#4842=UNCERTAINTY_MEASURE_WITH_UNIT(LENGTH_MEASURE(0.01),#4845,
'DISTANCE_ACCURACY_VALUE',
'Maximum model space distance between geometric entities at asserted c
onnectivities');
#4843=(
GEOMETRIC_REPRESENTATION_CONTEXT(3)
GLOBAL_UNCERTAINTY_ASSIGNED_CONTEXT((#4841))
GLOBAL_UNIT_ASSIGNED_CONTEXT((#4845,#4847,#4848))
REPRESENTATION_CONTEXT('','3D')
);
#4844=(
GEOMETRIC_REPRESENTATION_CONTEXT(3)
GLOBAL_UNCERTAINTY_ASSIGNED_CONTEXT((#4842))
GLOBAL_UNIT_ASSIGNED_CONTEXT((#4845,#4847,#4848))
REPRESENTATION_CONTEXT('','3D')
);
#4845=(
LENGTH_UNIT()
NAMED_UNIT(*)
SI_UNIT(.MILLI.,.METRE.)
);
#4846=(
LENGTH_UNIT()
NAMED_UNIT(*)
SI_UNIT($,.METRE.)
);
#4847=(
NAMED_UNIT(*)
PLANE_ANGLE_UNIT()
SI_UNIT($,.RADIAN.)
);
#4848=(
NAMED_UNIT(*)
SI_UNIT($,.STERADIAN.)
SOLID_ANGLE_UNIT()
);
#4849=SHAPE_DEFINITION_REPRESENTATION(#4850,#4851);
#4850=PRODUCT_DEFINITION_SHAPE('',$,#4853);
#4851=SHAPE_REPRESENTATION('',(#3078),#4843);
#4852=PRODUCT_DEFINITION_CONTEXT('part definition',#4857,'design');
#4853=PRODUCT_DEFINITION('2026-09-18-22-10-03-641','(Unsaved)',#4854,#4852);
#4854=PRODUCT_DEFINITION_FORMATION('',$,#4859);
#4855=PRODUCT_RELATED_PRODUCT_CATEGORY('(Unsaved)','(Unsaved)',(#4859));
#4856=APPLICATION_PROTOCOL_DEFINITION('international standard',
'automotive_design',2009,#4857);
#4857=APPLICATION_CONTEXT(
'Core Data for Automotive Mechanical Design Process');
#4858=PRODUCT_CONTEXT('part definition',#4857,'mechanical');
#4859=PRODUCT('2026-09-18-22-10-03-641','(Unsaved)',$,(#4858));
#4860=PRESENTATION_STYLE_ASSIGNMENT((#4865));
#4861=PRESENTATION_STYLE_ASSIGNMENT((#4866));
#4862=PRESENTATION_STYLE_ASSIGNMENT((#4867));
#4863=PRESENTATION_STYLE_ASSIGNMENT((#4868));
#4864=PRESENTATION_STYLE_ASSIGNMENT((#4869));
#4865=SURFACE_STYLE_USAGE(.BOTH.,#4870);
#4866=SURFACE_STYLE_USAGE(.BOTH.,#4871);
#4867=SURFACE_STYLE_USAGE(.BOTH.,#4872);
#4868=SURFACE_STYLE_USAGE(.BOTH.,#4873);
#4869=SURFACE_STYLE_USAGE(.BOTH.,#4874);
#4870=SURFACE_SIDE_STYLE('',(#4875));
#4871=SURFACE_SIDE_STYLE('',(#4876));
#4872=SURFACE_SIDE_STYLE('',(#4877));
#4873=SURFACE_SIDE_STYLE('',(#4878));
#4874=SURFACE_SIDE_STYLE('',(#4879));
#4875=SURFACE_STYLE_FILL_AREA(#4880);
#4876=SURFACE_STYLE_FILL_AREA(#4881);
#4877=SURFACE_STYLE_FILL_AREA(#4882);
#4878=SURFACE_STYLE_FILL_AREA(#4883);
#4879=SURFACE_STYLE_FILL_AREA(#4884);
#4880=FILL_AREA_STYLE('Steel - Satin',(#4885));
#4881=FILL_AREA_STYLE('Titanium - Satin',(#4886));
#4882=FILL_AREA_STYLE('Stainless Steel - Brushed Linear Long',(#4887));
#4883=FILL_AREA_STYLE('Carbon Fiber - Plain',(#4888));
#4884=FILL_AREA_STYLE('Glass (Bronze)',(#4889));
#4885=FILL_AREA_STYLE_COLOUR('Steel - Satin',#4890);
#4886=FILL_AREA_STYLE_COLOUR('Titanium - Satin',#4891);
#4887=FILL_AREA_STYLE_COLOUR('Stainless Steel - Brushed Linear Long',#4892);
#4888=FILL_AREA_STYLE_COLOUR('Carbon Fiber - Plain',#4893);
#4889=FILL_AREA_STYLE_COLOUR('Glass (Bronze)',#4894);
#4890=COLOUR_RGB('Steel - Satin',0.627450980392157,0.627450980392157,0.627450980392157);
#4891=COLOUR_RGB('Titanium - Satin',0.858823529411765,0.847058823529412,
0.827450980392157);
#4892=COLOUR_RGB('Stainless Steel - Brushed Linear Long',0.796078431372549,
0.796078431372549,0.796078431372549);
#4893=COLOUR_RGB('Carbon Fiber - Plain',0.0980392156862745,0.0980392156862745,
0.0980392156862745);
#4894=COLOUR_RGB('Glass (Bronze)',0.627450980392157,0.486274509803922,0.349019607843137);
ENDSEC;
END-ISO-10303-21;
