ISO-10303-21;
HEADER;
/* Generated by software containing ST-Developer
 * from STEP Tools, Inc. (www.steptools.com) 
 */

FILE_DESCRIPTION(
/* description */ (''),
/* implementation_level */ '2;1');

FILE_NAME(
/* name */ 'Spaceship_Interceptor_HD.step',
/* time_stamp */ '2026-09-18T22:03:22+02:00',
/* author */ (''),
/* organization */ (''),
/* preprocessor_version */ 'ST-DEVELOPER v20.1',
/* originating_system */ 'Autodesk Translation Framework v15.8.0.0',
/* authorisation */ '');

FILE_SCHEMA (('AUTOMOTIVE_DESIGN { 1 0 10303 214 3 1 1 }'));
ENDSEC;

DATA;
#10=MECHANICAL_DESIGN_GEOMETRIC_PRESENTATION_REPRESENTATION('',(#13,#14,
#15),#3874);
#11=SHAPE_REPRESENTATION_RELATIONSHIP('SRR','None',#3881,#12);
#12=ADVANCED_BREP_SHAPE_REPRESENTATION('',(#16,#17,#18),#3873);
#13=STYLED_ITEM('',(#3890),#16);
#14=STYLED_ITEM('',(#3890),#17);
#15=STYLED_ITEM('',(#3890),#18);
#16=MANIFOLD_SOLID_BREP('Hull_Fuselage',#2396);
#17=MANIFOLD_SOLID_BREP('Body2',#2397);
#18=MANIFOLD_SOLID_BREP('Body3',#2398);
#19=FACE_BOUND('',#290,.T.);
#20=FACE_BOUND('',#291,.T.);
#21=FACE_BOUND('',#302,.T.);
#22=FACE_BOUND('',#325,.T.);
#23=FACE_BOUND('',#340,.T.);
#24=FACE_BOUND('',#345,.T.);
#25=FACE_BOUND('',#356,.T.);
#26=FACE_BOUND('',#358,.T.);
#27=FACE_BOUND('',#393,.T.);
#28=PLANE('',#2419);
#29=PLANE('',#2420);
#30=PLANE('',#2421);
#31=PLANE('',#2422);
#32=PLANE('',#2423);
#33=PLANE('',#2424);
#34=PLANE('',#2425);
#35=PLANE('',#2433);
#36=PLANE('',#2434);
#37=PLANE('',#2435);
#38=PLANE('',#2436);
#39=PLANE('',#2437);
#40=PLANE('',#2438);
#41=PLANE('',#2439);
#42=PLANE('',#2440);
#43=PLANE('',#2441);
#44=PLANE('',#2442);
#45=PLANE('',#2443);
#46=PLANE('',#2447);
#47=PLANE('',#2451);
#48=PLANE('',#2454);
#49=PLANE('',#2455);
#50=PLANE('',#2457);
#51=PLANE('',#2463);
#52=PLANE('',#2466);
#53=PLANE('',#2469);
#54=PLANE('',#2470);
#55=PLANE('',#2477);
#56=PLANE('',#2478);
#57=PLANE('',#2479);
#58=PLANE('',#2480);
#59=PLANE('',#2481);
#60=PLANE('',#2482);
#61=PLANE('',#2483);
#62=PLANE('',#2484);
#63=PLANE('',#2485);
#64=PLANE('',#2486);
#65=PLANE('',#2487);
#66=PLANE('',#2488);
#67=PLANE('',#2489);
#68=PLANE('',#2490);
#69=PLANE('',#2491);
#70=PLANE('',#2492);
#71=PLANE('',#2493);
#72=PLANE('',#2494);
#73=PLANE('',#2495);
#74=PLANE('',#2496);
#75=PLANE('',#2497);
#76=PLANE('',#2498);
#77=PLANE('',#2499);
#78=PLANE('',#2500);
#79=PLANE('',#2501);
#80=PLANE('',#2502);
#81=PLANE('',#2503);
#82=PLANE('',#2504);
#83=PLANE('',#2505);
#84=PLANE('',#2506);
#85=PLANE('',#2507);
#86=PLANE('',#2508);
#87=PLANE('',#2509);
#88=PLANE('',#2510);
#89=PLANE('',#2511);
#90=PLANE('',#2512);
#91=PLANE('',#2513);
#92=PLANE('',#2514);
#93=PLANE('',#2515);
#94=PLANE('',#2516);
#95=PLANE('',#2517);
#96=PLANE('',#2518);
#97=PLANE('',#2519);
#98=PLANE('',#2520);
#99=PLANE('',#2521);
#100=PLANE('',#2522);
#101=PLANE('',#2523);
#102=PLANE('',#2524);
#103=PLANE('',#2525);
#104=PLANE('',#2526);
#105=PLANE('',#2527);
#106=PLANE('',#2528);
#107=PLANE('',#2529);
#108=PLANE('',#2530);
#109=PLANE('',#2531);
#110=PLANE('',#2532);
#111=PLANE('',#2533);
#112=PLANE('',#2534);
#113=PLANE('',#2535);
#114=PLANE('',#2536);
#115=PLANE('',#2537);
#116=PLANE('',#2538);
#117=PLANE('',#2539);
#118=PLANE('',#2540);
#119=PLANE('',#2541);
#120=PLANE('',#2542);
#121=PLANE('',#2543);
#122=PLANE('',#2544);
#123=PLANE('',#2545);
#124=PLANE('',#2546);
#125=PLANE('',#2547);
#126=PLANE('',#2548);
#127=PLANE('',#2549);
#128=PLANE('',#2550);
#129=PLANE('',#2551);
#130=PLANE('',#2552);
#131=PLANE('',#2553);
#132=PLANE('',#2554);
#133=PLANE('',#2555);
#134=PLANE('',#2556);
#135=PLANE('',#2557);
#136=PLANE('',#2558);
#137=PLANE('',#2559);
#138=PLANE('',#2560);
#139=PLANE('',#2564);
#140=PLANE('',#2565);
#141=PLANE('',#2569);
#142=FACE_OUTER_BOUND('',#268,.T.);
#143=FACE_OUTER_BOUND('',#269,.T.);
#144=FACE_OUTER_BOUND('',#270,.T.);
#145=FACE_OUTER_BOUND('',#271,.T.);
#146=FACE_OUTER_BOUND('',#272,.T.);
#147=FACE_OUTER_BOUND('',#273,.T.);
#148=FACE_OUTER_BOUND('',#274,.T.);
#149=FACE_OUTER_BOUND('',#275,.T.);
#150=FACE_OUTER_BOUND('',#276,.T.);
#151=FACE_OUTER_BOUND('',#277,.T.);
#152=FACE_OUTER_BOUND('',#278,.T.);
#153=FACE_OUTER_BOUND('',#279,.T.);
#154=FACE_OUTER_BOUND('',#280,.T.);
#155=FACE_OUTER_BOUND('',#281,.T.);
#156=FACE_OUTER_BOUND('',#282,.T.);
#157=FACE_OUTER_BOUND('',#283,.T.);
#158=FACE_OUTER_BOUND('',#284,.T.);
#159=FACE_OUTER_BOUND('',#285,.T.);
#160=FACE_OUTER_BOUND('',#286,.T.);
#161=FACE_OUTER_BOUND('',#287,.T.);
#162=FACE_OUTER_BOUND('',#288,.T.);
#163=FACE_OUTER_BOUND('',#289,.T.);
#164=FACE_OUTER_BOUND('',#292,.T.);
#165=FACE_OUTER_BOUND('',#293,.T.);
#166=FACE_OUTER_BOUND('',#294,.T.);
#167=FACE_OUTER_BOUND('',#295,.T.);
#168=FACE_OUTER_BOUND('',#296,.T.);
#169=FACE_OUTER_BOUND('',#297,.T.);
#170=FACE_OUTER_BOUND('',#298,.T.);
#171=FACE_OUTER_BOUND('',#299,.T.);
#172=FACE_OUTER_BOUND('',#300,.T.);
#173=FACE_OUTER_BOUND('',#301,.T.);
#174=FACE_OUTER_BOUND('',#303,.T.);
#175=FACE_OUTER_BOUND('',#304,.T.);
#176=FACE_OUTER_BOUND('',#305,.T.);
#177=FACE_OUTER_BOUND('',#306,.T.);
#178=FACE_OUTER_BOUND('',#307,.T.);
#179=FACE_OUTER_BOUND('',#308,.T.);
#180=FACE_OUTER_BOUND('',#309,.T.);
#181=FACE_OUTER_BOUND('',#310,.T.);
#182=FACE_OUTER_BOUND('',#311,.T.);
#183=FACE_OUTER_BOUND('',#312,.T.);
#184=FACE_OUTER_BOUND('',#313,.T.);
#185=FACE_OUTER_BOUND('',#314,.T.);
#186=FACE_OUTER_BOUND('',#315,.T.);
#187=FACE_OUTER_BOUND('',#316,.T.);
#188=FACE_OUTER_BOUND('',#317,.T.);
#189=FACE_OUTER_BOUND('',#318,.T.);
#190=FACE_OUTER_BOUND('',#319,.T.);
#191=FACE_OUTER_BOUND('',#320,.T.);
#192=FACE_OUTER_BOUND('',#321,.T.);
#193=FACE_OUTER_BOUND('',#322,.T.);
#194=FACE_OUTER_BOUND('',#323,.T.);
#195=FACE_OUTER_BOUND('',#324,.T.);
#196=FACE_OUTER_BOUND('',#326,.T.);
#197=FACE_OUTER_BOUND('',#327,.T.);
#198=FACE_OUTER_BOUND('',#328,.T.);
#199=FACE_OUTER_BOUND('',#329,.T.);
#200=FACE_OUTER_BOUND('',#330,.T.);
#201=FACE_OUTER_BOUND('',#331,.T.);
#202=FACE_OUTER_BOUND('',#332,.T.);
#203=FACE_OUTER_BOUND('',#333,.T.);
#204=FACE_OUTER_BOUND('',#334,.T.);
#205=FACE_OUTER_BOUND('',#335,.T.);
#206=FACE_OUTER_BOUND('',#336,.T.);
#207=FACE_OUTER_BOUND('',#337,.T.);
#208=FACE_OUTER_BOUND('',#338,.T.);
#209=FACE_OUTER_BOUND('',#339,.T.);
#210=FACE_OUTER_BOUND('',#341,.T.);
#211=FACE_OUTER_BOUND('',#342,.T.);
#212=FACE_OUTER_BOUND('',#343,.T.);
#213=FACE_OUTER_BOUND('',#344,.T.);
#214=FACE_OUTER_BOUND('',#346,.T.);
#215=FACE_OUTER_BOUND('',#347,.T.);
#216=FACE_OUTER_BOUND('',#348,.T.);
#217=FACE_OUTER_BOUND('',#349,.T.);
#218=FACE_OUTER_BOUND('',#350,.T.);
#219=FACE_OUTER_BOUND('',#351,.T.);
#220=FACE_OUTER_BOUND('',#352,.T.);
#221=FACE_OUTER_BOUND('',#353,.T.);
#222=FACE_OUTER_BOUND('',#354,.T.);
#223=FACE_OUTER_BOUND('',#355,.T.);
#224=FACE_OUTER_BOUND('',#357,.T.);
#225=FACE_OUTER_BOUND('',#359,.T.);
#226=FACE_OUTER_BOUND('',#360,.T.);
#227=FACE_OUTER_BOUND('',#361,.T.);
#228=FACE_OUTER_BOUND('',#362,.T.);
#229=FACE_OUTER_BOUND('',#363,.T.);
#230=FACE_OUTER_BOUND('',#364,.T.);
#231=FACE_OUTER_BOUND('',#365,.T.);
#232=FACE_OUTER_BOUND('',#366,.T.);
#233=FACE_OUTER_BOUND('',#367,.T.);
#234=FACE_OUTER_BOUND('',#368,.T.);
#235=FACE_OUTER_BOUND('',#369,.T.);
#236=FACE_OUTER_BOUND('',#370,.T.);
#237=FACE_OUTER_BOUND('',#371,.T.);
#238=FACE_OUTER_BOUND('',#372,.T.);
#239=FACE_OUTER_BOUND('',#373,.T.);
#240=FACE_OUTER_BOUND('',#374,.T.);
#241=FACE_OUTER_BOUND('',#375,.T.);
#242=FACE_OUTER_BOUND('',#376,.T.);
#243=FACE_OUTER_BOUND('',#377,.T.);
#244=FACE_OUTER_BOUND('',#378,.T.);
#245=FACE_OUTER_BOUND('',#379,.T.);
#246=FACE_OUTER_BOUND('',#380,.T.);
#247=FACE_OUTER_BOUND('',#381,.T.);
#248=FACE_OUTER_BOUND('',#382,.T.);
#249=FACE_OUTER_BOUND('',#383,.T.);
#250=FACE_OUTER_BOUND('',#384,.T.);
#251=FACE_OUTER_BOUND('',#385,.T.);
#252=FACE_OUTER_BOUND('',#386,.T.);
#253=FACE_OUTER_BOUND('',#387,.T.);
#254=FACE_OUTER_BOUND('',#388,.T.);
#255=FACE_OUTER_BOUND('',#389,.T.);
#256=FACE_OUTER_BOUND('',#390,.T.);
#257=FACE_OUTER_BOUND('',#391,.T.);
#258=FACE_OUTER_BOUND('',#392,.T.);
#259=FACE_OUTER_BOUND('',#394,.T.);
#260=FACE_OUTER_BOUND('',#395,.T.);
#261=FACE_OUTER_BOUND('',#396,.T.);
#262=FACE_OUTER_BOUND('',#397,.T.);
#263=FACE_OUTER_BOUND('',#398,.T.);
#264=FACE_OUTER_BOUND('',#399,.T.);
#265=FACE_OUTER_BOUND('',#400,.T.);
#266=FACE_OUTER_BOUND('',#401,.T.);
#267=FACE_OUTER_BOUND('',#402,.T.);
#268=EDGE_LOOP('',(#1592,#1593,#1594,#1595,#1596,#1597,#1598,#1599,#1600,
#1601,#1602,#1603));
#269=EDGE_LOOP('',(#1604));
#270=EDGE_LOOP('',(#1605,#1606,#1607,#1608));
#271=EDGE_LOOP('',(#1609,#1610,#1611,#1612));
#272=EDGE_LOOP('',(#1613,#1614,#1615,#1616));
#273=EDGE_LOOP('',(#1617,#1618,#1619,#1620));
#274=EDGE_LOOP('',(#1621,#1622,#1623,#1624));
#275=EDGE_LOOP('',(#1625,#1626,#1627,#1628));
#276=EDGE_LOOP('',(#1629,#1630,#1631,#1632,#1633,#1634,#1635,#1636,#1637,
#1638,#1639,#1640));
#277=EDGE_LOOP('',(#1641));
#278=EDGE_LOOP('',(#1642,#1643,#1644,#1645));
#279=EDGE_LOOP('',(#1646,#1647,#1648,#1649));
#280=EDGE_LOOP('',(#1650,#1651,#1652,#1653));
#281=EDGE_LOOP('',(#1654,#1655,#1656,#1657));
#282=EDGE_LOOP('',(#1658,#1659,#1660,#1661));
#283=EDGE_LOOP('',(#1662,#1663,#1664,#1665));
#284=EDGE_LOOP('',(#1666,#1667,#1668,#1669));
#285=EDGE_LOOP('',(#1670,#1671,#1672,#1673));
#286=EDGE_LOOP('',(#1674,#1675,#1676,#1677));
#287=EDGE_LOOP('',(#1678,#1679,#1680,#1681));
#288=EDGE_LOOP('',(#1682,#1683,#1684,#1685));
#289=EDGE_LOOP('',(#1686,#1687,#1688,#1689,#1690,#1691,#1692,#1693,#1694,
#1695,#1696,#1697,#1698,#1699,#1700,#1701));
#290=EDGE_LOOP('',(#1702));
#291=EDGE_LOOP('',(#1703));
#292=EDGE_LOOP('',(#1704,#1705,#1706,#1707,#1708,#1709,#1710,#1711,#1712,
#1713,#1714,#1715));
#293=EDGE_LOOP('',(#1716,#1717,#1718,#1719));
#294=EDGE_LOOP('',(#1720,#1721,#1722,#1723));
#295=EDGE_LOOP('',(#1724,#1725));
#296=EDGE_LOOP('',(#1726,#1727));
#297=EDGE_LOOP('',(#1728,#1729,#1730,#1731));
#298=EDGE_LOOP('',(#1732,#1733,#1734,#1735));
#299=EDGE_LOOP('',(#1736));
#300=EDGE_LOOP('',(#1737,#1738,#1739,#1740));
#301=EDGE_LOOP('',(#1741,#1742,#1743,#1744,#1745,#1746,#1747,#1748,#1749,
#1750,#1751,#1752,#1753,#1754,#1755,#1756,#1757,#1758,#1759,#1760,#1761,
#1762,#1763,#1764,#1765,#1766,#1767,#1768,#1769,#1770,#1771,#1772,#1773,
#1774));
#302=EDGE_LOOP('',(#1775,#1776,#1777,#1778,#1779,#1780,#1781,#1782,#1783,
#1784));
#303=EDGE_LOOP('',(#1785,#1786,#1787,#1788,#1789,#1790,#1791,#1792,#1793,
#1794));
#304=EDGE_LOOP('',(#1795,#1796));
#305=EDGE_LOOP('',(#1797,#1798,#1799,#1800));
#306=EDGE_LOOP('',(#1801,#1802,#1803,#1804));
#307=EDGE_LOOP('',(#1805,#1806,#1807,#1808));
#308=EDGE_LOOP('',(#1809));
#309=EDGE_LOOP('',(#1810,#1811));
#310=EDGE_LOOP('',(#1812,#1813,#1814,#1815,#1816,#1817,#1818,#1819));
#311=EDGE_LOOP('',(#1820,#1821,#1822,#1823));
#312=EDGE_LOOP('',(#1824,#1825,#1826,#1827,#1828,#1829));
#313=EDGE_LOOP('',(#1830,#1831,#1832,#1833,#1834,#1835,#1836,#1837,#1838,
#1839));
#314=EDGE_LOOP('',(#1840,#1841,#1842,#1843));
#315=EDGE_LOOP('',(#1844,#1845,#1846));
#316=EDGE_LOOP('',(#1847,#1848,#1849,#1850,#1851,#1852,#1853,#1854,#1855,
#1856,#1857,#1858));
#317=EDGE_LOOP('',(#1859,#1860,#1861,#1862,#1863,#1864,#1865,#1866));
#318=EDGE_LOOP('',(#1867,#1868,#1869,#1870));
#319=EDGE_LOOP('',(#1871,#1872,#1873,#1874,#1875,#1876));
#320=EDGE_LOOP('',(#1877,#1878,#1879,#1880));
#321=EDGE_LOOP('',(#1881,#1882,#1883));
#322=EDGE_LOOP('',(#1884,#1885,#1886,#1887,#1888,#1889,#1890,#1891));
#323=EDGE_LOOP('',(#1892,#1893,#1894,#1895));
#324=EDGE_LOOP('',(#1896,#1897,#1898,#1899));
#325=EDGE_LOOP('',(#1900,#1901,#1902,#1903));
#326=EDGE_LOOP('',(#1904,#1905,#1906,#1907));
#327=EDGE_LOOP('',(#1908,#1909,#1910,#1911));
#328=EDGE_LOOP('',(#1912,#1913,#1914,#1915,#1916,#1917,#1918,#1919));
#329=EDGE_LOOP('',(#1920,#1921,#1922,#1923));
#330=EDGE_LOOP('',(#1924,#1925,#1926));
#331=EDGE_LOOP('',(#1927,#1928,#1929,#1930));
#332=EDGE_LOOP('',(#1931,#1932,#1933,#1934));
#333=EDGE_LOOP('',(#1935,#1936,#1937,#1938));
#334=EDGE_LOOP('',(#1939,#1940,#1941));
#335=EDGE_LOOP('',(#1942,#1943,#1944,#1945,#1946,#1947,#1948,#1949,#1950,
#1951,#1952));
#336=EDGE_LOOP('',(#1953,#1954,#1955,#1956,#1957,#1958,#1959,#1960));
#337=EDGE_LOOP('',(#1961,#1962,#1963,#1964));
#338=EDGE_LOOP('',(#1965,#1966,#1967,#1968));
#339=EDGE_LOOP('',(#1969,#1970,#1971,#1972));
#340=EDGE_LOOP('',(#1973,#1974,#1975,#1976));
#341=EDGE_LOOP('',(#1977,#1978,#1979,#1980));
#342=EDGE_LOOP('',(#1981,#1982,#1983,#1984,#1985,#1986,#1987,#1988));
#343=EDGE_LOOP('',(#1989,#1990,#1991,#1992));
#344=EDGE_LOOP('',(#1993,#1994,#1995,#1996,#1997,#1998,#1999,#2000,#2001,
#2002,#2003));
#345=EDGE_LOOP('',(#2004,#2005,#2006,#2007,#2008,#2009,#2010,#2011,#2012));
#346=EDGE_LOOP('',(#2013,#2014,#2015));
#347=EDGE_LOOP('',(#2016,#2017,#2018,#2019));
#348=EDGE_LOOP('',(#2020,#2021,#2022,#2023,#2024,#2025,#2026,#2027,#2028,
#2029,#2030));
#349=EDGE_LOOP('',(#2031,#2032,#2033,#2034));
#350=EDGE_LOOP('',(#2035,#2036,#2037,#2038));
#351=EDGE_LOOP('',(#2039,#2040,#2041,#2042));
#352=EDGE_LOOP('',(#2043,#2044,#2045,#2046));
#353=EDGE_LOOP('',(#2047,#2048,#2049,#2050));
#354=EDGE_LOOP('',(#2051,#2052,#2053,#2054));
#355=EDGE_LOOP('',(#2055,#2056,#2057,#2058,#2059,#2060,#2061,#2062,#2063,
#2064,#2065));
#356=EDGE_LOOP('',(#2066,#2067,#2068,#2069,#2070,#2071,#2072,#2073,#2074));
#357=EDGE_LOOP('',(#2075,#2076,#2077,#2078,#2079,#2080,#2081,#2082));
#358=EDGE_LOOP('',(#2083,#2084,#2085,#2086));
#359=EDGE_LOOP('',(#2087,#2088,#2089,#2090));
#360=EDGE_LOOP('',(#2091,#2092,#2093,#2094));
#361=EDGE_LOOP('',(#2095,#2096,#2097,#2098));
#362=EDGE_LOOP('',(#2099,#2100,#2101));
#363=EDGE_LOOP('',(#2102,#2103,#2104,#2105));
#364=EDGE_LOOP('',(#2106,#2107,#2108,#2109));
#365=EDGE_LOOP('',(#2110,#2111,#2112,#2113));
#366=EDGE_LOOP('',(#2114,#2115,#2116,#2117));
#367=EDGE_LOOP('',(#2118,#2119,#2120,#2121));
#368=EDGE_LOOP('',(#2122,#2123,#2124,#2125));
#369=EDGE_LOOP('',(#2126,#2127,#2128));
#370=EDGE_LOOP('',(#2129,#2130,#2131,#2132));
#371=EDGE_LOOP('',(#2133,#2134,#2135));
#372=EDGE_LOOP('',(#2136,#2137,#2138,#2139));
#373=EDGE_LOOP('',(#2140,#2141,#2142));
#374=EDGE_LOOP('',(#2143,#2144,#2145,#2146));
#375=EDGE_LOOP('',(#2147,#2148,#2149));
#376=EDGE_LOOP('',(#2150,#2151,#2152,#2153));
#377=EDGE_LOOP('',(#2154,#2155,#2156,#2157));
#378=EDGE_LOOP('',(#2158,#2159,#2160,#2161));
#379=EDGE_LOOP('',(#2162,#2163,#2164,#2165,#2166,#2167));
#380=EDGE_LOOP('',(#2168,#2169,#2170,#2171));
#381=EDGE_LOOP('',(#2172,#2173,#2174,#2175,#2176,#2177));
#382=EDGE_LOOP('',(#2178,#2179,#2180,#2181,#2182,#2183));
#383=EDGE_LOOP('',(#2184,#2185,#2186,#2187));
#384=EDGE_LOOP('',(#2188,#2189,#2190,#2191,#2192,#2193));
#385=EDGE_LOOP('',(#2194,#2195,#2196,#2197));
#386=EDGE_LOOP('',(#2198,#2199,#2200,#2201));
#387=EDGE_LOOP('',(#2202,#2203,#2204,#2205));
#388=EDGE_LOOP('',(#2206,#2207,#2208,#2209));
#389=EDGE_LOOP('',(#2210,#2211,#2212,#2213));
#390=EDGE_LOOP('',(#2214,#2215,#2216,#2217));
#391=EDGE_LOOP('',(#2218,#2219,#2220,#2221));
#392=EDGE_LOOP('',(#2222,#2223,#2224,#2225,#2226,#2227,#2228,#2229));
#393=EDGE_LOOP('',(#2230,#2231,#2232,#2233));
#394=EDGE_LOOP('',(#2234,#2235,#2236,#2237));
#395=EDGE_LOOP('',(#2238,#2239,#2240,#2241));
#396=EDGE_LOOP('',(#2242,#2243,#2244,#2245));
#397=EDGE_LOOP('',(#2246));
#398=EDGE_LOOP('',(#2247,#2248,#2249,#2250));
#399=EDGE_LOOP('',(#2251));
#400=EDGE_LOOP('',(#2252));
#401=EDGE_LOOP('',(#2253,#2254,#2255,#2256));
#402=EDGE_LOOP('',(#2257));
#403=LINE('',#3194,#704);
#404=LINE('',#3198,#705);
#405=LINE('',#3202,#706);
#406=LINE('',#3206,#707);
#407=LINE('',#3210,#708);
#408=LINE('',#3215,#709);
#409=LINE('',#3217,#710);
#410=LINE('',#3218,#711);
#411=LINE('',#3221,#712);
#412=LINE('',#3223,#713);
#413=LINE('',#3224,#714);
#414=LINE('',#3227,#715);
#415=LINE('',#3228,#716);
#416=LINE('',#3231,#717);
#417=LINE('',#3232,#718);
#418=LINE('',#3235,#719);
#419=LINE('',#3236,#720);
#420=LINE('',#3239,#721);
#421=LINE('',#3240,#722);
#422=LINE('',#3245,#723);
#423=LINE('',#3249,#724);
#424=LINE('',#3253,#725);
#425=LINE('',#3257,#726);
#426=LINE('',#3261,#727);
#427=LINE('',#3266,#728);
#428=LINE('',#3268,#729);
#429=LINE('',#3269,#730);
#430=LINE('',#3272,#731);
#431=LINE('',#3274,#732);
#432=LINE('',#3275,#733);
#433=LINE('',#3278,#734);
#434=LINE('',#3279,#735);
#435=LINE('',#3282,#736);
#436=LINE('',#3283,#737);
#437=LINE('',#3286,#738);
#438=LINE('',#3287,#739);
#439=LINE('',#3290,#740);
#440=LINE('',#3291,#741);
#441=LINE('',#3293,#742);
#442=LINE('',#3295,#743);
#443=LINE('',#3297,#744);
#444=LINE('',#3299,#745);
#445=LINE('',#3305,#746);
#446=LINE('',#3308,#747);
#447=LINE('',#3311,#748);
#448=LINE('',#3313,#749);
#449=LINE('',#3315,#750);
#450=LINE('',#3317,#751);
#451=LINE('',#3319,#752);
#452=LINE('',#3321,#753);
#453=LINE('',#3323,#754);
#454=LINE('',#3325,#755);
#455=LINE('',#3327,#756);
#456=LINE('',#3329,#757);
#457=LINE('',#3331,#758);
#458=LINE('',#3333,#759);
#459=LINE('',#3337,#760);
#460=LINE('',#3338,#761);
#461=LINE('',#3345,#762);
#462=LINE('',#3347,#763);
#463=LINE('',#3349,#764);
#464=LINE('',#3351,#765);
#465=LINE('',#3353,#766);
#466=LINE('',#3355,#767);
#467=LINE('',#3357,#768);
#468=LINE('',#3359,#769);
#469=LINE('',#3361,#770);
#470=LINE('',#3362,#771);
#471=LINE('',#3367,#772);
#472=LINE('',#3368,#773);
#473=LINE('',#3371,#774);
#474=LINE('',#3372,#775);
#475=LINE('',#3376,#776);
#476=LINE('',#3381,#777);
#477=LINE('',#3385,#778);
#478=LINE('',#3389,#779);
#479=LINE('',#3392,#780);
#480=LINE('',#3396,#781);
#481=LINE('',#3398,#782);
#482=LINE('',#3401,#783);
#483=LINE('',#3403,#784);
#484=LINE('',#3405,#785);
#485=LINE('',#3407,#786);
#486=LINE('',#3411,#787);
#487=LINE('',#3413,#788);
#488=LINE('',#3415,#789);
#489=LINE('',#3419,#790);
#490=LINE('',#3421,#791);
#491=LINE('',#3423,#792);
#492=LINE('',#3425,#793);
#493=LINE('',#3427,#794);
#494=LINE('',#3429,#795);
#495=LINE('',#3431,#796);
#496=LINE('',#3433,#797);
#497=LINE('',#3435,#798);
#498=LINE('',#3437,#799);
#499=LINE('',#3439,#800);
#500=LINE('',#3440,#801);
#501=LINE('',#3441,#802);
#502=LINE('',#3443,#803);
#503=LINE('',#3445,#804);
#504=LINE('',#3446,#805);
#505=LINE('',#3448,#806);
#506=LINE('',#3449,#807);
#507=LINE('',#3452,#808);
#508=LINE('',#3454,#809);
#509=LINE('',#3456,#810);
#510=LINE('',#3458,#811);
#511=LINE('',#3460,#812);
#512=LINE('',#3462,#813);
#513=LINE('',#3464,#814);
#514=LINE('',#3466,#815);
#515=LINE('',#3468,#816);
#516=LINE('',#3469,#817);
#517=LINE('',#3472,#818);
#518=LINE('',#3474,#819);
#519=LINE('',#3476,#820);
#520=LINE('',#3477,#821);
#521=LINE('',#3481,#822);
#522=LINE('',#3485,#823);
#523=LINE('',#3488,#824);
#524=LINE('',#3489,#825);
#525=LINE('',#3492,#826);
#526=LINE('',#3494,#827);
#527=LINE('',#3498,#828);
#528=LINE('',#3501,#829);
#529=LINE('',#3503,#830);
#530=LINE('',#3504,#831);
#531=LINE('',#3507,#832);
#532=LINE('',#3508,#833);
#533=LINE('',#3511,#834);
#534=LINE('',#3513,#835);
#535=LINE('',#3515,#836);
#536=LINE('',#3516,#837);
#537=LINE('',#3518,#838);
#538=LINE('',#3520,#839);
#539=LINE('',#3521,#840);
#540=LINE('',#3524,#841);
#541=LINE('',#3527,#842);
#542=LINE('',#3529,#843);
#543=LINE('',#3531,#844);
#544=LINE('',#3533,#845);
#545=LINE('',#3534,#846);
#546=LINE('',#3537,#847);
#547=LINE('',#3539,#848);
#548=LINE('',#3540,#849);
#549=LINE('',#3542,#850);
#550=LINE('',#3544,#851);
#551=LINE('',#3545,#852);
#552=LINE('',#3551,#853);
#553=LINE('',#3553,#854);
#554=LINE('',#3555,#855);
#555=LINE('',#3557,#856);
#556=LINE('',#3559,#857);
#557=LINE('',#3561,#858);
#558=LINE('',#3563,#859);
#559=LINE('',#3564,#860);
#560=LINE('',#3567,#861);
#561=LINE('',#3569,#862);
#562=LINE('',#3570,#863);
#563=LINE('',#3573,#864);
#564=LINE('',#3575,#865);
#565=LINE('',#3576,#866);
#566=LINE('',#3579,#867);
#567=LINE('',#3581,#868);
#568=LINE('',#3583,#869);
#569=LINE('',#3584,#870);
#570=LINE('',#3587,#871);
#571=LINE('',#3588,#872);
#572=LINE('',#3591,#873);
#573=LINE('',#3592,#874);
#574=LINE('',#3595,#875);
#575=LINE('',#3596,#876);
#576=LINE('',#3598,#877);
#577=LINE('',#3599,#878);
#578=LINE('',#3603,#879);
#579=LINE('',#3604,#880);
#580=LINE('',#3607,#881);
#581=LINE('',#3608,#882);
#582=LINE('',#3610,#883);
#583=LINE('',#3613,#884);
#584=LINE('',#3615,#885);
#585=LINE('',#3616,#886);
#586=LINE('',#3620,#887);
#587=LINE('',#3621,#888);
#588=LINE('',#3623,#889);
#589=LINE('',#3625,#890);
#590=LINE('',#3627,#891);
#591=LINE('',#3628,#892);
#592=LINE('',#3632,#893);
#593=LINE('',#3634,#894);
#594=LINE('',#3636,#895);
#595=LINE('',#3638,#896);
#596=LINE('',#3640,#897);
#597=LINE('',#3642,#898);
#598=LINE('',#3644,#899);
#599=LINE('',#3645,#900);
#600=LINE('',#3648,#901);
#601=LINE('',#3650,#902);
#602=LINE('',#3651,#903);
#603=LINE('',#3654,#904);
#604=LINE('',#3656,#905);
#605=LINE('',#3657,#906);
#606=LINE('',#3661,#907);
#607=LINE('',#3662,#908);
#608=LINE('',#3663,#909);
#609=LINE('',#3666,#910);
#610=LINE('',#3668,#911);
#611=LINE('',#3670,#912);
#612=LINE('',#3671,#913);
#613=LINE('',#3673,#914);
#614=LINE('',#3676,#915);
#615=LINE('',#3677,#916);
#616=LINE('',#3679,#917);
#617=LINE('',#3680,#918);
#618=LINE('',#3684,#919);
#619=LINE('',#3686,#920);
#620=LINE('',#3687,#921);
#621=LINE('',#3689,#922);
#622=LINE('',#3691,#923);
#623=LINE('',#3693,#924);
#624=LINE('',#3694,#925);
#625=LINE('',#3697,#926);
#626=LINE('',#3698,#927);
#627=LINE('',#3701,#928);
#628=LINE('',#3702,#929);
#629=LINE('',#3705,#930);
#630=LINE('',#3707,#931);
#631=LINE('',#3709,#932);
#632=LINE('',#3710,#933);
#633=LINE('',#3712,#934);
#634=LINE('',#3713,#935);
#635=LINE('',#3715,#936);
#636=LINE('',#3718,#937);
#637=LINE('',#3719,#938);
#638=LINE('',#3722,#939);
#639=LINE('',#3723,#940);
#640=LINE('',#3726,#941);
#641=LINE('',#3728,#942);
#642=LINE('',#3729,#943);
#643=LINE('',#3731,#944);
#644=LINE('',#3733,#945);
#645=LINE('',#3736,#946);
#646=LINE('',#3737,#947);
#647=LINE('',#3739,#948);
#648=LINE('',#3740,#949);
#649=LINE('',#3741,#950);
#650=LINE('',#3744,#951);
#651=LINE('',#3746,#952);
#652=LINE('',#3748,#953);
#653=LINE('',#3749,#954);
#654=LINE('',#3753,#955);
#655=LINE('',#3755,#956);
#656=LINE('',#3757,#957);
#657=LINE('',#3761,#958);
#658=LINE('',#3763,#959);
#659=LINE('',#3766,#960);
#660=LINE('',#3768,#961);
#661=LINE('',#3769,#962);
#662=LINE('',#3771,#963);
#663=LINE('',#3773,#964);
#664=LINE('',#3778,#965);
#665=LINE('',#3780,#966);
#666=LINE('',#3782,#967);
#667=LINE('',#3783,#968);
#668=LINE('',#3786,#969);
#669=LINE('',#3787,#970);
#670=LINE('',#3790,#971);
#671=LINE('',#3791,#972);
#672=LINE('',#3793,#973);
#673=LINE('',#3796,#974);
#674=LINE('',#3798,#975);
#675=LINE('',#3799,#976);
#676=LINE('',#3802,#977);
#677=LINE('',#3803,#978);
#678=LINE('',#3806,#979);
#679=LINE('',#3807,#980);
#680=LINE('',#3810,#981);
#681=LINE('',#3812,#982);
#682=LINE('',#3814,#983);
#683=LINE('',#3815,#984);
#684=LINE('',#3818,#985);
#685=LINE('',#3819,#986);
#686=LINE('',#3821,#987);
#687=LINE('',#3823,#988);
#688=LINE('',#3824,#989);
#689=LINE('',#3828,#990);
#690=LINE('',#3829,#991);
#691=LINE('',#3832,#992);
#692=LINE('',#3834,#993);
#693=LINE('',#3835,#994);
#694=LINE('',#3837,#995);
#695=LINE('',#3839,#996);
#696=LINE('',#3842,#997);
#697=LINE('',#3843,#998);
#698=LINE('',#3845,#999);
#699=LINE('',#3849,#1000);
#700=LINE('',#3851,#1001);
#701=LINE('',#3853,#1002);
#702=LINE('',#3861,#1003);
#703=LINE('',#3869,#1004);
#704=VECTOR('',#2576,220.);
#705=VECTOR('',#2579,10.);
#706=VECTOR('',#2582,10.);
#707=VECTOR('',#2585,10.);
#708=VECTOR('',#2588,10.);
#709=VECTOR('',#2595,10.);
#710=VECTOR('',#2596,10.);
#711=VECTOR('',#2597,10.);
#712=VECTOR('',#2600,10.);
#713=VECTOR('',#2601,10.);
#714=VECTOR('',#2602,10.);
#715=VECTOR('',#2605,10.);
#716=VECTOR('',#2606,10.);
#717=VECTOR('',#2609,10.);
#718=VECTOR('',#2610,10.);
#719=VECTOR('',#2613,10.);
#720=VECTOR('',#2614,10.);
#721=VECTOR('',#2617,10.);
#722=VECTOR('',#2618,10.);
#723=VECTOR('',#2623,220.);
#724=VECTOR('',#2626,10.);
#725=VECTOR('',#2629,10.);
#726=VECTOR('',#2632,10.);
#727=VECTOR('',#2635,10.);
#728=VECTOR('',#2642,10.);
#729=VECTOR('',#2643,10.);
#730=VECTOR('',#2644,10.);
#731=VECTOR('',#2647,10.);
#732=VECTOR('',#2648,10.);
#733=VECTOR('',#2649,10.);
#734=VECTOR('',#2652,10.);
#735=VECTOR('',#2653,10.);
#736=VECTOR('',#2656,10.);
#737=VECTOR('',#2657,10.);
#738=VECTOR('',#2660,10.);
#739=VECTOR('',#2661,10.);
#740=VECTOR('',#2664,10.);
#741=VECTOR('',#2665,10.);
#742=VECTOR('',#2668,10.);
#743=VECTOR('',#2671,10.);
#744=VECTOR('',#2674,10.);
#745=VECTOR('',#2677,10.);
#746=VECTOR('',#2682,10.);
#747=VECTOR('',#2685,10.);
#748=VECTOR('',#2688,10.);
#749=VECTOR('',#2689,10.);
#750=VECTOR('',#2690,10.);
#751=VECTOR('',#2691,10.);
#752=VECTOR('',#2692,10.);
#753=VECTOR('',#2693,10.);
#754=VECTOR('',#2694,10.);
#755=VECTOR('',#2695,10.);
#756=VECTOR('',#2696,10.);
#757=VECTOR('',#2697,10.);
#758=VECTOR('',#2698,10.);
#759=VECTOR('',#2699,10.);
#760=VECTOR('',#2702,10.);
#761=VECTOR('',#2703,10.);
#762=VECTOR('',#2710,10.);
#763=VECTOR('',#2711,10.);
#764=VECTOR('',#2712,10.);
#765=VECTOR('',#2713,10.);
#766=VECTOR('',#2714,10.);
#767=VECTOR('',#2715,10.);
#768=VECTOR('',#2716,10.);
#769=VECTOR('',#2717,10.);
#770=VECTOR('',#2718,10.);
#771=VECTOR('',#2719,10.);
#772=VECTOR('',#2724,10.);
#773=VECTOR('',#2725,10.);
#774=VECTOR('',#2728,10.);
#775=VECTOR('',#2729,10.);
#776=VECTOR('',#2732,10.);
#777=VECTOR('',#2737,10.);
#778=VECTOR('',#2742,420.);
#779=VECTOR('',#2747,10.);
#780=VECTOR('',#2750,10.);
#781=VECTOR('',#2755,10.);
#782=VECTOR('',#2756,10.);
#783=VECTOR('',#2761,10.);
#784=VECTOR('',#2762,10.);
#785=VECTOR('',#2763,10.);
#786=VECTOR('',#2764,10.);
#787=VECTOR('',#2767,10.);
#788=VECTOR('',#2768,10.);
#789=VECTOR('',#2769,10.);
#790=VECTOR('',#2772,10.);
#791=VECTOR('',#2773,10.);
#792=VECTOR('',#2774,10.);
#793=VECTOR('',#2775,10.);
#794=VECTOR('',#2776,10.);
#795=VECTOR('',#2777,10.);
#796=VECTOR('',#2778,10.);
#797=VECTOR('',#2779,10.);
#798=VECTOR('',#2780,10.);
#799=VECTOR('',#2781,10.);
#800=VECTOR('',#2782,10.);
#801=VECTOR('',#2783,10.);
#802=VECTOR('',#2784,10.);
#803=VECTOR('',#2785,10.);
#804=VECTOR('',#2786,10.);
#805=VECTOR('',#2787,10.);
#806=VECTOR('',#2788,10.);
#807=VECTOR('',#2789,10.);
#808=VECTOR('',#2790,10.);
#809=VECTOR('',#2791,10.);
#810=VECTOR('',#2792,10.);
#811=VECTOR('',#2793,10.);
#812=VECTOR('',#2794,10.);
#813=VECTOR('',#2795,10.);
#814=VECTOR('',#2796,10.);
#815=VECTOR('',#2797,10.);
#816=VECTOR('',#2798,10.);
#817=VECTOR('',#2799,10.);
#818=VECTOR('',#2802,10.);
#819=VECTOR('',#2803,10.);
#820=VECTOR('',#2804,10.);
#821=VECTOR('',#2805,10.);
#822=VECTOR('',#2808,10.);
#823=VECTOR('',#2813,420.);
#824=VECTOR('',#2818,10.);
#825=VECTOR('',#2819,10.);
#826=VECTOR('',#2822,10.);
#827=VECTOR('',#2823,10.);
#828=VECTOR('',#2830,10.);
#829=VECTOR('',#2833,10.);
#830=VECTOR('',#2834,10.);
#831=VECTOR('',#2835,10.);
#832=VECTOR('',#2838,10.);
#833=VECTOR('',#2839,10.);
#834=VECTOR('',#2842,10.);
#835=VECTOR('',#2843,10.);
#836=VECTOR('',#2844,10.);
#837=VECTOR('',#2845,10.);
#838=VECTOR('',#2848,10.);
#839=VECTOR('',#2849,10.);
#840=VECTOR('',#2850,10.);
#841=VECTOR('',#2855,10.);
#842=VECTOR('',#2858,10.);
#843=VECTOR('',#2859,10.);
#844=VECTOR('',#2860,10.);
#845=VECTOR('',#2861,10.);
#846=VECTOR('',#2862,10.);
#847=VECTOR('',#2865,10.);
#848=VECTOR('',#2866,10.);
#849=VECTOR('',#2867,10.);
#850=VECTOR('',#2870,10.);
#851=VECTOR('',#2873,10.);
#852=VECTOR('',#2874,10.);
#853=VECTOR('',#2881,10.);
#854=VECTOR('',#2882,10.);
#855=VECTOR('',#2883,10.);
#856=VECTOR('',#2884,10.);
#857=VECTOR('',#2885,10.);
#858=VECTOR('',#2886,10.);
#859=VECTOR('',#2887,10.);
#860=VECTOR('',#2888,10.);
#861=VECTOR('',#2891,10.);
#862=VECTOR('',#2892,10.);
#863=VECTOR('',#2893,10.);
#864=VECTOR('',#2896,10.);
#865=VECTOR('',#2897,10.);
#866=VECTOR('',#2898,10.);
#867=VECTOR('',#2899,10.);
#868=VECTOR('',#2900,10.);
#869=VECTOR('',#2901,10.);
#870=VECTOR('',#2902,10.);
#871=VECTOR('',#2905,10.);
#872=VECTOR('',#2906,10.);
#873=VECTOR('',#2909,10.);
#874=VECTOR('',#2910,10.);
#875=VECTOR('',#2913,10.);
#876=VECTOR('',#2914,10.);
#877=VECTOR('',#2915,10.);
#878=VECTOR('',#2916,10.);
#879=VECTOR('',#2921,10.);
#880=VECTOR('',#2922,10.);
#881=VECTOR('',#2925,10.);
#882=VECTOR('',#2926,10.);
#883=VECTOR('',#2929,10.);
#884=VECTOR('',#2932,10.);
#885=VECTOR('',#2933,10.);
#886=VECTOR('',#2934,10.);
#887=VECTOR('',#2939,10.);
#888=VECTOR('',#2940,10.);
#889=VECTOR('',#2941,10.);
#890=VECTOR('',#2942,10.);
#891=VECTOR('',#2943,10.);
#892=VECTOR('',#2944,10.);
#893=VECTOR('',#2947,10.);
#894=VECTOR('',#2948,10.);
#895=VECTOR('',#2949,10.);
#896=VECTOR('',#2950,10.);
#897=VECTOR('',#2951,10.);
#898=VECTOR('',#2952,10.);
#899=VECTOR('',#2953,10.);
#900=VECTOR('',#2954,10.);
#901=VECTOR('',#2957,10.);
#902=VECTOR('',#2958,10.);
#903=VECTOR('',#2959,10.);
#904=VECTOR('',#2962,10.);
#905=VECTOR('',#2963,10.);
#906=VECTOR('',#2964,10.);
#907=VECTOR('',#2967,10.);
#908=VECTOR('',#2968,10.);
#909=VECTOR('',#2969,10.);
#910=VECTOR('',#2970,10.);
#911=VECTOR('',#2971,10.);
#912=VECTOR('',#2972,10.);
#913=VECTOR('',#2973,10.);
#914=VECTOR('',#2976,10.);
#915=VECTOR('',#2979,10.);
#916=VECTOR('',#2980,10.);
#917=VECTOR('',#2981,10.);
#918=VECTOR('',#2982,10.);
#919=VECTOR('',#2987,10.);
#920=VECTOR('',#2988,10.);
#921=VECTOR('',#2989,10.);
#922=VECTOR('',#2990,10.);
#923=VECTOR('',#2991,10.);
#924=VECTOR('',#2992,10.);
#925=VECTOR('',#2993,10.);
#926=VECTOR('',#2996,10.);
#927=VECTOR('',#2997,10.);
#928=VECTOR('',#3000,10.);
#929=VECTOR('',#3001,10.);
#930=VECTOR('',#3004,10.);
#931=VECTOR('',#3005,10.);
#932=VECTOR('',#3006,10.);
#933=VECTOR('',#3007,10.);
#934=VECTOR('',#3008,10.);
#935=VECTOR('',#3009,10.);
#936=VECTOR('',#3012,10.);
#937=VECTOR('',#3015,10.);
#938=VECTOR('',#3016,10.);
#939=VECTOR('',#3019,10.);
#940=VECTOR('',#3020,10.);
#941=VECTOR('',#3023,10.);
#942=VECTOR('',#3024,10.);
#943=VECTOR('',#3025,10.);
#944=VECTOR('',#3028,10.);
#945=VECTOR('',#3031,10.);
#946=VECTOR('',#3034,10.);
#947=VECTOR('',#3035,10.);
#948=VECTOR('',#3038,10.);
#949=VECTOR('',#3039,10.);
#950=VECTOR('',#3040,10.);
#951=VECTOR('',#3041,10.);
#952=VECTOR('',#3042,10.);
#953=VECTOR('',#3043,10.);
#954=VECTOR('',#3044,10.);
#955=VECTOR('',#3051,10.);
#956=VECTOR('',#3054,10.);
#957=VECTOR('',#3057,10.);
#958=VECTOR('',#3064,10.);
#959=VECTOR('',#3067,10.);
#960=VECTOR('',#3070,10.);
#961=VECTOR('',#3071,10.);
#962=VECTOR('',#3072,10.);
#963=VECTOR('',#3075,10.);
#964=VECTOR('',#3078,10.);
#965=VECTOR('',#3083,10.);
#966=VECTOR('',#3084,10.);
#967=VECTOR('',#3085,10.);
#968=VECTOR('',#3086,10.);
#969=VECTOR('',#3089,10.);
#970=VECTOR('',#3090,10.);
#971=VECTOR('',#3093,10.);
#972=VECTOR('',#3094,10.);
#973=VECTOR('',#3097,10.);
#974=VECTOR('',#3100,10.);
#975=VECTOR('',#3101,10.);
#976=VECTOR('',#3102,10.);
#977=VECTOR('',#3105,10.);
#978=VECTOR('',#3106,10.);
#979=VECTOR('',#3109,10.);
#980=VECTOR('',#3110,10.);
#981=VECTOR('',#3113,10.);
#982=VECTOR('',#3114,10.);
#983=VECTOR('',#3115,10.);
#984=VECTOR('',#3116,10.);
#985=VECTOR('',#3119,10.);
#986=VECTOR('',#3120,10.);
#987=VECTOR('',#3123,10.);
#988=VECTOR('',#3124,10.);
#989=VECTOR('',#3125,10.);
#990=VECTOR('',#3130,10.);
#991=VECTOR('',#3131,10.);
#992=VECTOR('',#3134,10.);
#993=VECTOR('',#3135,10.);
#994=VECTOR('',#3136,10.);
#995=VECTOR('',#3139,10.);
#996=VECTOR('',#3142,10.);
#997=VECTOR('',#3147,10.);
#998=VECTOR('',#3148,10.);
#999=VECTOR('',#3151,10.);
#1000=VECTOR('',#3158,10.);
#1001=VECTOR('',#3161,10.);
#1002=VECTOR('',#3164,10.);
#1003=VECTOR('',#3175,140.);
#1004=VECTOR('',#3186,140.);
#1005=CIRCLE('',#2413,220.);
#1006=CIRCLE('',#2414,220.);
#1007=CIRCLE('',#2415,220.);
#1008=CIRCLE('',#2416,220.);
#1009=CIRCLE('',#2417,220.);
#1010=CIRCLE('',#2418,220.);
#1011=CIRCLE('',#2427,220.);
#1012=CIRCLE('',#2428,220.);
#1013=CIRCLE('',#2429,220.);
#1014=CIRCLE('',#2430,220.);
#1015=CIRCLE('',#2431,220.);
#1016=CIRCLE('',#2432,220.);
#1017=CIRCLE('',#2445,340.);
#1018=CIRCLE('',#2446,340.);
#1019=CIRCLE('',#2448,340.);
#1020=CIRCLE('',#2449,420.);
#1021=CIRCLE('',#2450,420.);
#1022=CIRCLE('',#2453,340.);
#1023=CIRCLE('',#2456,420.);
#1024=CIRCLE('',#2458,420.);
#1025=CIRCLE('',#2460,420.);
#1026=CIRCLE('',#2462,420.);
#1027=CIRCLE('',#2465,420.);
#1028=CIRCLE('',#2467,420.);
#1029=CIRCLE('',#2468,420.);
#1030=CIRCLE('',#2471,420.);
#1031=CIRCLE('',#2473,420.);
#1032=CIRCLE('',#2476,420.);
#1033=CIRCLE('',#2561,140.);
#1034=CIRCLE('',#2563,140.);
#1035=CIRCLE('',#2566,140.);
#1036=CIRCLE('',#2568,140.);
#1037=VERTEX_POINT('',#3191);
#1038=VERTEX_POINT('',#3193);
#1039=VERTEX_POINT('',#3195);
#1040=VERTEX_POINT('',#3197);
#1041=VERTEX_POINT('',#3199);
#1042=VERTEX_POINT('',#3201);
#1043=VERTEX_POINT('',#3203);
#1044=VERTEX_POINT('',#3205);
#1045=VERTEX_POINT('',#3207);
#1046=VERTEX_POINT('',#3209);
#1047=VERTEX_POINT('',#3214);
#1048=VERTEX_POINT('',#3216);
#1049=VERTEX_POINT('',#3220);
#1050=VERTEX_POINT('',#3222);
#1051=VERTEX_POINT('',#3226);
#1052=VERTEX_POINT('',#3230);
#1053=VERTEX_POINT('',#3234);
#1054=VERTEX_POINT('',#3238);
#1055=VERTEX_POINT('',#3242);
#1056=VERTEX_POINT('',#3244);
#1057=VERTEX_POINT('',#3246);
#1058=VERTEX_POINT('',#3248);
#1059=VERTEX_POINT('',#3250);
#1060=VERTEX_POINT('',#3252);
#1061=VERTEX_POINT('',#3254);
#1062=VERTEX_POINT('',#3256);
#1063=VERTEX_POINT('',#3258);
#1064=VERTEX_POINT('',#3260);
#1065=VERTEX_POINT('',#3265);
#1066=VERTEX_POINT('',#3267);
#1067=VERTEX_POINT('',#3271);
#1068=VERTEX_POINT('',#3273);
#1069=VERTEX_POINT('',#3277);
#1070=VERTEX_POINT('',#3281);
#1071=VERTEX_POINT('',#3285);
#1072=VERTEX_POINT('',#3289);
#1073=VERTEX_POINT('',#3301);
#1074=VERTEX_POINT('',#3302);
#1075=VERTEX_POINT('',#3304);
#1076=VERTEX_POINT('',#3306);
#1077=VERTEX_POINT('',#3310);
#1078=VERTEX_POINT('',#3312);
#1079=VERTEX_POINT('',#3314);
#1080=VERTEX_POINT('',#3316);
#1081=VERTEX_POINT('',#3318);
#1082=VERTEX_POINT('',#3320);
#1083=VERTEX_POINT('',#3322);
#1084=VERTEX_POINT('',#3324);
#1085=VERTEX_POINT('',#3326);
#1086=VERTEX_POINT('',#3328);
#1087=VERTEX_POINT('',#3330);
#1088=VERTEX_POINT('',#3332);
#1089=VERTEX_POINT('',#3334);
#1090=VERTEX_POINT('',#3336);
#1091=VERTEX_POINT('',#3339);
#1092=VERTEX_POINT('',#3341);
#1093=VERTEX_POINT('',#3344);
#1094=VERTEX_POINT('',#3346);
#1095=VERTEX_POINT('',#3348);
#1096=VERTEX_POINT('',#3350);
#1097=VERTEX_POINT('',#3352);
#1098=VERTEX_POINT('',#3354);
#1099=VERTEX_POINT('',#3356);
#1100=VERTEX_POINT('',#3358);
#1101=VERTEX_POINT('',#3360);
#1102=VERTEX_POINT('',#3364);
#1103=VERTEX_POINT('',#3365);
#1104=VERTEX_POINT('',#3370);
#1105=VERTEX_POINT('',#3374);
#1106=VERTEX_POINT('',#3375);
#1107=VERTEX_POINT('',#3379);
#1108=VERTEX_POINT('',#3380);
#1109=VERTEX_POINT('',#3384);
#1110=VERTEX_POINT('',#3388);
#1111=VERTEX_POINT('',#3390);
#1112=VERTEX_POINT('',#3395);
#1113=VERTEX_POINT('',#3397);
#1114=VERTEX_POINT('',#3402);
#1115=VERTEX_POINT('',#3404);
#1116=VERTEX_POINT('',#3406);
#1117=VERTEX_POINT('',#3408);
#1118=VERTEX_POINT('',#3410);
#1119=VERTEX_POINT('',#3412);
#1120=VERTEX_POINT('',#3414);
#1121=VERTEX_POINT('',#3416);
#1122=VERTEX_POINT('',#3418);
#1123=VERTEX_POINT('',#3420);
#1124=VERTEX_POINT('',#3422);
#1125=VERTEX_POINT('',#3424);
#1126=VERTEX_POINT('',#3426);
#1127=VERTEX_POINT('',#3428);
#1128=VERTEX_POINT('',#3430);
#1129=VERTEX_POINT('',#3432);
#1130=VERTEX_POINT('',#3434);
#1131=VERTEX_POINT('',#3436);
#1132=VERTEX_POINT('',#3438);
#1133=VERTEX_POINT('',#3442);
#1134=VERTEX_POINT('',#3444);
#1135=VERTEX_POINT('',#3447);
#1136=VERTEX_POINT('',#3450);
#1137=VERTEX_POINT('',#3451);
#1138=VERTEX_POINT('',#3453);
#1139=VERTEX_POINT('',#3455);
#1140=VERTEX_POINT('',#3457);
#1141=VERTEX_POINT('',#3459);
#1142=VERTEX_POINT('',#3461);
#1143=VERTEX_POINT('',#3463);
#1144=VERTEX_POINT('',#3465);
#1145=VERTEX_POINT('',#3467);
#1146=VERTEX_POINT('',#3471);
#1147=VERTEX_POINT('',#3473);
#1148=VERTEX_POINT('',#3475);
#1149=VERTEX_POINT('',#3479);
#1150=VERTEX_POINT('',#3480);
#1151=VERTEX_POINT('',#3484);
#1152=VERTEX_POINT('',#3491);
#1153=VERTEX_POINT('',#3493);
#1154=VERTEX_POINT('',#3500);
#1155=VERTEX_POINT('',#3502);
#1156=VERTEX_POINT('',#3506);
#1157=VERTEX_POINT('',#3510);
#1158=VERTEX_POINT('',#3512);
#1159=VERTEX_POINT('',#3514);
#1160=VERTEX_POINT('',#3519);
#1161=VERTEX_POINT('',#3526);
#1162=VERTEX_POINT('',#3528);
#1163=VERTEX_POINT('',#3530);
#1164=VERTEX_POINT('',#3532);
#1165=VERTEX_POINT('',#3536);
#1166=VERTEX_POINT('',#3538);
#1167=VERTEX_POINT('',#3549);
#1168=VERTEX_POINT('',#3550);
#1169=VERTEX_POINT('',#3552);
#1170=VERTEX_POINT('',#3554);
#1171=VERTEX_POINT('',#3556);
#1172=VERTEX_POINT('',#3558);
#1173=VERTEX_POINT('',#3560);
#1174=VERTEX_POINT('',#3562);
#1175=VERTEX_POINT('',#3566);
#1176=VERTEX_POINT('',#3568);
#1177=VERTEX_POINT('',#3572);
#1178=VERTEX_POINT('',#3574);
#1179=VERTEX_POINT('',#3577);
#1180=VERTEX_POINT('',#3578);
#1181=VERTEX_POINT('',#3580);
#1182=VERTEX_POINT('',#3582);
#1183=VERTEX_POINT('',#3586);
#1184=VERTEX_POINT('',#3590);
#1185=VERTEX_POINT('',#3594);
#1186=VERTEX_POINT('',#3597);
#1187=VERTEX_POINT('',#3602);
#1188=VERTEX_POINT('',#3606);
#1189=VERTEX_POINT('',#3612);
#1190=VERTEX_POINT('',#3614);
#1191=VERTEX_POINT('',#3619);
#1192=VERTEX_POINT('',#3622);
#1193=VERTEX_POINT('',#3624);
#1194=VERTEX_POINT('',#3626);
#1195=VERTEX_POINT('',#3630);
#1196=VERTEX_POINT('',#3631);
#1197=VERTEX_POINT('',#3633);
#1198=VERTEX_POINT('',#3635);
#1199=VERTEX_POINT('',#3637);
#1200=VERTEX_POINT('',#3639);
#1201=VERTEX_POINT('',#3641);
#1202=VERTEX_POINT('',#3643);
#1203=VERTEX_POINT('',#3647);
#1204=VERTEX_POINT('',#3649);
#1205=VERTEX_POINT('',#3653);
#1206=VERTEX_POINT('',#3655);
#1207=VERTEX_POINT('',#3659);
#1208=VERTEX_POINT('',#3660);
#1209=VERTEX_POINT('',#3664);
#1210=VERTEX_POINT('',#3665);
#1211=VERTEX_POINT('',#3667);
#1212=VERTEX_POINT('',#3669);
#1213=VERTEX_POINT('',#3675);
#1214=VERTEX_POINT('',#3678);
#1215=VERTEX_POINT('',#3683);
#1216=VERTEX_POINT('',#3685);
#1217=VERTEX_POINT('',#3688);
#1218=VERTEX_POINT('',#3690);
#1219=VERTEX_POINT('',#3692);
#1220=VERTEX_POINT('',#3696);
#1221=VERTEX_POINT('',#3700);
#1222=VERTEX_POINT('',#3704);
#1223=VERTEX_POINT('',#3706);
#1224=VERTEX_POINT('',#3708);
#1225=VERTEX_POINT('',#3711);
#1226=VERTEX_POINT('',#3717);
#1227=VERTEX_POINT('',#3721);
#1228=VERTEX_POINT('',#3725);
#1229=VERTEX_POINT('',#3727);
#1230=VERTEX_POINT('',#3735);
#1231=VERTEX_POINT('',#3742);
#1232=VERTEX_POINT('',#3743);
#1233=VERTEX_POINT('',#3745);
#1234=VERTEX_POINT('',#3747);
#1235=VERTEX_POINT('',#3765);
#1236=VERTEX_POINT('',#3767);
#1237=VERTEX_POINT('',#3776);
#1238=VERTEX_POINT('',#3777);
#1239=VERTEX_POINT('',#3779);
#1240=VERTEX_POINT('',#3781);
#1241=VERTEX_POINT('',#3785);
#1242=VERTEX_POINT('',#3789);
#1243=VERTEX_POINT('',#3795);
#1244=VERTEX_POINT('',#3797);
#1245=VERTEX_POINT('',#3801);
#1246=VERTEX_POINT('',#3805);
#1247=VERTEX_POINT('',#3809);
#1248=VERTEX_POINT('',#3811);
#1249=VERTEX_POINT('',#3813);
#1250=VERTEX_POINT('',#3817);
#1251=VERTEX_POINT('',#3822);
#1252=VERTEX_POINT('',#3827);
#1253=VERTEX_POINT('',#3831);
#1254=VERTEX_POINT('',#3833);
#1255=VERTEX_POINT('',#3856);
#1256=VERTEX_POINT('',#3859);
#1257=VERTEX_POINT('',#3864);
#1258=VERTEX_POINT('',#3867);
#1259=EDGE_CURVE('',#1037,#1037,#1005,.T.);
#1260=EDGE_CURVE('',#1037,#1038,#403,.T.);
#1261=EDGE_CURVE('',#1039,#1038,#1006,.T.);
#1262=EDGE_CURVE('',#1040,#1039,#404,.T.);
#1263=EDGE_CURVE('',#1041,#1040,#1007,.T.);
#1264=EDGE_CURVE('',#1042,#1041,#405,.T.);
#1265=EDGE_CURVE('',#1043,#1042,#1008,.T.);
#1266=EDGE_CURVE('',#1044,#1043,#406,.T.);
#1267=EDGE_CURVE('',#1045,#1044,#1009,.T.);
#1268=EDGE_CURVE('',#1046,#1045,#407,.T.);
#1269=EDGE_CURVE('',#1038,#1046,#1010,.T.);
#1270=EDGE_CURVE('',#1047,#1039,#408,.T.);
#1271=EDGE_CURVE('',#1047,#1048,#409,.T.);
#1272=EDGE_CURVE('',#1040,#1048,#410,.T.);
#1273=EDGE_CURVE('',#1049,#1045,#411,.T.);
#1274=EDGE_CURVE('',#1050,#1049,#412,.T.);
#1275=EDGE_CURVE('',#1046,#1050,#413,.T.);
#1276=EDGE_CURVE('',#1048,#1051,#414,.T.);
#1277=EDGE_CURVE('',#1051,#1041,#415,.T.);
#1278=EDGE_CURVE('',#1044,#1052,#416,.T.);
#1279=EDGE_CURVE('',#1052,#1049,#417,.T.);
#1280=EDGE_CURVE('',#1053,#1051,#418,.T.);
#1281=EDGE_CURVE('',#1042,#1053,#419,.T.);
#1282=EDGE_CURVE('',#1054,#1043,#420,.T.);
#1283=EDGE_CURVE('',#1054,#1052,#421,.T.);
#1284=EDGE_CURVE('',#1055,#1055,#1011,.T.);
#1285=EDGE_CURVE('',#1055,#1056,#422,.T.);
#1286=EDGE_CURVE('',#1057,#1056,#1012,.T.);
#1287=EDGE_CURVE('',#1058,#1057,#423,.T.);
#1288=EDGE_CURVE('',#1059,#1058,#1013,.T.);
#1289=EDGE_CURVE('',#1060,#1059,#424,.T.);
#1290=EDGE_CURVE('',#1061,#1060,#1014,.T.);
#1291=EDGE_CURVE('',#1062,#1061,#425,.T.);
#1292=EDGE_CURVE('',#1063,#1062,#1015,.T.);
#1293=EDGE_CURVE('',#1064,#1063,#426,.T.);
#1294=EDGE_CURVE('',#1056,#1064,#1016,.T.);
#1295=EDGE_CURVE('',#1065,#1057,#427,.T.);
#1296=EDGE_CURVE('',#1065,#1066,#428,.T.);
#1297=EDGE_CURVE('',#1058,#1066,#429,.T.);
#1298=EDGE_CURVE('',#1067,#1063,#430,.T.);
#1299=EDGE_CURVE('',#1068,#1067,#431,.T.);
#1300=EDGE_CURVE('',#1064,#1068,#432,.T.);
#1301=EDGE_CURVE('',#1066,#1069,#433,.T.);
#1302=EDGE_CURVE('',#1069,#1059,#434,.T.);
#1303=EDGE_CURVE('',#1062,#1070,#435,.T.);
#1304=EDGE_CURVE('',#1070,#1067,#436,.T.);
#1305=EDGE_CURVE('',#1071,#1069,#437,.T.);
#1306=EDGE_CURVE('',#1060,#1071,#438,.T.);
#1307=EDGE_CURVE('',#1072,#1061,#439,.T.);
#1308=EDGE_CURVE('',#1072,#1070,#440,.T.);
#1309=EDGE_CURVE('',#1068,#1072,#441,.T.);
#1310=EDGE_CURVE('',#1071,#1065,#442,.T.);
#1311=EDGE_CURVE('',#1053,#1047,#443,.T.);
#1312=EDGE_CURVE('',#1050,#1054,#444,.T.);
#1313=EDGE_CURVE('',#1073,#1074,#1017,.T.);
#1314=EDGE_CURVE('',#1075,#1073,#445,.T.);
#1315=EDGE_CURVE('',#1076,#1075,#1018,.T.);
#1316=EDGE_CURVE('',#1074,#1076,#446,.T.);
#1317=EDGE_CURVE('',#1075,#1077,#447,.T.);
#1318=EDGE_CURVE('',#1077,#1078,#448,.T.);
#1319=EDGE_CURVE('',#1078,#1079,#449,.T.);
#1320=EDGE_CURVE('',#1079,#1080,#450,.T.);
#1321=EDGE_CURVE('',#1080,#1081,#451,.T.);
#1322=EDGE_CURVE('',#1081,#1082,#452,.T.);
#1323=EDGE_CURVE('',#1082,#1083,#453,.T.);
#1324=EDGE_CURVE('',#1083,#1084,#454,.T.);
#1325=EDGE_CURVE('',#1084,#1085,#455,.T.);
#1326=EDGE_CURVE('',#1085,#1086,#456,.T.);
#1327=EDGE_CURVE('',#1086,#1087,#457,.T.);
#1328=EDGE_CURVE('',#1087,#1088,#458,.T.);
#1329=EDGE_CURVE('',#1088,#1089,#1019,.T.);
#1330=EDGE_CURVE('',#1089,#1090,#459,.T.);
#1331=EDGE_CURVE('',#1090,#1076,#460,.T.);
#1332=EDGE_CURVE('',#1091,#1091,#1020,.T.);
#1333=EDGE_CURVE('',#1092,#1092,#1021,.T.);
#1334=EDGE_CURVE('',#1093,#1073,#461,.T.);
#1335=EDGE_CURVE('',#1093,#1094,#462,.T.);
#1336=EDGE_CURVE('',#1094,#1095,#463,.T.);
#1337=EDGE_CURVE('',#1095,#1096,#464,.T.);
#1338=EDGE_CURVE('',#1097,#1096,#465,.T.);
#1339=EDGE_CURVE('',#1098,#1097,#466,.T.);
#1340=EDGE_CURVE('',#1098,#1099,#467,.T.);
#1341=EDGE_CURVE('',#1099,#1100,#468,.T.);
#1342=EDGE_CURVE('',#1100,#1101,#469,.T.);
#1343=EDGE_CURVE('',#1077,#1101,#470,.T.);
#1344=EDGE_CURVE('',#1102,#1103,#1022,.T.);
#1345=EDGE_CURVE('',#1089,#1102,#471,.T.);
#1346=EDGE_CURVE('',#1103,#1088,#472,.T.);
#1347=EDGE_CURVE('',#1104,#1102,#473,.T.);
#1348=EDGE_CURVE('',#1090,#1104,#474,.T.);
#1349=EDGE_CURVE('',#1105,#1106,#475,.T.);
#1350=EDGE_CURVE('',#1105,#1106,#1023,.T.);
#1351=EDGE_CURVE('',#1107,#1108,#476,.T.);
#1352=EDGE_CURVE('',#1107,#1108,#1024,.T.);
#1353=EDGE_CURVE('',#1091,#1109,#477,.T.);
#1354=EDGE_CURVE('',#1109,#1109,#1025,.T.);
#1355=EDGE_CURVE('',#1110,#1105,#478,.T.);
#1356=EDGE_CURVE('',#1111,#1110,#1026,.T.);
#1357=EDGE_CURVE('',#1106,#1111,#479,.T.);
#1358=EDGE_CURVE('',#1108,#1112,#480,.T.);
#1359=EDGE_CURVE('',#1113,#1107,#481,.T.);
#1360=EDGE_CURVE('',#1112,#1113,#1027,.T.);
#1361=EDGE_CURVE('',#1074,#1104,#482,.T.);
#1362=EDGE_CURVE('',#1103,#1114,#483,.T.);
#1363=EDGE_CURVE('',#1114,#1115,#484,.T.);
#1364=EDGE_CURVE('',#1115,#1116,#485,.T.);
#1365=EDGE_CURVE('',#1116,#1117,#1028,.T.);
#1366=EDGE_CURVE('',#1117,#1118,#486,.T.);
#1367=EDGE_CURVE('',#1118,#1119,#487,.T.);
#1368=EDGE_CURVE('',#1119,#1120,#488,.T.);
#1369=EDGE_CURVE('',#1120,#1121,#1029,.T.);
#1370=EDGE_CURVE('',#1121,#1122,#489,.T.);
#1371=EDGE_CURVE('',#1122,#1123,#490,.T.);
#1372=EDGE_CURVE('',#1123,#1124,#491,.T.);
#1373=EDGE_CURVE('',#1124,#1125,#492,.T.);
#1374=EDGE_CURVE('',#1125,#1126,#493,.T.);
#1375=EDGE_CURVE('',#1126,#1127,#494,.T.);
#1376=EDGE_CURVE('',#1127,#1128,#495,.T.);
#1377=EDGE_CURVE('',#1128,#1129,#496,.T.);
#1378=EDGE_CURVE('',#1129,#1130,#497,.T.);
#1379=EDGE_CURVE('',#1130,#1131,#498,.T.);
#1380=EDGE_CURVE('',#1131,#1132,#499,.T.);
#1381=EDGE_CURVE('',#1132,#1097,#500,.T.);
#1382=EDGE_CURVE('',#1096,#1111,#501,.T.);
#1383=EDGE_CURVE('',#1110,#1133,#502,.T.);
#1384=EDGE_CURVE('',#1133,#1134,#503,.T.);
#1385=EDGE_CURVE('',#1134,#1112,#504,.T.);
#1386=EDGE_CURVE('',#1113,#1135,#505,.T.);
#1387=EDGE_CURVE('',#1135,#1093,#506,.T.);
#1388=EDGE_CURVE('',#1136,#1137,#507,.T.);
#1389=EDGE_CURVE('',#1137,#1138,#508,.T.);
#1390=EDGE_CURVE('',#1138,#1139,#509,.T.);
#1391=EDGE_CURVE('',#1139,#1140,#510,.T.);
#1392=EDGE_CURVE('',#1140,#1141,#511,.T.);
#1393=EDGE_CURVE('',#1141,#1142,#512,.T.);
#1394=EDGE_CURVE('',#1142,#1143,#513,.T.);
#1395=EDGE_CURVE('',#1143,#1144,#514,.T.);
#1396=EDGE_CURVE('',#1144,#1145,#515,.T.);
#1397=EDGE_CURVE('',#1145,#1136,#516,.T.);
#1398=EDGE_CURVE('',#1095,#1146,#517,.T.);
#1399=EDGE_CURVE('',#1146,#1147,#518,.T.);
#1400=EDGE_CURVE('',#1148,#1147,#519,.T.);
#1401=EDGE_CURVE('',#1133,#1148,#520,.T.);
#1402=EDGE_CURVE('',#1149,#1150,#521,.T.);
#1403=EDGE_CURVE('',#1149,#1150,#1030,.T.);
#1404=EDGE_CURVE('',#1092,#1151,#522,.T.);
#1405=EDGE_CURVE('',#1151,#1151,#1031,.T.);
#1406=EDGE_CURVE('',#1150,#1120,#523,.T.);
#1407=EDGE_CURVE('',#1121,#1149,#524,.T.);
#1408=EDGE_CURVE('',#1117,#1152,#525,.T.);
#1409=EDGE_CURVE('',#1153,#1116,#526,.T.);
#1410=EDGE_CURVE('',#1152,#1153,#1032,.T.);
#1411=EDGE_CURVE('',#1152,#1153,#527,.T.);
#1412=EDGE_CURVE('',#1115,#1154,#528,.T.);
#1413=EDGE_CURVE('',#1155,#1154,#529,.T.);
#1414=EDGE_CURVE('',#1118,#1155,#530,.T.);
#1415=EDGE_CURVE('',#1156,#1155,#531,.T.);
#1416=EDGE_CURVE('',#1119,#1156,#532,.T.);
#1417=EDGE_CURVE('',#1157,#1114,#533,.T.);
#1418=EDGE_CURVE('',#1158,#1157,#534,.T.);
#1419=EDGE_CURVE('',#1158,#1159,#535,.T.);
#1420=EDGE_CURVE('',#1154,#1159,#536,.T.);
#1421=EDGE_CURVE('',#1159,#1156,#537,.T.);
#1422=EDGE_CURVE('',#1160,#1158,#538,.T.);
#1423=EDGE_CURVE('',#1122,#1160,#539,.T.);
#1424=EDGE_CURVE('',#1160,#1157,#540,.T.);
#1425=EDGE_CURVE('',#1087,#1161,#541,.T.);
#1426=EDGE_CURVE('',#1161,#1162,#542,.T.);
#1427=EDGE_CURVE('',#1162,#1163,#543,.T.);
#1428=EDGE_CURVE('',#1163,#1164,#544,.T.);
#1429=EDGE_CURVE('',#1164,#1123,#545,.T.);
#1430=EDGE_CURVE('',#1134,#1165,#546,.T.);
#1431=EDGE_CURVE('',#1166,#1165,#547,.T.);
#1432=EDGE_CURVE('',#1135,#1166,#548,.T.);
#1433=EDGE_CURVE('',#1165,#1148,#549,.T.);
#1434=EDGE_CURVE('',#1147,#1166,#550,.T.);
#1435=EDGE_CURVE('',#1146,#1094,#551,.T.);
#1436=EDGE_CURVE('',#1167,#1168,#552,.T.);
#1437=EDGE_CURVE('',#1169,#1167,#553,.T.);
#1438=EDGE_CURVE('',#1170,#1169,#554,.T.);
#1439=EDGE_CURVE('',#1170,#1171,#555,.T.);
#1440=EDGE_CURVE('',#1172,#1171,#556,.T.);
#1441=EDGE_CURVE('',#1173,#1172,#557,.T.);
#1442=EDGE_CURVE('',#1174,#1173,#558,.T.);
#1443=EDGE_CURVE('',#1174,#1168,#559,.T.);
#1444=EDGE_CURVE('',#1175,#1170,#560,.T.);
#1445=EDGE_CURVE('',#1176,#1175,#561,.T.);
#1446=EDGE_CURVE('',#1171,#1176,#562,.T.);
#1447=EDGE_CURVE('',#1177,#1172,#563,.T.);
#1448=EDGE_CURVE('',#1178,#1177,#564,.T.);
#1449=EDGE_CURVE('',#1173,#1178,#565,.T.);
#1450=EDGE_CURVE('',#1179,#1180,#566,.T.);
#1451=EDGE_CURVE('',#1181,#1179,#567,.T.);
#1452=EDGE_CURVE('',#1182,#1181,#568,.T.);
#1453=EDGE_CURVE('',#1180,#1182,#569,.T.);
#1454=EDGE_CURVE('',#1178,#1183,#570,.T.);
#1455=EDGE_CURVE('',#1183,#1174,#571,.T.);
#1456=EDGE_CURVE('',#1168,#1184,#572,.T.);
#1457=EDGE_CURVE('',#1184,#1183,#573,.T.);
#1458=EDGE_CURVE('',#1184,#1185,#574,.T.);
#1459=EDGE_CURVE('',#1176,#1177,#575,.T.);
#1460=EDGE_CURVE('',#1186,#1175,#576,.T.);
#1461=EDGE_CURVE('',#1185,#1186,#577,.T.);
#1462=EDGE_CURVE('',#1181,#1187,#578,.T.);
#1463=EDGE_CURVE('',#1187,#1182,#579,.T.);
#1464=EDGE_CURVE('',#1188,#1187,#580,.T.);
#1465=EDGE_CURVE('',#1180,#1188,#581,.T.);
#1466=EDGE_CURVE('',#1188,#1179,#582,.T.);
#1467=EDGE_CURVE('',#1189,#1186,#583,.T.);
#1468=EDGE_CURVE('',#1190,#1189,#584,.T.);
#1469=EDGE_CURVE('',#1185,#1190,#585,.T.);
#1470=EDGE_CURVE('',#1190,#1191,#586,.T.);
#1471=EDGE_CURVE('',#1191,#1162,#587,.T.);
#1472=EDGE_CURVE('',#1192,#1161,#588,.T.);
#1473=EDGE_CURVE('',#1193,#1192,#589,.T.);
#1474=EDGE_CURVE('',#1193,#1194,#590,.T.);
#1475=EDGE_CURVE('',#1194,#1167,#591,.T.);
#1476=EDGE_CURVE('',#1195,#1196,#592,.T.);
#1477=EDGE_CURVE('',#1197,#1195,#593,.T.);
#1478=EDGE_CURVE('',#1198,#1197,#594,.T.);
#1479=EDGE_CURVE('',#1199,#1198,#595,.T.);
#1480=EDGE_CURVE('',#1200,#1199,#596,.T.);
#1481=EDGE_CURVE('',#1200,#1201,#597,.T.);
#1482=EDGE_CURVE('',#1202,#1201,#598,.T.);
#1483=EDGE_CURVE('',#1196,#1202,#599,.T.);
#1484=EDGE_CURVE('',#1203,#1198,#600,.T.);
#1485=EDGE_CURVE('',#1203,#1204,#601,.T.);
#1486=EDGE_CURVE('',#1199,#1204,#602,.T.);
#1487=EDGE_CURVE('',#1196,#1205,#603,.T.);
#1488=EDGE_CURVE('',#1206,#1202,#604,.T.);
#1489=EDGE_CURVE('',#1206,#1205,#605,.T.);
#1490=EDGE_CURVE('',#1207,#1208,#606,.T.);
#1491=EDGE_CURVE('',#1201,#1208,#607,.T.);
#1492=EDGE_CURVE('',#1207,#1200,#608,.T.);
#1493=EDGE_CURVE('',#1209,#1210,#609,.T.);
#1494=EDGE_CURVE('',#1211,#1209,#610,.T.);
#1495=EDGE_CURVE('',#1212,#1211,#611,.T.);
#1496=EDGE_CURVE('',#1210,#1212,#612,.T.);
#1497=EDGE_CURVE('',#1204,#1207,#613,.T.);
#1498=EDGE_CURVE('',#1205,#1213,#614,.T.);
#1499=EDGE_CURVE('',#1208,#1206,#615,.T.);
#1500=EDGE_CURVE('',#1214,#1203,#616,.T.);
#1501=EDGE_CURVE('',#1213,#1214,#617,.T.);
#1502=EDGE_CURVE('',#1213,#1215,#618,.T.);
#1503=EDGE_CURVE('',#1215,#1216,#619,.T.);
#1504=EDGE_CURVE('',#1216,#1099,#620,.T.);
#1505=EDGE_CURVE('',#1217,#1098,#621,.T.);
#1506=EDGE_CURVE('',#1218,#1217,#622,.T.);
#1507=EDGE_CURVE('',#1218,#1219,#623,.T.);
#1508=EDGE_CURVE('',#1219,#1195,#624,.T.);
#1509=EDGE_CURVE('',#1211,#1220,#625,.T.);
#1510=EDGE_CURVE('',#1220,#1212,#626,.T.);
#1511=EDGE_CURVE('',#1221,#1214,#627,.T.);
#1512=EDGE_CURVE('',#1221,#1215,#628,.T.);
#1513=EDGE_CURVE('',#1197,#1222,#629,.T.);
#1514=EDGE_CURVE('',#1222,#1223,#630,.T.);
#1515=EDGE_CURVE('',#1224,#1223,#631,.T.);
#1516=EDGE_CURVE('',#1101,#1224,#632,.T.);
#1517=EDGE_CURVE('',#1100,#1225,#633,.T.);
#1518=EDGE_CURVE('',#1225,#1221,#634,.T.);
#1519=EDGE_CURVE('',#1222,#1219,#635,.T.);
#1520=EDGE_CURVE('',#1226,#1209,#636,.T.);
#1521=EDGE_CURVE('',#1226,#1220,#637,.T.);
#1522=EDGE_CURVE('',#1191,#1227,#638,.T.);
#1523=EDGE_CURVE('',#1163,#1227,#639,.T.);
#1524=EDGE_CURVE('',#1228,#1193,#640,.T.);
#1525=EDGE_CURVE('',#1229,#1228,#641,.T.);
#1526=EDGE_CURVE('',#1194,#1229,#642,.T.);
#1527=EDGE_CURVE('',#1169,#1229,#643,.T.);
#1528=EDGE_CURVE('',#1227,#1189,#644,.T.);
#1529=EDGE_CURVE('',#1230,#1228,#645,.T.);
#1530=EDGE_CURVE('',#1164,#1230,#646,.T.);
#1531=EDGE_CURVE('',#1086,#1192,#647,.T.);
#1532=EDGE_CURVE('',#1085,#1125,#648,.T.);
#1533=EDGE_CURVE('',#1230,#1124,#649,.T.);
#1534=EDGE_CURVE('',#1231,#1232,#650,.T.);
#1535=EDGE_CURVE('',#1232,#1233,#651,.T.);
#1536=EDGE_CURVE('',#1233,#1234,#652,.T.);
#1537=EDGE_CURVE('',#1234,#1231,#653,.T.);
#1538=EDGE_CURVE('',#1223,#1218,#654,.T.);
#1539=EDGE_CURVE('',#1210,#1226,#655,.T.);
#1540=EDGE_CURVE('',#1225,#1216,#656,.T.);
#1541=EDGE_CURVE('',#1078,#1224,#657,.T.);
#1542=EDGE_CURVE('',#1217,#1132,#658,.T.);
#1543=EDGE_CURVE('',#1235,#1232,#659,.T.);
#1544=EDGE_CURVE('',#1235,#1236,#660,.T.);
#1545=EDGE_CURVE('',#1233,#1236,#661,.T.);
#1546=EDGE_CURVE('',#1231,#1235,#662,.T.);
#1547=EDGE_CURVE('',#1236,#1234,#663,.T.);
#1548=EDGE_CURVE('',#1237,#1238,#664,.T.);
#1549=EDGE_CURVE('',#1239,#1237,#665,.T.);
#1550=EDGE_CURVE('',#1239,#1240,#666,.T.);
#1551=EDGE_CURVE('',#1238,#1240,#667,.T.);
#1552=EDGE_CURVE('',#1241,#1237,#668,.T.);
#1553=EDGE_CURVE('',#1241,#1239,#669,.T.);
#1554=EDGE_CURVE('',#1242,#1241,#670,.T.);
#1555=EDGE_CURVE('',#1240,#1242,#671,.T.);
#1556=EDGE_CURVE('',#1238,#1242,#672,.T.);
#1557=EDGE_CURVE('',#1144,#1243,#673,.T.);
#1558=EDGE_CURVE('',#1244,#1243,#674,.T.);
#1559=EDGE_CURVE('',#1145,#1244,#675,.T.);
#1560=EDGE_CURVE('',#1143,#1245,#676,.T.);
#1561=EDGE_CURVE('',#1243,#1245,#677,.T.);
#1562=EDGE_CURVE('',#1142,#1246,#678,.T.);
#1563=EDGE_CURVE('',#1245,#1246,#679,.T.);
#1564=EDGE_CURVE('',#1247,#1141,#680,.T.);
#1565=EDGE_CURVE('',#1248,#1247,#681,.T.);
#1566=EDGE_CURVE('',#1248,#1249,#682,.T.);
#1567=EDGE_CURVE('',#1246,#1249,#683,.T.);
#1568=EDGE_CURVE('',#1250,#1244,#684,.T.);
#1569=EDGE_CURVE('',#1136,#1250,#685,.T.);
#1570=EDGE_CURVE('',#1249,#1250,#686,.T.);
#1571=EDGE_CURVE('',#1251,#1248,#687,.T.);
#1572=EDGE_CURVE('',#1137,#1251,#688,.T.);
#1573=EDGE_CURVE('',#1252,#1251,#689,.T.);
#1574=EDGE_CURVE('',#1138,#1252,#690,.T.);
#1575=EDGE_CURVE('',#1247,#1253,#691,.T.);
#1576=EDGE_CURVE('',#1253,#1254,#692,.T.);
#1577=EDGE_CURVE('',#1254,#1252,#693,.T.);
#1578=EDGE_CURVE('',#1139,#1254,#694,.T.);
#1579=EDGE_CURVE('',#1140,#1253,#695,.T.);
#1580=EDGE_CURVE('',#1128,#1082,#696,.T.);
#1581=EDGE_CURVE('',#1083,#1127,#697,.T.);
#1582=EDGE_CURVE('',#1084,#1126,#698,.T.);
#1583=EDGE_CURVE('',#1079,#1131,#699,.T.);
#1584=EDGE_CURVE('',#1080,#1130,#700,.T.);
#1585=EDGE_CURVE('',#1081,#1129,#701,.T.);
#1586=EDGE_CURVE('',#1255,#1255,#1033,.T.);
#1587=EDGE_CURVE('',#1256,#1256,#1034,.T.);
#1588=EDGE_CURVE('',#1256,#1255,#702,.T.);
#1589=EDGE_CURVE('',#1257,#1257,#1035,.T.);
#1590=EDGE_CURVE('',#1258,#1258,#1036,.T.);
#1591=EDGE_CURVE('',#1258,#1257,#703,.T.);
#1592=ORIENTED_EDGE('',*,*,#1259,.F.);
#1593=ORIENTED_EDGE('',*,*,#1260,.T.);
#1594=ORIENTED_EDGE('',*,*,#1261,.F.);
#1595=ORIENTED_EDGE('',*,*,#1262,.F.);
#1596=ORIENTED_EDGE('',*,*,#1263,.F.);
#1597=ORIENTED_EDGE('',*,*,#1264,.F.);
#1598=ORIENTED_EDGE('',*,*,#1265,.F.);
#1599=ORIENTED_EDGE('',*,*,#1266,.F.);
#1600=ORIENTED_EDGE('',*,*,#1267,.F.);
#1601=ORIENTED_EDGE('',*,*,#1268,.F.);
#1602=ORIENTED_EDGE('',*,*,#1269,.F.);
#1603=ORIENTED_EDGE('',*,*,#1260,.F.);
#1604=ORIENTED_EDGE('',*,*,#1259,.T.);
#1605=ORIENTED_EDGE('',*,*,#1262,.T.);
#1606=ORIENTED_EDGE('',*,*,#1270,.F.);
#1607=ORIENTED_EDGE('',*,*,#1271,.T.);
#1608=ORIENTED_EDGE('',*,*,#1272,.F.);
#1609=ORIENTED_EDGE('',*,*,#1268,.T.);
#1610=ORIENTED_EDGE('',*,*,#1273,.F.);
#1611=ORIENTED_EDGE('',*,*,#1274,.F.);
#1612=ORIENTED_EDGE('',*,*,#1275,.F.);
#1613=ORIENTED_EDGE('',*,*,#1263,.T.);
#1614=ORIENTED_EDGE('',*,*,#1272,.T.);
#1615=ORIENTED_EDGE('',*,*,#1276,.T.);
#1616=ORIENTED_EDGE('',*,*,#1277,.T.);
#1617=ORIENTED_EDGE('',*,*,#1267,.T.);
#1618=ORIENTED_EDGE('',*,*,#1278,.T.);
#1619=ORIENTED_EDGE('',*,*,#1279,.T.);
#1620=ORIENTED_EDGE('',*,*,#1273,.T.);
#1621=ORIENTED_EDGE('',*,*,#1264,.T.);
#1622=ORIENTED_EDGE('',*,*,#1277,.F.);
#1623=ORIENTED_EDGE('',*,*,#1280,.F.);
#1624=ORIENTED_EDGE('',*,*,#1281,.F.);
#1625=ORIENTED_EDGE('',*,*,#1266,.T.);
#1626=ORIENTED_EDGE('',*,*,#1282,.F.);
#1627=ORIENTED_EDGE('',*,*,#1283,.T.);
#1628=ORIENTED_EDGE('',*,*,#1278,.F.);
#1629=ORIENTED_EDGE('',*,*,#1284,.F.);
#1630=ORIENTED_EDGE('',*,*,#1285,.T.);
#1631=ORIENTED_EDGE('',*,*,#1286,.F.);
#1632=ORIENTED_EDGE('',*,*,#1287,.F.);
#1633=ORIENTED_EDGE('',*,*,#1288,.F.);
#1634=ORIENTED_EDGE('',*,*,#1289,.F.);
#1635=ORIENTED_EDGE('',*,*,#1290,.F.);
#1636=ORIENTED_EDGE('',*,*,#1291,.F.);
#1637=ORIENTED_EDGE('',*,*,#1292,.F.);
#1638=ORIENTED_EDGE('',*,*,#1293,.F.);
#1639=ORIENTED_EDGE('',*,*,#1294,.F.);
#1640=ORIENTED_EDGE('',*,*,#1285,.F.);
#1641=ORIENTED_EDGE('',*,*,#1284,.T.);
#1642=ORIENTED_EDGE('',*,*,#1287,.T.);
#1643=ORIENTED_EDGE('',*,*,#1295,.F.);
#1644=ORIENTED_EDGE('',*,*,#1296,.T.);
#1645=ORIENTED_EDGE('',*,*,#1297,.F.);
#1646=ORIENTED_EDGE('',*,*,#1293,.T.);
#1647=ORIENTED_EDGE('',*,*,#1298,.F.);
#1648=ORIENTED_EDGE('',*,*,#1299,.F.);
#1649=ORIENTED_EDGE('',*,*,#1300,.F.);
#1650=ORIENTED_EDGE('',*,*,#1288,.T.);
#1651=ORIENTED_EDGE('',*,*,#1297,.T.);
#1652=ORIENTED_EDGE('',*,*,#1301,.T.);
#1653=ORIENTED_EDGE('',*,*,#1302,.T.);
#1654=ORIENTED_EDGE('',*,*,#1292,.T.);
#1655=ORIENTED_EDGE('',*,*,#1303,.T.);
#1656=ORIENTED_EDGE('',*,*,#1304,.T.);
#1657=ORIENTED_EDGE('',*,*,#1298,.T.);
#1658=ORIENTED_EDGE('',*,*,#1289,.T.);
#1659=ORIENTED_EDGE('',*,*,#1302,.F.);
#1660=ORIENTED_EDGE('',*,*,#1305,.F.);
#1661=ORIENTED_EDGE('',*,*,#1306,.F.);
#1662=ORIENTED_EDGE('',*,*,#1291,.T.);
#1663=ORIENTED_EDGE('',*,*,#1307,.F.);
#1664=ORIENTED_EDGE('',*,*,#1308,.T.);
#1665=ORIENTED_EDGE('',*,*,#1303,.F.);
#1666=ORIENTED_EDGE('',*,*,#1309,.F.);
#1667=ORIENTED_EDGE('',*,*,#1299,.T.);
#1668=ORIENTED_EDGE('',*,*,#1304,.F.);
#1669=ORIENTED_EDGE('',*,*,#1308,.F.);
#1670=ORIENTED_EDGE('',*,*,#1310,.F.);
#1671=ORIENTED_EDGE('',*,*,#1305,.T.);
#1672=ORIENTED_EDGE('',*,*,#1301,.F.);
#1673=ORIENTED_EDGE('',*,*,#1296,.F.);
#1674=ORIENTED_EDGE('',*,*,#1311,.F.);
#1675=ORIENTED_EDGE('',*,*,#1280,.T.);
#1676=ORIENTED_EDGE('',*,*,#1276,.F.);
#1677=ORIENTED_EDGE('',*,*,#1271,.F.);
#1678=ORIENTED_EDGE('',*,*,#1312,.F.);
#1679=ORIENTED_EDGE('',*,*,#1274,.T.);
#1680=ORIENTED_EDGE('',*,*,#1279,.F.);
#1681=ORIENTED_EDGE('',*,*,#1283,.F.);
#1682=ORIENTED_EDGE('',*,*,#1313,.F.);
#1683=ORIENTED_EDGE('',*,*,#1314,.F.);
#1684=ORIENTED_EDGE('',*,*,#1315,.F.);
#1685=ORIENTED_EDGE('',*,*,#1316,.F.);
#1686=ORIENTED_EDGE('',*,*,#1315,.T.);
#1687=ORIENTED_EDGE('',*,*,#1317,.T.);
#1688=ORIENTED_EDGE('',*,*,#1318,.T.);
#1689=ORIENTED_EDGE('',*,*,#1319,.T.);
#1690=ORIENTED_EDGE('',*,*,#1320,.T.);
#1691=ORIENTED_EDGE('',*,*,#1321,.T.);
#1692=ORIENTED_EDGE('',*,*,#1322,.T.);
#1693=ORIENTED_EDGE('',*,*,#1323,.T.);
#1694=ORIENTED_EDGE('',*,*,#1324,.T.);
#1695=ORIENTED_EDGE('',*,*,#1325,.T.);
#1696=ORIENTED_EDGE('',*,*,#1326,.T.);
#1697=ORIENTED_EDGE('',*,*,#1327,.T.);
#1698=ORIENTED_EDGE('',*,*,#1328,.T.);
#1699=ORIENTED_EDGE('',*,*,#1329,.T.);
#1700=ORIENTED_EDGE('',*,*,#1330,.T.);
#1701=ORIENTED_EDGE('',*,*,#1331,.T.);
#1702=ORIENTED_EDGE('',*,*,#1332,.T.);
#1703=ORIENTED_EDGE('',*,*,#1333,.T.);
#1704=ORIENTED_EDGE('',*,*,#1314,.T.);
#1705=ORIENTED_EDGE('',*,*,#1334,.F.);
#1706=ORIENTED_EDGE('',*,*,#1335,.T.);
#1707=ORIENTED_EDGE('',*,*,#1336,.T.);
#1708=ORIENTED_EDGE('',*,*,#1337,.T.);
#1709=ORIENTED_EDGE('',*,*,#1338,.F.);
#1710=ORIENTED_EDGE('',*,*,#1339,.F.);
#1711=ORIENTED_EDGE('',*,*,#1340,.T.);
#1712=ORIENTED_EDGE('',*,*,#1341,.T.);
#1713=ORIENTED_EDGE('',*,*,#1342,.T.);
#1714=ORIENTED_EDGE('',*,*,#1343,.F.);
#1715=ORIENTED_EDGE('',*,*,#1317,.F.);
#1716=ORIENTED_EDGE('',*,*,#1344,.F.);
#1717=ORIENTED_EDGE('',*,*,#1345,.F.);
#1718=ORIENTED_EDGE('',*,*,#1329,.F.);
#1719=ORIENTED_EDGE('',*,*,#1346,.F.);
#1720=ORIENTED_EDGE('',*,*,#1345,.T.);
#1721=ORIENTED_EDGE('',*,*,#1347,.F.);
#1722=ORIENTED_EDGE('',*,*,#1348,.F.);
#1723=ORIENTED_EDGE('',*,*,#1330,.F.);
#1724=ORIENTED_EDGE('',*,*,#1349,.F.);
#1725=ORIENTED_EDGE('',*,*,#1350,.T.);
#1726=ORIENTED_EDGE('',*,*,#1351,.F.);
#1727=ORIENTED_EDGE('',*,*,#1352,.T.);
#1728=ORIENTED_EDGE('',*,*,#1332,.F.);
#1729=ORIENTED_EDGE('',*,*,#1353,.T.);
#1730=ORIENTED_EDGE('',*,*,#1354,.F.);
#1731=ORIENTED_EDGE('',*,*,#1353,.F.);
#1732=ORIENTED_EDGE('',*,*,#1355,.F.);
#1733=ORIENTED_EDGE('',*,*,#1356,.F.);
#1734=ORIENTED_EDGE('',*,*,#1357,.F.);
#1735=ORIENTED_EDGE('',*,*,#1350,.F.);
#1736=ORIENTED_EDGE('',*,*,#1354,.T.);
#1737=ORIENTED_EDGE('',*,*,#1358,.F.);
#1738=ORIENTED_EDGE('',*,*,#1352,.F.);
#1739=ORIENTED_EDGE('',*,*,#1359,.F.);
#1740=ORIENTED_EDGE('',*,*,#1360,.F.);
#1741=ORIENTED_EDGE('',*,*,#1313,.T.);
#1742=ORIENTED_EDGE('',*,*,#1361,.T.);
#1743=ORIENTED_EDGE('',*,*,#1347,.T.);
#1744=ORIENTED_EDGE('',*,*,#1344,.T.);
#1745=ORIENTED_EDGE('',*,*,#1362,.T.);
#1746=ORIENTED_EDGE('',*,*,#1363,.T.);
#1747=ORIENTED_EDGE('',*,*,#1364,.T.);
#1748=ORIENTED_EDGE('',*,*,#1365,.T.);
#1749=ORIENTED_EDGE('',*,*,#1366,.T.);
#1750=ORIENTED_EDGE('',*,*,#1367,.T.);
#1751=ORIENTED_EDGE('',*,*,#1368,.T.);
#1752=ORIENTED_EDGE('',*,*,#1369,.T.);
#1753=ORIENTED_EDGE('',*,*,#1370,.T.);
#1754=ORIENTED_EDGE('',*,*,#1371,.T.);
#1755=ORIENTED_EDGE('',*,*,#1372,.T.);
#1756=ORIENTED_EDGE('',*,*,#1373,.T.);
#1757=ORIENTED_EDGE('',*,*,#1374,.T.);
#1758=ORIENTED_EDGE('',*,*,#1375,.T.);
#1759=ORIENTED_EDGE('',*,*,#1376,.T.);
#1760=ORIENTED_EDGE('',*,*,#1377,.T.);
#1761=ORIENTED_EDGE('',*,*,#1378,.T.);
#1762=ORIENTED_EDGE('',*,*,#1379,.T.);
#1763=ORIENTED_EDGE('',*,*,#1380,.T.);
#1764=ORIENTED_EDGE('',*,*,#1381,.T.);
#1765=ORIENTED_EDGE('',*,*,#1338,.T.);
#1766=ORIENTED_EDGE('',*,*,#1382,.T.);
#1767=ORIENTED_EDGE('',*,*,#1356,.T.);
#1768=ORIENTED_EDGE('',*,*,#1383,.T.);
#1769=ORIENTED_EDGE('',*,*,#1384,.T.);
#1770=ORIENTED_EDGE('',*,*,#1385,.T.);
#1771=ORIENTED_EDGE('',*,*,#1360,.T.);
#1772=ORIENTED_EDGE('',*,*,#1386,.T.);
#1773=ORIENTED_EDGE('',*,*,#1387,.T.);
#1774=ORIENTED_EDGE('',*,*,#1334,.T.);
#1775=ORIENTED_EDGE('',*,*,#1388,.T.);
#1776=ORIENTED_EDGE('',*,*,#1389,.T.);
#1777=ORIENTED_EDGE('',*,*,#1390,.T.);
#1778=ORIENTED_EDGE('',*,*,#1391,.T.);
#1779=ORIENTED_EDGE('',*,*,#1392,.T.);
#1780=ORIENTED_EDGE('',*,*,#1393,.T.);
#1781=ORIENTED_EDGE('',*,*,#1394,.T.);
#1782=ORIENTED_EDGE('',*,*,#1395,.T.);
#1783=ORIENTED_EDGE('',*,*,#1396,.T.);
#1784=ORIENTED_EDGE('',*,*,#1397,.T.);
#1785=ORIENTED_EDGE('',*,*,#1355,.T.);
#1786=ORIENTED_EDGE('',*,*,#1349,.T.);
#1787=ORIENTED_EDGE('',*,*,#1357,.T.);
#1788=ORIENTED_EDGE('',*,*,#1382,.F.);
#1789=ORIENTED_EDGE('',*,*,#1337,.F.);
#1790=ORIENTED_EDGE('',*,*,#1398,.T.);
#1791=ORIENTED_EDGE('',*,*,#1399,.T.);
#1792=ORIENTED_EDGE('',*,*,#1400,.F.);
#1793=ORIENTED_EDGE('',*,*,#1401,.F.);
#1794=ORIENTED_EDGE('',*,*,#1383,.F.);
#1795=ORIENTED_EDGE('',*,*,#1402,.F.);
#1796=ORIENTED_EDGE('',*,*,#1403,.T.);
#1797=ORIENTED_EDGE('',*,*,#1333,.F.);
#1798=ORIENTED_EDGE('',*,*,#1404,.T.);
#1799=ORIENTED_EDGE('',*,*,#1405,.F.);
#1800=ORIENTED_EDGE('',*,*,#1404,.F.);
#1801=ORIENTED_EDGE('',*,*,#1406,.F.);
#1802=ORIENTED_EDGE('',*,*,#1403,.F.);
#1803=ORIENTED_EDGE('',*,*,#1407,.F.);
#1804=ORIENTED_EDGE('',*,*,#1369,.F.);
#1805=ORIENTED_EDGE('',*,*,#1408,.F.);
#1806=ORIENTED_EDGE('',*,*,#1365,.F.);
#1807=ORIENTED_EDGE('',*,*,#1409,.F.);
#1808=ORIENTED_EDGE('',*,*,#1410,.F.);
#1809=ORIENTED_EDGE('',*,*,#1405,.T.);
#1810=ORIENTED_EDGE('',*,*,#1411,.F.);
#1811=ORIENTED_EDGE('',*,*,#1410,.T.);
#1812=ORIENTED_EDGE('',*,*,#1408,.T.);
#1813=ORIENTED_EDGE('',*,*,#1411,.T.);
#1814=ORIENTED_EDGE('',*,*,#1409,.T.);
#1815=ORIENTED_EDGE('',*,*,#1364,.F.);
#1816=ORIENTED_EDGE('',*,*,#1412,.T.);
#1817=ORIENTED_EDGE('',*,*,#1413,.F.);
#1818=ORIENTED_EDGE('',*,*,#1414,.F.);
#1819=ORIENTED_EDGE('',*,*,#1366,.F.);
#1820=ORIENTED_EDGE('',*,*,#1367,.F.);
#1821=ORIENTED_EDGE('',*,*,#1414,.T.);
#1822=ORIENTED_EDGE('',*,*,#1415,.F.);
#1823=ORIENTED_EDGE('',*,*,#1416,.F.);
#1824=ORIENTED_EDGE('',*,*,#1363,.F.);
#1825=ORIENTED_EDGE('',*,*,#1417,.F.);
#1826=ORIENTED_EDGE('',*,*,#1418,.F.);
#1827=ORIENTED_EDGE('',*,*,#1419,.T.);
#1828=ORIENTED_EDGE('',*,*,#1420,.F.);
#1829=ORIENTED_EDGE('',*,*,#1412,.F.);
#1830=ORIENTED_EDGE('',*,*,#1406,.T.);
#1831=ORIENTED_EDGE('',*,*,#1368,.F.);
#1832=ORIENTED_EDGE('',*,*,#1416,.T.);
#1833=ORIENTED_EDGE('',*,*,#1421,.F.);
#1834=ORIENTED_EDGE('',*,*,#1419,.F.);
#1835=ORIENTED_EDGE('',*,*,#1422,.F.);
#1836=ORIENTED_EDGE('',*,*,#1423,.F.);
#1837=ORIENTED_EDGE('',*,*,#1370,.F.);
#1838=ORIENTED_EDGE('',*,*,#1407,.T.);
#1839=ORIENTED_EDGE('',*,*,#1402,.T.);
#1840=ORIENTED_EDGE('',*,*,#1420,.T.);
#1841=ORIENTED_EDGE('',*,*,#1421,.T.);
#1842=ORIENTED_EDGE('',*,*,#1415,.T.);
#1843=ORIENTED_EDGE('',*,*,#1413,.T.);
#1844=ORIENTED_EDGE('',*,*,#1424,.F.);
#1845=ORIENTED_EDGE('',*,*,#1422,.T.);
#1846=ORIENTED_EDGE('',*,*,#1418,.T.);
#1847=ORIENTED_EDGE('',*,*,#1346,.T.);
#1848=ORIENTED_EDGE('',*,*,#1328,.F.);
#1849=ORIENTED_EDGE('',*,*,#1425,.T.);
#1850=ORIENTED_EDGE('',*,*,#1426,.T.);
#1851=ORIENTED_EDGE('',*,*,#1427,.T.);
#1852=ORIENTED_EDGE('',*,*,#1428,.T.);
#1853=ORIENTED_EDGE('',*,*,#1429,.T.);
#1854=ORIENTED_EDGE('',*,*,#1371,.F.);
#1855=ORIENTED_EDGE('',*,*,#1423,.T.);
#1856=ORIENTED_EDGE('',*,*,#1424,.T.);
#1857=ORIENTED_EDGE('',*,*,#1417,.T.);
#1858=ORIENTED_EDGE('',*,*,#1362,.F.);
#1859=ORIENTED_EDGE('',*,*,#1358,.T.);
#1860=ORIENTED_EDGE('',*,*,#1385,.F.);
#1861=ORIENTED_EDGE('',*,*,#1430,.T.);
#1862=ORIENTED_EDGE('',*,*,#1431,.F.);
#1863=ORIENTED_EDGE('',*,*,#1432,.F.);
#1864=ORIENTED_EDGE('',*,*,#1386,.F.);
#1865=ORIENTED_EDGE('',*,*,#1359,.T.);
#1866=ORIENTED_EDGE('',*,*,#1351,.T.);
#1867=ORIENTED_EDGE('',*,*,#1384,.F.);
#1868=ORIENTED_EDGE('',*,*,#1401,.T.);
#1869=ORIENTED_EDGE('',*,*,#1433,.F.);
#1870=ORIENTED_EDGE('',*,*,#1430,.F.);
#1871=ORIENTED_EDGE('',*,*,#1387,.F.);
#1872=ORIENTED_EDGE('',*,*,#1432,.T.);
#1873=ORIENTED_EDGE('',*,*,#1434,.F.);
#1874=ORIENTED_EDGE('',*,*,#1399,.F.);
#1875=ORIENTED_EDGE('',*,*,#1435,.T.);
#1876=ORIENTED_EDGE('',*,*,#1335,.F.);
#1877=ORIENTED_EDGE('',*,*,#1431,.T.);
#1878=ORIENTED_EDGE('',*,*,#1433,.T.);
#1879=ORIENTED_EDGE('',*,*,#1400,.T.);
#1880=ORIENTED_EDGE('',*,*,#1434,.T.);
#1881=ORIENTED_EDGE('',*,*,#1336,.F.);
#1882=ORIENTED_EDGE('',*,*,#1435,.F.);
#1883=ORIENTED_EDGE('',*,*,#1398,.F.);
#1884=ORIENTED_EDGE('',*,*,#1436,.F.);
#1885=ORIENTED_EDGE('',*,*,#1437,.F.);
#1886=ORIENTED_EDGE('',*,*,#1438,.F.);
#1887=ORIENTED_EDGE('',*,*,#1439,.T.);
#1888=ORIENTED_EDGE('',*,*,#1440,.F.);
#1889=ORIENTED_EDGE('',*,*,#1441,.F.);
#1890=ORIENTED_EDGE('',*,*,#1442,.F.);
#1891=ORIENTED_EDGE('',*,*,#1443,.T.);
#1892=ORIENTED_EDGE('',*,*,#1444,.F.);
#1893=ORIENTED_EDGE('',*,*,#1445,.F.);
#1894=ORIENTED_EDGE('',*,*,#1446,.F.);
#1895=ORIENTED_EDGE('',*,*,#1439,.F.);
#1896=ORIENTED_EDGE('',*,*,#1441,.T.);
#1897=ORIENTED_EDGE('',*,*,#1447,.F.);
#1898=ORIENTED_EDGE('',*,*,#1448,.F.);
#1899=ORIENTED_EDGE('',*,*,#1449,.F.);
#1900=ORIENTED_EDGE('',*,*,#1450,.F.);
#1901=ORIENTED_EDGE('',*,*,#1451,.F.);
#1902=ORIENTED_EDGE('',*,*,#1452,.F.);
#1903=ORIENTED_EDGE('',*,*,#1453,.F.);
#1904=ORIENTED_EDGE('',*,*,#1454,.T.);
#1905=ORIENTED_EDGE('',*,*,#1455,.T.);
#1906=ORIENTED_EDGE('',*,*,#1442,.T.);
#1907=ORIENTED_EDGE('',*,*,#1449,.T.);
#1908=ORIENTED_EDGE('',*,*,#1456,.F.);
#1909=ORIENTED_EDGE('',*,*,#1443,.F.);
#1910=ORIENTED_EDGE('',*,*,#1455,.F.);
#1911=ORIENTED_EDGE('',*,*,#1457,.F.);
#1912=ORIENTED_EDGE('',*,*,#1458,.F.);
#1913=ORIENTED_EDGE('',*,*,#1457,.T.);
#1914=ORIENTED_EDGE('',*,*,#1454,.F.);
#1915=ORIENTED_EDGE('',*,*,#1448,.T.);
#1916=ORIENTED_EDGE('',*,*,#1459,.F.);
#1917=ORIENTED_EDGE('',*,*,#1445,.T.);
#1918=ORIENTED_EDGE('',*,*,#1460,.F.);
#1919=ORIENTED_EDGE('',*,*,#1461,.F.);
#1920=ORIENTED_EDGE('',*,*,#1459,.T.);
#1921=ORIENTED_EDGE('',*,*,#1447,.T.);
#1922=ORIENTED_EDGE('',*,*,#1440,.T.);
#1923=ORIENTED_EDGE('',*,*,#1446,.T.);
#1924=ORIENTED_EDGE('',*,*,#1452,.T.);
#1925=ORIENTED_EDGE('',*,*,#1462,.T.);
#1926=ORIENTED_EDGE('',*,*,#1463,.T.);
#1927=ORIENTED_EDGE('',*,*,#1453,.T.);
#1928=ORIENTED_EDGE('',*,*,#1463,.F.);
#1929=ORIENTED_EDGE('',*,*,#1464,.F.);
#1930=ORIENTED_EDGE('',*,*,#1465,.F.);
#1931=ORIENTED_EDGE('',*,*,#1451,.T.);
#1932=ORIENTED_EDGE('',*,*,#1466,.F.);
#1933=ORIENTED_EDGE('',*,*,#1464,.T.);
#1934=ORIENTED_EDGE('',*,*,#1462,.F.);
#1935=ORIENTED_EDGE('',*,*,#1461,.T.);
#1936=ORIENTED_EDGE('',*,*,#1467,.F.);
#1937=ORIENTED_EDGE('',*,*,#1468,.F.);
#1938=ORIENTED_EDGE('',*,*,#1469,.F.);
#1939=ORIENTED_EDGE('',*,*,#1450,.T.);
#1940=ORIENTED_EDGE('',*,*,#1465,.T.);
#1941=ORIENTED_EDGE('',*,*,#1466,.T.);
#1942=ORIENTED_EDGE('',*,*,#1436,.T.);
#1943=ORIENTED_EDGE('',*,*,#1456,.T.);
#1944=ORIENTED_EDGE('',*,*,#1458,.T.);
#1945=ORIENTED_EDGE('',*,*,#1469,.T.);
#1946=ORIENTED_EDGE('',*,*,#1470,.T.);
#1947=ORIENTED_EDGE('',*,*,#1471,.T.);
#1948=ORIENTED_EDGE('',*,*,#1426,.F.);
#1949=ORIENTED_EDGE('',*,*,#1472,.F.);
#1950=ORIENTED_EDGE('',*,*,#1473,.F.);
#1951=ORIENTED_EDGE('',*,*,#1474,.T.);
#1952=ORIENTED_EDGE('',*,*,#1475,.T.);
#1953=ORIENTED_EDGE('',*,*,#1476,.F.);
#1954=ORIENTED_EDGE('',*,*,#1477,.F.);
#1955=ORIENTED_EDGE('',*,*,#1478,.F.);
#1956=ORIENTED_EDGE('',*,*,#1479,.F.);
#1957=ORIENTED_EDGE('',*,*,#1480,.F.);
#1958=ORIENTED_EDGE('',*,*,#1481,.T.);
#1959=ORIENTED_EDGE('',*,*,#1482,.F.);
#1960=ORIENTED_EDGE('',*,*,#1483,.F.);
#1961=ORIENTED_EDGE('',*,*,#1484,.F.);
#1962=ORIENTED_EDGE('',*,*,#1485,.T.);
#1963=ORIENTED_EDGE('',*,*,#1486,.F.);
#1964=ORIENTED_EDGE('',*,*,#1479,.T.);
#1965=ORIENTED_EDGE('',*,*,#1487,.F.);
#1966=ORIENTED_EDGE('',*,*,#1483,.T.);
#1967=ORIENTED_EDGE('',*,*,#1488,.F.);
#1968=ORIENTED_EDGE('',*,*,#1489,.T.);
#1969=ORIENTED_EDGE('',*,*,#1490,.T.);
#1970=ORIENTED_EDGE('',*,*,#1491,.F.);
#1971=ORIENTED_EDGE('',*,*,#1481,.F.);
#1972=ORIENTED_EDGE('',*,*,#1492,.F.);
#1973=ORIENTED_EDGE('',*,*,#1493,.F.);
#1974=ORIENTED_EDGE('',*,*,#1494,.F.);
#1975=ORIENTED_EDGE('',*,*,#1495,.F.);
#1976=ORIENTED_EDGE('',*,*,#1496,.F.);
#1977=ORIENTED_EDGE('',*,*,#1486,.T.);
#1978=ORIENTED_EDGE('',*,*,#1497,.T.);
#1979=ORIENTED_EDGE('',*,*,#1492,.T.);
#1980=ORIENTED_EDGE('',*,*,#1480,.T.);
#1981=ORIENTED_EDGE('',*,*,#1498,.F.);
#1982=ORIENTED_EDGE('',*,*,#1489,.F.);
#1983=ORIENTED_EDGE('',*,*,#1499,.F.);
#1984=ORIENTED_EDGE('',*,*,#1490,.F.);
#1985=ORIENTED_EDGE('',*,*,#1497,.F.);
#1986=ORIENTED_EDGE('',*,*,#1485,.F.);
#1987=ORIENTED_EDGE('',*,*,#1500,.F.);
#1988=ORIENTED_EDGE('',*,*,#1501,.F.);
#1989=ORIENTED_EDGE('',*,*,#1488,.T.);
#1990=ORIENTED_EDGE('',*,*,#1482,.T.);
#1991=ORIENTED_EDGE('',*,*,#1491,.T.);
#1992=ORIENTED_EDGE('',*,*,#1499,.T.);
#1993=ORIENTED_EDGE('',*,*,#1498,.T.);
#1994=ORIENTED_EDGE('',*,*,#1502,.T.);
#1995=ORIENTED_EDGE('',*,*,#1503,.T.);
#1996=ORIENTED_EDGE('',*,*,#1504,.T.);
#1997=ORIENTED_EDGE('',*,*,#1340,.F.);
#1998=ORIENTED_EDGE('',*,*,#1505,.F.);
#1999=ORIENTED_EDGE('',*,*,#1506,.F.);
#2000=ORIENTED_EDGE('',*,*,#1507,.T.);
#2001=ORIENTED_EDGE('',*,*,#1508,.T.);
#2002=ORIENTED_EDGE('',*,*,#1476,.T.);
#2003=ORIENTED_EDGE('',*,*,#1487,.T.);
#2004=ORIENTED_EDGE('',*,*,#1261,.T.);
#2005=ORIENTED_EDGE('',*,*,#1269,.T.);
#2006=ORIENTED_EDGE('',*,*,#1275,.T.);
#2007=ORIENTED_EDGE('',*,*,#1312,.T.);
#2008=ORIENTED_EDGE('',*,*,#1282,.T.);
#2009=ORIENTED_EDGE('',*,*,#1265,.T.);
#2010=ORIENTED_EDGE('',*,*,#1281,.T.);
#2011=ORIENTED_EDGE('',*,*,#1311,.T.);
#2012=ORIENTED_EDGE('',*,*,#1270,.T.);
#2013=ORIENTED_EDGE('',*,*,#1495,.T.);
#2014=ORIENTED_EDGE('',*,*,#1509,.T.);
#2015=ORIENTED_EDGE('',*,*,#1510,.T.);
#2016=ORIENTED_EDGE('',*,*,#1501,.T.);
#2017=ORIENTED_EDGE('',*,*,#1511,.F.);
#2018=ORIENTED_EDGE('',*,*,#1512,.T.);
#2019=ORIENTED_EDGE('',*,*,#1502,.F.);
#2020=ORIENTED_EDGE('',*,*,#1500,.T.);
#2021=ORIENTED_EDGE('',*,*,#1484,.T.);
#2022=ORIENTED_EDGE('',*,*,#1478,.T.);
#2023=ORIENTED_EDGE('',*,*,#1513,.T.);
#2024=ORIENTED_EDGE('',*,*,#1514,.T.);
#2025=ORIENTED_EDGE('',*,*,#1515,.F.);
#2026=ORIENTED_EDGE('',*,*,#1516,.F.);
#2027=ORIENTED_EDGE('',*,*,#1342,.F.);
#2028=ORIENTED_EDGE('',*,*,#1517,.T.);
#2029=ORIENTED_EDGE('',*,*,#1518,.T.);
#2030=ORIENTED_EDGE('',*,*,#1511,.T.);
#2031=ORIENTED_EDGE('',*,*,#1477,.T.);
#2032=ORIENTED_EDGE('',*,*,#1508,.F.);
#2033=ORIENTED_EDGE('',*,*,#1519,.F.);
#2034=ORIENTED_EDGE('',*,*,#1513,.F.);
#2035=ORIENTED_EDGE('',*,*,#1494,.T.);
#2036=ORIENTED_EDGE('',*,*,#1520,.F.);
#2037=ORIENTED_EDGE('',*,*,#1521,.T.);
#2038=ORIENTED_EDGE('',*,*,#1509,.F.);
#2039=ORIENTED_EDGE('',*,*,#1427,.F.);
#2040=ORIENTED_EDGE('',*,*,#1471,.F.);
#2041=ORIENTED_EDGE('',*,*,#1522,.T.);
#2042=ORIENTED_EDGE('',*,*,#1523,.F.);
#2043=ORIENTED_EDGE('',*,*,#1524,.F.);
#2044=ORIENTED_EDGE('',*,*,#1525,.F.);
#2045=ORIENTED_EDGE('',*,*,#1526,.F.);
#2046=ORIENTED_EDGE('',*,*,#1474,.F.);
#2047=ORIENTED_EDGE('',*,*,#1437,.T.);
#2048=ORIENTED_EDGE('',*,*,#1475,.F.);
#2049=ORIENTED_EDGE('',*,*,#1526,.T.);
#2050=ORIENTED_EDGE('',*,*,#1527,.F.);
#2051=ORIENTED_EDGE('',*,*,#1468,.T.);
#2052=ORIENTED_EDGE('',*,*,#1528,.F.);
#2053=ORIENTED_EDGE('',*,*,#1522,.F.);
#2054=ORIENTED_EDGE('',*,*,#1470,.F.);
#2055=ORIENTED_EDGE('',*,*,#1438,.T.);
#2056=ORIENTED_EDGE('',*,*,#1527,.T.);
#2057=ORIENTED_EDGE('',*,*,#1525,.T.);
#2058=ORIENTED_EDGE('',*,*,#1529,.F.);
#2059=ORIENTED_EDGE('',*,*,#1530,.F.);
#2060=ORIENTED_EDGE('',*,*,#1428,.F.);
#2061=ORIENTED_EDGE('',*,*,#1523,.T.);
#2062=ORIENTED_EDGE('',*,*,#1528,.T.);
#2063=ORIENTED_EDGE('',*,*,#1467,.T.);
#2064=ORIENTED_EDGE('',*,*,#1460,.T.);
#2065=ORIENTED_EDGE('',*,*,#1444,.T.);
#2066=ORIENTED_EDGE('',*,*,#1286,.T.);
#2067=ORIENTED_EDGE('',*,*,#1294,.T.);
#2068=ORIENTED_EDGE('',*,*,#1300,.T.);
#2069=ORIENTED_EDGE('',*,*,#1309,.T.);
#2070=ORIENTED_EDGE('',*,*,#1307,.T.);
#2071=ORIENTED_EDGE('',*,*,#1290,.T.);
#2072=ORIENTED_EDGE('',*,*,#1306,.T.);
#2073=ORIENTED_EDGE('',*,*,#1310,.T.);
#2074=ORIENTED_EDGE('',*,*,#1295,.T.);
#2075=ORIENTED_EDGE('',*,*,#1529,.T.);
#2076=ORIENTED_EDGE('',*,*,#1524,.T.);
#2077=ORIENTED_EDGE('',*,*,#1473,.T.);
#2078=ORIENTED_EDGE('',*,*,#1531,.F.);
#2079=ORIENTED_EDGE('',*,*,#1326,.F.);
#2080=ORIENTED_EDGE('',*,*,#1532,.T.);
#2081=ORIENTED_EDGE('',*,*,#1373,.F.);
#2082=ORIENTED_EDGE('',*,*,#1533,.F.);
#2083=ORIENTED_EDGE('',*,*,#1534,.T.);
#2084=ORIENTED_EDGE('',*,*,#1535,.T.);
#2085=ORIENTED_EDGE('',*,*,#1536,.T.);
#2086=ORIENTED_EDGE('',*,*,#1537,.T.);
#2087=ORIENTED_EDGE('',*,*,#1472,.T.);
#2088=ORIENTED_EDGE('',*,*,#1425,.F.);
#2089=ORIENTED_EDGE('',*,*,#1327,.F.);
#2090=ORIENTED_EDGE('',*,*,#1531,.T.);
#2091=ORIENTED_EDGE('',*,*,#1530,.T.);
#2092=ORIENTED_EDGE('',*,*,#1533,.T.);
#2093=ORIENTED_EDGE('',*,*,#1372,.F.);
#2094=ORIENTED_EDGE('',*,*,#1429,.F.);
#2095=ORIENTED_EDGE('',*,*,#1538,.F.);
#2096=ORIENTED_EDGE('',*,*,#1514,.F.);
#2097=ORIENTED_EDGE('',*,*,#1519,.T.);
#2098=ORIENTED_EDGE('',*,*,#1507,.F.);
#2099=ORIENTED_EDGE('',*,*,#1493,.T.);
#2100=ORIENTED_EDGE('',*,*,#1539,.T.);
#2101=ORIENTED_EDGE('',*,*,#1520,.T.);
#2102=ORIENTED_EDGE('',*,*,#1341,.F.);
#2103=ORIENTED_EDGE('',*,*,#1504,.F.);
#2104=ORIENTED_EDGE('',*,*,#1540,.F.);
#2105=ORIENTED_EDGE('',*,*,#1517,.F.);
#2106=ORIENTED_EDGE('',*,*,#1540,.T.);
#2107=ORIENTED_EDGE('',*,*,#1503,.F.);
#2108=ORIENTED_EDGE('',*,*,#1512,.F.);
#2109=ORIENTED_EDGE('',*,*,#1518,.F.);
#2110=ORIENTED_EDGE('',*,*,#1496,.T.);
#2111=ORIENTED_EDGE('',*,*,#1510,.F.);
#2112=ORIENTED_EDGE('',*,*,#1521,.F.);
#2113=ORIENTED_EDGE('',*,*,#1539,.F.);
#2114=ORIENTED_EDGE('',*,*,#1516,.T.);
#2115=ORIENTED_EDGE('',*,*,#1541,.F.);
#2116=ORIENTED_EDGE('',*,*,#1318,.F.);
#2117=ORIENTED_EDGE('',*,*,#1343,.T.);
#2118=ORIENTED_EDGE('',*,*,#1505,.T.);
#2119=ORIENTED_EDGE('',*,*,#1339,.T.);
#2120=ORIENTED_EDGE('',*,*,#1381,.F.);
#2121=ORIENTED_EDGE('',*,*,#1542,.F.);
#2122=ORIENTED_EDGE('',*,*,#1535,.F.);
#2123=ORIENTED_EDGE('',*,*,#1543,.F.);
#2124=ORIENTED_EDGE('',*,*,#1544,.T.);
#2125=ORIENTED_EDGE('',*,*,#1545,.F.);
#2126=ORIENTED_EDGE('',*,*,#1534,.F.);
#2127=ORIENTED_EDGE('',*,*,#1546,.T.);
#2128=ORIENTED_EDGE('',*,*,#1543,.T.);
#2129=ORIENTED_EDGE('',*,*,#1537,.F.);
#2130=ORIENTED_EDGE('',*,*,#1547,.F.);
#2131=ORIENTED_EDGE('',*,*,#1544,.F.);
#2132=ORIENTED_EDGE('',*,*,#1546,.F.);
#2133=ORIENTED_EDGE('',*,*,#1536,.F.);
#2134=ORIENTED_EDGE('',*,*,#1545,.T.);
#2135=ORIENTED_EDGE('',*,*,#1547,.T.);
#2136=ORIENTED_EDGE('',*,*,#1548,.F.);
#2137=ORIENTED_EDGE('',*,*,#1549,.F.);
#2138=ORIENTED_EDGE('',*,*,#1550,.T.);
#2139=ORIENTED_EDGE('',*,*,#1551,.F.);
#2140=ORIENTED_EDGE('',*,*,#1552,.F.);
#2141=ORIENTED_EDGE('',*,*,#1553,.T.);
#2142=ORIENTED_EDGE('',*,*,#1549,.T.);
#2143=ORIENTED_EDGE('',*,*,#1554,.F.);
#2144=ORIENTED_EDGE('',*,*,#1555,.F.);
#2145=ORIENTED_EDGE('',*,*,#1550,.F.);
#2146=ORIENTED_EDGE('',*,*,#1553,.F.);
#2147=ORIENTED_EDGE('',*,*,#1556,.F.);
#2148=ORIENTED_EDGE('',*,*,#1551,.T.);
#2149=ORIENTED_EDGE('',*,*,#1555,.T.);
#2150=ORIENTED_EDGE('',*,*,#1396,.F.);
#2151=ORIENTED_EDGE('',*,*,#1557,.T.);
#2152=ORIENTED_EDGE('',*,*,#1558,.F.);
#2153=ORIENTED_EDGE('',*,*,#1559,.F.);
#2154=ORIENTED_EDGE('',*,*,#1395,.F.);
#2155=ORIENTED_EDGE('',*,*,#1560,.T.);
#2156=ORIENTED_EDGE('',*,*,#1561,.F.);
#2157=ORIENTED_EDGE('',*,*,#1557,.F.);
#2158=ORIENTED_EDGE('',*,*,#1394,.F.);
#2159=ORIENTED_EDGE('',*,*,#1562,.T.);
#2160=ORIENTED_EDGE('',*,*,#1563,.F.);
#2161=ORIENTED_EDGE('',*,*,#1560,.F.);
#2162=ORIENTED_EDGE('',*,*,#1393,.F.);
#2163=ORIENTED_EDGE('',*,*,#1564,.F.);
#2164=ORIENTED_EDGE('',*,*,#1565,.F.);
#2165=ORIENTED_EDGE('',*,*,#1566,.T.);
#2166=ORIENTED_EDGE('',*,*,#1567,.F.);
#2167=ORIENTED_EDGE('',*,*,#1562,.F.);
#2168=ORIENTED_EDGE('',*,*,#1397,.F.);
#2169=ORIENTED_EDGE('',*,*,#1559,.T.);
#2170=ORIENTED_EDGE('',*,*,#1568,.F.);
#2171=ORIENTED_EDGE('',*,*,#1569,.F.);
#2172=ORIENTED_EDGE('',*,*,#1388,.F.);
#2173=ORIENTED_EDGE('',*,*,#1569,.T.);
#2174=ORIENTED_EDGE('',*,*,#1570,.F.);
#2175=ORIENTED_EDGE('',*,*,#1566,.F.);
#2176=ORIENTED_EDGE('',*,*,#1571,.F.);
#2177=ORIENTED_EDGE('',*,*,#1572,.F.);
#2178=ORIENTED_EDGE('',*,*,#1561,.T.);
#2179=ORIENTED_EDGE('',*,*,#1563,.T.);
#2180=ORIENTED_EDGE('',*,*,#1567,.T.);
#2181=ORIENTED_EDGE('',*,*,#1570,.T.);
#2182=ORIENTED_EDGE('',*,*,#1568,.T.);
#2183=ORIENTED_EDGE('',*,*,#1558,.T.);
#2184=ORIENTED_EDGE('',*,*,#1572,.T.);
#2185=ORIENTED_EDGE('',*,*,#1573,.F.);
#2186=ORIENTED_EDGE('',*,*,#1574,.F.);
#2187=ORIENTED_EDGE('',*,*,#1389,.F.);
#2188=ORIENTED_EDGE('',*,*,#1571,.T.);
#2189=ORIENTED_EDGE('',*,*,#1565,.T.);
#2190=ORIENTED_EDGE('',*,*,#1575,.T.);
#2191=ORIENTED_EDGE('',*,*,#1576,.T.);
#2192=ORIENTED_EDGE('',*,*,#1577,.T.);
#2193=ORIENTED_EDGE('',*,*,#1573,.T.);
#2194=ORIENTED_EDGE('',*,*,#1390,.F.);
#2195=ORIENTED_EDGE('',*,*,#1574,.T.);
#2196=ORIENTED_EDGE('',*,*,#1577,.F.);
#2197=ORIENTED_EDGE('',*,*,#1578,.F.);
#2198=ORIENTED_EDGE('',*,*,#1391,.F.);
#2199=ORIENTED_EDGE('',*,*,#1578,.T.);
#2200=ORIENTED_EDGE('',*,*,#1576,.F.);
#2201=ORIENTED_EDGE('',*,*,#1579,.F.);
#2202=ORIENTED_EDGE('',*,*,#1564,.T.);
#2203=ORIENTED_EDGE('',*,*,#1392,.F.);
#2204=ORIENTED_EDGE('',*,*,#1579,.T.);
#2205=ORIENTED_EDGE('',*,*,#1575,.F.);
#2206=ORIENTED_EDGE('',*,*,#1580,.F.);
#2207=ORIENTED_EDGE('',*,*,#1376,.F.);
#2208=ORIENTED_EDGE('',*,*,#1581,.F.);
#2209=ORIENTED_EDGE('',*,*,#1323,.F.);
#2210=ORIENTED_EDGE('',*,*,#1581,.T.);
#2211=ORIENTED_EDGE('',*,*,#1375,.F.);
#2212=ORIENTED_EDGE('',*,*,#1582,.F.);
#2213=ORIENTED_EDGE('',*,*,#1324,.F.);
#2214=ORIENTED_EDGE('',*,*,#1582,.T.);
#2215=ORIENTED_EDGE('',*,*,#1374,.F.);
#2216=ORIENTED_EDGE('',*,*,#1532,.F.);
#2217=ORIENTED_EDGE('',*,*,#1325,.F.);
#2218=ORIENTED_EDGE('',*,*,#1316,.T.);
#2219=ORIENTED_EDGE('',*,*,#1331,.F.);
#2220=ORIENTED_EDGE('',*,*,#1348,.T.);
#2221=ORIENTED_EDGE('',*,*,#1361,.F.);
#2222=ORIENTED_EDGE('',*,*,#1506,.T.);
#2223=ORIENTED_EDGE('',*,*,#1542,.T.);
#2224=ORIENTED_EDGE('',*,*,#1380,.F.);
#2225=ORIENTED_EDGE('',*,*,#1583,.F.);
#2226=ORIENTED_EDGE('',*,*,#1319,.F.);
#2227=ORIENTED_EDGE('',*,*,#1541,.T.);
#2228=ORIENTED_EDGE('',*,*,#1515,.T.);
#2229=ORIENTED_EDGE('',*,*,#1538,.T.);
#2230=ORIENTED_EDGE('',*,*,#1552,.T.);
#2231=ORIENTED_EDGE('',*,*,#1548,.T.);
#2232=ORIENTED_EDGE('',*,*,#1556,.T.);
#2233=ORIENTED_EDGE('',*,*,#1554,.T.);
#2234=ORIENTED_EDGE('',*,*,#1583,.T.);
#2235=ORIENTED_EDGE('',*,*,#1379,.F.);
#2236=ORIENTED_EDGE('',*,*,#1584,.F.);
#2237=ORIENTED_EDGE('',*,*,#1320,.F.);
#2238=ORIENTED_EDGE('',*,*,#1584,.T.);
#2239=ORIENTED_EDGE('',*,*,#1378,.F.);
#2240=ORIENTED_EDGE('',*,*,#1585,.F.);
#2241=ORIENTED_EDGE('',*,*,#1321,.F.);
#2242=ORIENTED_EDGE('',*,*,#1585,.T.);
#2243=ORIENTED_EDGE('',*,*,#1377,.F.);
#2244=ORIENTED_EDGE('',*,*,#1580,.T.);
#2245=ORIENTED_EDGE('',*,*,#1322,.F.);
#2246=ORIENTED_EDGE('',*,*,#1586,.T.);
#2247=ORIENTED_EDGE('',*,*,#1587,.F.);
#2248=ORIENTED_EDGE('',*,*,#1588,.T.);
#2249=ORIENTED_EDGE('',*,*,#1586,.F.);
#2250=ORIENTED_EDGE('',*,*,#1588,.F.);
#2251=ORIENTED_EDGE('',*,*,#1587,.T.);
#2252=ORIENTED_EDGE('',*,*,#1589,.T.);
#2253=ORIENTED_EDGE('',*,*,#1590,.F.);
#2254=ORIENTED_EDGE('',*,*,#1591,.T.);
#2255=ORIENTED_EDGE('',*,*,#1589,.F.);
#2256=ORIENTED_EDGE('',*,*,#1591,.F.);
#2257=ORIENTED_EDGE('',*,*,#1590,.T.);
#2258=CYLINDRICAL_SURFACE('',#2412,220.);
#2259=CYLINDRICAL_SURFACE('',#2426,220.);
#2260=CYLINDRICAL_SURFACE('',#2444,340.);
#2261=CYLINDRICAL_SURFACE('',#2452,340.);
#2262=CYLINDRICAL_SURFACE('',#2459,420.);
#2263=CYLINDRICAL_SURFACE('',#2461,420.);
#2264=CYLINDRICAL_SURFACE('',#2464,420.);
#2265=CYLINDRICAL_SURFACE('',#2472,420.);
#2266=CYLINDRICAL_SURFACE('',#2474,420.);
#2267=CYLINDRICAL_SURFACE('',#2475,420.);
#2268=CYLINDRICAL_SURFACE('',#2562,140.);
#2269=CYLINDRICAL_SURFACE('',#2567,140.);
#2270=ADVANCED_FACE('',(#142),#2258,.T.);
#2271=ADVANCED_FACE('',(#143),#28,.T.);
#2272=ADVANCED_FACE('',(#144),#29,.T.);
#2273=ADVANCED_FACE('',(#145),#30,.T.);
#2274=ADVANCED_FACE('',(#146),#31,.T.);
#2275=ADVANCED_FACE('',(#147),#32,.T.);
#2276=ADVANCED_FACE('',(#148),#33,.T.);
#2277=ADVANCED_FACE('',(#149),#34,.T.);
#2278=ADVANCED_FACE('',(#150),#2259,.T.);
#2279=ADVANCED_FACE('',(#151),#35,.T.);
#2280=ADVANCED_FACE('',(#152),#36,.T.);
#2281=ADVANCED_FACE('',(#153),#37,.T.);
#2282=ADVANCED_FACE('',(#154),#38,.T.);
#2283=ADVANCED_FACE('',(#155),#39,.T.);
#2284=ADVANCED_FACE('',(#156),#40,.T.);
#2285=ADVANCED_FACE('',(#157),#41,.T.);
#2286=ADVANCED_FACE('',(#158),#42,.T.);
#2287=ADVANCED_FACE('',(#159),#43,.T.);
#2288=ADVANCED_FACE('',(#160),#44,.T.);
#2289=ADVANCED_FACE('',(#161),#45,.T.);
#2290=ADVANCED_FACE('',(#162),#2260,.F.);
#2291=ADVANCED_FACE('',(#163,#19,#20),#46,.T.);
#2292=ADVANCED_FACE('',(#164),#47,.T.);
#2293=ADVANCED_FACE('',(#165),#2261,.F.);
#2294=ADVANCED_FACE('',(#166),#48,.T.);
#2295=ADVANCED_FACE('',(#167),#49,.T.);
#2296=ADVANCED_FACE('',(#168),#50,.T.);
#2297=ADVANCED_FACE('',(#169),#2262,.T.);
#2298=ADVANCED_FACE('',(#170),#2263,.T.);
#2299=ADVANCED_FACE('',(#171),#51,.F.);
#2300=ADVANCED_FACE('',(#172),#2264,.T.);
#2301=ADVANCED_FACE('',(#173,#21),#52,.T.);
#2302=ADVANCED_FACE('',(#174),#53,.T.);
#2303=ADVANCED_FACE('',(#175),#54,.T.);
#2304=ADVANCED_FACE('',(#176),#2265,.T.);
#2305=ADVANCED_FACE('',(#177),#2266,.T.);
#2306=ADVANCED_FACE('',(#178),#2267,.T.);
#2307=ADVANCED_FACE('',(#179),#55,.F.);
#2308=ADVANCED_FACE('',(#180),#56,.T.);
#2309=ADVANCED_FACE('',(#181),#57,.T.);
#2310=ADVANCED_FACE('',(#182),#58,.T.);
#2311=ADVANCED_FACE('',(#183),#59,.T.);
#2312=ADVANCED_FACE('',(#184),#60,.T.);
#2313=ADVANCED_FACE('',(#185),#61,.T.);
#2314=ADVANCED_FACE('',(#186),#62,.F.);
#2315=ADVANCED_FACE('',(#187),#63,.T.);
#2316=ADVANCED_FACE('',(#188),#64,.T.);
#2317=ADVANCED_FACE('',(#189),#65,.T.);
#2318=ADVANCED_FACE('',(#190),#66,.T.);
#2319=ADVANCED_FACE('',(#191),#67,.T.);
#2320=ADVANCED_FACE('',(#192),#68,.F.);
#2321=ADVANCED_FACE('',(#193),#69,.T.);
#2322=ADVANCED_FACE('',(#194),#70,.T.);
#2323=ADVANCED_FACE('',(#195,#22),#71,.T.);
#2324=ADVANCED_FACE('',(#196),#72,.T.);
#2325=ADVANCED_FACE('',(#197),#73,.T.);
#2326=ADVANCED_FACE('',(#198),#74,.T.);
#2327=ADVANCED_FACE('',(#199),#75,.T.);
#2328=ADVANCED_FACE('',(#200),#76,.T.);
#2329=ADVANCED_FACE('',(#201),#77,.T.);
#2330=ADVANCED_FACE('',(#202),#78,.T.);
#2331=ADVANCED_FACE('',(#203),#79,.T.);
#2332=ADVANCED_FACE('',(#204),#80,.T.);
#2333=ADVANCED_FACE('',(#205),#81,.T.);
#2334=ADVANCED_FACE('',(#206),#82,.T.);
#2335=ADVANCED_FACE('',(#207),#83,.T.);
#2336=ADVANCED_FACE('',(#208),#84,.T.);
#2337=ADVANCED_FACE('',(#209,#23),#85,.T.);
#2338=ADVANCED_FACE('',(#210),#86,.T.);
#2339=ADVANCED_FACE('',(#211),#87,.T.);
#2340=ADVANCED_FACE('',(#212),#88,.T.);
#2341=ADVANCED_FACE('',(#213,#24),#89,.T.);
#2342=ADVANCED_FACE('',(#214),#90,.T.);
#2343=ADVANCED_FACE('',(#215),#91,.T.);
#2344=ADVANCED_FACE('',(#216),#92,.T.);
#2345=ADVANCED_FACE('',(#217),#93,.T.);
#2346=ADVANCED_FACE('',(#218),#94,.T.);
#2347=ADVANCED_FACE('',(#219),#95,.T.);
#2348=ADVANCED_FACE('',(#220),#96,.T.);
#2349=ADVANCED_FACE('',(#221),#97,.T.);
#2350=ADVANCED_FACE('',(#222),#98,.T.);
#2351=ADVANCED_FACE('',(#223,#25),#99,.T.);
#2352=ADVANCED_FACE('',(#224,#26),#100,.T.);
#2353=ADVANCED_FACE('',(#225),#101,.T.);
#2354=ADVANCED_FACE('',(#226),#102,.T.);
#2355=ADVANCED_FACE('',(#227),#103,.T.);
#2356=ADVANCED_FACE('',(#228),#104,.T.);
#2357=ADVANCED_FACE('',(#229),#105,.T.);
#2358=ADVANCED_FACE('',(#230),#106,.T.);
#2359=ADVANCED_FACE('',(#231),#107,.T.);
#2360=ADVANCED_FACE('',(#232),#108,.T.);
#2361=ADVANCED_FACE('',(#233),#109,.T.);
#2362=ADVANCED_FACE('',(#234),#110,.T.);
#2363=ADVANCED_FACE('',(#235),#111,.T.);
#2364=ADVANCED_FACE('',(#236),#112,.T.);
#2365=ADVANCED_FACE('',(#237),#113,.T.);
#2366=ADVANCED_FACE('',(#238),#114,.T.);
#2367=ADVANCED_FACE('',(#239),#115,.T.);
#2368=ADVANCED_FACE('',(#240),#116,.T.);
#2369=ADVANCED_FACE('',(#241),#117,.T.);
#2370=ADVANCED_FACE('',(#242),#118,.T.);
#2371=ADVANCED_FACE('',(#243),#119,.T.);
#2372=ADVANCED_FACE('',(#244),#120,.T.);
#2373=ADVANCED_FACE('',(#245),#121,.T.);
#2374=ADVANCED_FACE('',(#246),#122,.T.);
#2375=ADVANCED_FACE('',(#247),#123,.T.);
#2376=ADVANCED_FACE('',(#248),#124,.T.);
#2377=ADVANCED_FACE('',(#249),#125,.T.);
#2378=ADVANCED_FACE('',(#250),#126,.T.);
#2379=ADVANCED_FACE('',(#251),#127,.T.);
#2380=ADVANCED_FACE('',(#252),#128,.T.);
#2381=ADVANCED_FACE('',(#253),#129,.T.);
#2382=ADVANCED_FACE('',(#254),#130,.T.);
#2383=ADVANCED_FACE('',(#255),#131,.T.);
#2384=ADVANCED_FACE('',(#256),#132,.T.);
#2385=ADVANCED_FACE('',(#257),#133,.T.);
#2386=ADVANCED_FACE('',(#258,#27),#134,.T.);
#2387=ADVANCED_FACE('',(#259),#135,.T.);
#2388=ADVANCED_FACE('',(#260),#136,.T.);
#2389=ADVANCED_FACE('',(#261),#137,.T.);
#2390=ADVANCED_FACE('',(#262),#138,.F.);
#2391=ADVANCED_FACE('',(#263),#2268,.T.);
#2392=ADVANCED_FACE('',(#264),#139,.T.);
#2393=ADVANCED_FACE('',(#265),#140,.F.);
#2394=ADVANCED_FACE('',(#266),#2269,.T.);
#2395=ADVANCED_FACE('',(#267),#141,.T.);
#2396=CLOSED_SHELL('',(#2270,#2271,#2272,#2273,#2274,#2275,#2276,#2277,
#2278,#2279,#2280,#2281,#2282,#2283,#2284,#2285,#2286,#2287,#2288,#2289,
#2290,#2291,#2292,#2293,#2294,#2295,#2296,#2297,#2298,#2299,#2300,#2301,
#2302,#2303,#2304,#2305,#2306,#2307,#2308,#2309,#2310,#2311,#2312,#2313,
#2314,#2315,#2316,#2317,#2318,#2319,#2320,#2321,#2322,#2323,#2324,#2325,
#2326,#2327,#2328,#2329,#2330,#2331,#2332,#2333,#2334,#2335,#2336,#2337,
#2338,#2339,#2340,#2341,#2342,#2343,#2344,#2345,#2346,#2347,#2348,#2349,
#2350,#2351,#2352,#2353,#2354,#2355,#2356,#2357,#2358,#2359,#2360,#2361,
#2362,#2363,#2364,#2365,#2366,#2367,#2368,#2369,#2370,#2371,#2372,#2373,
#2374,#2375,#2376,#2377,#2378,#2379,#2380,#2381,#2382,#2383,#2384,#2385,
#2386,#2387,#2388,#2389));
#2397=CLOSED_SHELL('',(#2390,#2391,#2392));
#2398=CLOSED_SHELL('',(#2393,#2394,#2395));
#2399=DERIVED_UNIT_ELEMENT(#2401,1.);
#2400=DERIVED_UNIT_ELEMENT(#3876,-3.);
#2401=(
MASS_UNIT()
NAMED_UNIT(*)
SI_UNIT(.KILO.,.GRAM.)
);
#2402=DERIVED_UNIT((#2399,#2400));
#2403=MEASURE_REPRESENTATION_ITEM('density measure',
POSITIVE_RATIO_MEASURE(7850.),#2402);
#2404=PROPERTY_DEFINITION_REPRESENTATION(#2409,#2406);
#2405=PROPERTY_DEFINITION_REPRESENTATION(#2410,#2407);
#2406=REPRESENTATION('material name',(#2408),#3873);
#2407=REPRESENTATION('density',(#2403),#3873);
#2408=DESCRIPTIVE_REPRESENTATION_ITEM('Steel','Steel');
#2409=PROPERTY_DEFINITION('material property','material name',#3883);
#2410=PROPERTY_DEFINITION('material property','density of part',#3883);
#2411=AXIS2_PLACEMENT_3D('',#3189,#2570,#2571);
#2412=AXIS2_PLACEMENT_3D('',#3190,#2572,#2573);
#2413=AXIS2_PLACEMENT_3D('',#3192,#2574,#2575);
#2414=AXIS2_PLACEMENT_3D('',#3196,#2577,#2578);
#2415=AXIS2_PLACEMENT_3D('',#3200,#2580,#2581);
#2416=AXIS2_PLACEMENT_3D('',#3204,#2583,#2584);
#2417=AXIS2_PLACEMENT_3D('',#3208,#2586,#2587);
#2418=AXIS2_PLACEMENT_3D('',#3211,#2589,#2590);
#2419=AXIS2_PLACEMENT_3D('',#3212,#2591,#2592);
#2420=AXIS2_PLACEMENT_3D('',#3213,#2593,#2594);
#2421=AXIS2_PLACEMENT_3D('',#3219,#2598,#2599);
#2422=AXIS2_PLACEMENT_3D('',#3225,#2603,#2604);
#2423=AXIS2_PLACEMENT_3D('',#3229,#2607,#2608);
#2424=AXIS2_PLACEMENT_3D('',#3233,#2611,#2612);
#2425=AXIS2_PLACEMENT_3D('',#3237,#2615,#2616);
#2426=AXIS2_PLACEMENT_3D('',#3241,#2619,#2620);
#2427=AXIS2_PLACEMENT_3D('',#3243,#2621,#2622);
#2428=AXIS2_PLACEMENT_3D('',#3247,#2624,#2625);
#2429=AXIS2_PLACEMENT_3D('',#3251,#2627,#2628);
#2430=AXIS2_PLACEMENT_3D('',#3255,#2630,#2631);
#2431=AXIS2_PLACEMENT_3D('',#3259,#2633,#2634);
#2432=AXIS2_PLACEMENT_3D('',#3262,#2636,#2637);
#2433=AXIS2_PLACEMENT_3D('',#3263,#2638,#2639);
#2434=AXIS2_PLACEMENT_3D('',#3264,#2640,#2641);
#2435=AXIS2_PLACEMENT_3D('',#3270,#2645,#2646);
#2436=AXIS2_PLACEMENT_3D('',#3276,#2650,#2651);
#2437=AXIS2_PLACEMENT_3D('',#3280,#2654,#2655);
#2438=AXIS2_PLACEMENT_3D('',#3284,#2658,#2659);
#2439=AXIS2_PLACEMENT_3D('',#3288,#2662,#2663);
#2440=AXIS2_PLACEMENT_3D('',#3292,#2666,#2667);
#2441=AXIS2_PLACEMENT_3D('',#3294,#2669,#2670);
#2442=AXIS2_PLACEMENT_3D('',#3296,#2672,#2673);
#2443=AXIS2_PLACEMENT_3D('',#3298,#2675,#2676);
#2444=AXIS2_PLACEMENT_3D('',#3300,#2678,#2679);
#2445=AXIS2_PLACEMENT_3D('',#3303,#2680,#2681);
#2446=AXIS2_PLACEMENT_3D('',#3307,#2683,#2684);
#2447=AXIS2_PLACEMENT_3D('',#3309,#2686,#2687);
#2448=AXIS2_PLACEMENT_3D('',#3335,#2700,#2701);
#2449=AXIS2_PLACEMENT_3D('',#3340,#2704,#2705);
#2450=AXIS2_PLACEMENT_3D('',#3342,#2706,#2707);
#2451=AXIS2_PLACEMENT_3D('',#3343,#2708,#2709);
#2452=AXIS2_PLACEMENT_3D('',#3363,#2720,#2721);
#2453=AXIS2_PLACEMENT_3D('',#3366,#2722,#2723);
#2454=AXIS2_PLACEMENT_3D('',#3369,#2726,#2727);
#2455=AXIS2_PLACEMENT_3D('',#3373,#2730,#2731);
#2456=AXIS2_PLACEMENT_3D('',#3377,#2733,#2734);
#2457=AXIS2_PLACEMENT_3D('',#3378,#2735,#2736);
#2458=AXIS2_PLACEMENT_3D('',#3382,#2738,#2739);
#2459=AXIS2_PLACEMENT_3D('',#3383,#2740,#2741);
#2460=AXIS2_PLACEMENT_3D('',#3386,#2743,#2744);
#2461=AXIS2_PLACEMENT_3D('',#3387,#2745,#2746);
#2462=AXIS2_PLACEMENT_3D('',#3391,#2748,#2749);
#2463=AXIS2_PLACEMENT_3D('',#3393,#2751,#2752);
#2464=AXIS2_PLACEMENT_3D('',#3394,#2753,#2754);
#2465=AXIS2_PLACEMENT_3D('',#3399,#2757,#2758);
#2466=AXIS2_PLACEMENT_3D('',#3400,#2759,#2760);
#2467=AXIS2_PLACEMENT_3D('',#3409,#2765,#2766);
#2468=AXIS2_PLACEMENT_3D('',#3417,#2770,#2771);
#2469=AXIS2_PLACEMENT_3D('',#3470,#2800,#2801);
#2470=AXIS2_PLACEMENT_3D('',#3478,#2806,#2807);
#2471=AXIS2_PLACEMENT_3D('',#3482,#2809,#2810);
#2472=AXIS2_PLACEMENT_3D('',#3483,#2811,#2812);
#2473=AXIS2_PLACEMENT_3D('',#3486,#2814,#2815);
#2474=AXIS2_PLACEMENT_3D('',#3487,#2816,#2817);
#2475=AXIS2_PLACEMENT_3D('',#3490,#2820,#2821);
#2476=AXIS2_PLACEMENT_3D('',#3495,#2824,#2825);
#2477=AXIS2_PLACEMENT_3D('',#3496,#2826,#2827);
#2478=AXIS2_PLACEMENT_3D('',#3497,#2828,#2829);
#2479=AXIS2_PLACEMENT_3D('',#3499,#2831,#2832);
#2480=AXIS2_PLACEMENT_3D('',#3505,#2836,#2837);
#2481=AXIS2_PLACEMENT_3D('',#3509,#2840,#2841);
#2482=AXIS2_PLACEMENT_3D('',#3517,#2846,#2847);
#2483=AXIS2_PLACEMENT_3D('',#3522,#2851,#2852);
#2484=AXIS2_PLACEMENT_3D('',#3523,#2853,#2854);
#2485=AXIS2_PLACEMENT_3D('',#3525,#2856,#2857);
#2486=AXIS2_PLACEMENT_3D('',#3535,#2863,#2864);
#2487=AXIS2_PLACEMENT_3D('',#3541,#2868,#2869);
#2488=AXIS2_PLACEMENT_3D('',#3543,#2871,#2872);
#2489=AXIS2_PLACEMENT_3D('',#3546,#2875,#2876);
#2490=AXIS2_PLACEMENT_3D('',#3547,#2877,#2878);
#2491=AXIS2_PLACEMENT_3D('',#3548,#2879,#2880);
#2492=AXIS2_PLACEMENT_3D('',#3565,#2889,#2890);
#2493=AXIS2_PLACEMENT_3D('',#3571,#2894,#2895);
#2494=AXIS2_PLACEMENT_3D('',#3585,#2903,#2904);
#2495=AXIS2_PLACEMENT_3D('',#3589,#2907,#2908);
#2496=AXIS2_PLACEMENT_3D('',#3593,#2911,#2912);
#2497=AXIS2_PLACEMENT_3D('',#3600,#2917,#2918);
#2498=AXIS2_PLACEMENT_3D('',#3601,#2919,#2920);
#2499=AXIS2_PLACEMENT_3D('',#3605,#2923,#2924);
#2500=AXIS2_PLACEMENT_3D('',#3609,#2927,#2928);
#2501=AXIS2_PLACEMENT_3D('',#3611,#2930,#2931);
#2502=AXIS2_PLACEMENT_3D('',#3617,#2935,#2936);
#2503=AXIS2_PLACEMENT_3D('',#3618,#2937,#2938);
#2504=AXIS2_PLACEMENT_3D('',#3629,#2945,#2946);
#2505=AXIS2_PLACEMENT_3D('',#3646,#2955,#2956);
#2506=AXIS2_PLACEMENT_3D('',#3652,#2960,#2961);
#2507=AXIS2_PLACEMENT_3D('',#3658,#2965,#2966);
#2508=AXIS2_PLACEMENT_3D('',#3672,#2974,#2975);
#2509=AXIS2_PLACEMENT_3D('',#3674,#2977,#2978);
#2510=AXIS2_PLACEMENT_3D('',#3681,#2983,#2984);
#2511=AXIS2_PLACEMENT_3D('',#3682,#2985,#2986);
#2512=AXIS2_PLACEMENT_3D('',#3695,#2994,#2995);
#2513=AXIS2_PLACEMENT_3D('',#3699,#2998,#2999);
#2514=AXIS2_PLACEMENT_3D('',#3703,#3002,#3003);
#2515=AXIS2_PLACEMENT_3D('',#3714,#3010,#3011);
#2516=AXIS2_PLACEMENT_3D('',#3716,#3013,#3014);
#2517=AXIS2_PLACEMENT_3D('',#3720,#3017,#3018);
#2518=AXIS2_PLACEMENT_3D('',#3724,#3021,#3022);
#2519=AXIS2_PLACEMENT_3D('',#3730,#3026,#3027);
#2520=AXIS2_PLACEMENT_3D('',#3732,#3029,#3030);
#2521=AXIS2_PLACEMENT_3D('',#3734,#3032,#3033);
#2522=AXIS2_PLACEMENT_3D('',#3738,#3036,#3037);
#2523=AXIS2_PLACEMENT_3D('',#3750,#3045,#3046);
#2524=AXIS2_PLACEMENT_3D('',#3751,#3047,#3048);
#2525=AXIS2_PLACEMENT_3D('',#3752,#3049,#3050);
#2526=AXIS2_PLACEMENT_3D('',#3754,#3052,#3053);
#2527=AXIS2_PLACEMENT_3D('',#3756,#3055,#3056);
#2528=AXIS2_PLACEMENT_3D('',#3758,#3058,#3059);
#2529=AXIS2_PLACEMENT_3D('',#3759,#3060,#3061);
#2530=AXIS2_PLACEMENT_3D('',#3760,#3062,#3063);
#2531=AXIS2_PLACEMENT_3D('',#3762,#3065,#3066);
#2532=AXIS2_PLACEMENT_3D('',#3764,#3068,#3069);
#2533=AXIS2_PLACEMENT_3D('',#3770,#3073,#3074);
#2534=AXIS2_PLACEMENT_3D('',#3772,#3076,#3077);
#2535=AXIS2_PLACEMENT_3D('',#3774,#3079,#3080);
#2536=AXIS2_PLACEMENT_3D('',#3775,#3081,#3082);
#2537=AXIS2_PLACEMENT_3D('',#3784,#3087,#3088);
#2538=AXIS2_PLACEMENT_3D('',#3788,#3091,#3092);
#2539=AXIS2_PLACEMENT_3D('',#3792,#3095,#3096);
#2540=AXIS2_PLACEMENT_3D('',#3794,#3098,#3099);
#2541=AXIS2_PLACEMENT_3D('',#3800,#3103,#3104);
#2542=AXIS2_PLACEMENT_3D('',#3804,#3107,#3108);
#2543=AXIS2_PLACEMENT_3D('',#3808,#3111,#3112);
#2544=AXIS2_PLACEMENT_3D('',#3816,#3117,#3118);
#2545=AXIS2_PLACEMENT_3D('',#3820,#3121,#3122);
#2546=AXIS2_PLACEMENT_3D('',#3825,#3126,#3127);
#2547=AXIS2_PLACEMENT_3D('',#3826,#3128,#3129);
#2548=AXIS2_PLACEMENT_3D('',#3830,#3132,#3133);
#2549=AXIS2_PLACEMENT_3D('',#3836,#3137,#3138);
#2550=AXIS2_PLACEMENT_3D('',#3838,#3140,#3141);
#2551=AXIS2_PLACEMENT_3D('',#3840,#3143,#3144);
#2552=AXIS2_PLACEMENT_3D('',#3841,#3145,#3146);
#2553=AXIS2_PLACEMENT_3D('',#3844,#3149,#3150);
#2554=AXIS2_PLACEMENT_3D('',#3846,#3152,#3153);
#2555=AXIS2_PLACEMENT_3D('',#3847,#3154,#3155);
#2556=AXIS2_PLACEMENT_3D('',#3848,#3156,#3157);
#2557=AXIS2_PLACEMENT_3D('',#3850,#3159,#3160);
#2558=AXIS2_PLACEMENT_3D('',#3852,#3162,#3163);
#2559=AXIS2_PLACEMENT_3D('',#3854,#3165,#3166);
#2560=AXIS2_PLACEMENT_3D('',#3855,#3167,#3168);
#2561=AXIS2_PLACEMENT_3D('',#3857,#3169,#3170);
#2562=AXIS2_PLACEMENT_3D('',#3858,#3171,#3172);
#2563=AXIS2_PLACEMENT_3D('',#3860,#3173,#3174);
#2564=AXIS2_PLACEMENT_3D('',#3862,#3176,#3177);
#2565=AXIS2_PLACEMENT_3D('',#3863,#3178,#3179);
#2566=AXIS2_PLACEMENT_3D('',#3865,#3180,#3181);
#2567=AXIS2_PLACEMENT_3D('',#3866,#3182,#3183);
#2568=AXIS2_PLACEMENT_3D('',#3868,#3184,#3185);
#2569=AXIS2_PLACEMENT_3D('',#3870,#3187,#3188);
#2570=DIRECTION('axis',(0.,0.,1.));
#2571=DIRECTION('refdir',(1.,0.,0.));
#2572=DIRECTION('center_axis',(0.,0.,1.));
#2573=DIRECTION('ref_axis',(1.,0.,0.));
#2574=DIRECTION('center_axis',(0.,0.,1.));
#2575=DIRECTION('ref_axis',(1.,0.,0.));
#2576=DIRECTION('',(0.,0.,-1.));
#2577=DIRECTION('center_axis',(0.,0.,-1.));
#2578=DIRECTION('ref_axis',(1.,0.,0.));
#2579=DIRECTION('',(0.,0.,-1.));
#2580=DIRECTION('center_axis',(0.,0.,-1.));
#2581=DIRECTION('ref_axis',(1.,0.,0.));
#2582=DIRECTION('',(0.,0.,1.));
#2583=DIRECTION('center_axis',(0.,0.,-1.));
#2584=DIRECTION('ref_axis',(1.,0.,0.));
#2585=DIRECTION('',(0.,0.,-1.));
#2586=DIRECTION('center_axis',(0.,0.,-1.));
#2587=DIRECTION('ref_axis',(1.,0.,0.));
#2588=DIRECTION('',(0.,0.,1.));
#2589=DIRECTION('center_axis',(0.,0.,-1.));
#2590=DIRECTION('ref_axis',(1.,0.,0.));
#2591=DIRECTION('center_axis',(0.,0.,1.));
#2592=DIRECTION('ref_axis',(1.,0.,0.));
#2593=DIRECTION('center_axis',(-1.,0.,0.));
#2594=DIRECTION('ref_axis',(0.,-1.,0.));
#2595=DIRECTION('',(0.,1.,0.));
#2596=DIRECTION('',(0.,0.,1.));
#2597=DIRECTION('',(0.,-1.,0.));
#2598=DIRECTION('center_axis',(-1.,0.,0.));
#2599=DIRECTION('ref_axis',(0.,-1.,0.));
#2600=DIRECTION('',(0.,-1.,0.));
#2601=DIRECTION('',(0.,0.,1.));
#2602=DIRECTION('',(0.,1.,0.));
#2603=DIRECTION('center_axis',(0.,0.,1.));
#2604=DIRECTION('ref_axis',(1.,0.,0.));
#2605=DIRECTION('',(1.,0.,0.));
#2606=DIRECTION('',(0.,1.,0.));
#2607=DIRECTION('center_axis',(0.,0.,1.));
#2608=DIRECTION('ref_axis',(1.,0.,0.));
#2609=DIRECTION('',(0.,1.,0.));
#2610=DIRECTION('',(-1.,0.,0.));
#2611=DIRECTION('center_axis',(1.,0.,0.));
#2612=DIRECTION('ref_axis',(0.,1.,0.));
#2613=DIRECTION('',(0.,0.,1.));
#2614=DIRECTION('',(0.,-1.,0.));
#2615=DIRECTION('center_axis',(1.,0.,0.));
#2616=DIRECTION('ref_axis',(0.,1.,0.));
#2617=DIRECTION('',(0.,-1.,0.));
#2618=DIRECTION('',(0.,0.,1.));
#2619=DIRECTION('center_axis',(0.,0.,1.));
#2620=DIRECTION('ref_axis',(1.,0.,0.));
#2621=DIRECTION('center_axis',(0.,0.,1.));
#2622=DIRECTION('ref_axis',(1.,0.,0.));
#2623=DIRECTION('',(0.,0.,-1.));
#2624=DIRECTION('center_axis',(0.,0.,-1.));
#2625=DIRECTION('ref_axis',(1.,0.,0.));
#2626=DIRECTION('',(0.,0.,-1.));
#2627=DIRECTION('center_axis',(0.,0.,-1.));
#2628=DIRECTION('ref_axis',(1.,0.,0.));
#2629=DIRECTION('',(0.,0.,1.));
#2630=DIRECTION('center_axis',(0.,0.,-1.));
#2631=DIRECTION('ref_axis',(1.,0.,0.));
#2632=DIRECTION('',(0.,0.,-1.));
#2633=DIRECTION('center_axis',(0.,0.,-1.));
#2634=DIRECTION('ref_axis',(1.,0.,0.));
#2635=DIRECTION('',(0.,0.,1.));
#2636=DIRECTION('center_axis',(0.,0.,-1.));
#2637=DIRECTION('ref_axis',(1.,0.,0.));
#2638=DIRECTION('center_axis',(0.,0.,1.));
#2639=DIRECTION('ref_axis',(1.,0.,0.));
#2640=DIRECTION('center_axis',(-1.,0.,0.));
#2641=DIRECTION('ref_axis',(0.,-1.,0.));
#2642=DIRECTION('',(0.,1.,0.));
#2643=DIRECTION('',(0.,0.,1.));
#2644=DIRECTION('',(0.,-1.,0.));
#2645=DIRECTION('center_axis',(-1.,0.,0.));
#2646=DIRECTION('ref_axis',(0.,-1.,0.));
#2647=DIRECTION('',(0.,-1.,0.));
#2648=DIRECTION('',(0.,0.,1.));
#2649=DIRECTION('',(0.,1.,0.));
#2650=DIRECTION('center_axis',(0.,0.,1.));
#2651=DIRECTION('ref_axis',(1.,0.,0.));
#2652=DIRECTION('',(1.,0.,0.));
#2653=DIRECTION('',(0.,1.,0.));
#2654=DIRECTION('center_axis',(0.,0.,1.));
#2655=DIRECTION('ref_axis',(1.,0.,0.));
#2656=DIRECTION('',(0.,1.,0.));
#2657=DIRECTION('',(-1.,0.,0.));
#2658=DIRECTION('center_axis',(1.,0.,0.));
#2659=DIRECTION('ref_axis',(0.,1.,0.));
#2660=DIRECTION('',(0.,0.,1.));
#2661=DIRECTION('',(0.,-1.,0.));
#2662=DIRECTION('center_axis',(1.,0.,0.));
#2663=DIRECTION('ref_axis',(0.,1.,0.));
#2664=DIRECTION('',(0.,-1.,0.));
#2665=DIRECTION('',(0.,0.,1.));
#2666=DIRECTION('center_axis',(0.,1.,0.));
#2667=DIRECTION('ref_axis',(-1.,0.,0.));
#2668=DIRECTION('',(1.,0.,0.));
#2669=DIRECTION('center_axis',(0.,-1.,0.));
#2670=DIRECTION('ref_axis',(1.,0.,0.));
#2671=DIRECTION('',(-1.,0.,0.));
#2672=DIRECTION('center_axis',(0.,-1.,0.));
#2673=DIRECTION('ref_axis',(1.,0.,0.));
#2674=DIRECTION('',(-1.,0.,0.));
#2675=DIRECTION('center_axis',(0.,1.,0.));
#2676=DIRECTION('ref_axis',(-1.,0.,0.));
#2677=DIRECTION('',(1.,0.,0.));
#2678=DIRECTION('center_axis',(0.,0.,1.));
#2679=DIRECTION('ref_axis',(1.,0.,0.));
#2680=DIRECTION('center_axis',(0.,0.,-1.));
#2681=DIRECTION('ref_axis',(1.,0.,0.));
#2682=DIRECTION('',(0.,0.,1.));
#2683=DIRECTION('center_axis',(0.,0.,1.));
#2684=DIRECTION('ref_axis',(1.,0.,0.));
#2685=DIRECTION('',(0.,0.,-1.));
#2686=DIRECTION('center_axis',(0.,0.,-1.));
#2687=DIRECTION('ref_axis',(-1.,0.,0.));
#2688=DIRECTION('',(-0.339644463777557,0.940553899691695,0.));
#2689=DIRECTION('',(-0.0356915305124125,0.999362854347549,0.));
#2690=DIRECTION('',(0.219512195121951,0.975609756097561,0.));
#2691=DIRECTION('',(0.196116135138184,0.98058067569092,0.));
#2692=DIRECTION('',(0.274721127897378,0.961523947640823,0.));
#2693=DIRECTION('',(0.400818834019708,0.916157334902189,0.));
#2694=DIRECTION('',(0.400818834019708,-0.916157334902189,0.));
#2695=DIRECTION('',(0.274721127897378,-0.961523947640823,0.));
#2696=DIRECTION('',(0.196116135138184,-0.98058067569092,0.));
#2697=DIRECTION('',(0.219512195121951,-0.975609756097561,0.));
#2698=DIRECTION('',(-0.0356915305124125,-0.999362854347549,0.));
#2699=DIRECTION('',(-0.339644463777557,-0.940553899691695,0.));
#2700=DIRECTION('center_axis',(0.,0.,1.));
#2701=DIRECTION('ref_axis',(1.,0.,0.));
#2702=DIRECTION('',(-0.94299033358289,0.332820117735137,0.));
#2703=DIRECTION('',(-0.94299033358289,-0.332820117735137,0.));
#2704=DIRECTION('center_axis',(0.,0.,1.));
#2705=DIRECTION('ref_axis',(1.,0.,0.));
#2706=DIRECTION('center_axis',(0.,0.,1.));
#2707=DIRECTION('ref_axis',(1.,0.,0.));
#2708=DIRECTION('center_axis',(-0.940553899691696,-0.339644463777557,0.));
#2709=DIRECTION('ref_axis',(0.339644463777557,-0.940553899691695,0.));
#2710=DIRECTION('',(0.339644463777557,-0.940553899691695,0.));
#2711=DIRECTION('',(0.,0.,-1.));
#2712=DIRECTION('',(-0.339644463777557,0.940553899691695,0.));
#2713=DIRECTION('',(0.,0.,1.));
#2714=DIRECTION('',(0.339644463777557,-0.940553899691695,0.));
#2715=DIRECTION('',(0.,0.,1.));
#2716=DIRECTION('',(0.339644463777557,-0.940553899691695,0.));
#2717=DIRECTION('',(0.,0.,-1.));
#2718=DIRECTION('',(-0.339644463777557,0.940553899691695,0.));
#2719=DIRECTION('',(0.,0.,1.));
#2720=DIRECTION('center_axis',(0.,0.,1.));
#2721=DIRECTION('ref_axis',(-0.742261871046857,0.670109927392528,0.));
#2722=DIRECTION('center_axis',(0.,0.,-1.));
#2723=DIRECTION('ref_axis',(1.,0.,0.));
#2724=DIRECTION('',(0.,0.,1.));
#2725=DIRECTION('',(0.,0.,-1.));
#2726=DIRECTION('center_axis',(-0.332820117735137,-0.94299033358289,0.));
#2727=DIRECTION('ref_axis',(0.94299033358289,-0.332820117735137,0.));
#2728=DIRECTION('',(0.94299033358289,-0.332820117735137,0.));
#2729=DIRECTION('',(0.,0.,1.));
#2730=DIRECTION('center_axis',(0.,0.,1.));
#2731=DIRECTION('ref_axis',(1.,0.,0.));
#2732=DIRECTION('',(0.,-1.,0.));
#2733=DIRECTION('center_axis',(0.,0.,1.));
#2734=DIRECTION('ref_axis',(1.,0.,0.));
#2735=DIRECTION('center_axis',(0.,0.,1.));
#2736=DIRECTION('ref_axis',(1.,0.,0.));
#2737=DIRECTION('',(0.,1.,0.));
#2738=DIRECTION('center_axis',(0.,0.,1.));
#2739=DIRECTION('ref_axis',(1.,0.,0.));
#2740=DIRECTION('center_axis',(0.,0.,1.));
#2741=DIRECTION('ref_axis',(1.,0.,0.));
#2742=DIRECTION('',(0.,0.,-1.));
#2743=DIRECTION('center_axis',(0.,0.,-1.));
#2744=DIRECTION('ref_axis',(1.,0.,0.));
#2745=DIRECTION('center_axis',(0.,0.,1.));
#2746=DIRECTION('ref_axis',(-1.,1.22464679914735E-16,0.));
#2747=DIRECTION('',(0.,0.,1.));
#2748=DIRECTION('center_axis',(0.,0.,-1.));
#2749=DIRECTION('ref_axis',(1.,0.,0.));
#2750=DIRECTION('',(0.,0.,-1.));
#2751=DIRECTION('center_axis',(0.,0.,1.));
#2752=DIRECTION('ref_axis',(1.,0.,0.));
#2753=DIRECTION('center_axis',(0.,0.,1.));
#2754=DIRECTION('ref_axis',(1.,0.,0.));
#2755=DIRECTION('',(0.,0.,-1.));
#2756=DIRECTION('',(0.,0.,1.));
#2757=DIRECTION('center_axis',(0.,0.,-1.));
#2758=DIRECTION('ref_axis',(1.,0.,0.));
#2759=DIRECTION('center_axis',(0.,0.,1.));
#2760=DIRECTION('ref_axis',(1.,0.,0.));
#2761=DIRECTION('',(0.94299033358289,0.332820117735137,0.));
#2762=DIRECTION('',(0.339644463777557,0.940553899691695,0.));
#2763=DIRECTION('',(-1.,0.,0.));
#2764=DIRECTION('',(0.,1.,0.));
#2765=DIRECTION('center_axis',(0.,0.,-1.));
#2766=DIRECTION('ref_axis',(1.,0.,0.));
#2767=DIRECTION('',(0.,1.,0.));
#2768=DIRECTION('',(1.,0.,0.));
#2769=DIRECTION('',(0.,-1.,0.));
#2770=DIRECTION('center_axis',(0.,0.,-1.));
#2771=DIRECTION('ref_axis',(1.,0.,0.));
#2772=DIRECTION('',(0.,-1.,0.));
#2773=DIRECTION('',(0.339644463777557,0.940553899691695,0.));
#2774=DIRECTION('',(0.0356915305124125,0.999362854347549,0.));
#2775=DIRECTION('',(-0.219512195121951,0.975609756097561,0.));
#2776=DIRECTION('',(-0.196116135138184,0.98058067569092,0.));
#2777=DIRECTION('',(-0.274721127897378,0.961523947640823,0.));
#2778=DIRECTION('',(-0.400818834019708,0.916157334902189,0.));
#2779=DIRECTION('',(-0.400818834019708,-0.916157334902189,0.));
#2780=DIRECTION('',(-0.274721127897378,-0.961523947640823,0.));
#2781=DIRECTION('',(-0.196116135138184,-0.98058067569092,0.));
#2782=DIRECTION('',(-0.219512195121951,-0.975609756097561,0.));
#2783=DIRECTION('',(0.0356915305124125,-0.999362854347549,0.));
#2784=DIRECTION('',(0.,1.,0.));
#2785=DIRECTION('',(0.,1.,0.));
#2786=DIRECTION('',(1.,0.,0.));
#2787=DIRECTION('',(0.,-1.,0.));
#2788=DIRECTION('',(0.,-1.,0.));
#2789=DIRECTION('',(-1.,0.,0.));
#2790=DIRECTION('',(-0.90286051882393,-0.429933580392348,0.));
#2791=DIRECTION('',(0.,-1.,0.));
#2792=DIRECTION('',(-0.591363663627517,-0.806404995855706,0.));
#2793=DIRECTION('',(-0.591363663627517,0.806404995855706,0.));
#2794=DIRECTION('',(0.,1.,0.));
#2795=DIRECTION('',(-0.90286051882393,0.429933580392348,0.));
#2796=DIRECTION('',(-0.0315632133997019,0.999501757657226,0.));
#2797=DIRECTION('',(0.257662650560332,0.966234939601246,0.));
#2798=DIRECTION('',(0.257662650560332,-0.966234939601246,0.));
#2799=DIRECTION('',(-0.0315632133997019,-0.999501757657226,0.));
#2800=DIRECTION('center_axis',(-1.,0.,0.));
#2801=DIRECTION('ref_axis',(0.,-1.,0.));
#2802=DIRECTION('',(0.,-1.,0.));
#2803=DIRECTION('',(0.,0.,1.));
#2804=DIRECTION('',(0.,-1.,0.));
#2805=DIRECTION('',(0.,0.,1.));
#2806=DIRECTION('center_axis',(0.,0.,1.));
#2807=DIRECTION('ref_axis',(1.,0.,0.));
#2808=DIRECTION('',(0.,1.,0.));
#2809=DIRECTION('center_axis',(0.,0.,1.));
#2810=DIRECTION('ref_axis',(1.,0.,0.));
#2811=DIRECTION('center_axis',(0.,0.,1.));
#2812=DIRECTION('ref_axis',(1.,0.,0.));
#2813=DIRECTION('',(0.,0.,-1.));
#2814=DIRECTION('center_axis',(0.,0.,-1.));
#2815=DIRECTION('ref_axis',(1.,0.,0.));
#2816=DIRECTION('center_axis',(0.,0.,1.));
#2817=DIRECTION('ref_axis',(1.,0.,0.));
#2818=DIRECTION('',(0.,0.,-1.));
#2819=DIRECTION('',(0.,0.,1.));
#2820=DIRECTION('center_axis',(0.,0.,1.));
#2821=DIRECTION('ref_axis',(-1.,1.22464679914735E-16,0.));
#2822=DIRECTION('',(0.,0.,1.));
#2823=DIRECTION('',(0.,0.,-1.));
#2824=DIRECTION('center_axis',(0.,0.,1.));
#2825=DIRECTION('ref_axis',(1.,0.,0.));
#2826=DIRECTION('center_axis',(0.,0.,1.));
#2827=DIRECTION('ref_axis',(1.,0.,0.));
#2828=DIRECTION('center_axis',(0.,0.,1.));
#2829=DIRECTION('ref_axis',(1.,0.,0.));
#2830=DIRECTION('',(0.,-1.,0.));
#2831=DIRECTION('center_axis',(-1.,0.,0.));
#2832=DIRECTION('ref_axis',(0.,-1.,0.));
#2833=DIRECTION('',(0.,0.,1.));
#2834=DIRECTION('',(0.,-1.,0.));
#2835=DIRECTION('',(0.,0.,1.));
#2836=DIRECTION('center_axis',(0.,1.,0.));
#2837=DIRECTION('ref_axis',(-1.,0.,0.));
#2838=DIRECTION('',(-1.,0.,0.));
#2839=DIRECTION('',(0.,0.,1.));
#2840=DIRECTION('center_axis',(0.,-1.,0.));
#2841=DIRECTION('ref_axis',(1.,0.,0.));
#2842=DIRECTION('',(0.,0.,1.));
#2843=DIRECTION('',(-1.,0.,0.));
#2844=DIRECTION('',(0.,0.,1.));
#2845=DIRECTION('',(1.,0.,0.));
#2846=DIRECTION('center_axis',(1.,0.,0.));
#2847=DIRECTION('ref_axis',(0.,1.,0.));
#2848=DIRECTION('',(0.,1.,0.));
#2849=DIRECTION('',(0.,-1.,0.));
#2850=DIRECTION('',(0.,0.,-1.));
#2851=DIRECTION('center_axis',(0.,0.,1.));
#2852=DIRECTION('ref_axis',(1.,0.,0.));
#2853=DIRECTION('center_axis',(0.,0.,1.));
#2854=DIRECTION('ref_axis',(1.,0.,0.));
#2855=DIRECTION('',(-0.339644463777557,-0.940553899691695,0.));
#2856=DIRECTION('center_axis',(0.940553899691696,-0.339644463777557,0.));
#2857=DIRECTION('ref_axis',(0.339644463777557,0.940553899691695,0.));
#2858=DIRECTION('',(0.,0.,1.));
#2859=DIRECTION('',(-0.339644463777557,-0.940553899691695,0.));
#2860=DIRECTION('',(0.,0.,1.));
#2861=DIRECTION('',(0.339644463777557,0.940553899691695,0.));
#2862=DIRECTION('',(0.,0.,1.));
#2863=DIRECTION('center_axis',(1.,0.,0.));
#2864=DIRECTION('ref_axis',(0.,1.,0.));
#2865=DIRECTION('',(0.,0.,1.));
#2866=DIRECTION('',(0.,1.,0.));
#2867=DIRECTION('',(0.,0.,1.));
#2868=DIRECTION('center_axis',(0.,1.,0.));
#2869=DIRECTION('ref_axis',(-1.,0.,0.));
#2870=DIRECTION('',(-1.,0.,0.));
#2871=DIRECTION('center_axis',(0.,-1.,0.));
#2872=DIRECTION('ref_axis',(1.,0.,0.));
#2873=DIRECTION('',(1.,0.,0.));
#2874=DIRECTION('',(1.,0.,0.));
#2875=DIRECTION('center_axis',(0.,0.,1.));
#2876=DIRECTION('ref_axis',(1.,0.,0.));
#2877=DIRECTION('center_axis',(0.,0.,1.));
#2878=DIRECTION('ref_axis',(1.,0.,0.));
#2879=DIRECTION('center_axis',(0.,1.,0.));
#2880=DIRECTION('ref_axis',(-1.,0.,0.));
#2881=DIRECTION('',(-1.,0.,0.));
#2882=DIRECTION('',(0.,0.,-1.));
#2883=DIRECTION('',(1.,0.,0.));
#2884=DIRECTION('',(0.,0.,1.));
#2885=DIRECTION('',(-1.,0.,0.));
#2886=DIRECTION('',(0.,0.,1.));
#2887=DIRECTION('',(1.,0.,0.));
#2888=DIRECTION('',(0.,0.,1.));
#2889=DIRECTION('center_axis',(-1.,0.,0.));
#2890=DIRECTION('ref_axis',(0.,-1.,0.));
#2891=DIRECTION('',(0.,1.,0.));
#2892=DIRECTION('',(0.,0.,-1.));
#2893=DIRECTION('',(0.,-1.,0.));
#2894=DIRECTION('center_axis',(1.,0.,0.));
#2895=DIRECTION('ref_axis',(0.,1.,0.));
#2896=DIRECTION('',(0.,1.,0.));
#2897=DIRECTION('',(0.,0.,1.));
#2898=DIRECTION('',(0.,-1.,0.));
#2899=DIRECTION('',(0.,1.,0.));
#2900=DIRECTION('',(0.,0.,-1.));
#2901=DIRECTION('',(0.,-1.,0.));
#2902=DIRECTION('',(0.,0.,1.));
#2903=DIRECTION('center_axis',(0.,0.,-1.));
#2904=DIRECTION('ref_axis',(-1.,0.,0.));
#2905=DIRECTION('',(-1.,0.,0.));
#2906=DIRECTION('',(0.,1.,0.));
#2907=DIRECTION('center_axis',(-1.,0.,0.));
#2908=DIRECTION('ref_axis',(0.,-1.,0.));
#2909=DIRECTION('',(0.,-1.,0.));
#2910=DIRECTION('',(0.,0.,-1.));
#2911=DIRECTION('center_axis',(0.,-1.,0.));
#2912=DIRECTION('ref_axis',(1.,0.,0.));
#2913=DIRECTION('',(1.,0.,0.));
#2914=DIRECTION('',(1.,0.,0.));
#2915=DIRECTION('',(-1.,0.,0.));
#2916=DIRECTION('',(0.,0.,1.));
#2917=DIRECTION('center_axis',(0.,0.,1.));
#2918=DIRECTION('ref_axis',(1.,0.,0.));
#2919=DIRECTION('center_axis',(0.,0.,1.));
#2920=DIRECTION('ref_axis',(1.,0.,0.));
#2921=DIRECTION('',(0.164398987305357,0.986393923832144,0.));
#2922=DIRECTION('',(-0.71224917072145,0.701926718971864,0.));
#2923=DIRECTION('center_axis',(0.701926718971864,0.71224917072145,0.));
#2924=DIRECTION('ref_axis',(-0.71224917072145,0.701926718971864,0.));
#2925=DIRECTION('',(0.,0.,1.));
#2926=DIRECTION('',(0.71224917072145,-0.701926718971864,0.));
#2927=DIRECTION('center_axis',(0.986393923832144,-0.164398987305357,0.));
#2928=DIRECTION('ref_axis',(0.164398987305357,0.986393923832144,0.));
#2929=DIRECTION('',(-0.164398987305357,-0.986393923832144,0.));
#2930=DIRECTION('center_axis',(0.986393923832144,-0.164398987305357,0.));
#2931=DIRECTION('ref_axis',(0.164398987305357,0.986393923832144,0.));
#2932=DIRECTION('',(0.164398987305357,0.986393923832144,0.));
#2933=DIRECTION('',(0.,0.,1.));
#2934=DIRECTION('',(-0.164398987305357,-0.986393923832144,0.));
#2935=DIRECTION('center_axis',(0.,0.,-1.));
#2936=DIRECTION('ref_axis',(-1.,0.,0.));
#2937=DIRECTION('center_axis',(0.,0.,-1.));
#2938=DIRECTION('ref_axis',(-1.,0.,0.));
#2939=DIRECTION('',(-0.948683298050514,0.316227766016838,0.));
#2940=DIRECTION('',(-0.992277876713668,0.124034734589208,0.));
#2941=DIRECTION('',(-0.0356915305124125,-0.999362854347549,0.));
#2942=DIRECTION('',(0.219512195121951,-0.975609756097561,0.));
#2943=DIRECTION('',(0.012499023551926,0.999921884154081,0.));
#2944=DIRECTION('',(0.71224917072145,-0.701926718971864,0.));
#2945=DIRECTION('center_axis',(0.,1.,0.));
#2946=DIRECTION('ref_axis',(-1.,0.,0.));
#2947=DIRECTION('',(1.,0.,0.));
#2948=DIRECTION('',(0.,0.,1.));
#2949=DIRECTION('',(-1.,0.,0.));
#2950=DIRECTION('',(0.,0.,1.));
#2951=DIRECTION('',(1.,0.,0.));
#2952=DIRECTION('',(0.,0.,1.));
#2953=DIRECTION('',(-1.,0.,0.));
#2954=DIRECTION('',(0.,0.,1.));
#2955=DIRECTION('center_axis',(1.,0.,0.));
#2956=DIRECTION('ref_axis',(0.,1.,0.));
#2957=DIRECTION('',(0.,1.,0.));
#2958=DIRECTION('',(0.,0.,-1.));
#2959=DIRECTION('',(0.,-1.,0.));
#2960=DIRECTION('center_axis',(1.,0.,0.));
#2961=DIRECTION('ref_axis',(0.,1.,0.));
#2962=DIRECTION('',(0.,-1.,0.));
#2963=DIRECTION('',(0.,1.,0.));
#2964=DIRECTION('',(0.,0.,-1.));
#2965=DIRECTION('center_axis',(-1.,0.,0.));
#2966=DIRECTION('ref_axis',(0.,-1.,0.));
#2967=DIRECTION('',(0.,0.,1.));
#2968=DIRECTION('',(0.,-1.,0.));
#2969=DIRECTION('',(0.,1.,0.));
#2970=DIRECTION('',(0.,-1.,0.));
#2971=DIRECTION('',(0.,0.,-1.));
#2972=DIRECTION('',(0.,1.,0.));
#2973=DIRECTION('',(0.,0.,1.));
#2974=DIRECTION('center_axis',(0.,0.,-1.));
#2975=DIRECTION('ref_axis',(-1.,0.,0.));
#2976=DIRECTION('',(-1.,0.,0.));
#2977=DIRECTION('center_axis',(0.,-1.,0.));
#2978=DIRECTION('ref_axis',(1.,0.,0.));
#2979=DIRECTION('',(-1.,0.,0.));
#2980=DIRECTION('',(1.,0.,0.));
#2981=DIRECTION('',(1.,0.,0.));
#2982=DIRECTION('',(0.,0.,-1.));
#2983=DIRECTION('center_axis',(0.,0.,1.));
#2984=DIRECTION('ref_axis',(1.,0.,0.));
#2985=DIRECTION('center_axis',(0.,0.,1.));
#2986=DIRECTION('ref_axis',(1.,0.,0.));
#2987=DIRECTION('',(0.164398987305357,-0.986393923832144,0.));
#2988=DIRECTION('',(0.948683298050514,0.316227766016838,0.));
#2989=DIRECTION('',(0.992277876713668,0.124034734589208,0.));
#2990=DIRECTION('',(0.0356915305124125,-0.999362854347549,0.));
#2991=DIRECTION('',(-0.219512195121951,-0.975609756097561,0.));
#2992=DIRECTION('',(-0.012499023551926,0.999921884154081,0.));
#2993=DIRECTION('',(-0.71224917072145,-0.701926718971864,0.));
#2994=DIRECTION('center_axis',(0.,0.,1.));
#2995=DIRECTION('ref_axis',(1.,0.,0.));
#2996=DIRECTION('',(-0.71224917072145,-0.701926718971864,0.));
#2997=DIRECTION('',(0.164398987305357,-0.986393923832144,0.));
#2998=DIRECTION('center_axis',(-0.986393923832144,-0.164398987305357,0.));
#2999=DIRECTION('ref_axis',(0.164398987305357,-0.986393923832144,0.));
#3000=DIRECTION('',(-0.164398987305357,0.986393923832144,0.));
#3001=DIRECTION('',(0.,0.,1.));
#3002=DIRECTION('center_axis',(0.,0.,-1.));
#3003=DIRECTION('ref_axis',(-1.,0.,0.));
#3004=DIRECTION('',(0.71224917072145,0.701926718971864,0.));
#3005=DIRECTION('',(0.012499023551926,-0.999921884154081,0.));
#3006=DIRECTION('',(0.219512195121951,0.975609756097561,0.));
#3007=DIRECTION('',(-0.0356915305124125,0.999362854347549,0.));
#3008=DIRECTION('',(-0.992277876713668,-0.124034734589208,0.));
#3009=DIRECTION('',(-0.948683298050514,-0.316227766016838,0.));
#3010=DIRECTION('center_axis',(-0.701926718971864,0.71224917072145,0.));
#3011=DIRECTION('ref_axis',(-0.71224917072145,-0.701926718971864,0.));
#3012=DIRECTION('',(0.,0.,1.));
#3013=DIRECTION('center_axis',(-0.701926718971864,0.71224917072145,0.));
#3014=DIRECTION('ref_axis',(-0.71224917072145,-0.701926718971864,0.));
#3015=DIRECTION('',(0.71224917072145,0.701926718971864,0.));
#3016=DIRECTION('',(0.,0.,1.));
#3017=DIRECTION('center_axis',(-0.124034734589208,-0.992277876713668,0.));
#3018=DIRECTION('ref_axis',(0.992277876713668,-0.124034734589208,0.));
#3019=DIRECTION('',(0.,0.,1.));
#3020=DIRECTION('',(0.992277876713668,-0.124034734589208,0.));
#3021=DIRECTION('center_axis',(-0.999921884154082,0.012499023551926,0.));
#3022=DIRECTION('ref_axis',(-0.012499023551926,-0.999921884154081,0.));
#3023=DIRECTION('',(0.,0.,-1.));
#3024=DIRECTION('',(-0.012499023551926,-0.999921884154081,0.));
#3025=DIRECTION('',(0.,0.,1.));
#3026=DIRECTION('center_axis',(0.701926718971864,0.71224917072145,0.));
#3027=DIRECTION('ref_axis',(-0.71224917072145,0.701926718971864,0.));
#3028=DIRECTION('',(-0.71224917072145,0.701926718971864,0.));
#3029=DIRECTION('center_axis',(-0.316227766016838,-0.948683298050514,0.));
#3030=DIRECTION('ref_axis',(0.948683298050514,-0.316227766016838,0.));
#3031=DIRECTION('',(0.948683298050514,-0.316227766016838,0.));
#3032=DIRECTION('center_axis',(0.,0.,1.));
#3033=DIRECTION('ref_axis',(1.,0.,0.));
#3034=DIRECTION('',(-0.219512195121951,0.975609756097561,0.));
#3035=DIRECTION('',(0.0356915305124125,0.999362854347549,0.));
#3036=DIRECTION('center_axis',(0.975609756097561,0.219512195121951,0.));
#3037=DIRECTION('ref_axis',(-0.219512195121951,0.975609756097561,0.));
#3038=DIRECTION('',(0.,0.,1.));
#3039=DIRECTION('',(0.,0.,1.));
#3040=DIRECTION('',(0.,0.,1.));
#3041=DIRECTION('',(0.219512195121951,-0.975609756097561,0.));
#3042=DIRECTION('',(0.,0.,1.));
#3043=DIRECTION('',(-0.219512195121951,0.975609756097561,0.));
#3044=DIRECTION('',(0.,0.,-1.));
#3045=DIRECTION('center_axis',(0.99936285434755,-0.0356915305124125,0.));
#3046=DIRECTION('ref_axis',(0.0356915305124125,0.999362854347549,0.));
#3047=DIRECTION('center_axis',(0.99936285434755,-0.0356915305124125,0.));
#3048=DIRECTION('ref_axis',(0.0356915305124125,0.999362854347549,0.));
#3049=DIRECTION('center_axis',(0.999921884154082,0.012499023551926,0.));
#3050=DIRECTION('ref_axis',(-0.012499023551926,0.999921884154081,0.));
#3051=DIRECTION('',(0.,0.,1.));
#3052=DIRECTION('center_axis',(0.,0.,-1.));
#3053=DIRECTION('ref_axis',(-1.,0.,0.));
#3054=DIRECTION('',(-0.164398987305357,0.986393923832144,0.));
#3055=DIRECTION('center_axis',(0.124034734589208,-0.992277876713668,0.));
#3056=DIRECTION('ref_axis',(0.992277876713668,0.124034734589208,0.));
#3057=DIRECTION('',(0.,0.,1.));
#3058=DIRECTION('center_axis',(0.316227766016838,-0.948683298050514,0.));
#3059=DIRECTION('ref_axis',(0.948683298050514,0.316227766016838,0.));
#3060=DIRECTION('center_axis',(-0.986393923832144,-0.164398987305357,0.));
#3061=DIRECTION('ref_axis',(0.164398987305357,-0.986393923832144,0.));
#3062=DIRECTION('center_axis',(-0.99936285434755,-0.0356915305124125,0.));
#3063=DIRECTION('ref_axis',(0.0356915305124125,-0.999362854347549,0.));
#3064=DIRECTION('',(0.,0.,1.));
#3065=DIRECTION('center_axis',(-0.99936285434755,-0.0356915305124125,0.));
#3066=DIRECTION('ref_axis',(0.0356915305124125,-0.999362854347549,0.));
#3067=DIRECTION('',(0.,0.,1.));
#3068=DIRECTION('center_axis',(0.998052578482889,0.0623782861551805,0.));
#3069=DIRECTION('ref_axis',(-0.0623782861551805,0.998052578482889,0.));
#3070=DIRECTION('',(0.0623782861551805,-0.998052578482889,0.));
#3071=DIRECTION('',(0.,0.,1.));
#3072=DIRECTION('',(-0.0623782861551805,0.998052578482889,0.));
#3073=DIRECTION('center_axis',(0.,0.,-1.));
#3074=DIRECTION('ref_axis',(-1.,0.,0.));
#3075=DIRECTION('',(0.675724628517346,-0.737154140200741,0.));
#3076=DIRECTION('center_axis',(0.737154140200741,0.675724628517346,0.));
#3077=DIRECTION('ref_axis',(-0.675724628517346,0.737154140200741,0.));
#3078=DIRECTION('',(-0.675724628517346,0.737154140200741,0.));
#3079=DIRECTION('center_axis',(0.,0.,1.));
#3080=DIRECTION('ref_axis',(1.,0.,0.));
#3081=DIRECTION('center_axis',(-0.737154140200741,0.675724628517346,0.));
#3082=DIRECTION('ref_axis',(-0.675724628517346,-0.737154140200741,0.));
#3083=DIRECTION('',(0.,0.,1.));
#3084=DIRECTION('',(0.675724628517346,0.737154140200741,0.));
#3085=DIRECTION('',(0.,0.,1.));
#3086=DIRECTION('',(-0.675724628517346,-0.737154140200741,0.));
#3087=DIRECTION('center_axis',(0.,0.,-1.));
#3088=DIRECTION('ref_axis',(-1.,0.,0.));
#3089=DIRECTION('',(0.219512195121951,0.975609756097561,0.));
#3090=DIRECTION('',(0.0623782861551805,0.998052578482889,0.));
#3091=DIRECTION('center_axis',(-0.998052578482889,0.0623782861551805,0.));
#3092=DIRECTION('ref_axis',(-0.0623782861551805,-0.998052578482889,0.));
#3093=DIRECTION('',(0.,0.,-1.));
#3094=DIRECTION('',(-0.0623782861551805,-0.998052578482889,0.));
#3095=DIRECTION('center_axis',(0.,0.,1.));
#3096=DIRECTION('ref_axis',(1.,0.,0.));
#3097=DIRECTION('',(-0.219512195121951,-0.975609756097561,0.));
#3098=DIRECTION('center_axis',(0.966234939601246,0.257662650560332,0.));
#3099=DIRECTION('ref_axis',(-0.257662650560332,0.966234939601246,0.));
#3100=DIRECTION('',(0.,0.,1.));
#3101=DIRECTION('',(-0.257662650560332,0.966234939601246,0.));
#3102=DIRECTION('',(0.,0.,1.));
#3103=DIRECTION('center_axis',(-0.966234939601246,0.257662650560332,0.));
#3104=DIRECTION('ref_axis',(-0.257662650560332,-0.966234939601246,0.));
#3105=DIRECTION('',(0.,0.,1.));
#3106=DIRECTION('',(-0.257662650560332,-0.966234939601246,0.));
#3107=DIRECTION('center_axis',(-0.999501757657226,-0.0315632133997019,0.));
#3108=DIRECTION('ref_axis',(0.0315632133997019,-0.999501757657226,0.));
#3109=DIRECTION('',(0.,0.,1.));
#3110=DIRECTION('',(0.0315632133997019,-0.999501757657226,0.));
#3111=DIRECTION('center_axis',(-0.429933580392348,-0.90286051882393,0.));
#3112=DIRECTION('ref_axis',(0.90286051882393,-0.429933580392348,0.));
#3113=DIRECTION('',(0.,0.,-1.));
#3114=DIRECTION('',(-0.90286051882393,0.429933580392348,0.));
#3115=DIRECTION('',(0.,0.,1.));
#3116=DIRECTION('',(0.90286051882393,-0.429933580392348,0.));
#3117=DIRECTION('center_axis',(0.999501757657226,-0.0315632133997019,0.));
#3118=DIRECTION('ref_axis',(0.0315632133997019,0.999501757657226,0.));
#3119=DIRECTION('',(0.0315632133997019,0.999501757657226,0.));
#3120=DIRECTION('',(0.,0.,1.));
#3121=DIRECTION('center_axis',(0.429933580392348,-0.90286051882393,0.));
#3122=DIRECTION('ref_axis',(0.90286051882393,0.429933580392348,0.));
#3123=DIRECTION('',(0.90286051882393,0.429933580392348,0.));
#3124=DIRECTION('',(-0.90286051882393,-0.429933580392348,0.));
#3125=DIRECTION('',(0.,0.,1.));
#3126=DIRECTION('center_axis',(0.,0.,1.));
#3127=DIRECTION('ref_axis',(1.,0.,0.));
#3128=DIRECTION('center_axis',(1.,0.,0.));
#3129=DIRECTION('ref_axis',(0.,1.,0.));
#3130=DIRECTION('',(0.,1.,0.));
#3131=DIRECTION('',(0.,0.,1.));
#3132=DIRECTION('center_axis',(0.,0.,1.));
#3133=DIRECTION('ref_axis',(1.,0.,0.));
#3134=DIRECTION('',(0.,-1.,0.));
#3135=DIRECTION('',(0.591363663627517,-0.806404995855705,0.));
#3136=DIRECTION('',(0.591363663627517,0.806404995855705,0.));
#3137=DIRECTION('center_axis',(0.806404995855706,-0.591363663627517,0.));
#3138=DIRECTION('ref_axis',(0.591363663627517,0.806404995855706,0.));
#3139=DIRECTION('',(0.,0.,1.));
#3140=DIRECTION('center_axis',(-0.806404995855706,-0.591363663627517,0.));
#3141=DIRECTION('ref_axis',(0.591363663627517,-0.806404995855706,0.));
#3142=DIRECTION('',(0.,0.,1.));
#3143=DIRECTION('center_axis',(-1.,0.,0.));
#3144=DIRECTION('ref_axis',(0.,-1.,0.));
#3145=DIRECTION('center_axis',(0.916157334902189,0.400818834019708,0.));
#3146=DIRECTION('ref_axis',(-0.400818834019708,0.916157334902189,0.));
#3147=DIRECTION('',(0.,0.,-1.));
#3148=DIRECTION('',(0.,0.,1.));
#3149=DIRECTION('center_axis',(0.961523947640823,0.274721127897378,0.));
#3150=DIRECTION('ref_axis',(-0.274721127897378,0.961523947640823,0.));
#3151=DIRECTION('',(0.,0.,1.));
#3152=DIRECTION('center_axis',(0.98058067569092,0.196116135138184,0.));
#3153=DIRECTION('ref_axis',(-0.196116135138184,0.98058067569092,0.));
#3154=DIRECTION('center_axis',(0.332820117735137,-0.94299033358289,0.));
#3155=DIRECTION('ref_axis',(0.94299033358289,0.332820117735137,0.));
#3156=DIRECTION('center_axis',(-0.975609756097561,0.219512195121951,0.));
#3157=DIRECTION('ref_axis',(-0.219512195121951,-0.975609756097561,0.));
#3158=DIRECTION('',(0.,0.,1.));
#3159=DIRECTION('center_axis',(-0.98058067569092,0.196116135138184,0.));
#3160=DIRECTION('ref_axis',(-0.196116135138184,-0.98058067569092,0.));
#3161=DIRECTION('',(0.,0.,1.));
#3162=DIRECTION('center_axis',(-0.961523947640823,0.274721127897378,0.));
#3163=DIRECTION('ref_axis',(-0.274721127897378,-0.961523947640823,0.));
#3164=DIRECTION('',(0.,0.,1.));
#3165=DIRECTION('center_axis',(-0.916157334902189,0.400818834019708,0.));
#3166=DIRECTION('ref_axis',(-0.400818834019708,-0.916157334902189,0.));
#3167=DIRECTION('center_axis',(0.,0.,1.));
#3168=DIRECTION('ref_axis',(1.,0.,0.));
#3169=DIRECTION('center_axis',(0.,0.,-1.));
#3170=DIRECTION('ref_axis',(1.,0.,0.));
#3171=DIRECTION('center_axis',(0.,0.,1.));
#3172=DIRECTION('ref_axis',(1.,0.,0.));
#3173=DIRECTION('center_axis',(0.,0.,1.));
#3174=DIRECTION('ref_axis',(1.,0.,0.));
#3175=DIRECTION('',(0.,0.,-1.));
#3176=DIRECTION('center_axis',(0.,0.,1.));
#3177=DIRECTION('ref_axis',(1.,0.,0.));
#3178=DIRECTION('center_axis',(0.,0.,1.));
#3179=DIRECTION('ref_axis',(1.,0.,0.));
#3180=DIRECTION('center_axis',(0.,0.,-1.));
#3181=DIRECTION('ref_axis',(1.,0.,0.));
#3182=DIRECTION('center_axis',(0.,0.,1.));
#3183=DIRECTION('ref_axis',(1.,0.,0.));
#3184=DIRECTION('center_axis',(0.,0.,1.));
#3185=DIRECTION('ref_axis',(1.,0.,0.));
#3186=DIRECTION('',(0.,0.,-1.));
#3187=DIRECTION('center_axis',(0.,0.,1.));
#3188=DIRECTION('ref_axis',(1.,0.,0.));
#3189=CARTESIAN_POINT('',(0.,0.,0.));
#3190=CARTESIAN_POINT('Origin',(-2860.,-2000.,0.));
#3191=CARTESIAN_POINT('',(-3080.,-2000.,350.));
#3192=CARTESIAN_POINT('Origin',(-2860.,-2000.,350.));
#3193=CARTESIAN_POINT('',(-3080.,-2000.,35.));
#3194=CARTESIAN_POINT('',(-3080.,-2000.,0.));
#3195=CARTESIAN_POINT('',(-2920.,-2211.66010488517,35.));
#3196=CARTESIAN_POINT('Origin',(-2860.,-2000.,35.));
#3197=CARTESIAN_POINT('',(-2920.,-2211.66010488517,250.));
#3198=CARTESIAN_POINT('',(-2920.,-2211.66010488517,0.));
#3199=CARTESIAN_POINT('',(-2800.,-2211.66010488517,250.));
#3200=CARTESIAN_POINT('Origin',(-2860.,-2000.,250.));
#3201=CARTESIAN_POINT('',(-2800.,-2211.66010488517,35.));
#3202=CARTESIAN_POINT('',(-2800.,-2211.66010488517,0.));
#3203=CARTESIAN_POINT('',(-2800.,-1788.33989511483,35.));
#3204=CARTESIAN_POINT('Origin',(-2860.,-2000.,35.));
#3205=CARTESIAN_POINT('',(-2800.,-1788.33989511483,250.));
#3206=CARTESIAN_POINT('',(-2800.,-1788.33989511483,0.));
#3207=CARTESIAN_POINT('',(-2920.,-1788.33989511483,250.));
#3208=CARTESIAN_POINT('Origin',(-2860.,-2000.,250.));
#3209=CARTESIAN_POINT('',(-2920.,-1788.33989511483,35.));
#3210=CARTESIAN_POINT('',(-2920.,-1788.33989511483,0.));
#3211=CARTESIAN_POINT('Origin',(-2860.,-2000.,35.));
#3212=CARTESIAN_POINT('Origin',(-2860.,-2000.,350.));
#3213=CARTESIAN_POINT('Origin',(-2920.,-1200.,0.));
#3214=CARTESIAN_POINT('',(-2920.,-2800.,35.));
#3215=CARTESIAN_POINT('',(-2920.,-1350.,35.));
#3216=CARTESIAN_POINT('',(-2920.,-2800.,250.));
#3217=CARTESIAN_POINT('',(-2920.,-2800.,0.));
#3218=CARTESIAN_POINT('',(-2920.,-1200.,250.));
#3219=CARTESIAN_POINT('Origin',(-2920.,-1200.,0.));
#3220=CARTESIAN_POINT('',(-2920.,-1200.,250.));
#3221=CARTESIAN_POINT('',(-2920.,-1200.,250.));
#3222=CARTESIAN_POINT('',(-2920.,-1200.,35.));
#3223=CARTESIAN_POINT('',(-2920.,-1200.,0.));
#3224=CARTESIAN_POINT('',(-2920.,-1350.,35.));
#3225=CARTESIAN_POINT('Origin',(-2860.,-2000.,250.));
#3226=CARTESIAN_POINT('',(-2800.,-2800.,250.));
#3227=CARTESIAN_POINT('',(-2920.,-2800.,250.));
#3228=CARTESIAN_POINT('',(-2800.,-2800.,250.));
#3229=CARTESIAN_POINT('Origin',(-2860.,-2000.,250.));
#3230=CARTESIAN_POINT('',(-2800.,-1200.,250.));
#3231=CARTESIAN_POINT('',(-2800.,-2800.,250.));
#3232=CARTESIAN_POINT('',(-2800.,-1200.,250.));
#3233=CARTESIAN_POINT('Origin',(-2800.,-2800.,0.));
#3234=CARTESIAN_POINT('',(-2800.,-2800.,35.));
#3235=CARTESIAN_POINT('',(-2800.,-2800.,0.));
#3236=CARTESIAN_POINT('',(-2800.,-2150.,35.));
#3237=CARTESIAN_POINT('Origin',(-2800.,-2800.,0.));
#3238=CARTESIAN_POINT('',(-2800.,-1200.,35.));
#3239=CARTESIAN_POINT('',(-2800.,-2150.,35.));
#3240=CARTESIAN_POINT('',(-2800.,-1200.,0.));
#3241=CARTESIAN_POINT('Origin',(2860.,-2000.,0.));
#3242=CARTESIAN_POINT('',(2640.,-2000.,350.));
#3243=CARTESIAN_POINT('Origin',(2860.,-2000.,350.));
#3244=CARTESIAN_POINT('',(2640.,-2000.,35.));
#3245=CARTESIAN_POINT('',(2640.,-2000.,0.));
#3246=CARTESIAN_POINT('',(2800.,-2211.66010488517,35.));
#3247=CARTESIAN_POINT('Origin',(2860.,-2000.,35.));
#3248=CARTESIAN_POINT('',(2800.,-2211.66010488517,250.));
#3249=CARTESIAN_POINT('',(2800.,-2211.66010488517,0.));
#3250=CARTESIAN_POINT('',(2920.,-2211.66010488517,250.));
#3251=CARTESIAN_POINT('Origin',(2860.,-2000.,250.));
#3252=CARTESIAN_POINT('',(2920.,-2211.66010488517,35.));
#3253=CARTESIAN_POINT('',(2920.,-2211.66010488517,0.));
#3254=CARTESIAN_POINT('',(2920.,-1788.33989511483,35.));
#3255=CARTESIAN_POINT('Origin',(2860.,-2000.,35.));
#3256=CARTESIAN_POINT('',(2920.,-1788.33989511483,250.));
#3257=CARTESIAN_POINT('',(2920.,-1788.33989511483,0.));
#3258=CARTESIAN_POINT('',(2800.,-1788.33989511483,250.));
#3259=CARTESIAN_POINT('Origin',(2860.,-2000.,250.));
#3260=CARTESIAN_POINT('',(2800.,-1788.33989511483,35.));
#3261=CARTESIAN_POINT('',(2800.,-1788.33989511483,0.));
#3262=CARTESIAN_POINT('Origin',(2860.,-2000.,35.));
#3263=CARTESIAN_POINT('Origin',(2860.,-2000.,350.));
#3264=CARTESIAN_POINT('Origin',(2800.,-1200.,0.));
#3265=CARTESIAN_POINT('',(2800.,-2800.,35.));
#3266=CARTESIAN_POINT('',(2800.,-1350.,35.));
#3267=CARTESIAN_POINT('',(2800.,-2800.,250.));
#3268=CARTESIAN_POINT('',(2800.,-2800.,0.));
#3269=CARTESIAN_POINT('',(2800.,-2800.,250.));
#3270=CARTESIAN_POINT('Origin',(2800.,-1200.,0.));
#3271=CARTESIAN_POINT('',(2800.,-1200.,250.));
#3272=CARTESIAN_POINT('',(2800.,-2800.,250.));
#3273=CARTESIAN_POINT('',(2800.,-1200.,35.));
#3274=CARTESIAN_POINT('',(2800.,-1200.,0.));
#3275=CARTESIAN_POINT('',(2800.,-1350.,35.));
#3276=CARTESIAN_POINT('Origin',(2860.,-2000.,250.));
#3277=CARTESIAN_POINT('',(2920.,-2800.,250.));
#3278=CARTESIAN_POINT('',(2920.,-2800.,250.));
#3279=CARTESIAN_POINT('',(2920.,-1200.,250.));
#3280=CARTESIAN_POINT('Origin',(2860.,-2000.,250.));
#3281=CARTESIAN_POINT('',(2920.,-1200.,250.));
#3282=CARTESIAN_POINT('',(2920.,-1200.,250.));
#3283=CARTESIAN_POINT('',(2800.,-1200.,250.));
#3284=CARTESIAN_POINT('Origin',(2920.,-2800.,0.));
#3285=CARTESIAN_POINT('',(2920.,-2800.,35.));
#3286=CARTESIAN_POINT('',(2920.,-2800.,0.));
#3287=CARTESIAN_POINT('',(2920.,-2150.,35.));
#3288=CARTESIAN_POINT('Origin',(2920.,-2800.,0.));
#3289=CARTESIAN_POINT('',(2920.,-1200.,35.));
#3290=CARTESIAN_POINT('',(2920.,-2150.,35.));
#3291=CARTESIAN_POINT('',(2920.,-1200.,0.));
#3292=CARTESIAN_POINT('Origin',(2920.,-1200.,0.));
#3293=CARTESIAN_POINT('',(3035.,-1200.,35.));
#3294=CARTESIAN_POINT('Origin',(2800.,-2800.,0.));
#3295=CARTESIAN_POINT('',(2975.,-2800.,35.));
#3296=CARTESIAN_POINT('Origin',(-2920.,-2800.,0.));
#3297=CARTESIAN_POINT('',(-3035.,-2800.,35.));
#3298=CARTESIAN_POINT('Origin',(-2800.,-1200.,0.));
#3299=CARTESIAN_POINT('',(-2975.,-1200.,35.));
#3300=CARTESIAN_POINT('Origin',(-950.,-4800.,0.));
#3301=CARTESIAN_POINT('',(-1040.56429402251,-4472.28349347614,120.));
#3302=CARTESIAN_POINT('',(-633.218541740968,-4923.48889708505,120.));
#3303=CARTESIAN_POINT('Origin',(-950.,-4800.,120.));
#3304=CARTESIAN_POINT('',(-1040.56429402251,-4472.28349347614,-120.));
#3305=CARTESIAN_POINT('',(-1040.56429402251,-4472.28349347614,0.));
#3306=CARTESIAN_POINT('',(-633.218541740968,-4923.48889708505,-120.));
#3307=CARTESIAN_POINT('Origin',(-950.,-4800.,-120.));
#3308=CARTESIAN_POINT('',(-633.218541740968,-4923.48889708505,0.));
#3309=CARTESIAN_POINT('Origin',(0.,400.,-120.));
#3310=CARTESIAN_POINT('',(-1500.,-3200.,-120.));
#3311=CARTESIAN_POINT('',(-1500.,-3200.,-120.));
#3312=CARTESIAN_POINT('',(-1600.,-400.,-120.));
#3313=CARTESIAN_POINT('',(-1600.,-400.,-120.));
#3314=CARTESIAN_POINT('',(-1150.,1600.,-120.));
#3315=CARTESIAN_POINT('',(-1150.,1600.,-120.));
#3316=CARTESIAN_POINT('',(-750.,3600.,-120.));
#3317=CARTESIAN_POINT('',(-750.,3600.,-120.));
#3318=CARTESIAN_POINT('',(-350.,5000.,-120.));
#3319=CARTESIAN_POINT('',(-350.,5000.,-120.));
#3320=CARTESIAN_POINT('',(0.,5800.,-120.));
#3321=CARTESIAN_POINT('',(0.,5800.,-120.));
#3322=CARTESIAN_POINT('',(350.,5000.,-120.));
#3323=CARTESIAN_POINT('',(0.,5800.,-120.));
#3324=CARTESIAN_POINT('',(750.,3600.,-120.));
#3325=CARTESIAN_POINT('',(350.,5000.,-120.));
#3326=CARTESIAN_POINT('',(1150.,1600.,-120.));
#3327=CARTESIAN_POINT('',(750.,3600.,-120.));
#3328=CARTESIAN_POINT('',(1600.,-400.,-120.));
#3329=CARTESIAN_POINT('',(1150.,1600.,-120.));
#3330=CARTESIAN_POINT('',(1500.,-3200.,-120.));
#3331=CARTESIAN_POINT('',(1600.,-400.,-120.));
#3332=CARTESIAN_POINT('',(1040.56429402251,-4472.28349347614,-120.));
#3333=CARTESIAN_POINT('',(1500.,-3200.,-120.));
#3334=CARTESIAN_POINT('',(633.218541740968,-4923.48889708505,-120.));
#3335=CARTESIAN_POINT('Origin',(950.,-4800.,-120.));
#3336=CARTESIAN_POINT('',(0.,-4700.,-120.));
#3337=CARTESIAN_POINT('',(850.,-5000.,-120.));
#3338=CARTESIAN_POINT('',(-850.,-5000.,-120.));
#3339=CARTESIAN_POINT('',(-1370.,-3200.,-120.));
#3340=CARTESIAN_POINT('Origin',(-950.,-3200.,-120.));
#3341=CARTESIAN_POINT('',(530.,-3200.,-120.));
#3342=CARTESIAN_POINT('Origin',(950.,-3200.,-120.));
#3343=CARTESIAN_POINT('Origin',(-1500.,-3200.,0.));
#3344=CARTESIAN_POINT('',(-1066.66666666667,-4400.,120.));
#3345=CARTESIAN_POINT('',(-1500.,-3200.,120.));
#3346=CARTESIAN_POINT('',(-1066.66666666667,-4400.,0.));
#3347=CARTESIAN_POINT('',(-1066.66666666667,-4400.,0.));
#3348=CARTESIAN_POINT('',(-1200.,-4030.76923076923,0.));
#3349=CARTESIAN_POINT('',(-1510.3156996587,-3171.43344709898,0.));
#3350=CARTESIAN_POINT('',(-1200.,-4030.76923076923,120.));
#3351=CARTESIAN_POINT('',(-1200.,-4030.76923076923,0.));
#3352=CARTESIAN_POINT('',(-1500.,-3200.,120.));
#3353=CARTESIAN_POINT('',(-1500.,-3200.,120.));
#3354=CARTESIAN_POINT('',(-1500.,-3200.,35.));
#3355=CARTESIAN_POINT('',(-1500.,-3200.,0.));
#3356=CARTESIAN_POINT('',(-1495.68106312292,-3211.96013289037,35.));
#3357=CARTESIAN_POINT('',(-1866.70648464164,-2184.50511945393,35.));
#3358=CARTESIAN_POINT('',(-1495.68106312292,-3211.96013289037,-35.));
#3359=CARTESIAN_POINT('',(-1495.68106312292,-3211.96013289037,0.));
#3360=CARTESIAN_POINT('',(-1500.,-3200.,-35.));
#3361=CARTESIAN_POINT('',(-1866.70648464164,-2184.50511945393,-35.));
#3362=CARTESIAN_POINT('',(-1500.,-3200.,0.));
#3363=CARTESIAN_POINT('Origin',(950.,-4800.,0.));
#3364=CARTESIAN_POINT('',(633.218541740968,-4923.48889708505,120.));
#3365=CARTESIAN_POINT('',(1040.56429402251,-4472.28349347614,120.));
#3366=CARTESIAN_POINT('Origin',(950.,-4800.,120.));
#3367=CARTESIAN_POINT('',(633.218541740968,-4923.48889708505,0.));
#3368=CARTESIAN_POINT('',(1040.56429402251,-4472.28349347614,0.));
#3369=CARTESIAN_POINT('Origin',(0.,-4700.,0.));
#3370=CARTESIAN_POINT('',(0.,-4700.,120.));
#3371=CARTESIAN_POINT('',(850.,-5000.,120.));
#3372=CARTESIAN_POINT('',(0.,-4700.,0.));
#3373=CARTESIAN_POINT('Origin',(-950.,-3200.,150.));
#3374=CARTESIAN_POINT('',(-1200.,-2862.50925938628,150.));
#3375=CARTESIAN_POINT('',(-1200.,-3537.49074061372,150.));
#3376=CARTESIAN_POINT('',(-1200.,-2400.,150.));
#3377=CARTESIAN_POINT('Origin',(-950.,-3200.,150.));
#3378=CARTESIAN_POINT('Origin',(-950.,-3200.,150.));
#3379=CARTESIAN_POINT('',(-1050.,-3607.92156108742,150.));
#3380=CARTESIAN_POINT('',(-1050.,-2792.07843891258,150.));
#3381=CARTESIAN_POINT('',(-1050.,-3800.,150.));
#3382=CARTESIAN_POINT('Origin',(-950.,-3200.,150.));
#3383=CARTESIAN_POINT('Origin',(-950.,-3200.,0.));
#3384=CARTESIAN_POINT('',(-1370.,-3200.,-150.));
#3385=CARTESIAN_POINT('',(-1370.,-3200.,0.));
#3386=CARTESIAN_POINT('Origin',(-950.,-3200.,-150.));
#3387=CARTESIAN_POINT('Origin',(-950.,-3200.,0.));
#3388=CARTESIAN_POINT('',(-1200.,-2862.50925938628,120.));
#3389=CARTESIAN_POINT('',(-1200.,-2862.50925938628,0.));
#3390=CARTESIAN_POINT('',(-1200.,-3537.49074061372,120.));
#3391=CARTESIAN_POINT('Origin',(-950.,-3200.,120.));
#3392=CARTESIAN_POINT('',(-1200.,-3537.49074061372,0.));
#3393=CARTESIAN_POINT('Origin',(-950.,-3200.,-150.));
#3394=CARTESIAN_POINT('Origin',(-950.,-3200.,0.));
#3395=CARTESIAN_POINT('',(-1050.,-2792.07843891258,120.));
#3396=CARTESIAN_POINT('',(-1050.,-2792.07843891258,0.));
#3397=CARTESIAN_POINT('',(-1050.,-3607.92156108742,120.));
#3398=CARTESIAN_POINT('',(-1050.,-3607.92156108742,0.));
#3399=CARTESIAN_POINT('Origin',(-950.,-3200.,120.));
#3400=CARTESIAN_POINT('Origin',(0.,400.,120.));
#3401=CARTESIAN_POINT('',(-850.,-5000.,120.));
#3402=CARTESIAN_POINT('',(1066.66666666667,-4400.,120.));
#3403=CARTESIAN_POINT('',(1500.,-3200.,120.));
#3404=CARTESIAN_POINT('',(1050.,-4400.,120.));
#3405=CARTESIAN_POINT('',(525.,-4400.,120.));
#3406=CARTESIAN_POINT('',(1050.,-3607.92156108742,120.));
#3407=CARTESIAN_POINT('',(1050.,-600.,120.));
#3408=CARTESIAN_POINT('',(1050.,-2792.07843891258,120.));
#3409=CARTESIAN_POINT('Origin',(950.,-3200.,120.));
#3410=CARTESIAN_POINT('',(1050.,-1600.,120.));
#3411=CARTESIAN_POINT('',(1050.,-600.,120.));
#3412=CARTESIAN_POINT('',(1200.,-1600.,120.));
#3413=CARTESIAN_POINT('',(600.,-1600.,120.));
#3414=CARTESIAN_POINT('',(1200.,-2862.50925938628,120.));
#3415=CARTESIAN_POINT('',(1200.,-2000.,120.));
#3416=CARTESIAN_POINT('',(1200.,-3537.49074061372,120.));
#3417=CARTESIAN_POINT('Origin',(950.,-3200.,120.));
#3418=CARTESIAN_POINT('',(1200.,-4030.76923076923,120.));
#3419=CARTESIAN_POINT('',(1200.,-2000.,120.));
#3420=CARTESIAN_POINT('',(1500.,-3200.,120.));
#3421=CARTESIAN_POINT('',(1500.,-3200.,120.));
#3422=CARTESIAN_POINT('',(1600.,-400.,120.));
#3423=CARTESIAN_POINT('',(1600.,-400.,120.));
#3424=CARTESIAN_POINT('',(1150.,1600.,120.));
#3425=CARTESIAN_POINT('',(1150.,1600.,120.));
#3426=CARTESIAN_POINT('',(750.,3600.,120.));
#3427=CARTESIAN_POINT('',(750.,3600.,120.));
#3428=CARTESIAN_POINT('',(350.,5000.,120.));
#3429=CARTESIAN_POINT('',(350.,5000.,120.));
#3430=CARTESIAN_POINT('',(0.,5800.,120.));
#3431=CARTESIAN_POINT('',(0.,5800.,120.));
#3432=CARTESIAN_POINT('',(-350.,5000.,120.));
#3433=CARTESIAN_POINT('',(0.,5800.,120.));
#3434=CARTESIAN_POINT('',(-750.,3600.,120.));
#3435=CARTESIAN_POINT('',(-350.,5000.,120.));
#3436=CARTESIAN_POINT('',(-1150.,1600.,120.));
#3437=CARTESIAN_POINT('',(-750.,3600.,120.));
#3438=CARTESIAN_POINT('',(-1600.,-400.,120.));
#3439=CARTESIAN_POINT('',(-1150.,1600.,120.));
#3440=CARTESIAN_POINT('',(-1600.,-400.,120.));
#3441=CARTESIAN_POINT('',(-1200.,-600.,120.));
#3442=CARTESIAN_POINT('',(-1200.,-1600.,120.));
#3443=CARTESIAN_POINT('',(-1200.,-600.,120.));
#3444=CARTESIAN_POINT('',(-1050.,-1600.,120.));
#3445=CARTESIAN_POINT('',(-525.,-1600.,120.));
#3446=CARTESIAN_POINT('',(-1050.,-2000.,120.));
#3447=CARTESIAN_POINT('',(-1050.,-4400.,120.));
#3448=CARTESIAN_POINT('',(-1050.,-2000.,120.));
#3449=CARTESIAN_POINT('',(-600.,-4400.,120.));
#3450=CARTESIAN_POINT('',(420.,-100.,120.));
#3451=CARTESIAN_POINT('',(220.,-195.238095238095,120.));
#3452=CARTESIAN_POINT('',(135.859519408503,-235.304990757856,120.));
#3453=CARTESIAN_POINT('',(220.,-4200.,120.));
#3454=CARTESIAN_POINT('',(220.,-1900.,120.));
#3455=CARTESIAN_POINT('',(0.,-4500.,120.));
#3456=CARTESIAN_POINT('',(1168.35260115607,-2906.79190751445,120.));
#3457=CARTESIAN_POINT('',(-220.,-4200.,120.));
#3458=CARTESIAN_POINT('',(-1278.35260115607,-2756.79190751445,120.));
#3459=CARTESIAN_POINT('',(-220.,-195.238095238095,120.));
#3460=CARTESIAN_POINT('',(-220.,300.,120.));
#3461=CARTESIAN_POINT('',(-420.,-100.,120.));
#3462=CARTESIAN_POINT('',(-345.859519408503,-135.304990757856,120.));
#3463=CARTESIAN_POINT('',(-480.,1800.,120.));
#3464=CARTESIAN_POINT('',(-457.677662165154,1093.12596856321,120.));
#3465=CARTESIAN_POINT('',(0.,3600.,120.));
#3466=CARTESIAN_POINT('',(-398.340248962656,2106.22406639004,120.));
#3467=CARTESIAN_POINT('',(480.,1800.,120.));
#3468=CARTESIAN_POINT('',(638.340248962656,1206.22406639004,120.));
#3469=CARTESIAN_POINT('',(427.677662165154,143.125968563206,120.));
#3470=CARTESIAN_POINT('Origin',(-1200.,-1600.,0.));
#3471=CARTESIAN_POINT('',(-1200.,-4400.,0.));
#3472=CARTESIAN_POINT('',(-1200.,-1600.,0.));
#3473=CARTESIAN_POINT('',(-1200.,-4400.,1250.));
#3474=CARTESIAN_POINT('',(-1200.,-4400.,0.));
#3475=CARTESIAN_POINT('',(-1200.,-1600.,1250.));
#3476=CARTESIAN_POINT('',(-1200.,-1600.,1250.));
#3477=CARTESIAN_POINT('',(-1200.,-1600.,0.));
#3478=CARTESIAN_POINT('Origin',(950.,-3200.,150.));
#3479=CARTESIAN_POINT('',(1200.,-3537.49074061372,150.));
#3480=CARTESIAN_POINT('',(1200.,-2862.50925938628,150.));
#3481=CARTESIAN_POINT('',(1200.,-3800.,150.));
#3482=CARTESIAN_POINT('Origin',(950.,-3200.,150.));
#3483=CARTESIAN_POINT('Origin',(950.,-3200.,0.));
#3484=CARTESIAN_POINT('',(530.,-3200.,-150.));
#3485=CARTESIAN_POINT('',(530.,-3200.,0.));
#3486=CARTESIAN_POINT('Origin',(950.,-3200.,-150.));
#3487=CARTESIAN_POINT('Origin',(950.,-3200.,0.));
#3488=CARTESIAN_POINT('',(1200.,-2862.50925938628,0.));
#3489=CARTESIAN_POINT('',(1200.,-3537.49074061372,0.));
#3490=CARTESIAN_POINT('Origin',(950.,-3200.,0.));
#3491=CARTESIAN_POINT('',(1050.,-2792.07843891258,150.));
#3492=CARTESIAN_POINT('',(1050.,-2792.07843891258,0.));
#3493=CARTESIAN_POINT('',(1050.,-3607.92156108742,150.));
#3494=CARTESIAN_POINT('',(1050.,-3607.92156108742,0.));
#3495=CARTESIAN_POINT('Origin',(950.,-3200.,150.));
#3496=CARTESIAN_POINT('Origin',(950.,-3200.,-150.));
#3497=CARTESIAN_POINT('Origin',(950.,-3200.,150.));
#3498=CARTESIAN_POINT('',(1050.,-2400.,150.));
#3499=CARTESIAN_POINT('Origin',(1050.,-1600.,0.));
#3500=CARTESIAN_POINT('',(1050.,-4400.,1250.));
#3501=CARTESIAN_POINT('',(1050.,-4400.,0.));
#3502=CARTESIAN_POINT('',(1050.,-1600.,1250.));
#3503=CARTESIAN_POINT('',(1050.,-4400.,1250.));
#3504=CARTESIAN_POINT('',(1050.,-1600.,0.));
#3505=CARTESIAN_POINT('Origin',(1200.,-1600.,0.));
#3506=CARTESIAN_POINT('',(1200.,-1600.,1250.));
#3507=CARTESIAN_POINT('',(1050.,-1600.,1250.));
#3508=CARTESIAN_POINT('',(1200.,-1600.,0.));
#3509=CARTESIAN_POINT('Origin',(1050.,-4400.,0.));
#3510=CARTESIAN_POINT('',(1066.66666666667,-4400.,0.));
#3511=CARTESIAN_POINT('',(1066.66666666667,-4400.,0.));
#3512=CARTESIAN_POINT('',(1200.,-4400.,0.));
#3513=CARTESIAN_POINT('',(1200.,-4400.,0.));
#3514=CARTESIAN_POINT('',(1200.,-4400.,1250.));
#3515=CARTESIAN_POINT('',(1200.,-4400.,0.));
#3516=CARTESIAN_POINT('',(1200.,-4400.,1250.));
#3517=CARTESIAN_POINT('Origin',(1200.,-4400.,0.));
#3518=CARTESIAN_POINT('',(1200.,-1600.,1250.));
#3519=CARTESIAN_POINT('',(1200.,-4030.76923076923,0.));
#3520=CARTESIAN_POINT('',(1200.,-1600.,0.));
#3521=CARTESIAN_POINT('',(1200.,-4030.76923076923,0.));
#3522=CARTESIAN_POINT('Origin',(1125.,-3000.,1250.));
#3523=CARTESIAN_POINT('Origin',(1125.,-3000.,0.));
#3524=CARTESIAN_POINT('',(1185.3156996587,-4071.43344709898,0.));
#3525=CARTESIAN_POINT('Origin',(850.,-5000.,0.));
#3526=CARTESIAN_POINT('',(1500.,-3200.,-35.));
#3527=CARTESIAN_POINT('',(1500.,-3200.,0.));
#3528=CARTESIAN_POINT('',(1495.68106312292,-3211.96013289037,-35.));
#3529=CARTESIAN_POINT('',(1541.70648464164,-3084.50511945392,-35.));
#3530=CARTESIAN_POINT('',(1495.68106312292,-3211.96013289037,35.));
#3531=CARTESIAN_POINT('',(1495.68106312292,-3211.96013289037,0.));
#3532=CARTESIAN_POINT('',(1500.,-3200.,35.));
#3533=CARTESIAN_POINT('',(1541.70648464164,-3084.50511945392,35.));
#3534=CARTESIAN_POINT('',(1500.,-3200.,0.));
#3535=CARTESIAN_POINT('Origin',(-1050.,-4400.,0.));
#3536=CARTESIAN_POINT('',(-1050.,-1600.,1250.));
#3537=CARTESIAN_POINT('',(-1050.,-1600.,0.));
#3538=CARTESIAN_POINT('',(-1050.,-4400.,1250.));
#3539=CARTESIAN_POINT('',(-1050.,-4400.,1250.));
#3540=CARTESIAN_POINT('',(-1050.,-4400.,0.));
#3541=CARTESIAN_POINT('Origin',(-1050.,-1600.,0.));
#3542=CARTESIAN_POINT('',(-1050.,-1600.,1250.));
#3543=CARTESIAN_POINT('Origin',(-1200.,-4400.,0.));
#3544=CARTESIAN_POINT('',(-1200.,-4400.,1250.));
#3545=CARTESIAN_POINT('',(-1200.,-4400.,0.));
#3546=CARTESIAN_POINT('Origin',(-1125.,-3000.,1250.));
#3547=CARTESIAN_POINT('Origin',(-1125.,-3000.,0.));
#3548=CARTESIAN_POINT('Origin',(4850.,-2500.,0.));
#3549=CARTESIAN_POINT('',(4798.52941176471,-2500.,-35.));
#3550=CARTESIAN_POINT('',(4700.,-2500.,-35.));
#3551=CARTESIAN_POINT('',(4000.,-2500.,-35.));
#3552=CARTESIAN_POINT('',(4798.52941176471,-2500.,35.));
#3553=CARTESIAN_POINT('',(4798.52941176471,-2500.,0.));
#3554=CARTESIAN_POINT('',(4700.,-2500.,35.));
#3555=CARTESIAN_POINT('',(4000.,-2500.,35.));
#3556=CARTESIAN_POINT('',(4700.,-2500.,225.));
#3557=CARTESIAN_POINT('',(4700.,-2500.,0.));
#3558=CARTESIAN_POINT('',(4850.,-2500.,225.));
#3559=CARTESIAN_POINT('',(4700.,-2500.,225.));
#3560=CARTESIAN_POINT('',(4850.,-2500.,-225.));
#3561=CARTESIAN_POINT('',(4850.,-2500.,0.));
#3562=CARTESIAN_POINT('',(4700.,-2500.,-225.));
#3563=CARTESIAN_POINT('',(4700.,-2500.,-225.));
#3564=CARTESIAN_POINT('',(4700.,-2500.,0.));
#3565=CARTESIAN_POINT('Origin',(4700.,-2500.,0.));
#3566=CARTESIAN_POINT('',(4700.,-3700.,35.));
#3567=CARTESIAN_POINT('',(4700.,-2000.,35.));
#3568=CARTESIAN_POINT('',(4700.,-3700.,225.));
#3569=CARTESIAN_POINT('',(4700.,-3700.,0.));
#3570=CARTESIAN_POINT('',(4700.,-3700.,225.));
#3571=CARTESIAN_POINT('Origin',(4850.,-3700.,0.));
#3572=CARTESIAN_POINT('',(4850.,-3700.,225.));
#3573=CARTESIAN_POINT('',(4850.,-2500.,225.));
#3574=CARTESIAN_POINT('',(4850.,-3700.,-225.));
#3575=CARTESIAN_POINT('',(4850.,-3700.,0.));
#3576=CARTESIAN_POINT('',(4850.,-2500.,-225.));
#3577=CARTESIAN_POINT('',(4850.,-2900.,-35.));
#3578=CARTESIAN_POINT('',(4850.,-2550.72463768116,-35.));
#3579=CARTESIAN_POINT('',(4850.,-2600.,-35.));
#3580=CARTESIAN_POINT('',(4850.,-2900.,35.));
#3581=CARTESIAN_POINT('',(4850.,-2900.,0.));
#3582=CARTESIAN_POINT('',(4850.,-2550.72463768116,35.));
#3583=CARTESIAN_POINT('',(4850.,-2600.,35.));
#3584=CARTESIAN_POINT('',(4850.,-2550.72463768116,0.));
#3585=CARTESIAN_POINT('Origin',(4775.,-3100.,-225.));
#3586=CARTESIAN_POINT('',(4700.,-3700.,-225.));
#3587=CARTESIAN_POINT('',(4850.,-3700.,-225.));
#3588=CARTESIAN_POINT('',(4700.,-3700.,-225.));
#3589=CARTESIAN_POINT('Origin',(4700.,-2500.,0.));
#3590=CARTESIAN_POINT('',(4700.,-3700.,-35.));
#3591=CARTESIAN_POINT('',(4700.,-2000.,-35.));
#3592=CARTESIAN_POINT('',(4700.,-3700.,0.));
#3593=CARTESIAN_POINT('Origin',(4700.,-3700.,0.));
#3594=CARTESIAN_POINT('',(4716.66666666667,-3700.,-35.));
#3595=CARTESIAN_POINT('',(3925.,-3700.,-35.));
#3596=CARTESIAN_POINT('',(4850.,-3700.,225.));
#3597=CARTESIAN_POINT('',(4716.66666666667,-3700.,35.));
#3598=CARTESIAN_POINT('',(3925.,-3700.,35.));
#3599=CARTESIAN_POINT('',(4716.66666666667,-3700.,0.));
#3600=CARTESIAN_POINT('Origin',(4775.,-3100.,225.));
#3601=CARTESIAN_POINT('Origin',(3150.,-1500.,35.));
#3602=CARTESIAN_POINT('',(4900.,-2600.,35.));
#3603=CARTESIAN_POINT('',(4900.,-2600.,35.));
#3604=CARTESIAN_POINT('',(1450.,800.,35.));
#3605=CARTESIAN_POINT('Origin',(4900.,-2600.,0.));
#3606=CARTESIAN_POINT('',(4900.,-2600.,-35.));
#3607=CARTESIAN_POINT('',(4900.,-2600.,0.));
#3608=CARTESIAN_POINT('',(1450.,800.,-35.));
#3609=CARTESIAN_POINT('Origin',(4700.,-3800.,0.));
#3610=CARTESIAN_POINT('',(4900.,-2600.,-35.));
#3611=CARTESIAN_POINT('Origin',(4700.,-3800.,0.));
#3612=CARTESIAN_POINT('',(4700.,-3800.,35.));
#3613=CARTESIAN_POINT('',(4900.,-2600.,35.));
#3614=CARTESIAN_POINT('',(4700.,-3800.,-35.));
#3615=CARTESIAN_POINT('',(4700.,-3800.,0.));
#3616=CARTESIAN_POINT('',(4900.,-2600.,-35.));
#3617=CARTESIAN_POINT('Origin',(3150.,-1500.,-35.));
#3618=CARTESIAN_POINT('Origin',(3150.,-1500.,-35.));
#3619=CARTESIAN_POINT('',(3800.,-3500.,-35.));
#3620=CARTESIAN_POINT('',(4700.,-3800.,-35.));
#3621=CARTESIAN_POINT('',(3800.,-3500.,-35.));
#3622=CARTESIAN_POINT('',(1600.,-400.,-35.));
#3623=CARTESIAN_POINT('',(1531.36942675159,-2321.65605095541,-35.));
#3624=CARTESIAN_POINT('',(1443.68421052632,294.736842105264,-35.));
#3625=CARTESIAN_POINT('',(1755.13087447948,-1089.47055324212,-35.));
#3626=CARTESIAN_POINT('',(1450.,800.,-35.));
#3627=CARTESIAN_POINT('',(1400.,-3200.,-35.));
#3628=CARTESIAN_POINT('',(1450.,800.,-35.));
#3629=CARTESIAN_POINT('Origin',(-4700.,-2500.,0.));
#3630=CARTESIAN_POINT('',(-4798.52941176471,-2500.,35.));
#3631=CARTESIAN_POINT('',(-4700.,-2500.,35.));
#3632=CARTESIAN_POINT('',(-3925.,-2500.,35.));
#3633=CARTESIAN_POINT('',(-4798.52941176471,-2500.,-35.));
#3634=CARTESIAN_POINT('',(-4798.52941176471,-2500.,0.));
#3635=CARTESIAN_POINT('',(-4700.,-2500.,-35.));
#3636=CARTESIAN_POINT('',(-3925.,-2500.,-35.));
#3637=CARTESIAN_POINT('',(-4700.,-2500.,-225.));
#3638=CARTESIAN_POINT('',(-4700.,-2500.,0.));
#3639=CARTESIAN_POINT('',(-4850.,-2500.,-225.));
#3640=CARTESIAN_POINT('',(-4700.,-2500.,-225.));
#3641=CARTESIAN_POINT('',(-4850.,-2500.,225.));
#3642=CARTESIAN_POINT('',(-4850.,-2500.,0.));
#3643=CARTESIAN_POINT('',(-4700.,-2500.,225.));
#3644=CARTESIAN_POINT('',(-4700.,-2500.,225.));
#3645=CARTESIAN_POINT('',(-4700.,-2500.,0.));
#3646=CARTESIAN_POINT('Origin',(-4700.,-3700.,0.));
#3647=CARTESIAN_POINT('',(-4700.,-3700.,-35.));
#3648=CARTESIAN_POINT('',(-4700.,-2600.,-35.));
#3649=CARTESIAN_POINT('',(-4700.,-3700.,-225.));
#3650=CARTESIAN_POINT('',(-4700.,-3700.,0.));
#3651=CARTESIAN_POINT('',(-4700.,-3700.,-225.));
#3652=CARTESIAN_POINT('Origin',(-4700.,-3700.,0.));
#3653=CARTESIAN_POINT('',(-4700.,-3700.,35.));
#3654=CARTESIAN_POINT('',(-4700.,-2600.,35.));
#3655=CARTESIAN_POINT('',(-4700.,-3700.,225.));
#3656=CARTESIAN_POINT('',(-4700.,-3700.,225.));
#3657=CARTESIAN_POINT('',(-4700.,-3700.,0.));
#3658=CARTESIAN_POINT('Origin',(-4850.,-2500.,0.));
#3659=CARTESIAN_POINT('',(-4850.,-3700.,-225.));
#3660=CARTESIAN_POINT('',(-4850.,-3700.,225.));
#3661=CARTESIAN_POINT('',(-4850.,-3700.,0.));
#3662=CARTESIAN_POINT('',(-4850.,-2500.,225.));
#3663=CARTESIAN_POINT('',(-4850.,-2500.,-225.));
#3664=CARTESIAN_POINT('',(-4850.,-2550.72463768116,-35.));
#3665=CARTESIAN_POINT('',(-4850.,-2900.,-35.));
#3666=CARTESIAN_POINT('',(-4850.,-2000.,-35.));
#3667=CARTESIAN_POINT('',(-4850.,-2550.72463768116,35.));
#3668=CARTESIAN_POINT('',(-4850.,-2550.72463768116,0.));
#3669=CARTESIAN_POINT('',(-4850.,-2900.,35.));
#3670=CARTESIAN_POINT('',(-4850.,-2000.,35.));
#3671=CARTESIAN_POINT('',(-4850.,-2900.,0.));
#3672=CARTESIAN_POINT('Origin',(-4775.,-3100.,-225.));
#3673=CARTESIAN_POINT('',(-4850.,-3700.,-225.));
#3674=CARTESIAN_POINT('Origin',(-4850.,-3700.,0.));
#3675=CARTESIAN_POINT('',(-4716.66666666667,-3700.,35.));
#3676=CARTESIAN_POINT('',(-4000.,-3700.,35.));
#3677=CARTESIAN_POINT('',(-4850.,-3700.,225.));
#3678=CARTESIAN_POINT('',(-4716.66666666667,-3700.,-35.));
#3679=CARTESIAN_POINT('',(-4000.,-3700.,-35.));
#3680=CARTESIAN_POINT('',(-4716.66666666667,-3700.,0.));
#3681=CARTESIAN_POINT('Origin',(-4775.,-3100.,225.));
#3682=CARTESIAN_POINT('Origin',(-3150.,-1500.,35.));
#3683=CARTESIAN_POINT('',(-4700.,-3800.,35.));
#3684=CARTESIAN_POINT('',(-4900.,-2600.,35.));
#3685=CARTESIAN_POINT('',(-3800.,-3500.,35.));
#3686=CARTESIAN_POINT('',(-4700.,-3800.,35.));
#3687=CARTESIAN_POINT('',(-3800.,-3500.,35.));
#3688=CARTESIAN_POINT('',(-1600.,-400.,35.));
#3689=CARTESIAN_POINT('',(-1581.36942675159,-921.656050955414,35.));
#3690=CARTESIAN_POINT('',(-1443.68421052632,294.736842105264,35.));
#3691=CARTESIAN_POINT('',(-1530.13087447948,-89.4705532421178,35.));
#3692=CARTESIAN_POINT('',(-1450.,800.,35.));
#3693=CARTESIAN_POINT('',(-1400.,-3200.,35.));
#3694=CARTESIAN_POINT('',(-1450.,800.,35.));
#3695=CARTESIAN_POINT('Origin',(-3150.,-1500.,35.));
#3696=CARTESIAN_POINT('',(-4900.,-2600.,35.));
#3697=CARTESIAN_POINT('',(-1450.,800.,35.));
#3698=CARTESIAN_POINT('',(-4900.,-2600.,35.));
#3699=CARTESIAN_POINT('Origin',(-4900.,-2600.,0.));
#3700=CARTESIAN_POINT('',(-4700.,-3800.,-35.));
#3701=CARTESIAN_POINT('',(-4900.,-2600.,-35.));
#3702=CARTESIAN_POINT('',(-4700.,-3800.,0.));
#3703=CARTESIAN_POINT('Origin',(-3150.,-1500.,-35.));
#3704=CARTESIAN_POINT('',(-1450.,800.,-35.));
#3705=CARTESIAN_POINT('',(-1450.,800.,-35.));
#3706=CARTESIAN_POINT('',(-1443.68421052632,294.736842105264,-35.));
#3707=CARTESIAN_POINT('',(-1400.,-3200.,-35.));
#3708=CARTESIAN_POINT('',(-1600.,-400.,-35.));
#3709=CARTESIAN_POINT('',(-1530.13087447948,-89.4705532421178,-35.));
#3710=CARTESIAN_POINT('',(-1581.36942675159,-921.656050955414,-35.));
#3711=CARTESIAN_POINT('',(-3800.,-3500.,-35.));
#3712=CARTESIAN_POINT('',(-3800.,-3500.,-35.));
#3713=CARTESIAN_POINT('',(-4700.,-3800.,-35.));
#3714=CARTESIAN_POINT('Origin',(-1450.,800.,0.));
#3715=CARTESIAN_POINT('',(-1450.,800.,0.));
#3716=CARTESIAN_POINT('Origin',(-1450.,800.,0.));
#3717=CARTESIAN_POINT('',(-4900.,-2600.,-35.));
#3718=CARTESIAN_POINT('',(-1450.,800.,-35.));
#3719=CARTESIAN_POINT('',(-4900.,-2600.,0.));
#3720=CARTESIAN_POINT('Origin',(1400.,-3200.,0.));
#3721=CARTESIAN_POINT('',(3800.,-3500.,35.));
#3722=CARTESIAN_POINT('',(3800.,-3500.,0.));
#3723=CARTESIAN_POINT('',(3800.,-3500.,35.));
#3724=CARTESIAN_POINT('Origin',(1450.,800.,0.));
#3725=CARTESIAN_POINT('',(1443.68421052632,294.736842105264,35.));
#3726=CARTESIAN_POINT('',(1443.68421052632,294.736842105263,0.));
#3727=CARTESIAN_POINT('',(1450.,800.,35.));
#3728=CARTESIAN_POINT('',(1400.,-3200.,35.));
#3729=CARTESIAN_POINT('',(1450.,800.,0.));
#3730=CARTESIAN_POINT('Origin',(4900.,-2600.,0.));
#3731=CARTESIAN_POINT('',(1450.,800.,35.));
#3732=CARTESIAN_POINT('Origin',(3800.,-3500.,0.));
#3733=CARTESIAN_POINT('',(4700.,-3800.,35.));
#3734=CARTESIAN_POINT('Origin',(3150.,-1500.,35.));
#3735=CARTESIAN_POINT('',(1600.,-400.,35.));
#3736=CARTESIAN_POINT('',(1755.13087447948,-1089.47055324212,35.));
#3737=CARTESIAN_POINT('',(1531.36942675159,-2321.65605095541,35.));
#3738=CARTESIAN_POINT('Origin',(1600.,-400.,0.));
#3739=CARTESIAN_POINT('',(1600.,-400.,0.));
#3740=CARTESIAN_POINT('',(1150.,1600.,0.));
#3741=CARTESIAN_POINT('',(1600.,-400.,0.));
#3742=CARTESIAN_POINT('',(1366.86746987952,636.144578313253,-90.));
#3743=CARTESIAN_POINT('',(1409.61538461538,446.153846153846,-90.));
#3744=CARTESIAN_POINT('',(1579.65496728138,-309.577632361689,-90.));
#3745=CARTESIAN_POINT('',(1409.61538461538,446.153846153846,90.));
#3746=CARTESIAN_POINT('',(1409.61538461538,446.153846153846,0.));
#3747=CARTESIAN_POINT('',(1366.86746987952,636.144578313253,90.));
#3748=CARTESIAN_POINT('',(1579.65496728138,-309.577632361689,90.));
#3749=CARTESIAN_POINT('',(1366.86746987952,636.144578313253,0.));
#3750=CARTESIAN_POINT('Origin',(1500.,-3200.,0.));
#3751=CARTESIAN_POINT('Origin',(1500.,-3200.,0.));
#3752=CARTESIAN_POINT('Origin',(-1400.,-3200.,0.));
#3753=CARTESIAN_POINT('',(-1443.68421052632,294.736842105263,0.));
#3754=CARTESIAN_POINT('Origin',(-3150.,-1500.,-35.));
#3755=CARTESIAN_POINT('',(-4900.,-2600.,-35.));
#3756=CARTESIAN_POINT('Origin',(-3800.,-3500.,0.));
#3757=CARTESIAN_POINT('',(-3800.,-3500.,0.));
#3758=CARTESIAN_POINT('Origin',(-4700.,-3800.,0.));
#3759=CARTESIAN_POINT('Origin',(-4900.,-2600.,0.));
#3760=CARTESIAN_POINT('Origin',(-1600.,-400.,0.));
#3761=CARTESIAN_POINT('',(-1600.,-400.,0.));
#3762=CARTESIAN_POINT('Origin',(-1600.,-400.,0.));
#3763=CARTESIAN_POINT('',(-1600.,-400.,0.));
#3764=CARTESIAN_POINT('Origin',(1550.,-1800.,0.));
#3765=CARTESIAN_POINT('',(1400.,600.,-90.));
#3766=CARTESIAN_POINT('',(1400.,600.,-90.));
#3767=CARTESIAN_POINT('',(1400.,600.,90.));
#3768=CARTESIAN_POINT('',(1400.,600.,0.));
#3769=CARTESIAN_POINT('',(1400.,600.,90.));
#3770=CARTESIAN_POINT('Origin',(1200.,-300.,-90.));
#3771=CARTESIAN_POINT('',(850.,1200.,-90.));
#3772=CARTESIAN_POINT('Origin',(1400.,600.,0.));
#3773=CARTESIAN_POINT('',(850.,1200.,90.));
#3774=CARTESIAN_POINT('Origin',(1200.,-300.,90.));
#3775=CARTESIAN_POINT('Origin',(-850.,1200.,0.));
#3776=CARTESIAN_POINT('',(-1366.86746987952,636.144578313253,-90.));
#3777=CARTESIAN_POINT('',(-1366.86746987952,636.144578313253,90.));
#3778=CARTESIAN_POINT('',(-1366.86746987952,636.144578313253,0.));
#3779=CARTESIAN_POINT('',(-1400.,600.,-90.));
#3780=CARTESIAN_POINT('',(-850.,1200.,-90.));
#3781=CARTESIAN_POINT('',(-1400.,600.,90.));
#3782=CARTESIAN_POINT('',(-1400.,600.,0.));
#3783=CARTESIAN_POINT('',(-850.,1200.,90.));
#3784=CARTESIAN_POINT('Origin',(-1200.,-300.,-90.));
#3785=CARTESIAN_POINT('',(-1409.61538461538,446.153846153846,-90.));
#3786=CARTESIAN_POINT('',(-1354.65496728138,690.422367638311,-90.));
#3787=CARTESIAN_POINT('',(-1400.,600.,-90.));
#3788=CARTESIAN_POINT('Origin',(-1400.,600.,0.));
#3789=CARTESIAN_POINT('',(-1409.61538461538,446.153846153846,90.));
#3790=CARTESIAN_POINT('',(-1409.61538461538,446.153846153846,0.));
#3791=CARTESIAN_POINT('',(-1400.,600.,90.));
#3792=CARTESIAN_POINT('Origin',(-1200.,-300.,90.));
#3793=CARTESIAN_POINT('',(-1354.65496728138,690.422367638311,90.));
#3794=CARTESIAN_POINT('Origin',(480.,1800.,0.));
#3795=CARTESIAN_POINT('',(0.,3600.,460.));
#3796=CARTESIAN_POINT('',(0.,3600.,0.));
#3797=CARTESIAN_POINT('',(480.,1800.,460.));
#3798=CARTESIAN_POINT('',(0.,3600.,460.));
#3799=CARTESIAN_POINT('',(480.,1800.,0.));
#3800=CARTESIAN_POINT('Origin',(0.,3600.,0.));
#3801=CARTESIAN_POINT('',(-480.,1800.,460.));
#3802=CARTESIAN_POINT('',(-480.,1800.,0.));
#3803=CARTESIAN_POINT('',(0.,3600.,460.));
#3804=CARTESIAN_POINT('Origin',(-480.,1800.,0.));
#3805=CARTESIAN_POINT('',(-420.,-100.,460.));
#3806=CARTESIAN_POINT('',(-420.,-100.,0.));
#3807=CARTESIAN_POINT('',(-480.,1800.,460.));
#3808=CARTESIAN_POINT('Origin',(-420.,-100.,0.));
#3809=CARTESIAN_POINT('',(-220.,-195.238095238095,380.));
#3810=CARTESIAN_POINT('',(-220.,-195.238095238095,0.));
#3811=CARTESIAN_POINT('',(0.,-300.,380.));
#3812=CARTESIAN_POINT('',(71.4232902033272,-334.011090573013,380.));
#3813=CARTESIAN_POINT('',(0.,-300.,460.));
#3814=CARTESIAN_POINT('',(0.,-300.,0.));
#3815=CARTESIAN_POINT('',(-420.,-100.,460.));
#3816=CARTESIAN_POINT('Origin',(420.,-100.,0.));
#3817=CARTESIAN_POINT('',(420.,-100.,460.));
#3818=CARTESIAN_POINT('',(480.,1800.,460.));
#3819=CARTESIAN_POINT('',(420.,-100.,0.));
#3820=CARTESIAN_POINT('Origin',(0.,-300.,0.));
#3821=CARTESIAN_POINT('',(420.,-100.,460.));
#3822=CARTESIAN_POINT('',(220.,-195.238095238095,380.));
#3823=CARTESIAN_POINT('',(-281.423290203327,-434.011090573013,380.));
#3824=CARTESIAN_POINT('',(220.,-195.238095238095,0.));
#3825=CARTESIAN_POINT('Origin',(0.,1650.,460.));
#3826=CARTESIAN_POINT('Origin',(220.,-4200.,0.));
#3827=CARTESIAN_POINT('',(220.,-4200.,380.));
#3828=CARTESIAN_POINT('',(220.,200.,380.));
#3829=CARTESIAN_POINT('',(220.,-4200.,0.));
#3830=CARTESIAN_POINT('Origin',(0.,-1750.,380.));
#3831=CARTESIAN_POINT('',(-220.,-4200.,380.));
#3832=CARTESIAN_POINT('',(-220.,200.,380.));
#3833=CARTESIAN_POINT('',(0.,-4500.,380.));
#3834=CARTESIAN_POINT('',(-220.,-4200.,380.));
#3835=CARTESIAN_POINT('',(220.,-4200.,380.));
#3836=CARTESIAN_POINT('Origin',(0.,-4500.,0.));
#3837=CARTESIAN_POINT('',(0.,-4500.,0.));
#3838=CARTESIAN_POINT('Origin',(-220.,-4200.,0.));
#3839=CARTESIAN_POINT('',(-220.,-4200.,0.));
#3840=CARTESIAN_POINT('Origin',(-220.,200.,0.));
#3841=CARTESIAN_POINT('Origin',(350.,5000.,0.));
#3842=CARTESIAN_POINT('',(0.,5800.,0.));
#3843=CARTESIAN_POINT('',(350.,5000.,0.));
#3844=CARTESIAN_POINT('Origin',(750.,3600.,0.));
#3845=CARTESIAN_POINT('',(750.,3600.,0.));
#3846=CARTESIAN_POINT('Origin',(1150.,1600.,0.));
#3847=CARTESIAN_POINT('Origin',(-850.,-5000.,0.));
#3848=CARTESIAN_POINT('Origin',(-1150.,1600.,0.));
#3849=CARTESIAN_POINT('',(-1150.,1600.,0.));
#3850=CARTESIAN_POINT('Origin',(-750.,3600.,0.));
#3851=CARTESIAN_POINT('',(-750.,3600.,0.));
#3852=CARTESIAN_POINT('Origin',(-350.,5000.,0.));
#3853=CARTESIAN_POINT('',(-350.,5000.,0.));
#3854=CARTESIAN_POINT('Origin',(0.,5800.,0.));
#3855=CARTESIAN_POINT('Origin',(950.,-4800.,-90.));
#3856=CARTESIAN_POINT('',(810.,-4800.,-90.));
#3857=CARTESIAN_POINT('Origin',(950.,-4800.,-90.));
#3858=CARTESIAN_POINT('Origin',(950.,-4800.,0.));
#3859=CARTESIAN_POINT('',(810.,-4800.,90.));
#3860=CARTESIAN_POINT('Origin',(950.,-4800.,90.));
#3861=CARTESIAN_POINT('',(810.,-4800.,0.));
#3862=CARTESIAN_POINT('Origin',(950.,-4800.,90.));
#3863=CARTESIAN_POINT('Origin',(-950.,-4800.,-90.));
#3864=CARTESIAN_POINT('',(-1090.,-4800.,-90.));
#3865=CARTESIAN_POINT('Origin',(-950.,-4800.,-90.));
#3866=CARTESIAN_POINT('Origin',(-950.,-4800.,0.));
#3867=CARTESIAN_POINT('',(-1090.,-4800.,90.));
#3868=CARTESIAN_POINT('Origin',(-950.,-4800.,90.));
#3869=CARTESIAN_POINT('',(-1090.,-4800.,0.));
#3870=CARTESIAN_POINT('Origin',(-950.,-4800.,90.));
#3871=UNCERTAINTY_MEASURE_WITH_UNIT(LENGTH_MEASURE(0.01),#3875,
'DISTANCE_ACCURACY_VALUE',
'Maximum model space distance between geometric entities at asserted c
onnectivities');
#3872=UNCERTAINTY_MEASURE_WITH_UNIT(LENGTH_MEASURE(0.01),#3875,
'DISTANCE_ACCURACY_VALUE',
'Maximum model space distance between geometric entities at asserted c
onnectivities');
#3873=(
GEOMETRIC_REPRESENTATION_CONTEXT(3)
GLOBAL_UNCERTAINTY_ASSIGNED_CONTEXT((#3871))
GLOBAL_UNIT_ASSIGNED_CONTEXT((#3875,#3877,#3878))
REPRESENTATION_CONTEXT('','3D')
);
#3874=(
GEOMETRIC_REPRESENTATION_CONTEXT(3)
GLOBAL_UNCERTAINTY_ASSIGNED_CONTEXT((#3872))
GLOBAL_UNIT_ASSIGNED_CONTEXT((#3875,#3877,#3878))
REPRESENTATION_CONTEXT('','3D')
);
#3875=(
LENGTH_UNIT()
NAMED_UNIT(*)
SI_UNIT(.MILLI.,.METRE.)
);
#3876=(
LENGTH_UNIT()
NAMED_UNIT(*)
SI_UNIT($,.METRE.)
);
#3877=(
NAMED_UNIT(*)
PLANE_ANGLE_UNIT()
SI_UNIT($,.RADIAN.)
);
#3878=(
NAMED_UNIT(*)
SI_UNIT($,.STERADIAN.)
SOLID_ANGLE_UNIT()
);
#3879=SHAPE_DEFINITION_REPRESENTATION(#3880,#3881);
#3880=PRODUCT_DEFINITION_SHAPE('',$,#3883);
#3881=SHAPE_REPRESENTATION('',(#2411),#3873);
#3882=PRODUCT_DEFINITION_CONTEXT('part definition',#3887,'design');
#3883=PRODUCT_DEFINITION('2026-09-18-22-03-18-559','(Unsaved)',#3884,#3882);
#3884=PRODUCT_DEFINITION_FORMATION('',$,#3889);
#3885=PRODUCT_RELATED_PRODUCT_CATEGORY('(Unsaved)','(Unsaved)',(#3889));
#3886=APPLICATION_PROTOCOL_DEFINITION('international standard',
'automotive_design',2009,#3887);
#3887=APPLICATION_CONTEXT(
'Core Data for Automotive Mechanical Design Process');
#3888=PRODUCT_CONTEXT('part definition',#3887,'mechanical');
#3889=PRODUCT('2026-09-18-22-03-18-559','(Unsaved)',$,(#3888));
#3890=PRESENTATION_STYLE_ASSIGNMENT((#3891));
#3891=SURFACE_STYLE_USAGE(.BOTH.,#3892);
#3892=SURFACE_SIDE_STYLE('',(#3893));
#3893=SURFACE_STYLE_FILL_AREA(#3894);
#3894=FILL_AREA_STYLE('Steel - Satin',(#3895));
#3895=FILL_AREA_STYLE_COLOUR('Steel - Satin',#3896);
#3896=COLOUR_RGB('Steel - Satin',0.627450980392157,0.627450980392157,0.627450980392157);
ENDSEC;
END-ISO-10303-21;
