ISO-10303-21;
HEADER;
/* Generated by software containing ST-Developer
 * from STEP Tools, Inc. (www.steptools.com) 
 */

FILE_DESCRIPTION(
/* description */ (''),
/* implementation_level */ '2;1');

FILE_NAME(
/* name */ 'Spaceship_Viper_Supreme_HD.step',
/* time_stamp */ '2026-09-18T22:15:27+02:00',
/* author */ (''),
/* organization */ (''),
/* preprocessor_version */ 'ST-DEVELOPER v20.1',
/* originating_system */ 'Autodesk Translation Framework v15.8.0.0',
/* authorisation */ '');

FILE_SCHEMA (('AUTOMOTIVE_DESIGN { 1 0 10303 214 3 1 1 }'));
ENDSEC;

DATA;
#10=MECHANICAL_DESIGN_GEOMETRIC_PRESENTATION_REPRESENTATION('',(#36,#37,
#38,#39,#40,#41,#42,#43,#44,#45,#46,#47,#48,#49,#50,#51,#52,#53,#54,#55,
#56,#57,#58,#59,#60,#61,#62,#63,#64,#65,#66,#67,#68,#69,#70,#71,#72,#73,
#74,#75,#76,#77,#78,#79,#80,#81,#82,#83,#84,#85,#86,#87,#88,#89,#90,#91,
#92,#93,#94,#95,#96,#97,#98,#99,#100,#101,#102,#103,#104,#105,#106,#107,
#108,#109,#110,#111,#112,#113,#114,#115,#116,#117,#118,#119,#120,#121,#122,
#123,#124,#125,#126,#127,#128,#129,#130,#131,#132,#133,#134,#135,#136,#137,
#138,#139,#140,#141,#142,#143,#144,#145,#146,#147,#148,#149,#150,#151,#152,
#153,#154,#155,#156,#157,#158,#159,#160,#161,#162,#163,#164,#165,#166,#167,
#168,#169,#170,#171,#172,#173),#12453);
#11=SHAPE_REPRESENTATION_RELATIONSHIP('SRR','None',#12460,#12);
#12=ADVANCED_BREP_SHAPE_REPRESENTATION('',(#7318,#13,#14,#15,#16,#17,#18,
#19,#20,#21,#22,#23,#24,#25,#26,#27,#28,#29,#30,#31,#32,#33,#34,#35),#12452);
#13=MANIFOLD_SOLID_BREP('Body_Ventral_Sensor_Pod',#7295);
#14=MANIFOLD_SOLID_BREP('Body_Armor_NosePlate',#7296);
#15=MANIFOLD_SOLID_BREP('Body_Armor_NosePlate (1)',#7297);
#16=MANIFOLD_SOLID_BREP('Body_Armor_ShoulderShield',#7298);
#17=MANIFOLD_SOLID_BREP('Body_Armor_ShoulderShield (1)',#7299);
#18=MANIFOLD_SOLID_BREP('Body_Armor_EngineHeatShield',#7300);
#19=MANIFOLD_SOLID_BREP('Body_Armor_EngineHeatShield (1)',#7301);
#20=MANIFOLD_SOLID_BREP('Body10',#7302);
#21=MANIFOLD_SOLID_BREP('Body11',#7303);
#22=MANIFOLD_SOLID_BREP('Body12',#7304);
#23=MANIFOLD_SOLID_BREP('Body13',#7305);
#24=MANIFOLD_SOLID_BREP('Body14',#7306);
#25=MANIFOLD_SOLID_BREP('Body15',#7307);
#26=MANIFOLD_SOLID_BREP('Body16',#7308);
#27=MANIFOLD_SOLID_BREP('Body17',#7309);
#28=MANIFOLD_SOLID_BREP('Body18',#7310);
#29=MANIFOLD_SOLID_BREP('Body19',#7311);
#30=MANIFOLD_SOLID_BREP('Body20',#7312);
#31=MANIFOLD_SOLID_BREP('Body21',#7313);
#32=MANIFOLD_SOLID_BREP('Body_Hypersonic_Missile',#7314);
#33=MANIFOLD_SOLID_BREP('Body_Hypersonic_Missile (1)',#7315);
#34=MANIFOLD_SOLID_BREP('Body_Hypersonic_Missile (2)',#7316);
#35=MANIFOLD_SOLID_BREP('Body_Hypersonic_Missile (3)',#7317);
#36=STYLED_ITEM('',(#12471),#6911);
#37=STYLED_ITEM('',(#12471),#6912);
#38=STYLED_ITEM('',(#12471),#6913);
#39=STYLED_ITEM('',(#12471),#6914);
#40=STYLED_ITEM('',(#12471),#6915);
#41=STYLED_ITEM('',(#12471),#6916);
#42=STYLED_ITEM('',(#12471),#6917);
#43=STYLED_ITEM('',(#12471),#6918);
#44=STYLED_ITEM('',(#12471),#6919);
#45=STYLED_ITEM('',(#12471),#6920);
#46=STYLED_ITEM('',(#12471),#6921);
#47=STYLED_ITEM('',(#12471),#6922);
#48=STYLED_ITEM('',(#12471),#6923);
#49=STYLED_ITEM('',(#12471),#6924);
#50=STYLED_ITEM('',(#12471),#6925);
#51=STYLED_ITEM('',(#12471),#6926);
#52=STYLED_ITEM('',(#12471),#6927);
#53=STYLED_ITEM('',(#12471),#6928);
#54=STYLED_ITEM('',(#12471),#6929);
#55=STYLED_ITEM('',(#12471),#6930);
#56=STYLED_ITEM('',(#12471),#6931);
#57=STYLED_ITEM('',(#12471),#6932);
#58=STYLED_ITEM('',(#12471),#6933);
#59=STYLED_ITEM('',(#12471),#6934);
#60=STYLED_ITEM('',(#12472),#6935);
#61=STYLED_ITEM('',(#12472),#6936);
#62=STYLED_ITEM('',(#12472),#6937);
#63=STYLED_ITEM('',(#12472),#6938);
#64=STYLED_ITEM('',(#12472),#6939);
#65=STYLED_ITEM('',(#12472),#6940);
#66=STYLED_ITEM('',(#12472),#6941);
#67=STYLED_ITEM('',(#12472),#6942);
#68=STYLED_ITEM('',(#12472),#6943);
#69=STYLED_ITEM('',(#12472),#6944);
#70=STYLED_ITEM('',(#12472),#6945);
#71=STYLED_ITEM('',(#12472),#6946);
#72=STYLED_ITEM('',(#12472),#6947);
#73=STYLED_ITEM('',(#12472),#6948);
#74=STYLED_ITEM('',(#12472),#6949);
#75=STYLED_ITEM('',(#12472),#6950);
#76=STYLED_ITEM('',(#12472),#6951);
#77=STYLED_ITEM('',(#12472),#6952);
#78=STYLED_ITEM('',(#12472),#6953);
#79=STYLED_ITEM('',(#12472),#6954);
#80=STYLED_ITEM('',(#12472),#6956);
#81=STYLED_ITEM('',(#12472),#6957);
#82=STYLED_ITEM('',(#12472),#6958);
#83=STYLED_ITEM('',(#12472),#6959);
#84=STYLED_ITEM('',(#12472),#6960);
#85=STYLED_ITEM('',(#12472),#6961);
#86=STYLED_ITEM('',(#12472),#6962);
#87=STYLED_ITEM('',(#12472),#6963);
#88=STYLED_ITEM('',(#12472),#6964);
#89=STYLED_ITEM('',(#12472),#6965);
#90=STYLED_ITEM('',(#12472),#6966);
#91=STYLED_ITEM('',(#12472),#6967);
#92=STYLED_ITEM('',(#12472),#6968);
#93=STYLED_ITEM('',(#12472),#6969);
#94=STYLED_ITEM('',(#12472),#6970);
#95=STYLED_ITEM('',(#12472),#6971);
#96=STYLED_ITEM('',(#12472),#6972);
#97=STYLED_ITEM('',(#12472),#6973);
#98=STYLED_ITEM('',(#12472),#6974);
#99=STYLED_ITEM('',(#12472),#6975);
#100=STYLED_ITEM('',(#12472),#6977);
#101=STYLED_ITEM('',(#12472),#6979);
#102=STYLED_ITEM('',(#12472),#6980);
#103=STYLED_ITEM('',(#12472),#6981);
#104=STYLED_ITEM('',(#12472),#6982);
#105=STYLED_ITEM('',(#12472),#6983);
#106=STYLED_ITEM('',(#12472),#6984);
#107=STYLED_ITEM('',(#12472),#6985);
#108=STYLED_ITEM('',(#12472),#6986);
#109=STYLED_ITEM('',(#12472),#6987);
#110=STYLED_ITEM('',(#12472),#6988);
#111=STYLED_ITEM('',(#12472),#6989);
#112=STYLED_ITEM('',(#12471),#6992);
#113=STYLED_ITEM('',(#12471),#6993);
#114=STYLED_ITEM('',(#12471),#6994);
#115=STYLED_ITEM('',(#12471),#6995);
#116=STYLED_ITEM('',(#12471),#6996);
#117=STYLED_ITEM('',(#12471),#6997);
#118=STYLED_ITEM('',(#12471),#6998);
#119=STYLED_ITEM('',(#12471),#6999);
#120=STYLED_ITEM('',(#12471),#7000);
#121=STYLED_ITEM('',(#12471),#7001);
#122=STYLED_ITEM('',(#12471),#7002);
#123=STYLED_ITEM('',(#12471),#7003);
#124=STYLED_ITEM('',(#12471),#7004);
#125=STYLED_ITEM('',(#12471),#7005);
#126=STYLED_ITEM('',(#12471),#7006);
#127=STYLED_ITEM('',(#12471),#7007);
#128=STYLED_ITEM('',(#12471),#7008);
#129=STYLED_ITEM('',(#12471),#7009);
#130=STYLED_ITEM('',(#12471),#7010);
#131=STYLED_ITEM('',(#12471),#7011);
#132=STYLED_ITEM('',(#12471),#7012);
#133=STYLED_ITEM('',(#12471),#7013);
#134=STYLED_ITEM('',(#12471),#7014);
#135=STYLED_ITEM('',(#12471),#7015);
#136=STYLED_ITEM('',(#12471),#7016);
#137=STYLED_ITEM('',(#12471),#7018);
#138=STYLED_ITEM('',(#12471),#7019);
#139=STYLED_ITEM('',(#12471),#7020);
#140=STYLED_ITEM('',(#12471),#7021);
#141=STYLED_ITEM('',(#12471),#7022);
#142=STYLED_ITEM('',(#12471),#7024);
#143=STYLED_ITEM('',(#12471),#7025);
#144=STYLED_ITEM('',(#12471),#7027);
#145=STYLED_ITEM('',(#12471),#7028);
#146=STYLED_ITEM('',(#12471),#7030);
#147=STYLED_ITEM('',(#12471),#7031);
#148=STYLED_ITEM('',(#12471),#7033);
#149=STYLED_ITEM('',(#12471),#7034);
#150=STYLED_ITEM('',(#12470),#7318);
#151=STYLED_ITEM('',(#12473),#13);
#152=STYLED_ITEM('',(#12471),#14);
#153=STYLED_ITEM('',(#12471),#15);
#154=STYLED_ITEM('',(#12471),#16);
#155=STYLED_ITEM('',(#12471),#17);
#156=STYLED_ITEM('',(#12471),#18);
#157=STYLED_ITEM('',(#12471),#19);
#158=STYLED_ITEM('',(#12469),#20);
#159=STYLED_ITEM('',(#12469),#21);
#160=STYLED_ITEM('',(#12469),#22);
#161=STYLED_ITEM('',(#12469),#23);
#162=STYLED_ITEM('',(#12469),#24);
#163=STYLED_ITEM('',(#12469),#25);
#164=STYLED_ITEM('',(#12469),#26);
#165=STYLED_ITEM('',(#12469),#27);
#166=STYLED_ITEM('',(#12469),#28);
#167=STYLED_ITEM('',(#12469),#29);
#168=STYLED_ITEM('',(#12469),#30);
#169=STYLED_ITEM('',(#12469),#31);
#170=STYLED_ITEM('',(#12474),#32);
#171=STYLED_ITEM('',(#12474),#33);
#172=STYLED_ITEM('',(#12474),#34);
#173=STYLED_ITEM('',(#12474),#35);
#174=B_SPLINE_SURFACE_WITH_KNOTS('',3,3,((#9433,#9434,#9435,#9436),(#9437,
#9438,#9439,#9440),(#9441,#9442,#9443,#9444),(#9445,#9446,#9447,#9448)),
 .UNSPECIFIED.,.F.,.F.,.F.,(4,4),(4,4),(0.,1.),(0.,1.),.UNSPECIFIED.);
#175=B_SPLINE_SURFACE_WITH_KNOTS('',3,3,((#9493,#9494,#9495,#9496),(#9497,
#9498,#9499,#9500),(#9501,#9502,#9503,#9504),(#9505,#9506,#9507,#9508)),
 .UNSPECIFIED.,.F.,.F.,.F.,(4,4),(4,4),(0.,1.),(0.,1.),.UNSPECIFIED.);
#176=B_SPLINE_SURFACE_WITH_KNOTS('',3,3,((#9726,#9727,#9728,#9729),(#9730,
#9731,#9732,#9733),(#9734,#9735,#9736,#9737),(#9738,#9739,#9740,#9741)),
 .UNSPECIFIED.,.F.,.F.,.F.,(4,4),(4,4),(0.,1.),(0.,1.),.UNSPECIFIED.);
#177=B_SPLINE_SURFACE_WITH_KNOTS('',3,3,((#9956,#9957,#9958,#9959),(#9960,
#9961,#9962,#9963),(#9964,#9965,#9966,#9967),(#9968,#9969,#9970,#9971)),
 .UNSPECIFIED.,.F.,.F.,.F.,(4,4),(4,4),(0.,1.),(0.,1.),.UNSPECIFIED.);
#178=B_SPLINE_SURFACE_WITH_KNOTS('',3,3,((#10079,#10080,#10081,#10082),
(#10083,#10084,#10085,#10086),(#10087,#10088,#10089,#10090),(#10091,#10092,
#10093,#10094)),.UNSPECIFIED.,.F.,.F.,.F.,(4,4),(4,4),(0.,1.),(0.,1.),
 .UNSPECIFIED.);
#179=B_SPLINE_SURFACE_WITH_KNOTS('',3,3,((#10298,#10299,#10300,#10301),
(#10302,#10303,#10304,#10305),(#10306,#10307,#10308,#10309),(#10310,#10311,
#10312,#10313)),.UNSPECIFIED.,.F.,.F.,.F.,(4,4),(4,4),(0.,1.),(0.,1.),
 .UNSPECIFIED.);
#180=B_SPLINE_SURFACE_WITH_KNOTS('',3,3,((#10328,#10329,#10330,#10331),
(#10332,#10333,#10334,#10335),(#10336,#10337,#10338,#10339),(#10340,#10341,
#10342,#10343)),.UNSPECIFIED.,.F.,.F.,.F.,(4,4),(4,4),(0.,1.),(0.,1.),
 .UNSPECIFIED.);
#181=B_SPLINE_SURFACE_WITH_KNOTS('',3,3,((#10352,#10353,#10354,#10355),
(#10356,#10357,#10358,#10359),(#10360,#10361,#10362,#10363),(#10364,#10365,
#10366,#10367)),.UNSPECIFIED.,.F.,.F.,.F.,(4,4),(4,4),(0.,1.),(0.,1.),
 .UNSPECIFIED.);
#182=B_SPLINE_SURFACE_WITH_KNOTS('',3,3,((#10475,#10476,#10477,#10478),
(#10479,#10480,#10481,#10482),(#10483,#10484,#10485,#10486),(#10487,#10488,
#10489,#10490)),.UNSPECIFIED.,.F.,.F.,.F.,(4,4),(4,4),(0.,1.),(0.,1.),
 .UNSPECIFIED.);
#183=B_SPLINE_SURFACE_WITH_KNOTS('',3,3,((#10533,#10534,#10535,#10536),
(#10537,#10538,#10539,#10540),(#10541,#10542,#10543,#10544),(#10545,#10546,
#10547,#10548)),.UNSPECIFIED.,.F.,.F.,.F.,(4,4),(4,4),(0.,1.),(0.0312499999870978,
1.),.UNSPECIFIED.);
#184=B_SPLINE_SURFACE_WITH_KNOTS('',3,3,((#10600,#10601,#10602,#10603),
(#10604,#10605,#10606,#10607),(#10608,#10609,#10610,#10611),(#10612,#10613,
#10614,#10615)),.UNSPECIFIED.,.F.,.F.,.F.,(4,4),(4,4),(0.,1.),(0.0563380281690142,
1.),.UNSPECIFIED.);
#185=B_SPLINE_SURFACE_WITH_KNOTS('',3,3,((#10915,#10916,#10917,#10918),
(#10919,#10920,#10921,#10922),(#10923,#10924,#10925,#10926),(#10927,#10928,
#10929,#10930)),.UNSPECIFIED.,.F.,.F.,.F.,(4,4),(4,4),(0.,1.),(0.0563380281690142,
1.),.UNSPECIFIED.);
#186=B_SPLINE_SURFACE_WITH_KNOTS('',3,3,((#10983,#10984,#10985,#10986),
(#10987,#10988,#10989,#10990),(#10991,#10992,#10993,#10994),(#10995,#10996,
#10997,#10998)),.UNSPECIFIED.,.F.,.F.,.F.,(4,4),(4,4),(0.,1.),(0.,1.),
 .UNSPECIFIED.);
#187=B_SPLINE_SURFACE_WITH_KNOTS('',3,3,((#11070,#11071,#11072,#11073),
(#11074,#11075,#11076,#11077),(#11078,#11079,#11080,#11081),(#11082,#11083,
#11084,#11085)),.UNSPECIFIED.,.F.,.F.,.F.,(4,4),(4,4),(0.,1.),(0.,1.),
 .UNSPECIFIED.);
#188=B_SPLINE_SURFACE_WITH_KNOTS('',3,3,((#11094,#11095,#11096,#11097),
(#11098,#11099,#11100,#11101),(#11102,#11103,#11104,#11105),(#11106,#11107,
#11108,#11109)),.UNSPECIFIED.,.F.,.F.,.F.,(4,4),(4,4),(0.834586466165414,
1.),(0.,0.183946488294314),.UNSPECIFIED.);
#189=B_SPLINE_SURFACE_WITH_KNOTS('',3,3,((#11161,#11162,#11163,#11164),
(#11165,#11166,#11167,#11168),(#11169,#11170,#11171,#11172),(#11173,#11174,
#11175,#11176)),.UNSPECIFIED.,.F.,.F.,.F.,(4,4),(4,4),(0.,1.),(0.,1.),
 .UNSPECIFIED.);
#190=B_SPLINE_SURFACE_WITH_KNOTS('',3,3,((#11180,#11181,#11182,#11183),
(#11184,#11185,#11186,#11187),(#11188,#11189,#11190,#11191),(#11192,#11193,
#11194,#11195)),.UNSPECIFIED.,.F.,.F.,.F.,(4,4),(4,4),(0.,1.),(0.,1.),
 .UNSPECIFIED.);
#191=B_SPLINE_SURFACE_WITH_KNOTS('',3,3,((#11244,#11245,#11246,#11247),
(#11248,#11249,#11250,#11251),(#11252,#11253,#11254,#11255),(#11256,#11257,
#11258,#11259)),.UNSPECIFIED.,.F.,.F.,.F.,(4,4),(4,4),(0.,1.),(0.0312499999870976,
1.),.UNSPECIFIED.);
#192=B_SPLINE_SURFACE_WITH_KNOTS('',3,3,((#11564,#11565,#11566,#11567),
(#11568,#11569,#11570,#11571),(#11572,#11573,#11574,#11575),(#11576,#11577,
#11578,#11579)),.UNSPECIFIED.,.F.,.F.,.F.,(4,4),(4,4),(0.,1.),(0.,1.),
 .UNSPECIFIED.);
#193=B_SPLINE_SURFACE_WITH_KNOTS('',3,3,((#11661,#11662,#11663,#11664),
(#11665,#11666,#11667,#11668),(#11669,#11670,#11671,#11672),(#11673,#11674,
#11675,#11676)),.UNSPECIFIED.,.F.,.F.,.F.,(4,4),(4,4),(0.,1.),(0.,1.),
 .UNSPECIFIED.);
#194=B_SPLINE_SURFACE_WITH_KNOTS('',3,3,((#11681,#11682,#11683,#11684),
(#11685,#11686,#11687,#11688),(#11689,#11690,#11691,#11692),(#11693,#11694,
#11695,#11696)),.UNSPECIFIED.,.F.,.F.,.F.,(4,4),(4,4),(0.,1.),(0.,1.),
 .UNSPECIFIED.);
#195=B_SPLINE_SURFACE_WITH_KNOTS('',3,3,((#11697,#11698,#11699,#11700),
(#11701,#11702,#11703,#11704),(#11705,#11706,#11707,#11708),(#11709,#11710,
#11711,#11712)),.UNSPECIFIED.,.F.,.F.,.F.,(4,4),(4,4),(0.,1.),(0.,1.),
 .UNSPECIFIED.);
#196=B_SPLINE_SURFACE_WITH_KNOTS('',3,3,((#11713,#11714,#11715,#11716),
(#11717,#11718,#11719,#11720),(#11721,#11722,#11723,#11724),(#11725,#11726,
#11727,#11728)),.UNSPECIFIED.,.F.,.F.,.F.,(4,4),(4,4),(0.,1.),(0.,1.),
 .UNSPECIFIED.);
#197=B_SPLINE_SURFACE_WITH_KNOTS('',3,3,((#11730,#11731,#11732,#11733),
(#11734,#11735,#11736,#11737),(#11738,#11739,#11740,#11741),(#11742,#11743,
#11744,#11745)),.UNSPECIFIED.,.F.,.F.,.F.,(4,4),(4,4),(0.,1.),(0.,1.),
 .UNSPECIFIED.);
#198=B_SPLINE_SURFACE_WITH_KNOTS('',3,3,((#11755,#11756,#11757,#11758),
(#11759,#11760,#11761,#11762),(#11763,#11764,#11765,#11766),(#11767,#11768,
#11769,#11770)),.UNSPECIFIED.,.F.,.F.,.F.,(4,4),(4,4),(0.,1.),(0.,1.),
 .UNSPECIFIED.);
#199=B_SPLINE_SURFACE_WITH_KNOTS('',3,3,((#11772,#11773,#11774,#11775),
(#11776,#11777,#11778,#11779),(#11780,#11781,#11782,#11783),(#11784,#11785,
#11786,#11787)),.UNSPECIFIED.,.F.,.F.,.F.,(4,4),(4,4),(0.,1.),(0.,1.),
 .UNSPECIFIED.);
#200=B_SPLINE_SURFACE_WITH_KNOTS('',3,3,((#11789,#11790,#11791,#11792),
(#11793,#11794,#11795,#11796),(#11797,#11798,#11799,#11800),(#11801,#11802,
#11803,#11804)),.UNSPECIFIED.,.F.,.F.,.F.,(4,4),(4,4),(0.,1.),(0.,1.),
 .UNSPECIFIED.);
#201=B_SPLINE_SURFACE_WITH_KNOTS('',3,3,((#11805,#11806,#11807,#11808),
(#11809,#11810,#11811,#11812),(#11813,#11814,#11815,#11816),(#11817,#11818,
#11819,#11820)),.UNSPECIFIED.,.F.,.F.,.F.,(4,4),(4,4),(0.,1.),(0.191176470588235,
1.),.UNSPECIFIED.);
#202=B_SPLINE_SURFACE_WITH_KNOTS('',3,3,((#11821,#11822,#11823,#11824),
(#11825,#11826,#11827,#11828),(#11829,#11830,#11831,#11832),(#11833,#11834,
#11835,#11836)),.UNSPECIFIED.,.F.,.F.,.F.,(4,4),(4,4),(0.,1.),(0.,1.),
 .UNSPECIFIED.);
#203=CIRCLE('',#7344,80.);
#204=CIRCLE('',#7345,80.);
#205=CIRCLE('',#7349,80.);
#206=CIRCLE('',#7350,80.);
#207=CIRCLE('',#7385,360.);
#208=CIRCLE('',#7386,360.);
#209=CIRCLE('',#7388,360.);
#210=CIRCLE('',#7392,360.);
#211=CIRCLE('',#7408,360.);
#212=CIRCLE('',#7409,360.);
#213=CIRCLE('',#7414,360.);
#214=CIRCLE('',#7416,360.);
#215=CIRCLE('',#7426,440.);
#216=CIRCLE('',#7428,440.);
#217=CIRCLE('',#7432,440.);
#218=CIRCLE('',#7434,440.);
#219=CIRCLE('',#7642,160.);
#220=CIRCLE('',#7644,160.);
#221=CIRCLE('',#7647,160.);
#222=CIRCLE('',#7649,160.);
#223=CIRCLE('',#7712,100.);
#224=CIRCLE('',#7714,100.);
#225=CIRCLE('',#7717,100.);
#226=CIRCLE('',#7719,100.);
#227=CIRCLE('',#7722,100.);
#228=CIRCLE('',#7724,100.);
#229=CIRCLE('',#7727,100.);
#230=CIRCLE('',#7729,100.);
#231=B_SPLINE_CURVE_WITH_KNOTS('',3,(#9401,#9402,#9403,#9404),
 .UNSPECIFIED.,.F.,.F.,(4,4),(-8.33262138127002,0.),.UNSPECIFIED.);
#232=B_SPLINE_CURVE_WITH_KNOTS('',3,(#9406,#9407,#9408,#9409),
 .UNSPECIFIED.,.F.,.F.,(4,4),(-8.20442335688433,0.),.UNSPECIFIED.);
#233=B_SPLINE_CURVE_WITH_KNOTS('',3,(#9413,#9414,#9415,#9416),
 .UNSPECIFIED.,.F.,.F.,(4,4),(-8.27452580188123,0.),.UNSPECIFIED.);
#234=B_SPLINE_CURVE_WITH_KNOTS('',3,(#9418,#9419,#9420,#9421),
 .UNSPECIFIED.,.F.,.F.,(4,4),(-8.36065151199601,0.),.UNSPECIFIED.);
#235=B_SPLINE_CURVE_WITH_KNOTS('',3,(#9424,#9425,#9426,#9427),
 .UNSPECIFIED.,.F.,.F.,(4,4),(-16.708798025084,-0.997402086980347),
 .UNSPECIFIED.);
#236=B_SPLINE_CURVE_WITH_KNOTS('',3,(#9429,#9430,#9431,#9432),
 .UNSPECIFIED.,.F.,.F.,(4,4),(-15.6746001869218,-0.0729869869009363),
 .UNSPECIFIED.);
#237=B_SPLINE_CURVE_WITH_KNOTS('',3,(#9461,#9462,#9463,#9464),
 .UNSPECIFIED.,.F.,.F.,(4,4),(-8.67010480633666,0.),.UNSPECIFIED.);
#238=B_SPLINE_CURVE_WITH_KNOTS('',3,(#9466,#9467,#9468,#9469),
 .UNSPECIFIED.,.F.,.F.,(4,4),(-8.2646502600239,0.),.UNSPECIFIED.);
#239=B_SPLINE_CURVE_WITH_KNOTS('',3,(#9473,#9474,#9475,#9476),
 .UNSPECIFIED.,.F.,.F.,(4,4),(-8.21267804005639,0.),.UNSPECIFIED.);
#240=B_SPLINE_CURVE_WITH_KNOTS('',3,(#9478,#9479,#9480,#9481),
 .UNSPECIFIED.,.F.,.F.,(4,4),(-8.56522286486696,0.),.UNSPECIFIED.);
#241=B_SPLINE_CURVE_WITH_KNOTS('',3,(#9484,#9485,#9486,#9487),
 .UNSPECIFIED.,.F.,.F.,(4,4),(-15.8052909326343,-0.0938949945305865),
 .UNSPECIFIED.);
#242=B_SPLINE_CURVE_WITH_KNOTS('',3,(#9489,#9490,#9491,#9492),
 .UNSPECIFIED.,.F.,.F.,(4,4),(-16.7347457530833,-1.44261031363302),
 .UNSPECIFIED.);
#243=B_SPLINE_CURVE_WITH_KNOTS('',3,(#9661,#9662,#9663,#9664),
 .UNSPECIFIED.,.F.,.F.,(4,4),(-6.96192370383595,-0.055291640065033),
 .UNSPECIFIED.);
#244=B_SPLINE_CURVE_WITH_KNOTS('',3,(#9668,#9669,#9670,#9671),
 .UNSPECIFIED.,.F.,.F.,(4,4),(-8.51648110031419,-1.93665702840414),
 .UNSPECIFIED.);
#245=B_SPLINE_CURVE_WITH_KNOTS('',3,(#9683,#9684,#9685,#9686),
 .UNSPECIFIED.,.F.,.F.,(4,4),(-10.7527600331202,-0.0662885027443875),
 .UNSPECIFIED.);
#246=B_SPLINE_CURVE_WITH_KNOTS('',3,(#9693,#9694,#9695,#9696),
 .UNSPECIFIED.,.F.,.F.,(4,4),(-5.07657120619544,-0.147164850057256),
 .UNSPECIFIED.);
#247=B_SPLINE_CURVE_WITH_KNOTS('',3,(#9702,#9703,#9704,#9705),
 .UNSPECIFIED.,.F.,.F.,(4,4),(-10.1388621899212,-0.0638849053926079),
 .UNSPECIFIED.);
#248=B_SPLINE_CURVE_WITH_KNOTS('',3,(#9712,#9713,#9714,#9715),
 .UNSPECIFIED.,.F.,.F.,(4,4),(-3.76890110838194,-1.40091233730181),
 .UNSPECIFIED.);
#249=B_SPLINE_CURVE_WITH_KNOTS('',3,(#9718,#9719,#9720,#9721),
 .UNSPECIFIED.,.F.,.F.,(4,4),(-6.6033339007671,-0.0525444029531238),
 .UNSPECIFIED.);
#250=B_SPLINE_CURVE_WITH_KNOTS('',3,(#9743,#9744,#9745,#9746),
 .UNSPECIFIED.,.F.,.F.,(4,4),(-37.399536880517,0.),.UNSPECIFIED.);
#251=B_SPLINE_CURVE_WITH_KNOTS('',3,(#9752,#9753,#9754,#9755),
 .UNSPECIFIED.,.F.,.F.,(4,4),(-6.61042260159865,-0.0905267064324707),
 .UNSPECIFIED.);
#252=B_SPLINE_CURVE_WITH_KNOTS('',3,(#9757,#9758,#9759,#9760),
 .UNSPECIFIED.,.F.,.F.,(4,4),(-8.08567037611287,-0.0502180933995401),
 .UNSPECIFIED.);
#253=B_SPLINE_CURVE_WITH_KNOTS('',3,(#9762,#9763,#9764,#9765),
 .UNSPECIFIED.,.F.,.F.,(4,4),(-5.6465683829734,0.),.UNSPECIFIED.);
#254=B_SPLINE_CURVE_WITH_KNOTS('',3,(#9769,#9770,#9771,#9772),
 .UNSPECIFIED.,.F.,.F.,(4,4),(-3.49567505969616,-0.085019156021954),
 .UNSPECIFIED.);
#255=B_SPLINE_CURVE_WITH_KNOTS('',3,(#9774,#9775,#9776,#9777),
 .UNSPECIFIED.,.F.,.F.,(4,4),(-8.07407040205192,-0.0501492869973082),
 .UNSPECIFIED.);
#256=B_SPLINE_CURVE_WITH_KNOTS('',3,(#9779,#9780,#9781,#9782),
 .UNSPECIFIED.,.F.,.F.,(4,4),(-2.6500742720524,0.),.UNSPECIFIED.);
#257=B_SPLINE_CURVE_WITH_KNOTS('',3,(#9786,#9787,#9788,#9789),
 .UNSPECIFIED.,.F.,.F.,(4,4),(-0.759105426654767,-0.0805349954389546),
 .UNSPECIFIED.);
#258=B_SPLINE_CURVE_WITH_KNOTS('',3,(#9791,#9792,#9793,#9794),
 .UNSPECIFIED.,.F.,.F.,(4,4),(-8.01667977685935,0.),.UNSPECIFIED.);
#259=B_SPLINE_CURVE_WITH_KNOTS('',3,(#9800,#9801,#9802,#9803),
 .UNSPECIFIED.,.F.,.F.,(4,4),(-41.7679001805128,-0.533705545028078),
 .UNSPECIFIED.);
#260=B_SPLINE_CURVE_WITH_KNOTS('',3,(#9805,#9806,#9807,#9808),
 .UNSPECIFIED.,.F.,.F.,(4,4),(-39.1263724156595,0.),.UNSPECIFIED.);
#261=B_SPLINE_CURVE_WITH_KNOTS('',3,(#9812,#9813,#9814,#9815),
 .UNSPECIFIED.,.F.,.F.,(4,4),(-57.3541026129841,-6.84531617758854),
 .UNSPECIFIED.);
#262=B_SPLINE_CURVE_WITH_KNOTS('',3,(#9817,#9818,#9819,#9820,#9821,#9822,
#9823,#9824,#9825,#9826,#9827,#9828,#9829,#9830,#9831,#9832,#9833,#9834,
#9835,#9836,#9837,#9838),.UNSPECIFIED.,.F.,.F.,(4,3,3,3,3,3,3,4),(-55.9382753383958,
-41.9537065037968,-37.7159648669975,-28.2869736502481,-25.0053396219846,
-17.7136772485535,-12.3203940134184,0.),.UNSPECIFIED.);
#263=B_SPLINE_CURVE_WITH_KNOTS('',3,(#9842,#9843,#9844,#9845),
 .UNSPECIFIED.,.F.,.F.,(4,4),(-3.38177674692609,-0.661747786449323),
 .UNSPECIFIED.);
#264=B_SPLINE_CURVE_WITH_KNOTS('',3,(#9847,#9848,#9849,#9850),
 .UNSPECIFIED.,.F.,.F.,(4,4),(-6.06306990427229,0.),.UNSPECIFIED.);
#265=B_SPLINE_CURVE_WITH_KNOTS('',3,(#9853,#9854,#9855,#9856),
 .UNSPECIFIED.,.F.,.F.,(4,4),(-16.5256176034185,-12.5330470978732),
 .UNSPECIFIED.);
#266=B_SPLINE_CURVE_WITH_KNOTS('',3,(#9866,#9867,#9868,#9869),
 .UNSPECIFIED.,.F.,.F.,(4,4),(-19.7468995949607,-0.331572512262678),
 .UNSPECIFIED.);
#267=B_SPLINE_CURVE_WITH_KNOTS('',3,(#9872,#9873,#9874,#9875),
 .UNSPECIFIED.,.F.,.F.,(4,4),(-19.5972344208629,-14.0763104320169),
 .UNSPECIFIED.);
#268=B_SPLINE_CURVE_WITH_KNOTS('',3,(#9889,#9890,#9891,#9892),
 .UNSPECIFIED.,.F.,.F.,(4,4),(-35.4166088477197,-1.03969991711055),
 .UNSPECIFIED.);
#269=B_SPLINE_CURVE_WITH_KNOTS('',3,(#9894,#9895,#9896,#9897),
 .UNSPECIFIED.,.F.,.F.,(4,4),(-16.2788926848045,0.),.UNSPECIFIED.);
#270=B_SPLINE_CURVE_WITH_KNOTS('',3,(#9900,#9901,#9902,#9903),
 .UNSPECIFIED.,.F.,.F.,(4,4),(-3.32265103097507,0.),.UNSPECIFIED.);
#271=B_SPLINE_CURVE_WITH_KNOTS('',3,(#9907,#9908,#9909,#9910,#9911,#9912,
#9913),.UNSPECIFIED.,.F.,.F.,(4,3,4),(-8.41965305331686,-2.60242957638474,
-0.06754284312637),.UNSPECIFIED.);
#272=B_SPLINE_CURVE_WITH_KNOTS('',3,(#9917,#9918,#9919,#9920),
 .UNSPECIFIED.,.F.,.F.,(4,4),(-9.36885658183615,-2.08859561319251),
 .UNSPECIFIED.);
#273=B_SPLINE_CURVE_WITH_KNOTS('',3,(#9946,#9947,#9948,#9949),
 .UNSPECIFIED.,.F.,.F.,(4,4),(-5.93272723856264,0.),.UNSPECIFIED.);
#274=B_SPLINE_CURVE_WITH_KNOTS('',3,(#9951,#9952,#9953,#9954),
 .UNSPECIFIED.,.F.,.F.,(4,4),(-4.81770734639156,-0.15489559580434),
 .UNSPECIFIED.);
#275=B_SPLINE_CURVE_WITH_KNOTS('',3,(#9972,#9973,#9974,#9975,#9976,#9977,
#9978,#9979,#9980,#9981),.UNSPECIFIED.,.F.,.F.,(4,3,3,4),(-5.11842820252787,
-2.95859181981308,-0.832300488063614,0.),.UNSPECIFIED.);
#276=B_SPLINE_CURVE_WITH_KNOTS('',3,(#9996,#9997,#9998,#9999),
 .UNSPECIFIED.,.F.,.F.,(4,4),(-2.48709560319523,-0.119107530044598),
 .UNSPECIFIED.);
#277=B_SPLINE_CURVE_WITH_KNOTS('',3,(#10005,#10006,#10007,#10008),
 .UNSPECIFIED.,.F.,.F.,(4,4),(-8.41263242623485,-1.91077728779428),
 .UNSPECIFIED.);
#278=B_SPLINE_CURVE_WITH_KNOTS('',3,(#10019,#10020,#10021,#10022),
 .UNSPECIFIED.,.F.,.F.,(4,4),(-10.1539419641392,-0.0789645797822346),
 .UNSPECIFIED.);
#279=B_SPLINE_CURVE_WITH_KNOTS('',3,(#10028,#10029,#10030,#10031),
 .UNSPECIFIED.,.F.,.F.,(4,4),(-10.2062964311621,-0.0639166326387084),
 .UNSPECIFIED.);
#280=B_SPLINE_CURVE_WITH_KNOTS('',3,(#10037,#10038,#10039,#10040),
 .UNSPECIFIED.,.F.,.F.,(4,4),(-6.55883346801438,-0.0522408871908234),
 .UNSPECIFIED.);
#281=B_SPLINE_CURVE_WITH_KNOTS('',3,(#10043,#10044,#10045,#10046),
 .UNSPECIFIED.,.F.,.F.,(4,4),(-8.94427432416228,-2.03762068853279),
 .UNSPECIFIED.);
#282=B_SPLINE_CURVE_WITH_KNOTS('',3,(#10053,#10054,#10055,#10056),
 .UNSPECIFIED.,.F.,.F.,(4,4),(-4.98256877804885,-0.0531624219106632),
 .UNSPECIFIED.);
#283=B_SPLINE_CURVE_WITH_KNOTS('',3,(#10063,#10064,#10065,#10066),
 .UNSPECIFIED.,.F.,.F.,(4,4),(-38.2857434951842,-0.886206614667387),
 .UNSPECIFIED.);
#284=B_SPLINE_CURVE_WITH_KNOTS('',3,(#10068,#10069,#10070,#10071),
 .UNSPECIFIED.,.F.,.F.,(4,4),(-19.4153270826982,0.),.UNSPECIFIED.);
#285=B_SPLINE_CURVE_WITH_KNOTS('',3,(#10096,#10097,#10098,#10099),
 .UNSPECIFIED.,.F.,.F.,(4,4),(-3.99630283098197,0.),.UNSPECIFIED.);
#286=B_SPLINE_CURVE_WITH_KNOTS('',3,(#10103,#10104,#10105,#10106),
 .UNSPECIFIED.,.F.,.F.,(4,4),(-6.13865144788404,-0.0755815004124214),
 .UNSPECIFIED.);
#287=B_SPLINE_CURVE_WITH_KNOTS('',3,(#10108,#10109,#10110,#10111),
 .UNSPECIFIED.,.F.,.F.,(4,4),(-2.72002896047671,0.),.UNSPECIFIED.);
#288=B_SPLINE_CURVE_WITH_KNOTS('',3,(#10115,#10116,#10117,#10118,#10119,
#10120,#10121,#10122,#10123,#10124,#10125,#10126,#10127,#10128,#10129,#10130,
#10131,#10132,#10133,#10134,#10135,#10136,#10137,#10138,#10139,#10140,#10141,
#10142),.UNSPECIFIED.,.F.,.F.,(4,3,3,3,3,3,3,3,3,4),(-56.004723612467,-42.0035427093503,
-37.9862357924528,-32.8854589365229,-29.3998000504129,-26.481417902725,
-19.3109879255497,-15.5621242310029,-12.1942882460806,0.),.UNSPECIFIED.);
#289=B_SPLINE_CURVE_WITH_KNOTS('',3,(#10144,#10145,#10146,#10147),
 .UNSPECIFIED.,.F.,.F.,(4,4),(-50.5087864353957,0.),.UNSPECIFIED.);
#290=B_SPLINE_CURVE_WITH_KNOTS('',3,(#10151,#10152,#10153,#10154),
 .UNSPECIFIED.,.F.,.F.,(4,4),(-39.7114396667347,-0.58506725107496),
 .UNSPECIFIED.);
#291=B_SPLINE_CURVE_WITH_KNOTS('',3,(#10156,#10157,#10158,#10159),
 .UNSPECIFIED.,.F.,.F.,(4,4),(-41.2199279573992,0.),.UNSPECIFIED.);
#292=B_SPLINE_CURVE_WITH_KNOTS('',3,(#10165,#10166,#10167,#10168),
 .UNSPECIFIED.,.F.,.F.,(4,4),(-8.06682910395168,-0.0501154798145463),
 .UNSPECIFIED.);
#293=B_SPLINE_CURVE_WITH_KNOTS('',3,(#10170,#10171,#10172,#10173),
 .UNSPECIFIED.,.F.,.F.,(4,4),(-0.678570431216523,0.),.UNSPECIFIED.);
#294=B_SPLINE_CURVE_WITH_KNOTS('',3,(#10177,#10178,#10179,#10180),
 .UNSPECIFIED.,.F.,.F.,(4,4),(-2.73380872207946,-0.0837344484440554),
 .UNSPECIFIED.);
#295=B_SPLINE_CURVE_WITH_KNOTS('',3,(#10182,#10183,#10184,#10185),
 .UNSPECIFIED.,.F.,.F.,(4,4),(-8.07413019051991,-0.0501647237185796),
 .UNSPECIFIED.);
#296=B_SPLINE_CURVE_WITH_KNOTS('',3,(#10187,#10188,#10189,#10190),
 .UNSPECIFIED.,.F.,.F.,(4,4),(-3.41065589831288,0.),.UNSPECIFIED.);
#297=B_SPLINE_CURVE_WITH_KNOTS('',3,(#10194,#10195,#10196,#10197),
 .UNSPECIFIED.,.F.,.F.,(4,4),(-5.73550981512385,-0.0889413681425134),
 .UNSPECIFIED.);
#298=B_SPLINE_CURVE_WITH_KNOTS('',3,(#10199,#10200,#10201,#10202),
 .UNSPECIFIED.,.F.,.F.,(4,4),(-8.085753445904,-0.0502429506802364),
 .UNSPECIFIED.);
#299=B_SPLINE_CURVE_WITH_KNOTS('',3,(#10204,#10205,#10206,#10207),
 .UNSPECIFIED.,.F.,.F.,(4,4),(-6.51989576390194,0.),.UNSPECIFIED.);
#300=B_SPLINE_CURVE_WITH_KNOTS('',3,(#10212,#10213,#10214,#10215),
 .UNSPECIFIED.,.F.,.F.,(4,4),(-21.3648708936111,-18.232958540808),
 .UNSPECIFIED.);
#301=B_SPLINE_CURVE_WITH_KNOTS('',3,(#10229,#10230,#10231,#10232),
 .UNSPECIFIED.,.F.,.F.,(4,4),(-8.07097122315391,0.),.UNSPECIFIED.);
#302=B_SPLINE_CURVE_WITH_KNOTS('',3,(#10235,#10236,#10237,#10238),
 .UNSPECIFIED.,.F.,.F.,(4,4),(-1.72912204797819,0.),.UNSPECIFIED.);
#303=B_SPLINE_CURVE_WITH_KNOTS('',3,(#10242,#10243,#10244,#10245,#10246,
#10247),.UNSPECIFIED.,.F.,.F.,(4,2,4),(-19.4676318971838,-10.7675112924655,
-3.98523285973263),.UNSPECIFIED.);
#304=B_SPLINE_CURVE_WITH_KNOTS('',3,(#10251,#10252,#10253,#10254),
 .UNSPECIFIED.,.F.,.F.,(4,4),(-6.39951849252627,-0.0511966332152521),
 .UNSPECIFIED.);
#305=B_SPLINE_CURVE_WITH_KNOTS('',3,(#10256,#10257,#10258,#10259,#10260,
#10261,#10262),.UNSPECIFIED.,.F.,.F.,(4,3,4),(-10.7854025255907,-5.38976835865934,
-2.4328934652647),.UNSPECIFIED.);
#306=B_SPLINE_CURVE_WITH_KNOTS('',3,(#10280,#10281,#10282,#10283),
 .UNSPECIFIED.,.F.,.F.,(4,4),(-2.08793619534831,0.),.UNSPECIFIED.);
#307=B_SPLINE_CURVE_WITH_KNOTS('',3,(#10287,#10288,#10289,#10290),
 .UNSPECIFIED.,.F.,.F.,(4,4),(-6.13401819089685,-0.201179225792952),
 .UNSPECIFIED.);
#308=B_SPLINE_CURVE_WITH_KNOTS('',3,(#10320,#10321,#10322,#10323),
 .UNSPECIFIED.,.F.,.F.,(4,4),(-18.2637352042255,-3.41186656014831),
 .UNSPECIFIED.);
#309=B_SPLINE_CURVE_WITH_KNOTS('',3,(#10324,#10325,#10326,#10327),
 .UNSPECIFIED.,.F.,.F.,(4,4),(-21.59820088201,0.),.UNSPECIFIED.);
#310=B_SPLINE_CURVE_WITH_KNOTS('',3,(#10348,#10349,#10350,#10351),
 .UNSPECIFIED.,.F.,.F.,(4,4),(-13.4066338257038,-11.6773131023665),
 .UNSPECIFIED.);
#311=B_SPLINE_CURVE_WITH_KNOTS('',3,(#10369,#10370,#10371,#10372),
 .UNSPECIFIED.,.F.,.F.,(4,4),(-5.70339419176895,-0.0594825655946929),
 .UNSPECIFIED.);
#312=B_SPLINE_CURVE_WITH_KNOTS('',3,(#10374,#10375,#10376,#10377),
 .UNSPECIFIED.,.F.,.F.,(4,4),(-3.4703583156294,0.),.UNSPECIFIED.);
#313=B_SPLINE_CURVE_WITH_KNOTS('',3,(#10381,#10382,#10383,#10384,#10385,
#10386,#10387,#10388,#10389,#10390,#10391,#10392,#10393,#10394),
 .UNSPECIFIED.,.F.,.F.,(4,2,2,2,2,2,4),(-64.3200860985157,-57.0249718708688,
-50.1230935750971,-39.8202368300319,-29.2004808705172,-15.5550705249031,
0.),.UNSPECIFIED.);
#314=B_SPLINE_CURVE_WITH_KNOTS('',3,(#10396,#10397,#10398,#10399),
 .UNSPECIFIED.,.F.,.F.,(4,4),(-58.4244195517632,0.),.UNSPECIFIED.);
#315=B_SPLINE_CURVE_WITH_KNOTS('',3,(#10406,#10407,#10408,#10409),
 .UNSPECIFIED.,.F.,.F.,(4,4),(-61.7896514452633,-2.60029088450417),
 .UNSPECIFIED.);
#316=B_SPLINE_CURVE_WITH_KNOTS('',3,(#10411,#10412,#10413,#10414),
 .UNSPECIFIED.,.F.,.F.,(4,4),(-12.6255663524898,0.),.UNSPECIFIED.);
#317=B_SPLINE_CURVE_WITH_KNOTS('',3,(#10418,#10419,#10420,#10421,#10422,
#10423,#10424,#10425,#10426,#10427,#10428,#10429,#10430,#10431,#10432,#10433,
#10434,#10435,#10436,#10437,#10438,#10439,#10440,#10441,#10442,#10443,#10444,
#10445,#10446,#10447,#10448),.UNSPECIFIED.,.F.,.F.,(4,3,3,3,3,3,3,3,3,3,
4),(-11.3138016596499,-9.9504733986926,-8.61326801100225,-7.29016193670106,
-5.98639549018166,-5.48623294076213,-4.19120504340977,-2.9132476067509,
-1.64475807108287,-0.389270188168315,0.),.UNSPECIFIED.);
#318=B_SPLINE_CURVE_WITH_KNOTS('',3,(#10451,#10452,#10453,#10454),
 .UNSPECIFIED.,.F.,.F.,(4,4),(-34.1151822168594,-26.2884826025392),
 .UNSPECIFIED.);
#319=B_SPLINE_CURVE_WITH_KNOTS('',3,(#10457,#10458,#10459,#10460,#10461,
#10462,#10463,#10464,#10465,#10466,#10467,#10468),.UNSPECIFIED.,.F.,.F.,
(4,2,2,2,2,4),(-65.4158555092576,-50.9112492563623,-35.1080731714569,-23.8309799544692,
-13.2364778836,0.),.UNSPECIFIED.);
#320=B_SPLINE_CURVE_WITH_KNOTS('',3,(#10469,#10470,#10471,#10472,#10473,
#10474),.UNSPECIFIED.,.F.,.F.,(4,2,4),(-21.9344112497568,-13.1731410134457,
0.),.UNSPECIFIED.);
#321=B_SPLINE_CURVE_WITH_KNOTS('',3,(#10497,#10498,#10499,#10500),
 .UNSPECIFIED.,.F.,.F.,(4,4),(-3.52331901341452,-0.0513645015502626),
 .UNSPECIFIED.);
#322=B_SPLINE_CURVE_WITH_KNOTS('',3,(#10501,#10502,#10503,#10504),
 .UNSPECIFIED.,.F.,.F.,(4,4),(-5.6397291655827,0.),.UNSPECIFIED.);
#323=B_SPLINE_CURVE_WITH_KNOTS('',3,(#10507,#10508,#10509,#10510),
 .UNSPECIFIED.,.F.,.F.,(4,4),(-29.982120235905,-17.4362684335664),
 .UNSPECIFIED.);
#324=B_SPLINE_CURVE_WITH_KNOTS('',3,(#10514,#10515,#10516,#10517,#10518,
#10519),.UNSPECIFIED.,.F.,.F.,(4,2,4),(-11.3169453057823,-6.03479201488841,
0.),.UNSPECIFIED.);
#325=B_SPLINE_CURVE_WITH_KNOTS('',3,(#10522,#10523,#10524,#10525),
 .UNSPECIFIED.,.F.,.F.,(4,4),(-7.82669961432048,0.),.UNSPECIFIED.);
#326=B_SPLINE_CURVE_WITH_KNOTS('',3,(#10527,#10528,#10529,#10530,#10531,
#10532),.UNSPECIFIED.,.F.,.F.,(4,2,4),(-21.7991203445747,-9.67692995348406,
0.),.UNSPECIFIED.);
#327=B_SPLINE_CURVE_WITH_KNOTS('',3,(#10550,#10551,#10552,#10553),
 .UNSPECIFIED.,.F.,.F.,(4,4),(-8.80387779767056,-0.0500220329413157),
 .UNSPECIFIED.);
#328=B_SPLINE_CURVE_WITH_KNOTS('',3,(#10555,#10556,#10557,#10558),
 .UNSPECIFIED.,.F.,.F.,(4,4),(-5.23319237700897,-0.0716674277001698),
 .UNSPECIFIED.);
#329=B_SPLINE_CURVE_WITH_KNOTS('',3,(#10559,#10560,#10561,#10562),
 .UNSPECIFIED.,.F.,.F.,(4,4),(-6.56006840979859,0.),.UNSPECIFIED.);
#330=B_SPLINE_CURVE_WITH_KNOTS('',3,(#10568,#10569,#10570,#10571),
 .UNSPECIFIED.,.F.,.F.,(4,4),(-105.434805961623,-0.050017720424222),
 .UNSPECIFIED.);
#331=B_SPLINE_CURVE_WITH_KNOTS('',3,(#10573,#10574,#10575,#10576),
 .UNSPECIFIED.,.F.,.F.,(4,4),(-19.7521404908507,-0.0704990501744263),
 .UNSPECIFIED.);
#332=B_SPLINE_CURVE_WITH_KNOTS('',3,(#10578,#10579,#10580,#10581),
 .UNSPECIFIED.,.F.,.F.,(4,4),(-107.116945109306,0.),.UNSPECIFIED.);
#333=B_SPLINE_CURVE_WITH_KNOTS('',3,(#10585,#10586,#10587,#10588),
 .UNSPECIFIED.,.F.,.F.,(4,4),(-88.6355478669439,-0.0500977289450617),
 .UNSPECIFIED.);
#334=B_SPLINE_CURVE_WITH_KNOTS('',3,(#10590,#10591,#10592,#10593),
 .UNSPECIFIED.,.F.,.F.,(4,4),(-18.5685796447193,-5.71513469683853),
 .UNSPECIFIED.);
#335=B_SPLINE_CURVE_WITH_KNOTS('',3,(#10594,#10595,#10596,#10597,#10598,
#10599),.UNSPECIFIED.,.F.,.F.,(4,2,4),(-137.785031304856,-113.741083260488,
0.),.UNSPECIFIED.);
#336=B_SPLINE_CURVE_WITH_KNOTS('',3,(#10617,#10618,#10619,#10620),
 .UNSPECIFIED.,.F.,.F.,(4,4),(-5.81014265226136,-1.32834292557373),
 .UNSPECIFIED.);
#337=B_SPLINE_CURVE_WITH_KNOTS('',3,(#10622,#10623,#10624,#10625,#10626,
#10627),.UNSPECIFIED.,.F.,.F.,(4,2,4),(-221.368175899576,-112.853006071297,
-88.9609530917608),.UNSPECIFIED.);
#338=B_SPLINE_CURVE_WITH_KNOTS('',3,(#10629,#10630,#10631,#10632),
 .UNSPECIFIED.,.F.,.F.,(4,4),(-15.6283041238786,-0.0864332431580728),
 .UNSPECIFIED.);
#339=B_SPLINE_CURVE_WITH_KNOTS('',3,(#10634,#10635,#10636,#10637),
 .UNSPECIFIED.,.F.,.F.,(4,4),(-86.1934331272033,0.),.UNSPECIFIED.);
#340=B_SPLINE_CURVE_WITH_KNOTS('',3,(#10701,#10702,#10703,#10704,#10705,
#10706),.UNSPECIFIED.,.F.,.F.,(4,2,4),(-134.680968035894,-117.282213685873,
-2.43206786134924),.UNSPECIFIED.);
#341=B_SPLINE_CURVE_WITH_KNOTS('',3,(#10731,#10732,#10733,#10734,#10735,
#10736),.UNSPECIFIED.,.F.,.F.,(4,2,4),(-227.482166520975,-113.741083260488,
-89.6971352161188),.UNSPECIFIED.);
#342=B_SPLINE_CURVE_WITH_KNOTS('',3,(#10882,#10883,#10884,#10885),
 .UNSPECIFIED.,.F.,.F.,(4,4),(-4.62613593483027,0.),.UNSPECIFIED.);
#343=B_SPLINE_CURVE_WITH_KNOTS('',3,(#10900,#10901,#10902,#10903,#10904,
#10905,#10906),.UNSPECIFIED.,.F.,.F.,(4,3,4),(-22.9656488683886,-14.2143842684704,
-7.10299165404308),.UNSPECIFIED.);
#344=B_SPLINE_CURVE_WITH_KNOTS('',3,(#10911,#10912,#10913,#10914),
 .UNSPECIFIED.,.F.,.F.,(4,4),(-12.9252714873687,-0.0714362652927992),
 .UNSPECIFIED.);
#345=B_SPLINE_CURVE_WITH_KNOTS('',3,(#10935,#10936,#10937,#10938),
 .UNSPECIFIED.,.F.,.F.,(4,4),(-115.073847365573,-0.0500743698063104),
 .UNSPECIFIED.);
#346=B_SPLINE_CURVE_WITH_KNOTS('',3,(#10942,#10943,#10944,#10945),
 .UNSPECIFIED.,.F.,.F.,(4,4),(-7.15588543517366,-0.0516670428532411),
 .UNSPECIFIED.);
#347=B_SPLINE_CURVE_WITH_KNOTS('',3,(#10952,#10953,#10954,#10955),
 .UNSPECIFIED.,.F.,.F.,(4,4),(-2.50812360900426,-0.0697240526639265),
 .UNSPECIFIED.);
#348=B_SPLINE_CURVE_WITH_KNOTS('',3,(#10961,#10962,#10963,#10964),
 .UNSPECIFIED.,.F.,.F.,(4,4),(-2.6509088019032,-0.0719224252984856),
 .UNSPECIFIED.);
#349=B_SPLINE_CURVE_WITH_KNOTS('',3,(#10968,#10969,#10970,#10971),
 .UNSPECIFIED.,.F.,.F.,(4,4),(-12.1191504750532,-0.346760977766806),
 .UNSPECIFIED.);
#350=B_SPLINE_CURVE_WITH_KNOTS('',3,(#10974,#10975,#10976,#10977),
 .UNSPECIFIED.,.F.,.F.,(4,4),(-7.12120708265892,0.),.UNSPECIFIED.);
#351=B_SPLINE_CURVE_WITH_KNOTS('',3,(#10979,#10980,#10981,#10982),
 .UNSPECIFIED.,.F.,.F.,(4,4),(-11.8304675975424,-0.0505749278980234),
 .UNSPECIFIED.);
#352=B_SPLINE_CURVE_WITH_KNOTS('',3,(#11010,#11011,#11012,#11013),
 .UNSPECIFIED.,.F.,.F.,(4,4),(-5.15975809778859,-0.0634622083121278),
 .UNSPECIFIED.);
#353=B_SPLINE_CURVE_WITH_KNOTS('',3,(#11021,#11022,#11023,#11024),
 .UNSPECIFIED.,.F.,.F.,(4,4),(-1.15229457102081,-0.0510143180983376),
 .UNSPECIFIED.);
#354=B_SPLINE_CURVE_WITH_KNOTS('',3,(#11029,#11030,#11031,#11032),
 .UNSPECIFIED.,.F.,.F.,(4,4),(-11.942444129217,-0.412422293193723),
 .UNSPECIFIED.);
#355=B_SPLINE_CURVE_WITH_KNOTS('',3,(#11033,#11034,#11035,#11036),
 .UNSPECIFIED.,.F.,.F.,(4,4),(-9.87344776965038,0.),.UNSPECIFIED.);
#356=B_SPLINE_CURVE_WITH_KNOTS('',3,(#11041,#11042,#11043,#11044),
 .UNSPECIFIED.,.F.,.F.,(4,4),(-7.17303563036436,-0.0518264285576182),
 .UNSPECIFIED.);
#357=B_SPLINE_CURVE_WITH_KNOTS('',3,(#11050,#11051,#11052,#11053),
 .UNSPECIFIED.,.F.,.F.,(4,4),(-7.10421839232042,0.),.UNSPECIFIED.);
#358=B_SPLINE_CURVE_WITH_KNOTS('',3,(#11056,#11057,#11058,#11059),
 .UNSPECIFIED.,.F.,.F.,(4,4),(-2.64833971238563,-0.0693533328736655),
 .UNSPECIFIED.);
#359=B_SPLINE_CURVE_WITH_KNOTS('',3,(#11062,#11063,#11064,#11065),
 .UNSPECIFIED.,.F.,.F.,(4,4),(-9.4436431724389,0.),.UNSPECIFIED.);
#360=B_SPLINE_CURVE_WITH_KNOTS('',3,(#11066,#11067,#11068,#11069),
 .UNSPECIFIED.,.F.,.F.,(4,4),(-11.2262161043244,-0.203677346609814),
 .UNSPECIFIED.);
#361=B_SPLINE_CURVE_WITH_KNOTS('',3,(#11113,#11114,#11115,#11116),
 .UNSPECIFIED.,.F.,.F.,(4,4),(-28.8104582961977,0.),.UNSPECIFIED.);
#362=B_SPLINE_CURVE_WITH_KNOTS('',3,(#11122,#11123,#11124,#11125),
 .UNSPECIFIED.,.F.,.F.,(4,4),(-40.2765252067336,-38.5271706429786),
 .UNSPECIFIED.);
#363=B_SPLINE_CURVE_WITH_KNOTS('',3,(#11126,#11127,#11128,#11129,#11130,
#11131),.UNSPECIFIED.,.F.,.F.,(4,2,4),(-216.622116264828,-108.311058132414,
0.),.UNSPECIFIED.);
#364=B_SPLINE_CURVE_WITH_KNOTS('',3,(#11145,#11146,#11147,#11148,#11149,
#11150),.UNSPECIFIED.,.F.,.F.,(4,2,4),(-211.627624412839,-111.302106669578,
0.),.UNSPECIFIED.);
#365=B_SPLINE_CURVE_WITH_KNOTS('',3,(#11153,#11154,#11155,#11156),
 .UNSPECIFIED.,.F.,.F.,(4,4),(-1.38965664473815,0.),.UNSPECIFIED.);
#366=B_SPLINE_CURVE_WITH_KNOTS('',3,(#11157,#11158,#11159,#11160),
 .UNSPECIFIED.,.F.,.F.,(4,4),(-24.9907086745393,-0.0941338755541378),
 .UNSPECIFIED.);
#367=B_SPLINE_CURVE_WITH_KNOTS('',3,(#11197,#11198,#11199,#11200),
 .UNSPECIFIED.,.F.,.F.,(4,4),(-33.0019454801197,-0.0500134294801953),
 .UNSPECIFIED.);
#368=B_SPLINE_CURVE_WITH_KNOTS('',3,(#11202,#11203,#11204,#11205),
 .UNSPECIFIED.,.F.,.F.,(4,4),(-19.6530614621901,-0.0697569460871001),
 .UNSPECIFIED.);
#369=B_SPLINE_CURVE_WITH_KNOTS('',3,(#11206,#11207,#11208,#11209),
 .UNSPECIFIED.,.F.,.F.,(4,4),(-34.6529000104346,0.),.UNSPECIFIED.);
#370=B_SPLINE_CURVE_WITH_KNOTS('',3,(#11213,#11214,#11215,#11216,#11217,
#11218),.UNSPECIFIED.,.F.,.F.,(4,2,4),(-186.65743127906,-113.250519650572,
0.),.UNSPECIFIED.);
#371=B_SPLINE_CURVE_WITH_KNOTS('',3,(#11222,#11223,#11224,#11225),
 .UNSPECIFIED.,.F.,.F.,(4,4),(-26.9907601882406,-0.103570119491462),
 .UNSPECIFIED.);
#372=B_SPLINE_CURVE_WITH_KNOTS('',3,(#11227,#11228,#11229,#11230),
 .UNSPECIFIED.,.F.,.F.,(4,4),(-24.8956632876805,0.),.UNSPECIFIED.);
#373=B_SPLINE_CURVE_WITH_KNOTS('',3,(#11234,#11235,#11236,#11237),
 .UNSPECIFIED.,.F.,.F.,(4,4),(-88.5854501379989,0.),.UNSPECIFIED.);
#374=B_SPLINE_CURVE_WITH_KNOTS('',3,(#11238,#11239,#11240,#11241,#11242,
#11243),.UNSPECIFIED.,.F.,.F.,(4,2,4),(-222.604213339156,-111.302106669578,
-10.9765889263168),.UNSPECIFIED.);
#375=B_SPLINE_CURVE_WITH_KNOTS('',3,(#11263,#11264,#11265,#11266),
 .UNSPECIFIED.,.F.,.F.,(4,4),(-107.166973145323,-0.0500280360169825),
 .UNSPECIFIED.);
#376=B_SPLINE_CURVE_WITH_KNOTS('',3,(#11268,#11269,#11270,#11271),
 .UNSPECIFIED.,.F.,.F.,(4,4),(-19.7548177925928,-0.0702936630022973),
 .UNSPECIFIED.);
#377=B_SPLINE_CURVE_WITH_KNOTS('',3,(#11273,#11274,#11275,#11276),
 .UNSPECIFIED.,.F.,.F.,(4,4),(-105.384788241198,0.),.UNSPECIFIED.);
#378=B_SPLINE_CURVE_WITH_KNOTS('',3,(#11281,#11282,#11283,#11284),
 .UNSPECIFIED.,.F.,.F.,(4,4),(-6.6100887187188,-0.0500204049524688),
 .UNSPECIFIED.);
#379=B_SPLINE_CURVE_WITH_KNOTS('',3,(#11286,#11287,#11288,#11289),
 .UNSPECIFIED.,.F.,.F.,(4,4),(-5.23137673250208,-0.0698679085402068),
 .UNSPECIFIED.);
#380=B_SPLINE_CURVE_WITH_KNOTS('',3,(#11290,#11291,#11292,#11293),
 .UNSPECIFIED.,.F.,.F.,(4,4),(-8.75385576472924,0.),.UNSPECIFIED.);
#381=B_SPLINE_CURVE_WITH_KNOTS('',3,(#11536,#11537,#11538,#11539),
 .UNSPECIFIED.,.F.,.F.,(4,4),(-19.6506339225915,-0.0703257368944392),
 .UNSPECIFIED.);
#382=B_SPLINE_CURVE_WITH_KNOTS('',3,(#11546,#11547,#11548,#11549),
 .UNSPECIFIED.,.F.,.F.,(4,4),(-32.9519320506395,0.),.UNSPECIFIED.);
#383=B_SPLINE_CURVE_WITH_KNOTS('',3,(#11560,#11561,#11562,#11563),
 .UNSPECIFIED.,.F.,.F.,(4,4),(-34.7029005186524,-0.0500005082179271),
 .UNSPECIFIED.);
#384=B_SPLINE_CURVE_WITH_KNOTS('',3,(#11602,#11603,#11604,#11605),
 .UNSPECIFIED.,.F.,.F.,(4,4),(-9.98184429343923,-0.050378145122469),
 .UNSPECIFIED.);
#385=B_SPLINE_CURVE_WITH_KNOTS('',3,(#11613,#11614,#11615,#11616),
 .UNSPECIFIED.,.F.,.F.,(4,4),(-10.3403155279662,-0.408849379648654),
 .UNSPECIFIED.);
#386=B_SPLINE_CURVE_WITH_KNOTS('',3,(#11620,#11621,#11622,#11623),
 .UNSPECIFIED.,.F.,.F.,(4,4),(-10.3451267802281,-0.052364601166965),
 .UNSPECIFIED.);
#387=B_SPLINE_CURVE_WITH_KNOTS('',3,(#11631,#11632,#11633,#11634),
 .UNSPECIFIED.,.F.,.F.,(4,4),(-3.32448908707203,-0.130133088467668),
 .UNSPECIFIED.);
#388=B_SPLINE_CURVE_WITH_KNOTS('',3,(#11635,#11636,#11637,#11638),
 .UNSPECIFIED.,.F.,.F.,(4,4),(-3.24832257212306,-0.0539646939355186),
 .UNSPECIFIED.);
#389=B_SPLINE_CURVE_WITH_KNOTS('',3,(#11647,#11648,#11649,#11650),
 .UNSPECIFIED.,.F.,.F.,(4,4),(-10.4730859988497,-0.180436325608667),
 .UNSPECIFIED.);
#390=CYLINDRICAL_SURFACE('',#7343,80.);
#391=CYLINDRICAL_SURFACE('',#7348,80.);
#392=CYLINDRICAL_SURFACE('',#7387,360.);
#393=CYLINDRICAL_SURFACE('',#7393,360.);
#394=CYLINDRICAL_SURFACE('',#7410,360.);
#395=CYLINDRICAL_SURFACE('',#7413,360.);
#396=CYLINDRICAL_SURFACE('',#7415,360.);
#397=CYLINDRICAL_SURFACE('',#7424,360.);
#398=CYLINDRICAL_SURFACE('',#7427,440.);
#399=CYLINDRICAL_SURFACE('',#7430,440.);
#400=CYLINDRICAL_SURFACE('',#7433,440.);
#401=CYLINDRICAL_SURFACE('',#7436,440.);
#402=CYLINDRICAL_SURFACE('',#7643,160.);
#403=CYLINDRICAL_SURFACE('',#7648,160.);
#404=CYLINDRICAL_SURFACE('',#7713,100.);
#405=CYLINDRICAL_SURFACE('',#7718,100.);
#406=CYLINDRICAL_SURFACE('',#7723,100.);
#407=CYLINDRICAL_SURFACE('',#7728,100.);
#408=ORIENTED_CLOSED_SHELL('',*,#7292,.F.);
#409=ORIENTED_CLOSED_SHELL('',*,#7294,.F.);
#410=FACE_BOUND('',#829,.T.);
#411=FACE_BOUND('',#930,.T.);
#412=FACE_BOUND('',#935,.T.);
#413=FACE_BOUND('',#936,.T.);
#414=FACE_BOUND('',#940,.T.);
#415=FACE_BOUND('',#945,.T.);
#416=FACE_BOUND('',#956,.T.);
#417=FACE_BOUND('',#966,.T.);
#418=FACE_BOUND('',#967,.T.);
#419=FACE_BOUND('',#1080,.T.);
#420=FACE_BOUND('',#1081,.T.);
#421=FACE_BOUND('',#1084,.T.);
#422=FACE_BOUND('',#1087,.T.);
#423=FACE_BOUND('',#1093,.T.);
#424=FACE_BOUND('',#1099,.T.);
#425=FACE_OUTER_BOUND('',#825,.T.);
#426=FACE_OUTER_BOUND('',#826,.T.);
#427=FACE_OUTER_BOUND('',#827,.T.);
#428=FACE_OUTER_BOUND('',#828,.T.);
#429=FACE_OUTER_BOUND('',#830,.T.);
#430=FACE_OUTER_BOUND('',#831,.T.);
#431=FACE_OUTER_BOUND('',#832,.T.);
#432=FACE_OUTER_BOUND('',#833,.T.);
#433=FACE_OUTER_BOUND('',#834,.T.);
#434=FACE_OUTER_BOUND('',#835,.T.);
#435=FACE_OUTER_BOUND('',#836,.T.);
#436=FACE_OUTER_BOUND('',#837,.T.);
#437=FACE_OUTER_BOUND('',#838,.T.);
#438=FACE_OUTER_BOUND('',#839,.T.);
#439=FACE_OUTER_BOUND('',#840,.T.);
#440=FACE_OUTER_BOUND('',#841,.T.);
#441=FACE_OUTER_BOUND('',#842,.T.);
#442=FACE_OUTER_BOUND('',#843,.T.);
#443=FACE_OUTER_BOUND('',#844,.T.);
#444=FACE_OUTER_BOUND('',#845,.T.);
#445=FACE_OUTER_BOUND('',#846,.T.);
#446=FACE_OUTER_BOUND('',#847,.T.);
#447=FACE_OUTER_BOUND('',#848,.T.);
#448=FACE_OUTER_BOUND('',#849,.T.);
#449=FACE_OUTER_BOUND('',#850,.T.);
#450=FACE_OUTER_BOUND('',#851,.T.);
#451=FACE_OUTER_BOUND('',#852,.T.);
#452=FACE_OUTER_BOUND('',#853,.T.);
#453=FACE_OUTER_BOUND('',#854,.T.);
#454=FACE_OUTER_BOUND('',#855,.T.);
#455=FACE_OUTER_BOUND('',#856,.T.);
#456=FACE_OUTER_BOUND('',#857,.T.);
#457=FACE_OUTER_BOUND('',#858,.T.);
#458=FACE_OUTER_BOUND('',#859,.T.);
#459=FACE_OUTER_BOUND('',#860,.T.);
#460=FACE_OUTER_BOUND('',#861,.T.);
#461=FACE_OUTER_BOUND('',#862,.T.);
#462=FACE_OUTER_BOUND('',#863,.T.);
#463=FACE_OUTER_BOUND('',#864,.T.);
#464=FACE_OUTER_BOUND('',#865,.T.);
#465=FACE_OUTER_BOUND('',#866,.T.);
#466=FACE_OUTER_BOUND('',#867,.T.);
#467=FACE_OUTER_BOUND('',#868,.T.);
#468=FACE_OUTER_BOUND('',#869,.T.);
#469=FACE_OUTER_BOUND('',#870,.T.);
#470=FACE_OUTER_BOUND('',#871,.T.);
#471=FACE_OUTER_BOUND('',#872,.T.);
#472=FACE_OUTER_BOUND('',#873,.T.);
#473=FACE_OUTER_BOUND('',#874,.T.);
#474=FACE_OUTER_BOUND('',#875,.T.);
#475=FACE_OUTER_BOUND('',#876,.T.);
#476=FACE_OUTER_BOUND('',#877,.T.);
#477=FACE_OUTER_BOUND('',#878,.T.);
#478=FACE_OUTER_BOUND('',#879,.T.);
#479=FACE_OUTER_BOUND('',#880,.T.);
#480=FACE_OUTER_BOUND('',#881,.T.);
#481=FACE_OUTER_BOUND('',#882,.T.);
#482=FACE_OUTER_BOUND('',#883,.T.);
#483=FACE_OUTER_BOUND('',#884,.T.);
#484=FACE_OUTER_BOUND('',#885,.T.);
#485=FACE_OUTER_BOUND('',#886,.T.);
#486=FACE_OUTER_BOUND('',#887,.T.);
#487=FACE_OUTER_BOUND('',#888,.T.);
#488=FACE_OUTER_BOUND('',#889,.T.);
#489=FACE_OUTER_BOUND('',#890,.T.);
#490=FACE_OUTER_BOUND('',#891,.T.);
#491=FACE_OUTER_BOUND('',#892,.T.);
#492=FACE_OUTER_BOUND('',#893,.T.);
#493=FACE_OUTER_BOUND('',#894,.T.);
#494=FACE_OUTER_BOUND('',#895,.T.);
#495=FACE_OUTER_BOUND('',#896,.T.);
#496=FACE_OUTER_BOUND('',#897,.T.);
#497=FACE_OUTER_BOUND('',#898,.T.);
#498=FACE_OUTER_BOUND('',#899,.T.);
#499=FACE_OUTER_BOUND('',#900,.T.);
#500=FACE_OUTER_BOUND('',#901,.T.);
#501=FACE_OUTER_BOUND('',#902,.T.);
#502=FACE_OUTER_BOUND('',#903,.T.);
#503=FACE_OUTER_BOUND('',#904,.T.);
#504=FACE_OUTER_BOUND('',#905,.T.);
#505=FACE_OUTER_BOUND('',#906,.T.);
#506=FACE_OUTER_BOUND('',#907,.T.);
#507=FACE_OUTER_BOUND('',#908,.T.);
#508=FACE_OUTER_BOUND('',#909,.T.);
#509=FACE_OUTER_BOUND('',#910,.T.);
#510=FACE_OUTER_BOUND('',#911,.T.);
#511=FACE_OUTER_BOUND('',#912,.T.);
#512=FACE_OUTER_BOUND('',#913,.T.);
#513=FACE_OUTER_BOUND('',#914,.T.);
#514=FACE_OUTER_BOUND('',#915,.T.);
#515=FACE_OUTER_BOUND('',#916,.T.);
#516=FACE_OUTER_BOUND('',#917,.T.);
#517=FACE_OUTER_BOUND('',#918,.T.);
#518=FACE_OUTER_BOUND('',#919,.T.);
#519=FACE_OUTER_BOUND('',#920,.T.);
#520=FACE_OUTER_BOUND('',#921,.T.);
#521=FACE_OUTER_BOUND('',#922,.T.);
#522=FACE_OUTER_BOUND('',#923,.T.);
#523=FACE_OUTER_BOUND('',#924,.T.);
#524=FACE_OUTER_BOUND('',#925,.T.);
#525=FACE_OUTER_BOUND('',#926,.T.);
#526=FACE_OUTER_BOUND('',#927,.T.);
#527=FACE_OUTER_BOUND('',#928,.T.);
#528=FACE_OUTER_BOUND('',#929,.T.);
#529=FACE_OUTER_BOUND('',#931,.T.);
#530=FACE_OUTER_BOUND('',#932,.T.);
#531=FACE_OUTER_BOUND('',#933,.T.);
#532=FACE_OUTER_BOUND('',#934,.T.);
#533=FACE_OUTER_BOUND('',#937,.T.);
#534=FACE_OUTER_BOUND('',#938,.T.);
#535=FACE_OUTER_BOUND('',#939,.T.);
#536=FACE_OUTER_BOUND('',#941,.T.);
#537=FACE_OUTER_BOUND('',#942,.T.);
#538=FACE_OUTER_BOUND('',#943,.T.);
#539=FACE_OUTER_BOUND('',#944,.T.);
#540=FACE_OUTER_BOUND('',#946,.T.);
#541=FACE_OUTER_BOUND('',#947,.T.);
#542=FACE_OUTER_BOUND('',#948,.T.);
#543=FACE_OUTER_BOUND('',#949,.T.);
#544=FACE_OUTER_BOUND('',#950,.T.);
#545=FACE_OUTER_BOUND('',#951,.T.);
#546=FACE_OUTER_BOUND('',#952,.T.);
#547=FACE_OUTER_BOUND('',#953,.T.);
#548=FACE_OUTER_BOUND('',#954,.T.);
#549=FACE_OUTER_BOUND('',#955,.T.);
#550=FACE_OUTER_BOUND('',#957,.T.);
#551=FACE_OUTER_BOUND('',#958,.T.);
#552=FACE_OUTER_BOUND('',#959,.T.);
#553=FACE_OUTER_BOUND('',#960,.T.);
#554=FACE_OUTER_BOUND('',#961,.T.);
#555=FACE_OUTER_BOUND('',#962,.T.);
#556=FACE_OUTER_BOUND('',#963,.T.);
#557=FACE_OUTER_BOUND('',#964,.T.);
#558=FACE_OUTER_BOUND('',#965,.T.);
#559=FACE_OUTER_BOUND('',#968,.T.);
#560=FACE_OUTER_BOUND('',#969,.T.);
#561=FACE_OUTER_BOUND('',#970,.T.);
#562=FACE_OUTER_BOUND('',#971,.T.);
#563=FACE_OUTER_BOUND('',#972,.T.);
#564=FACE_OUTER_BOUND('',#973,.T.);
#565=FACE_OUTER_BOUND('',#974,.T.);
#566=FACE_OUTER_BOUND('',#975,.T.);
#567=FACE_OUTER_BOUND('',#976,.T.);
#568=FACE_OUTER_BOUND('',#977,.T.);
#569=FACE_OUTER_BOUND('',#978,.T.);
#570=FACE_OUTER_BOUND('',#979,.T.);
#571=FACE_OUTER_BOUND('',#980,.T.);
#572=FACE_OUTER_BOUND('',#981,.T.);
#573=FACE_OUTER_BOUND('',#982,.T.);
#574=FACE_OUTER_BOUND('',#983,.T.);
#575=FACE_OUTER_BOUND('',#984,.T.);
#576=FACE_OUTER_BOUND('',#985,.T.);
#577=FACE_OUTER_BOUND('',#986,.T.);
#578=FACE_OUTER_BOUND('',#987,.T.);
#579=FACE_OUTER_BOUND('',#988,.T.);
#580=FACE_OUTER_BOUND('',#989,.T.);
#581=FACE_OUTER_BOUND('',#990,.T.);
#582=FACE_OUTER_BOUND('',#991,.T.);
#583=FACE_OUTER_BOUND('',#992,.T.);
#584=FACE_OUTER_BOUND('',#993,.T.);
#585=FACE_OUTER_BOUND('',#994,.T.);
#586=FACE_OUTER_BOUND('',#995,.T.);
#587=FACE_OUTER_BOUND('',#996,.T.);
#588=FACE_OUTER_BOUND('',#997,.T.);
#589=FACE_OUTER_BOUND('',#998,.T.);
#590=FACE_OUTER_BOUND('',#999,.T.);
#591=FACE_OUTER_BOUND('',#1000,.T.);
#592=FACE_OUTER_BOUND('',#1001,.T.);
#593=FACE_OUTER_BOUND('',#1002,.T.);
#594=FACE_OUTER_BOUND('',#1003,.T.);
#595=FACE_OUTER_BOUND('',#1004,.T.);
#596=FACE_OUTER_BOUND('',#1005,.T.);
#597=FACE_OUTER_BOUND('',#1006,.T.);
#598=FACE_OUTER_BOUND('',#1007,.T.);
#599=FACE_OUTER_BOUND('',#1008,.T.);
#600=FACE_OUTER_BOUND('',#1009,.T.);
#601=FACE_OUTER_BOUND('',#1010,.T.);
#602=FACE_OUTER_BOUND('',#1011,.T.);
#603=FACE_OUTER_BOUND('',#1012,.T.);
#604=FACE_OUTER_BOUND('',#1013,.T.);
#605=FACE_OUTER_BOUND('',#1014,.T.);
#606=FACE_OUTER_BOUND('',#1015,.T.);
#607=FACE_OUTER_BOUND('',#1016,.T.);
#608=FACE_OUTER_BOUND('',#1017,.T.);
#609=FACE_OUTER_BOUND('',#1018,.T.);
#610=FACE_OUTER_BOUND('',#1019,.T.);
#611=FACE_OUTER_BOUND('',#1020,.T.);
#612=FACE_OUTER_BOUND('',#1021,.T.);
#613=FACE_OUTER_BOUND('',#1022,.T.);
#614=FACE_OUTER_BOUND('',#1023,.T.);
#615=FACE_OUTER_BOUND('',#1024,.T.);
#616=FACE_OUTER_BOUND('',#1025,.T.);
#617=FACE_OUTER_BOUND('',#1026,.T.);
#618=FACE_OUTER_BOUND('',#1027,.T.);
#619=FACE_OUTER_BOUND('',#1028,.T.);
#620=FACE_OUTER_BOUND('',#1029,.T.);
#621=FACE_OUTER_BOUND('',#1030,.T.);
#622=FACE_OUTER_BOUND('',#1031,.T.);
#623=FACE_OUTER_BOUND('',#1032,.T.);
#624=FACE_OUTER_BOUND('',#1033,.T.);
#625=FACE_OUTER_BOUND('',#1034,.T.);
#626=FACE_OUTER_BOUND('',#1035,.T.);
#627=FACE_OUTER_BOUND('',#1036,.T.);
#628=FACE_OUTER_BOUND('',#1037,.T.);
#629=FACE_OUTER_BOUND('',#1038,.T.);
#630=FACE_OUTER_BOUND('',#1039,.T.);
#631=FACE_OUTER_BOUND('',#1040,.T.);
#632=FACE_OUTER_BOUND('',#1041,.T.);
#633=FACE_OUTER_BOUND('',#1042,.T.);
#634=FACE_OUTER_BOUND('',#1043,.T.);
#635=FACE_OUTER_BOUND('',#1044,.T.);
#636=FACE_OUTER_BOUND('',#1045,.T.);
#637=FACE_OUTER_BOUND('',#1046,.T.);
#638=FACE_OUTER_BOUND('',#1047,.T.);
#639=FACE_OUTER_BOUND('',#1048,.T.);
#640=FACE_OUTER_BOUND('',#1049,.T.);
#641=FACE_OUTER_BOUND('',#1050,.T.);
#642=FACE_OUTER_BOUND('',#1051,.T.);
#643=FACE_OUTER_BOUND('',#1052,.T.);
#644=FACE_OUTER_BOUND('',#1053,.T.);
#645=FACE_OUTER_BOUND('',#1054,.T.);
#646=FACE_OUTER_BOUND('',#1055,.T.);
#647=FACE_OUTER_BOUND('',#1056,.T.);
#648=FACE_OUTER_BOUND('',#1057,.T.);
#649=FACE_OUTER_BOUND('',#1058,.T.);
#650=FACE_OUTER_BOUND('',#1059,.T.);
#651=FACE_OUTER_BOUND('',#1060,.T.);
#652=FACE_OUTER_BOUND('',#1061,.T.);
#653=FACE_OUTER_BOUND('',#1062,.T.);
#654=FACE_OUTER_BOUND('',#1063,.T.);
#655=FACE_OUTER_BOUND('',#1064,.T.);
#656=FACE_OUTER_BOUND('',#1065,.T.);
#657=FACE_OUTER_BOUND('',#1066,.T.);
#658=FACE_OUTER_BOUND('',#1067,.T.);
#659=FACE_OUTER_BOUND('',#1068,.T.);
#660=FACE_OUTER_BOUND('',#1069,.T.);
#661=FACE_OUTER_BOUND('',#1070,.T.);
#662=FACE_OUTER_BOUND('',#1071,.T.);
#663=FACE_OUTER_BOUND('',#1072,.T.);
#664=FACE_OUTER_BOUND('',#1073,.T.);
#665=FACE_OUTER_BOUND('',#1074,.T.);
#666=FACE_OUTER_BOUND('',#1075,.T.);
#667=FACE_OUTER_BOUND('',#1076,.T.);
#668=FACE_OUTER_BOUND('',#1077,.T.);
#669=FACE_OUTER_BOUND('',#1078,.T.);
#670=FACE_OUTER_BOUND('',#1079,.T.);
#671=FACE_OUTER_BOUND('',#1082,.T.);
#672=FACE_OUTER_BOUND('',#1083,.T.);
#673=FACE_OUTER_BOUND('',#1085,.T.);
#674=FACE_OUTER_BOUND('',#1086,.T.);
#675=FACE_OUTER_BOUND('',#1088,.T.);
#676=FACE_OUTER_BOUND('',#1089,.T.);
#677=FACE_OUTER_BOUND('',#1090,.T.);
#678=FACE_OUTER_BOUND('',#1091,.T.);
#679=FACE_OUTER_BOUND('',#1092,.T.);
#680=FACE_OUTER_BOUND('',#1094,.T.);
#681=FACE_OUTER_BOUND('',#1095,.T.);
#682=FACE_OUTER_BOUND('',#1096,.T.);
#683=FACE_OUTER_BOUND('',#1097,.T.);
#684=FACE_OUTER_BOUND('',#1098,.T.);
#685=FACE_OUTER_BOUND('',#1100,.T.);
#686=FACE_OUTER_BOUND('',#1101,.T.);
#687=FACE_OUTER_BOUND('',#1102,.T.);
#688=FACE_OUTER_BOUND('',#1103,.T.);
#689=FACE_OUTER_BOUND('',#1104,.T.);
#690=FACE_OUTER_BOUND('',#1105,.T.);
#691=FACE_OUTER_BOUND('',#1106,.T.);
#692=FACE_OUTER_BOUND('',#1107,.T.);
#693=FACE_OUTER_BOUND('',#1108,.T.);
#694=FACE_OUTER_BOUND('',#1109,.T.);
#695=FACE_OUTER_BOUND('',#1110,.T.);
#696=FACE_OUTER_BOUND('',#1111,.T.);
#697=FACE_OUTER_BOUND('',#1112,.T.);
#698=FACE_OUTER_BOUND('',#1113,.T.);
#699=FACE_OUTER_BOUND('',#1114,.T.);
#700=FACE_OUTER_BOUND('',#1115,.T.);
#701=FACE_OUTER_BOUND('',#1116,.T.);
#702=FACE_OUTER_BOUND('',#1117,.T.);
#703=FACE_OUTER_BOUND('',#1118,.T.);
#704=FACE_OUTER_BOUND('',#1119,.T.);
#705=FACE_OUTER_BOUND('',#1120,.T.);
#706=FACE_OUTER_BOUND('',#1121,.T.);
#707=FACE_OUTER_BOUND('',#1122,.T.);
#708=FACE_OUTER_BOUND('',#1123,.T.);
#709=FACE_OUTER_BOUND('',#1124,.T.);
#710=FACE_OUTER_BOUND('',#1125,.T.);
#711=FACE_OUTER_BOUND('',#1126,.T.);
#712=FACE_OUTER_BOUND('',#1127,.T.);
#713=FACE_OUTER_BOUND('',#1128,.T.);
#714=FACE_OUTER_BOUND('',#1129,.T.);
#715=FACE_OUTER_BOUND('',#1130,.T.);
#716=FACE_OUTER_BOUND('',#1131,.T.);
#717=FACE_OUTER_BOUND('',#1132,.T.);
#718=FACE_OUTER_BOUND('',#1133,.T.);
#719=FACE_OUTER_BOUND('',#1134,.T.);
#720=FACE_OUTER_BOUND('',#1135,.T.);
#721=FACE_OUTER_BOUND('',#1136,.T.);
#722=FACE_OUTER_BOUND('',#1137,.T.);
#723=FACE_OUTER_BOUND('',#1138,.T.);
#724=FACE_OUTER_BOUND('',#1139,.T.);
#725=FACE_OUTER_BOUND('',#1140,.T.);
#726=FACE_OUTER_BOUND('',#1141,.T.);
#727=FACE_OUTER_BOUND('',#1142,.T.);
#728=FACE_OUTER_BOUND('',#1143,.T.);
#729=FACE_OUTER_BOUND('',#1144,.T.);
#730=FACE_OUTER_BOUND('',#1145,.T.);
#731=FACE_OUTER_BOUND('',#1146,.T.);
#732=FACE_OUTER_BOUND('',#1147,.T.);
#733=FACE_OUTER_BOUND('',#1148,.T.);
#734=FACE_OUTER_BOUND('',#1149,.T.);
#735=FACE_OUTER_BOUND('',#1150,.T.);
#736=FACE_OUTER_BOUND('',#1151,.T.);
#737=FACE_OUTER_BOUND('',#1152,.T.);
#738=FACE_OUTER_BOUND('',#1153,.T.);
#739=FACE_OUTER_BOUND('',#1154,.T.);
#740=FACE_OUTER_BOUND('',#1155,.T.);
#741=FACE_OUTER_BOUND('',#1156,.T.);
#742=FACE_OUTER_BOUND('',#1157,.T.);
#743=FACE_OUTER_BOUND('',#1158,.T.);
#744=FACE_OUTER_BOUND('',#1159,.T.);
#745=FACE_OUTER_BOUND('',#1160,.T.);
#746=FACE_OUTER_BOUND('',#1161,.T.);
#747=FACE_OUTER_BOUND('',#1162,.T.);
#748=FACE_OUTER_BOUND('',#1163,.T.);
#749=FACE_OUTER_BOUND('',#1164,.T.);
#750=FACE_OUTER_BOUND('',#1165,.T.);
#751=FACE_OUTER_BOUND('',#1166,.T.);
#752=FACE_OUTER_BOUND('',#1167,.T.);
#753=FACE_OUTER_BOUND('',#1168,.T.);
#754=FACE_OUTER_BOUND('',#1169,.T.);
#755=FACE_OUTER_BOUND('',#1170,.T.);
#756=FACE_OUTER_BOUND('',#1171,.T.);
#757=FACE_OUTER_BOUND('',#1172,.T.);
#758=FACE_OUTER_BOUND('',#1173,.T.);
#759=FACE_OUTER_BOUND('',#1174,.T.);
#760=FACE_OUTER_BOUND('',#1175,.T.);
#761=FACE_OUTER_BOUND('',#1176,.T.);
#762=FACE_OUTER_BOUND('',#1177,.T.);
#763=FACE_OUTER_BOUND('',#1178,.T.);
#764=FACE_OUTER_BOUND('',#1179,.T.);
#765=FACE_OUTER_BOUND('',#1180,.T.);
#766=FACE_OUTER_BOUND('',#1181,.T.);
#767=FACE_OUTER_BOUND('',#1182,.T.);
#768=FACE_OUTER_BOUND('',#1183,.T.);
#769=FACE_OUTER_BOUND('',#1184,.T.);
#770=FACE_OUTER_BOUND('',#1185,.T.);
#771=FACE_OUTER_BOUND('',#1186,.T.);
#772=FACE_OUTER_BOUND('',#1187,.T.);
#773=FACE_OUTER_BOUND('',#1188,.T.);
#774=FACE_OUTER_BOUND('',#1189,.T.);
#775=FACE_OUTER_BOUND('',#1190,.T.);
#776=FACE_OUTER_BOUND('',#1191,.T.);
#777=FACE_OUTER_BOUND('',#1192,.T.);
#778=FACE_OUTER_BOUND('',#1193,.T.);
#779=FACE_OUTER_BOUND('',#1194,.T.);
#780=FACE_OUTER_BOUND('',#1195,.T.);
#781=FACE_OUTER_BOUND('',#1196,.T.);
#782=FACE_OUTER_BOUND('',#1197,.T.);
#783=FACE_OUTER_BOUND('',#1198,.T.);
#784=FACE_OUTER_BOUND('',#1199,.T.);
#785=FACE_OUTER_BOUND('',#1200,.T.);
#786=FACE_OUTER_BOUND('',#1201,.T.);
#787=FACE_OUTER_BOUND('',#1202,.T.);
#788=FACE_OUTER_BOUND('',#1203,.T.);
#789=FACE_OUTER_BOUND('',#1204,.T.);
#790=FACE_OUTER_BOUND('',#1205,.T.);
#791=FACE_OUTER_BOUND('',#1206,.T.);
#792=FACE_OUTER_BOUND('',#1207,.T.);
#793=FACE_OUTER_BOUND('',#1208,.T.);
#794=FACE_OUTER_BOUND('',#1209,.T.);
#795=FACE_OUTER_BOUND('',#1210,.T.);
#796=FACE_OUTER_BOUND('',#1211,.T.);
#797=FACE_OUTER_BOUND('',#1212,.T.);
#798=FACE_OUTER_BOUND('',#1213,.T.);
#799=FACE_OUTER_BOUND('',#1214,.T.);
#800=FACE_OUTER_BOUND('',#1215,.T.);
#801=FACE_OUTER_BOUND('',#1216,.T.);
#802=FACE_OUTER_BOUND('',#1217,.T.);
#803=FACE_OUTER_BOUND('',#1218,.T.);
#804=FACE_OUTER_BOUND('',#1219,.T.);
#805=FACE_OUTER_BOUND('',#1220,.T.);
#806=FACE_OUTER_BOUND('',#1221,.T.);
#807=FACE_OUTER_BOUND('',#1222,.T.);
#808=FACE_OUTER_BOUND('',#1223,.T.);
#809=FACE_OUTER_BOUND('',#1224,.T.);
#810=FACE_OUTER_BOUND('',#1225,.T.);
#811=FACE_OUTER_BOUND('',#1226,.T.);
#812=FACE_OUTER_BOUND('',#1227,.T.);
#813=FACE_OUTER_BOUND('',#1228,.T.);
#814=FACE_OUTER_BOUND('',#1229,.T.);
#815=FACE_OUTER_BOUND('',#1230,.T.);
#816=FACE_OUTER_BOUND('',#1231,.T.);
#817=FACE_OUTER_BOUND('',#1232,.T.);
#818=FACE_OUTER_BOUND('',#1233,.T.);
#819=FACE_OUTER_BOUND('',#1234,.T.);
#820=FACE_OUTER_BOUND('',#1235,.T.);
#821=FACE_OUTER_BOUND('',#1236,.T.);
#822=FACE_OUTER_BOUND('',#1237,.T.);
#823=FACE_OUTER_BOUND('',#1238,.T.);
#824=FACE_OUTER_BOUND('',#1239,.T.);
#825=EDGE_LOOP('',(#4535,#4536,#4537,#4538));
#826=EDGE_LOOP('',(#4539,#4540,#4541,#4542));
#827=EDGE_LOOP('',(#4543,#4544,#4545,#4546));
#828=EDGE_LOOP('',(#4547,#4548,#4549,#4550));
#829=EDGE_LOOP('',(#4551,#4552,#4553,#4554));
#830=EDGE_LOOP('',(#4555,#4556,#4557,#4558));
#831=EDGE_LOOP('',(#4559,#4560,#4561,#4562));
#832=EDGE_LOOP('',(#4563,#4564,#4565,#4566));
#833=EDGE_LOOP('',(#4567,#4568,#4569,#4570));
#834=EDGE_LOOP('',(#4571,#4572,#4573,#4574));
#835=EDGE_LOOP('',(#4575,#4576,#4577,#4578));
#836=EDGE_LOOP('',(#4579,#4580,#4581,#4582));
#837=EDGE_LOOP('',(#4583,#4584,#4585,#4586,#4587,#4588));
#838=EDGE_LOOP('',(#4589,#4590));
#839=EDGE_LOOP('',(#4591,#4592));
#840=EDGE_LOOP('',(#4593,#4594,#4595,#4596,#4597,#4598,#4599,#4600));
#841=EDGE_LOOP('',(#4601,#4602,#4603,#4604,#4605,#4606));
#842=EDGE_LOOP('',(#4607,#4608));
#843=EDGE_LOOP('',(#4609,#4610));
#844=EDGE_LOOP('',(#4611,#4612,#4613,#4614,#4615,#4616,#4617,#4618));
#845=EDGE_LOOP('',(#4619,#4620,#4621,#4622,#4623,#4624));
#846=EDGE_LOOP('',(#4625,#4626,#4627,#4628));
#847=EDGE_LOOP('',(#4629,#4630,#4631,#4632));
#848=EDGE_LOOP('',(#4633,#4634,#4635,#4636,#4637,#4638));
#849=EDGE_LOOP('',(#4639,#4640,#4641,#4642));
#850=EDGE_LOOP('',(#4643,#4644,#4645,#4646));
#851=EDGE_LOOP('',(#4647,#4648,#4649,#4650,#4651,#4652,#4653,#4654));
#852=EDGE_LOOP('',(#4655,#4656,#4657,#4658));
#853=EDGE_LOOP('',(#4659,#4660,#4661,#4662));
#854=EDGE_LOOP('',(#4663,#4664,#4665,#4666));
#855=EDGE_LOOP('',(#4667,#4668,#4669,#4670));
#856=EDGE_LOOP('',(#4671,#4672,#4673,#4674));
#857=EDGE_LOOP('',(#4675,#4676,#4677,#4678));
#858=EDGE_LOOP('',(#4679,#4680,#4681,#4682,#4683,#4684));
#859=EDGE_LOOP('',(#4685,#4686,#4687,#4688,#4689,#4690));
#860=EDGE_LOOP('',(#4691,#4692,#4693,#4694));
#861=EDGE_LOOP('',(#4695,#4696,#4697,#4698));
#862=EDGE_LOOP('',(#4699,#4700,#4701,#4702));
#863=EDGE_LOOP('',(#4703,#4704,#4705,#4706,#4707,#4708,#4709,#4710));
#864=EDGE_LOOP('',(#4711,#4712,#4713,#4714));
#865=EDGE_LOOP('',(#4715,#4716,#4717,#4718));
#866=EDGE_LOOP('',(#4719,#4720,#4721,#4722));
#867=EDGE_LOOP('',(#4723,#4724,#4725,#4726));
#868=EDGE_LOOP('',(#4727,#4728,#4729,#4730));
#869=EDGE_LOOP('',(#4731,#4732,#4733,#4734,#4735,#4736,#4737,#4738));
#870=EDGE_LOOP('',(#4739,#4740,#4741,#4742));
#871=EDGE_LOOP('',(#4743,#4744,#4745,#4746,#4747));
#872=EDGE_LOOP('',(#4748,#4749,#4750));
#873=EDGE_LOOP('',(#4751,#4752,#4753,#4754));
#874=EDGE_LOOP('',(#4755,#4756,#4757,#4758,#4759,#4760,#4761,#4762));
#875=EDGE_LOOP('',(#4763,#4764,#4765,#4766));
#876=EDGE_LOOP('',(#4767,#4768,#4769,#4770,#4771,#4772,#4773,#4774,#4775,
#4776,#4777,#4778,#4779,#4780,#4781,#4782,#4783,#4784,#4785,#4786,#4787,
#4788,#4789,#4790,#4791,#4792,#4793,#4794,#4795));
#877=EDGE_LOOP('',(#4796,#4797,#4798,#4799,#4800,#4801,#4802));
#878=EDGE_LOOP('',(#4803,#4804,#4805,#4806,#4807));
#879=EDGE_LOOP('',(#4808,#4809,#4810,#4811));
#880=EDGE_LOOP('',(#4812,#4813,#4814,#4815));
#881=EDGE_LOOP('',(#4816,#4817,#4818,#4819,#4820,#4821));
#882=EDGE_LOOP('',(#4822,#4823,#4824));
#883=EDGE_LOOP('',(#4825,#4826,#4827,#4828,#4829,#4830,#4831,#4832));
#884=EDGE_LOOP('',(#4833,#4834,#4835,#4836));
#885=EDGE_LOOP('',(#4837,#4838,#4839,#4840));
#886=EDGE_LOOP('',(#4841,#4842,#4843,#4844));
#887=EDGE_LOOP('',(#4845,#4846,#4847,#4848,#4849,#4850,#4851));
#888=EDGE_LOOP('',(#4852,#4853,#4854,#4855));
#889=EDGE_LOOP('',(#4856,#4857,#4858,#4859,#4860,#4861,#4862,#4863,#4864,
#4865));
#890=EDGE_LOOP('',(#4866,#4867,#4868,#4869,#4870,#4871,#4872,#4873));
#891=EDGE_LOOP('',(#4874,#4875,#4876));
#892=EDGE_LOOP('',(#4877,#4878,#4879,#4880));
#893=EDGE_LOOP('',(#4881,#4882,#4883,#4884,#4885,#4886,#4887,#4888));
#894=EDGE_LOOP('',(#4889,#4890,#4891,#4892,#4893));
#895=EDGE_LOOP('',(#4894,#4895,#4896,#4897));
#896=EDGE_LOOP('',(#4898,#4899,#4900,#4901));
#897=EDGE_LOOP('',(#4902,#4903,#4904,#4905,#4906,#4907,#4908));
#898=EDGE_LOOP('',(#4909,#4910,#4911,#4912,#4913,#4914,#4915,#4916,#4917,
#4918,#4919,#4920,#4921,#4922,#4923,#4924,#4925,#4926,#4927,#4928,#4929,
#4930,#4931,#4932,#4933,#4934,#4935,#4936,#4937));
#899=EDGE_LOOP('',(#4938,#4939,#4940));
#900=EDGE_LOOP('',(#4941,#4942,#4943,#4944));
#901=EDGE_LOOP('',(#4945,#4946,#4947,#4948));
#902=EDGE_LOOP('',(#4949,#4950,#4951,#4952,#4953));
#903=EDGE_LOOP('',(#4954,#4955,#4956,#4957,#4958,#4959));
#904=EDGE_LOOP('',(#4960,#4961,#4962,#4963,#4964,#4965,#4966,#4967));
#905=EDGE_LOOP('',(#4968,#4969,#4970,#4971));
#906=EDGE_LOOP('',(#4972,#4973,#4974,#4975,#4976,#4977,#4978));
#907=EDGE_LOOP('',(#4979,#4980,#4981,#4982));
#908=EDGE_LOOP('',(#4983,#4984,#4985,#4986));
#909=EDGE_LOOP('',(#4987,#4988,#4989,#4990));
#910=EDGE_LOOP('',(#4991,#4992,#4993,#4994,#4995,#4996,#4997,#4998));
#911=EDGE_LOOP('',(#4999,#5000,#5001,#5002,#5003,#5004));
#912=EDGE_LOOP('',(#5005,#5006,#5007,#5008,#5009,#5010,#5011,#5012,#5013));
#913=EDGE_LOOP('',(#5014,#5015,#5016,#5017,#5018,#5019));
#914=EDGE_LOOP('',(#5020,#5021,#5022,#5023,#5024,#5025,#5026,#5027,#5028,
#5029,#5030,#5031,#5032,#5033,#5034));
#915=EDGE_LOOP('',(#5035,#5036,#5037));
#916=EDGE_LOOP('',(#5038,#5039,#5040));
#917=EDGE_LOOP('',(#5041,#5042,#5043));
#918=EDGE_LOOP('',(#5044,#5045,#5046));
#919=EDGE_LOOP('',(#5047,#5048,#5049,#5050,#5051,#5052,#5053,#5054,#5055,
#5056,#5057,#5058,#5059,#5060,#5061));
#920=EDGE_LOOP('',(#5062,#5063,#5064));
#921=EDGE_LOOP('',(#5065,#5066,#5067));
#922=EDGE_LOOP('',(#5068,#5069,#5070));
#923=EDGE_LOOP('',(#5071,#5072,#5073));
#924=EDGE_LOOP('',(#5074,#5075,#5076,#5077,#5078,#5079,#5080,#5081,#5082,
#5083,#5084,#5085,#5086,#5087,#5088,#5089,#5090));
#925=EDGE_LOOP('',(#5091,#5092,#5093,#5094,#5095,#5096,#5097,#5098,#5099,
#5100));
#926=EDGE_LOOP('',(#5101,#5102,#5103,#5104,#5105,#5106,#5107,#5108));
#927=EDGE_LOOP('',(#5109,#5110,#5111,#5112));
#928=EDGE_LOOP('',(#5113,#5114,#5115,#5116));
#929=EDGE_LOOP('',(#5117,#5118,#5119,#5120));
#930=EDGE_LOOP('',(#5121,#5122,#5123,#5124));
#931=EDGE_LOOP('',(#5125,#5126,#5127,#5128));
#932=EDGE_LOOP('',(#5129,#5130,#5131,#5132,#5133,#5134,#5135,#5136));
#933=EDGE_LOOP('',(#5137,#5138,#5139,#5140));
#934=EDGE_LOOP('',(#5141,#5142,#5143,#5144,#5145,#5146,#5147,#5148,#5149,
#5150,#5151,#5152,#5153,#5154,#5155));
#935=EDGE_LOOP('',(#5156,#5157,#5158,#5159));
#936=EDGE_LOOP('',(#5160,#5161,#5162,#5163));
#937=EDGE_LOOP('',(#5164,#5165,#5166));
#938=EDGE_LOOP('',(#5167,#5168,#5169,#5170));
#939=EDGE_LOOP('',(#5171,#5172,#5173,#5174,#5175,#5176,#5177,#5178,#5179,
#5180,#5181));
#940=EDGE_LOOP('',(#5182,#5183,#5184,#5185));
#941=EDGE_LOOP('',(#5186,#5187,#5188,#5189));
#942=EDGE_LOOP('',(#5190,#5191,#5192,#5193,#5194,#5195,#5196,#5197));
#943=EDGE_LOOP('',(#5198,#5199,#5200,#5201));
#944=EDGE_LOOP('',(#5202,#5203,#5204,#5205));
#945=EDGE_LOOP('',(#5206,#5207,#5208,#5209));
#946=EDGE_LOOP('',(#5210,#5211,#5212,#5213));
#947=EDGE_LOOP('',(#5214,#5215,#5216,#5217));
#948=EDGE_LOOP('',(#5218,#5219,#5220,#5221,#5222,#5223,#5224,#5225));
#949=EDGE_LOOP('',(#5226,#5227,#5228,#5229));
#950=EDGE_LOOP('',(#5230,#5231,#5232));
#951=EDGE_LOOP('',(#5233,#5234,#5235,#5236));
#952=EDGE_LOOP('',(#5237,#5238,#5239,#5240));
#953=EDGE_LOOP('',(#5241,#5242,#5243,#5244));
#954=EDGE_LOOP('',(#5245,#5246,#5247));
#955=EDGE_LOOP('',(#5248,#5249,#5250,#5251,#5252,#5253,#5254,#5255,#5256,
#5257,#5258));
#956=EDGE_LOOP('',(#5259,#5260,#5261,#5262));
#957=EDGE_LOOP('',(#5263,#5264,#5265,#5266));
#958=EDGE_LOOP('',(#5267,#5268,#5269,#5270));
#959=EDGE_LOOP('',(#5271,#5272,#5273,#5274));
#960=EDGE_LOOP('',(#5275,#5276,#5277,#5278));
#961=EDGE_LOOP('',(#5279,#5280,#5281,#5282));
#962=EDGE_LOOP('',(#5283,#5284,#5285,#5286));
#963=EDGE_LOOP('',(#5287,#5288,#5289,#5290));
#964=EDGE_LOOP('',(#5291,#5292,#5293,#5294));
#965=EDGE_LOOP('',(#5295,#5296,#5297,#5298,#5299,#5300,#5301,#5302,#5303,
#5304,#5305,#5306,#5307,#5308,#5309));
#966=EDGE_LOOP('',(#5310,#5311,#5312,#5313));
#967=EDGE_LOOP('',(#5314,#5315,#5316,#5317));
#968=EDGE_LOOP('',(#5318,#5319,#5320,#5321));
#969=EDGE_LOOP('',(#5322,#5323,#5324,#5325));
#970=EDGE_LOOP('',(#5326,#5327,#5328,#5329,#5330,#5331));
#971=EDGE_LOOP('',(#5332,#5333,#5334,#5335));
#972=EDGE_LOOP('',(#5336,#5337,#5338));
#973=EDGE_LOOP('',(#5339,#5340,#5341,#5342,#5343,#5344));
#974=EDGE_LOOP('',(#5345,#5346,#5347,#5348));
#975=EDGE_LOOP('',(#5349,#5350,#5351,#5352));
#976=EDGE_LOOP('',(#5353,#5354,#5355,#5356));
#977=EDGE_LOOP('',(#5357,#5358,#5359,#5360,#5361,#5362,#5363,#5364));
#978=EDGE_LOOP('',(#5365,#5366,#5367,#5368));
#979=EDGE_LOOP('',(#5369,#5370,#5371,#5372));
#980=EDGE_LOOP('',(#5373,#5374,#5375,#5376,#5377,#5378,#5379,#5380,#5381,
#5382));
#981=EDGE_LOOP('',(#5383,#5384,#5385));
#982=EDGE_LOOP('',(#5386,#5387,#5388));
#983=EDGE_LOOP('',(#5389,#5390,#5391));
#984=EDGE_LOOP('',(#5392,#5393,#5394));
#985=EDGE_LOOP('',(#5395,#5396,#5397));
#986=EDGE_LOOP('',(#5398,#5399,#5400));
#987=EDGE_LOOP('',(#5401,#5402,#5403,#5404,#5405,#5406,#5407,#5408));
#988=EDGE_LOOP('',(#5409,#5410,#5411,#5412));
#989=EDGE_LOOP('',(#5413,#5414,#5415));
#990=EDGE_LOOP('',(#5416,#5417,#5418,#5419));
#991=EDGE_LOOP('',(#5420,#5421,#5422));
#992=EDGE_LOOP('',(#5423,#5424,#5425));
#993=EDGE_LOOP('',(#5426,#5427,#5428));
#994=EDGE_LOOP('',(#5429,#5430,#5431,#5432,#5433));
#995=EDGE_LOOP('',(#5434,#5435,#5436,#5437,#5438,#5439,#5440,#5441));
#996=EDGE_LOOP('',(#5442,#5443,#5444,#5445,#5446,#5447));
#997=EDGE_LOOP('',(#5448,#5449,#5450,#5451,#5452,#5453));
#998=EDGE_LOOP('',(#5454,#5455,#5456,#5457));
#999=EDGE_LOOP('',(#5458,#5459,#5460,#5461,#5462,#5463,#5464,#5465));
#1000=EDGE_LOOP('',(#5466,#5467,#5468,#5469,#5470));
#1001=EDGE_LOOP('',(#5471,#5472,#5473,#5474,#5475,#5476));
#1002=EDGE_LOOP('',(#5477,#5478,#5479,#5480,#5481,#5482,#5483,#5484,#5485,
#5486,#5487,#5488));
#1003=EDGE_LOOP('',(#5489,#5490,#5491,#5492,#5493,#5494,#5495,#5496,#5497,
#5498,#5499));
#1004=EDGE_LOOP('',(#5500,#5501,#5502,#5503,#5504));
#1005=EDGE_LOOP('',(#5505,#5506,#5507,#5508,#5509));
#1006=EDGE_LOOP('',(#5510,#5511,#5512,#5513,#5514));
#1007=EDGE_LOOP('',(#5515,#5516,#5517,#5518,#5519,#5520,#5521,#5522,#5523,
#5524,#5525,#5526,#5527,#5528,#5529,#5530,#5531));
#1008=EDGE_LOOP('',(#5532,#5533,#5534,#5535));
#1009=EDGE_LOOP('',(#5536,#5537,#5538,#5539,#5540,#5541,#5542,#5543));
#1010=EDGE_LOOP('',(#5544,#5545,#5546,#5547));
#1011=EDGE_LOOP('',(#5548,#5549,#5550,#5551));
#1012=EDGE_LOOP('',(#5552,#5553,#5554,#5555));
#1013=EDGE_LOOP('',(#5556,#5557,#5558,#5559));
#1014=EDGE_LOOP('',(#5560,#5561,#5562,#5563));
#1015=EDGE_LOOP('',(#5564,#5565,#5566,#5567));
#1016=EDGE_LOOP('',(#5568,#5569,#5570,#5571));
#1017=EDGE_LOOP('',(#5572,#5573,#5574,#5575,#5576,#5577));
#1018=EDGE_LOOP('',(#5578,#5579,#5580,#5581,#5582,#5583));
#1019=EDGE_LOOP('',(#5584,#5585,#5586,#5587));
#1020=EDGE_LOOP('',(#5588,#5589,#5590,#5591));
#1021=EDGE_LOOP('',(#5592,#5593,#5594,#5595,#5596,#5597));
#1022=EDGE_LOOP('',(#5598,#5599,#5600,#5601,#5602));
#1023=EDGE_LOOP('',(#5603,#5604,#5605,#5606,#5607,#5608));
#1024=EDGE_LOOP('',(#5609,#5610,#5611,#5612));
#1025=EDGE_LOOP('',(#5613,#5614,#5615,#5616));
#1026=EDGE_LOOP('',(#5617,#5618,#5619,#5620,#5621,#5622));
#1027=EDGE_LOOP('',(#5623,#5624,#5625,#5626));
#1028=EDGE_LOOP('',(#5627,#5628,#5629,#5630,#5631,#5632));
#1029=EDGE_LOOP('',(#5633,#5634,#5635,#5636,#5637,#5638));
#1030=EDGE_LOOP('',(#5639,#5640,#5641,#5642,#5643));
#1031=EDGE_LOOP('',(#5644,#5645,#5646,#5647));
#1032=EDGE_LOOP('',(#5648,#5649,#5650,#5651));
#1033=EDGE_LOOP('',(#5652,#5653,#5654,#5655));
#1034=EDGE_LOOP('',(#5656,#5657,#5658,#5659,#5660,#5661));
#1035=EDGE_LOOP('',(#5662,#5663,#5664,#5665));
#1036=EDGE_LOOP('',(#5666,#5667,#5668,#5669));
#1037=EDGE_LOOP('',(#5670,#5671,#5672,#5673,#5674,#5675));
#1038=EDGE_LOOP('',(#5676,#5677,#5678,#5679));
#1039=EDGE_LOOP('',(#5680,#5681,#5682,#5683,#5684));
#1040=EDGE_LOOP('',(#5685,#5686,#5687,#5688));
#1041=EDGE_LOOP('',(#5689,#5690,#5691,#5692));
#1042=EDGE_LOOP('',(#5693,#5694,#5695,#5696));
#1043=EDGE_LOOP('',(#5697,#5698,#5699,#5700));
#1044=EDGE_LOOP('',(#5701,#5702,#5703,#5704));
#1045=EDGE_LOOP('',(#5705,#5706,#5707,#5708,#5709,#5710));
#1046=EDGE_LOOP('',(#5711,#5712,#5713,#5714));
#1047=EDGE_LOOP('',(#5715,#5716,#5717,#5718));
#1048=EDGE_LOOP('',(#5719,#5720,#5721,#5722,#5723,#5724));
#1049=EDGE_LOOP('',(#5725,#5726,#5727,#5728));
#1050=EDGE_LOOP('',(#5729,#5730,#5731,#5732));
#1051=EDGE_LOOP('',(#5733,#5734,#5735,#5736));
#1052=EDGE_LOOP('',(#5737,#5738,#5739,#5740));
#1053=EDGE_LOOP('',(#5741,#5742,#5743,#5744));
#1054=EDGE_LOOP('',(#5745,#5746,#5747,#5748));
#1055=EDGE_LOOP('',(#5749,#5750,#5751,#5752,#5753,#5754));
#1056=EDGE_LOOP('',(#5755,#5756,#5757,#5758));
#1057=EDGE_LOOP('',(#5759,#5760,#5761,#5762));
#1058=EDGE_LOOP('',(#5763,#5764,#5765,#5766));
#1059=EDGE_LOOP('',(#5767,#5768,#5769,#5770));
#1060=EDGE_LOOP('',(#5771,#5772,#5773,#5774));
#1061=EDGE_LOOP('',(#5775,#5776,#5777,#5778));
#1062=EDGE_LOOP('',(#5779,#5780,#5781,#5782));
#1063=EDGE_LOOP('',(#5783,#5784,#5785,#5786,#5787));
#1064=EDGE_LOOP('',(#5788,#5789,#5790,#5791));
#1065=EDGE_LOOP('',(#5792,#5793,#5794,#5795));
#1066=EDGE_LOOP('',(#5796,#5797,#5798,#5799,#5800));
#1067=EDGE_LOOP('',(#5801,#5802,#5803,#5804,#5805,#5806,#5807,#5808,#5809,
#5810,#5811));
#1068=EDGE_LOOP('',(#5812,#5813,#5814,#5815));
#1069=EDGE_LOOP('',(#5816,#5817,#5818,#5819,#5820));
#1070=EDGE_LOOP('',(#5821,#5822,#5823,#5824));
#1071=EDGE_LOOP('',(#5825,#5826,#5827,#5828));
#1072=EDGE_LOOP('',(#5829,#5830,#5831,#5832,#5833));
#1073=EDGE_LOOP('',(#5834,#5835,#5836,#5837,#5838,#5839));
#1074=EDGE_LOOP('',(#5840,#5841,#5842,#5843,#5844));
#1075=EDGE_LOOP('',(#5845,#5846,#5847,#5848,#5849,#5850));
#1076=EDGE_LOOP('',(#5851,#5852,#5853,#5854));
#1077=EDGE_LOOP('',(#5855,#5856,#5857,#5858,#5859));
#1078=EDGE_LOOP('',(#5860,#5861,#5862,#5863));
#1079=EDGE_LOOP('',(#5864,#5865,#5866,#5867,#5868,#5869,#5870,#5871,#5872,
#5873,#5874,#5875,#5876));
#1080=EDGE_LOOP('',(#5877,#5878,#5879,#5880));
#1081=EDGE_LOOP('',(#5881,#5882,#5883,#5884));
#1082=EDGE_LOOP('',(#5885,#5886,#5887,#5888));
#1083=EDGE_LOOP('',(#5889,#5890,#5891,#5892,#5893,#5894,#5895,#5896));
#1084=EDGE_LOOP('',(#5897,#5898,#5899));
#1085=EDGE_LOOP('',(#5900,#5901,#5902,#5903,#5904,#5905,#5906,#5907));
#1086=EDGE_LOOP('',(#5908,#5909,#5910,#5911,#5912,#5913,#5914,#5915));
#1087=EDGE_LOOP('',(#5916,#5917,#5918));
#1088=EDGE_LOOP('',(#5919,#5920,#5921,#5922));
#1089=EDGE_LOOP('',(#5923,#5924,#5925,#5926,#5927,#5928,#5929,#5930,#5931,
#5932,#5933,#5934,#5935,#5936,#5937,#5938,#5939,#5940,#5941,#5942,#5943,
#5944,#5945,#5946,#5947,#5948,#5949));
#1090=EDGE_LOOP('',(#5950,#5951,#5952,#5953));
#1091=EDGE_LOOP('',(#5954,#5955,#5956,#5957));
#1092=EDGE_LOOP('',(#5958,#5959,#5960,#5961,#5962,#5963));
#1093=EDGE_LOOP('',(#5964,#5965,#5966));
#1094=EDGE_LOOP('',(#5967,#5968,#5969,#5970));
#1095=EDGE_LOOP('',(#5971,#5972,#5973,#5974));
#1096=EDGE_LOOP('',(#5975,#5976,#5977,#5978));
#1097=EDGE_LOOP('',(#5979,#5980,#5981,#5982));
#1098=EDGE_LOOP('',(#5983,#5984,#5985,#5986));
#1099=EDGE_LOOP('',(#5987,#5988,#5989,#5990));
#1100=EDGE_LOOP('',(#5991,#5992,#5993,#5994));
#1101=EDGE_LOOP('',(#5995,#5996,#5997,#5998));
#1102=EDGE_LOOP('',(#5999,#6000,#6001,#6002));
#1103=EDGE_LOOP('',(#6003,#6004,#6005,#6006));
#1104=EDGE_LOOP('',(#6007,#6008,#6009,#6010));
#1105=EDGE_LOOP('',(#6011,#6012,#6013,#6014));
#1106=EDGE_LOOP('',(#6015,#6016,#6017,#6018));
#1107=EDGE_LOOP('',(#6019,#6020,#6021,#6022));
#1108=EDGE_LOOP('',(#6023,#6024,#6025,#6026));
#1109=EDGE_LOOP('',(#6027,#6028,#6029,#6030));
#1110=EDGE_LOOP('',(#6031,#6032,#6033,#6034));
#1111=EDGE_LOOP('',(#6035,#6036,#6037,#6038));
#1112=EDGE_LOOP('',(#6039,#6040,#6041,#6042));
#1113=EDGE_LOOP('',(#6043,#6044,#6045,#6046));
#1114=EDGE_LOOP('',(#6047,#6048,#6049,#6050,#6051,#6052));
#1115=EDGE_LOOP('',(#6053,#6054,#6055,#6056,#6057,#6058));
#1116=EDGE_LOOP('',(#6059,#6060,#6061,#6062));
#1117=EDGE_LOOP('',(#6063,#6064,#6065,#6066));
#1118=EDGE_LOOP('',(#6067,#6068,#6069,#6070));
#1119=EDGE_LOOP('',(#6071,#6072,#6073,#6074));
#1120=EDGE_LOOP('',(#6075,#6076,#6077,#6078));
#1121=EDGE_LOOP('',(#6079,#6080,#6081,#6082));
#1122=EDGE_LOOP('',(#6083,#6084,#6085,#6086));
#1123=EDGE_LOOP('',(#6087,#6088,#6089,#6090));
#1124=EDGE_LOOP('',(#6091,#6092,#6093,#6094));
#1125=EDGE_LOOP('',(#6095,#6096,#6097,#6098));
#1126=EDGE_LOOP('',(#6099,#6100,#6101,#6102));
#1127=EDGE_LOOP('',(#6103,#6104,#6105,#6106));
#1128=EDGE_LOOP('',(#6107,#6108,#6109,#6110));
#1129=EDGE_LOOP('',(#6111,#6112,#6113,#6114));
#1130=EDGE_LOOP('',(#6115,#6116,#6117,#6118));
#1131=EDGE_LOOP('',(#6119,#6120,#6121,#6122));
#1132=EDGE_LOOP('',(#6123,#6124,#6125,#6126));
#1133=EDGE_LOOP('',(#6127,#6128,#6129,#6130));
#1134=EDGE_LOOP('',(#6131,#6132,#6133,#6134));
#1135=EDGE_LOOP('',(#6135,#6136,#6137,#6138));
#1136=EDGE_LOOP('',(#6139,#6140,#6141,#6142));
#1137=EDGE_LOOP('',(#6143,#6144,#6145,#6146));
#1138=EDGE_LOOP('',(#6147,#6148,#6149,#6150));
#1139=EDGE_LOOP('',(#6151,#6152,#6153,#6154));
#1140=EDGE_LOOP('',(#6155,#6156,#6157,#6158,#6159,#6160));
#1141=EDGE_LOOP('',(#6161,#6162,#6163,#6164,#6165,#6166));
#1142=EDGE_LOOP('',(#6167,#6168,#6169,#6170));
#1143=EDGE_LOOP('',(#6171,#6172,#6173,#6174));
#1144=EDGE_LOOP('',(#6175,#6176,#6177,#6178));
#1145=EDGE_LOOP('',(#6179,#6180,#6181,#6182));
#1146=EDGE_LOOP('',(#6183,#6184,#6185,#6186,#6187,#6188));
#1147=EDGE_LOOP('',(#6189,#6190,#6191,#6192));
#1148=EDGE_LOOP('',(#6193,#6194,#6195,#6196));
#1149=EDGE_LOOP('',(#6197,#6198,#6199,#6200));
#1150=EDGE_LOOP('',(#6201,#6202,#6203,#6204,#6205,#6206,#6207,#6208));
#1151=EDGE_LOOP('',(#6209,#6210,#6211,#6212));
#1152=EDGE_LOOP('',(#6213,#6214,#6215,#6216));
#1153=EDGE_LOOP('',(#6217,#6218,#6219,#6220,#6221,#6222));
#1154=EDGE_LOOP('',(#6223,#6224,#6225,#6226,#6227,#6228));
#1155=EDGE_LOOP('',(#6229,#6230,#6231,#6232));
#1156=EDGE_LOOP('',(#6233,#6234,#6235,#6236));
#1157=EDGE_LOOP('',(#6237,#6238,#6239,#6240,#6241,#6242));
#1158=EDGE_LOOP('',(#6243,#6244,#6245,#6246));
#1159=EDGE_LOOP('',(#6247,#6248,#6249,#6250));
#1160=EDGE_LOOP('',(#6251,#6252,#6253,#6254));
#1161=EDGE_LOOP('',(#6255,#6256,#6257,#6258,#6259,#6260,#6261,#6262));
#1162=EDGE_LOOP('',(#6263));
#1163=EDGE_LOOP('',(#6264,#6265,#6266,#6267));
#1164=EDGE_LOOP('',(#6268));
#1165=EDGE_LOOP('',(#6269));
#1166=EDGE_LOOP('',(#6270,#6271,#6272,#6273));
#1167=EDGE_LOOP('',(#6274));
#1168=EDGE_LOOP('',(#6275,#6276,#6277,#6278));
#1169=EDGE_LOOP('',(#6279,#6280,#6281,#6282));
#1170=EDGE_LOOP('',(#6283,#6284,#6285,#6286));
#1171=EDGE_LOOP('',(#6287,#6288,#6289,#6290));
#1172=EDGE_LOOP('',(#6291,#6292,#6293,#6294));
#1173=EDGE_LOOP('',(#6295,#6296,#6297,#6298));
#1174=EDGE_LOOP('',(#6299,#6300,#6301,#6302));
#1175=EDGE_LOOP('',(#6303,#6304,#6305,#6306));
#1176=EDGE_LOOP('',(#6307,#6308,#6309,#6310));
#1177=EDGE_LOOP('',(#6311,#6312,#6313,#6314));
#1178=EDGE_LOOP('',(#6315,#6316,#6317,#6318));
#1179=EDGE_LOOP('',(#6319,#6320,#6321,#6322));
#1180=EDGE_LOOP('',(#6323,#6324,#6325,#6326));
#1181=EDGE_LOOP('',(#6327,#6328,#6329,#6330));
#1182=EDGE_LOOP('',(#6331,#6332,#6333,#6334));
#1183=EDGE_LOOP('',(#6335,#6336,#6337,#6338));
#1184=EDGE_LOOP('',(#6339,#6340,#6341,#6342));
#1185=EDGE_LOOP('',(#6343,#6344,#6345,#6346));
#1186=EDGE_LOOP('',(#6347,#6348,#6349,#6350));
#1187=EDGE_LOOP('',(#6351,#6352,#6353,#6354));
#1188=EDGE_LOOP('',(#6355,#6356,#6357,#6358));
#1189=EDGE_LOOP('',(#6359,#6360,#6361,#6362));
#1190=EDGE_LOOP('',(#6363,#6364,#6365,#6366));
#1191=EDGE_LOOP('',(#6367,#6368,#6369,#6370));
#1192=EDGE_LOOP('',(#6371,#6372,#6373,#6374));
#1193=EDGE_LOOP('',(#6375,#6376,#6377,#6378));
#1194=EDGE_LOOP('',(#6379,#6380,#6381,#6382));
#1195=EDGE_LOOP('',(#6383,#6384,#6385,#6386));
#1196=EDGE_LOOP('',(#6387,#6388,#6389,#6390));
#1197=EDGE_LOOP('',(#6391,#6392,#6393,#6394));
#1198=EDGE_LOOP('',(#6395,#6396,#6397,#6398));
#1199=EDGE_LOOP('',(#6399,#6400,#6401,#6402));
#1200=EDGE_LOOP('',(#6403,#6404,#6405,#6406));
#1201=EDGE_LOOP('',(#6407,#6408,#6409,#6410));
#1202=EDGE_LOOP('',(#6411,#6412,#6413,#6414));
#1203=EDGE_LOOP('',(#6415,#6416,#6417,#6418));
#1204=EDGE_LOOP('',(#6419,#6420,#6421,#6422));
#1205=EDGE_LOOP('',(#6423,#6424,#6425,#6426));
#1206=EDGE_LOOP('',(#6427,#6428,#6429,#6430));
#1207=EDGE_LOOP('',(#6431,#6432,#6433,#6434));
#1208=EDGE_LOOP('',(#6435,#6436,#6437,#6438));
#1209=EDGE_LOOP('',(#6439,#6440,#6441,#6442));
#1210=EDGE_LOOP('',(#6443,#6444,#6445,#6446));
#1211=EDGE_LOOP('',(#6447,#6448,#6449,#6450));
#1212=EDGE_LOOP('',(#6451,#6452,#6453,#6454));
#1213=EDGE_LOOP('',(#6455,#6456,#6457,#6458));
#1214=EDGE_LOOP('',(#6459,#6460,#6461,#6462));
#1215=EDGE_LOOP('',(#6463,#6464,#6465,#6466));
#1216=EDGE_LOOP('',(#6467,#6468,#6469,#6470));
#1217=EDGE_LOOP('',(#6471,#6472,#6473,#6474));
#1218=EDGE_LOOP('',(#6475,#6476,#6477,#6478));
#1219=EDGE_LOOP('',(#6479,#6480,#6481,#6482));
#1220=EDGE_LOOP('',(#6483,#6484,#6485,#6486));
#1221=EDGE_LOOP('',(#6487,#6488,#6489,#6490));
#1222=EDGE_LOOP('',(#6491,#6492,#6493,#6494));
#1223=EDGE_LOOP('',(#6495,#6496,#6497,#6498));
#1224=EDGE_LOOP('',(#6499,#6500,#6501,#6502));
#1225=EDGE_LOOP('',(#6503,#6504,#6505,#6506));
#1226=EDGE_LOOP('',(#6507,#6508,#6509,#6510));
#1227=EDGE_LOOP('',(#6511,#6512,#6513,#6514));
#1228=EDGE_LOOP('',(#6515));
#1229=EDGE_LOOP('',(#6516,#6517,#6518,#6519));
#1230=EDGE_LOOP('',(#6520));
#1231=EDGE_LOOP('',(#6521));
#1232=EDGE_LOOP('',(#6522,#6523,#6524,#6525));
#1233=EDGE_LOOP('',(#6526));
#1234=EDGE_LOOP('',(#6527));
#1235=EDGE_LOOP('',(#6528,#6529,#6530,#6531));
#1236=EDGE_LOOP('',(#6532));
#1237=EDGE_LOOP('',(#6533));
#1238=EDGE_LOOP('',(#6534,#6535,#6536,#6537));
#1239=EDGE_LOOP('',(#6538));
#1240=LINE('',#9350,#2055);
#1241=LINE('',#9352,#2056);
#1242=LINE('',#9354,#2057);
#1243=LINE('',#9355,#2058);
#1244=LINE('',#9358,#2059);
#1245=LINE('',#9360,#2060);
#1246=LINE('',#9361,#2061);
#1247=LINE('',#9364,#2062);
#1248=LINE('',#9365,#2063);
#1249=LINE('',#9368,#2064);
#1250=LINE('',#9369,#2065);
#1251=LINE('',#9372,#2066);
#1252=LINE('',#9374,#2067);
#1253=LINE('',#9376,#2068);
#1254=LINE('',#9377,#2069);
#1255=LINE('',#9379,#2070);
#1256=LINE('',#9384,#2071);
#1257=LINE('',#9386,#2072);
#1258=LINE('',#9388,#2073);
#1259=LINE('',#9389,#2074);
#1260=LINE('',#9391,#2075);
#1261=LINE('',#9392,#2076);
#1262=LINE('',#9394,#2077);
#1263=LINE('',#9396,#2078);
#1264=LINE('',#9450,#2079);
#1265=LINE('',#9452,#2080);
#1266=LINE('',#9454,#2081);
#1267=LINE('',#9456,#2082);
#1268=LINE('',#9457,#2083);
#1269=LINE('',#9510,#2084);
#1270=LINE('',#9512,#2085);
#1271=LINE('',#9514,#2086);
#1272=LINE('',#9516,#2087);
#1273=LINE('',#9517,#2088);
#1274=LINE('',#9521,#2089);
#1275=LINE('',#9523,#2090);
#1276=LINE('',#9525,#2091);
#1277=LINE('',#9527,#2092);
#1278=LINE('',#9529,#2093);
#1279=LINE('',#9530,#2094);
#1280=LINE('',#9533,#2095);
#1281=LINE('',#9535,#2096);
#1282=LINE('',#9536,#2097);
#1283=LINE('',#9539,#2098);
#1284=LINE('',#9541,#2099);
#1285=LINE('',#9542,#2100);
#1286=LINE('',#9546,#2101);
#1287=LINE('',#9547,#2102);
#1288=LINE('',#9548,#2103);
#1289=LINE('',#9549,#2104);
#1290=LINE('',#9552,#2105);
#1291=LINE('',#9555,#2106);
#1292=LINE('',#9557,#2107);
#1293=LINE('',#9559,#2108);
#1294=LINE('',#9561,#2109);
#1295=LINE('',#9562,#2110);
#1296=LINE('',#9566,#2111);
#1297=LINE('',#9568,#2112);
#1298=LINE('',#9570,#2113);
#1299=LINE('',#9571,#2114);
#1300=LINE('',#9574,#2115);
#1301=LINE('',#9576,#2116);
#1302=LINE('',#9577,#2117);
#1303=LINE('',#9580,#2118);
#1304=LINE('',#9582,#2119);
#1305=LINE('',#9583,#2120);
#1306=LINE('',#9585,#2121);
#1307=LINE('',#9586,#2122);
#1308=LINE('',#9591,#2123);
#1309=LINE('',#9593,#2124);
#1310=LINE('',#9595,#2125);
#1311=LINE('',#9596,#2126);
#1312=LINE('',#9599,#2127);
#1313=LINE('',#9601,#2128);
#1314=LINE('',#9603,#2129);
#1315=LINE('',#9605,#2130);
#1316=LINE('',#9606,#2131);
#1317=LINE('',#9609,#2132);
#1318=LINE('',#9611,#2133);
#1319=LINE('',#9613,#2134);
#1320=LINE('',#9615,#2135);
#1321=LINE('',#9616,#2136);
#1322=LINE('',#9618,#2137);
#1323=LINE('',#9619,#2138);
#1324=LINE('',#9622,#2139);
#1325=LINE('',#9625,#2140);
#1326=LINE('',#9627,#2141);
#1327=LINE('',#9629,#2142);
#1328=LINE('',#9631,#2143);
#1329=LINE('',#9632,#2144);
#1330=LINE('',#9636,#2145);
#1331=LINE('',#9638,#2146);
#1332=LINE('',#9640,#2147);
#1333=LINE('',#9641,#2148);
#1334=LINE('',#9644,#2149);
#1335=LINE('',#9646,#2150);
#1336=LINE('',#9647,#2151);
#1337=LINE('',#9650,#2152);
#1338=LINE('',#9652,#2153);
#1339=LINE('',#9653,#2154);
#1340=LINE('',#9655,#2155);
#1341=LINE('',#9656,#2156);
#1342=LINE('',#9666,#2157);
#1343=LINE('',#9673,#2158);
#1344=LINE('',#9675,#2159);
#1345=LINE('',#9677,#2160);
#1346=LINE('',#9679,#2161);
#1347=LINE('',#9680,#2162);
#1348=LINE('',#9688,#2163);
#1349=LINE('',#9689,#2164);
#1350=LINE('',#9697,#2165);
#1351=LINE('',#9699,#2166);
#1352=LINE('',#9700,#2167);
#1353=LINE('',#9708,#2168);
#1354=LINE('',#9709,#2169);
#1355=LINE('',#9716,#2170);
#1356=LINE('',#9723,#2171);
#1357=LINE('',#9724,#2172);
#1358=LINE('',#9748,#2173);
#1359=LINE('',#9750,#2174);
#1360=LINE('',#9767,#2175);
#1361=LINE('',#9784,#2176);
#1362=LINE('',#9796,#2177);
#1363=LINE('',#9798,#2178);
#1364=LINE('',#9810,#2179);
#1365=LINE('',#9840,#2180);
#1366=LINE('',#9852,#2181);
#1367=LINE('',#9861,#2182);
#1368=LINE('',#9863,#2183);
#1369=LINE('',#9878,#2184);
#1370=LINE('',#9882,#2185);
#1371=LINE('',#9883,#2186);
#1372=LINE('',#9884,#2187);
#1373=LINE('',#9886,#2188);
#1374=LINE('',#9915,#2189);
#1375=LINE('',#9922,#2190);
#1376=LINE('',#9924,#2191);
#1377=LINE('',#9926,#2192);
#1378=LINE('',#9928,#2193);
#1379=LINE('',#9929,#2194);
#1380=LINE('',#9932,#2195);
#1381=LINE('',#9934,#2196);
#1382=LINE('',#9935,#2197);
#1383=LINE('',#9938,#2198);
#1384=LINE('',#9939,#2199);
#1385=LINE('',#9942,#2200);
#1386=LINE('',#9943,#2201);
#1387=LINE('',#9950,#2202);
#1388=LINE('',#9983,#2203);
#1389=LINE('',#9985,#2204);
#1390=LINE('',#9987,#2205);
#1391=LINE('',#9989,#2206);
#1392=LINE('',#9991,#2207);
#1393=LINE('',#9992,#2208);
#1394=LINE('',#10001,#2209);
#1395=LINE('',#10003,#2210);
#1396=LINE('',#10010,#2211);
#1397=LINE('',#10012,#2212);
#1398=LINE('',#10014,#2213);
#1399=LINE('',#10015,#2214);
#1400=LINE('',#10024,#2215);
#1401=LINE('',#10025,#2216);
#1402=LINE('',#10033,#2217);
#1403=LINE('',#10034,#2218);
#1404=LINE('',#10042,#2219);
#1405=LINE('',#10048,#2220);
#1406=LINE('',#10050,#2221);
#1407=LINE('',#10051,#2222);
#1408=LINE('',#10057,#2223);
#1409=LINE('',#10059,#2224);
#1410=LINE('',#10075,#2225);
#1411=LINE('',#10077,#2226);
#1412=LINE('',#10101,#2227);
#1413=LINE('',#10113,#2228);
#1414=LINE('',#10149,#2229);
#1415=LINE('',#10161,#2230);
#1416=LINE('',#10163,#2231);
#1417=LINE('',#10175,#2232);
#1418=LINE('',#10192,#2233);
#1419=LINE('',#10209,#2234);
#1420=LINE('',#10210,#2235);
#1421=LINE('',#10219,#2236);
#1422=LINE('',#10220,#2237);
#1423=LINE('',#10221,#2238);
#1424=LINE('',#10224,#2239);
#1425=LINE('',#10225,#2240);
#1426=LINE('',#10240,#2241);
#1427=LINE('',#10264,#2242);
#1428=LINE('',#10266,#2243);
#1429=LINE('',#10268,#2244);
#1430=LINE('',#10270,#2245);
#1431=LINE('',#10271,#2246);
#1432=LINE('',#10274,#2247);
#1433=LINE('',#10276,#2248);
#1434=LINE('',#10277,#2249);
#1435=LINE('',#10285,#2250);
#1436=LINE('',#10286,#2251);
#1437=LINE('',#10293,#2252);
#1438=LINE('',#10294,#2253);
#1439=LINE('',#10296,#2254);
#1440=LINE('',#10315,#2255);
#1441=LINE('',#10316,#2256);
#1442=LINE('',#10317,#2257);
#1443=LINE('',#10345,#2258);
#1444=LINE('',#10346,#2259);
#1445=LINE('',#10379,#2260);
#1446=LINE('',#10401,#2261);
#1447=LINE('',#10402,#2262);
#1448=LINE('',#10492,#2263);
#1449=LINE('',#10493,#2264);
#1450=LINE('',#10495,#2265);
#1451=LINE('',#10564,#2266);
#1452=LINE('',#10566,#2267);
#1453=LINE('',#10583,#2268);
#1454=LINE('',#10639,#2269);
#1455=LINE('',#10640,#2270);
#1456=LINE('',#10643,#2271);
#1457=LINE('',#10645,#2272);
#1458=LINE('',#10647,#2273);
#1459=LINE('',#10649,#2274);
#1460=LINE('',#10651,#2275);
#1461=LINE('',#10653,#2276);
#1462=LINE('',#10654,#2277);
#1463=LINE('',#10657,#2278);
#1464=LINE('',#10659,#2279);
#1465=LINE('',#10660,#2280);
#1466=LINE('',#10663,#2281);
#1467=LINE('',#10665,#2282);
#1468=LINE('',#10666,#2283);
#1469=LINE('',#10670,#2284);
#1470=LINE('',#10671,#2285);
#1471=LINE('',#10672,#2286);
#1472=LINE('',#10675,#2287);
#1473=LINE('',#10677,#2288);
#1474=LINE('',#10679,#2289);
#1475=LINE('',#10680,#2290);
#1476=LINE('',#10682,#2291);
#1477=LINE('',#10685,#2292);
#1478=LINE('',#10686,#2293);
#1479=LINE('',#10688,#2294);
#1480=LINE('',#10689,#2295);
#1481=LINE('',#10693,#2296);
#1482=LINE('',#10695,#2297);
#1483=LINE('',#10697,#2298);
#1484=LINE('',#10699,#2299);
#1485=LINE('',#10708,#2300);
#1486=LINE('',#10709,#2301);
#1487=LINE('',#10712,#2302);
#1488=LINE('',#10714,#2303);
#1489=LINE('',#10716,#2304);
#1490=LINE('',#10717,#2305);
#1491=LINE('',#10720,#2306);
#1492=LINE('',#10721,#2307);
#1493=LINE('',#10724,#2308);
#1494=LINE('',#10725,#2309);
#1495=LINE('',#10728,#2310);
#1496=LINE('',#10730,#2311);
#1497=LINE('',#10738,#2312);
#1498=LINE('',#10739,#2313);
#1499=LINE('',#10742,#2314);
#1500=LINE('',#10744,#2315);
#1501=LINE('',#10746,#2316);
#1502=LINE('',#10747,#2317);
#1503=LINE('',#10750,#2318);
#1504=LINE('',#10751,#2319);
#1505=LINE('',#10754,#2320);
#1506=LINE('',#10756,#2321);
#1507=LINE('',#10758,#2322);
#1508=LINE('',#10760,#2323);
#1509=LINE('',#10762,#2324);
#1510=LINE('',#10764,#2325);
#1511=LINE('',#10765,#2326);
#1512=LINE('',#10768,#2327);
#1513=LINE('',#10770,#2328);
#1514=LINE('',#10771,#2329);
#1515=LINE('',#10774,#2330);
#1516=LINE('',#10776,#2331);
#1517=LINE('',#10777,#2332);
#1518=LINE('',#10780,#2333);
#1519=LINE('',#10782,#2334);
#1520=LINE('',#10784,#2335);
#1521=LINE('',#10785,#2336);
#1522=LINE('',#10788,#2337);
#1523=LINE('',#10789,#2338);
#1524=LINE('',#10792,#2339);
#1525=LINE('',#10793,#2340);
#1526=LINE('',#10796,#2341);
#1527=LINE('',#10797,#2342);
#1528=LINE('',#10799,#2343);
#1529=LINE('',#10800,#2344);
#1530=LINE('',#10804,#2345);
#1531=LINE('',#10805,#2346);
#1532=LINE('',#10808,#2347);
#1533=LINE('',#10809,#2348);
#1534=LINE('',#10811,#2349);
#1535=LINE('',#10814,#2350);
#1536=LINE('',#10816,#2351);
#1537=LINE('',#10817,#2352);
#1538=LINE('',#10821,#2353);
#1539=LINE('',#10822,#2354);
#1540=LINE('',#10824,#2355);
#1541=LINE('',#10825,#2356);
#1542=LINE('',#10828,#2357);
#1543=LINE('',#10830,#2358);
#1544=LINE('',#10832,#2359);
#1545=LINE('',#10833,#2360);
#1546=LINE('',#10835,#2361);
#1547=LINE('',#10836,#2362);
#1548=LINE('',#10838,#2363);
#1549=LINE('',#10840,#2364);
#1550=LINE('',#10844,#2365);
#1551=LINE('',#10846,#2366);
#1552=LINE('',#10847,#2367);
#1553=LINE('',#10850,#2368);
#1554=LINE('',#10851,#2369);
#1555=LINE('',#10854,#2370);
#1556=LINE('',#10855,#2371);
#1557=LINE('',#10857,#2372);
#1558=LINE('',#10860,#2373);
#1559=LINE('',#10861,#2374);
#1560=LINE('',#10863,#2375);
#1561=LINE('',#10865,#2376);
#1562=LINE('',#10866,#2377);
#1563=LINE('',#10868,#2378);
#1564=LINE('',#10870,#2379);
#1565=LINE('',#10874,#2380);
#1566=LINE('',#10875,#2381);
#1567=LINE('',#10877,#2382);
#1568=LINE('',#10879,#2383);
#1569=LINE('',#10880,#2384);
#1570=LINE('',#10890,#2385);
#1571=LINE('',#10892,#2386);
#1572=LINE('',#10894,#2387);
#1573=LINE('',#10896,#2388);
#1574=LINE('',#10897,#2389);
#1575=LINE('',#10907,#2390);
#1576=LINE('',#10910,#2391);
#1577=LINE('',#10932,#2392);
#1578=LINE('',#10934,#2393);
#1579=LINE('',#10947,#2394);
#1580=LINE('',#10948,#2395);
#1581=LINE('',#10957,#2396);
#1582=LINE('',#10958,#2397);
#1583=LINE('',#10965,#2398);
#1584=LINE('',#10972,#2399);
#1585=LINE('',#11000,#2400);
#1586=LINE('',#11002,#2401);
#1587=LINE('',#11004,#2402);
#1588=LINE('',#11005,#2403);
#1589=LINE('',#11006,#2404);
#1590=LINE('',#11015,#2405);
#1591=LINE('',#11017,#2406);
#1592=LINE('',#11018,#2407);
#1593=LINE('',#11025,#2408);
#1594=LINE('',#11037,#2409);
#1595=LINE('',#11046,#2410);
#1596=LINE('',#11047,#2411);
#1597=LINE('',#11054,#2412);
#1598=LINE('',#11087,#2413);
#1599=LINE('',#11088,#2414);
#1600=LINE('',#11090,#2415);
#1601=LINE('',#11092,#2416);
#1602=LINE('',#11093,#2417);
#1603=LINE('',#11111,#2418);
#1604=LINE('',#11117,#2419);
#1605=LINE('',#11118,#2420);
#1606=LINE('',#11133,#2421);
#1607=LINE('',#11134,#2422);
#1608=LINE('',#11137,#2423);
#1609=LINE('',#11138,#2424);
#1610=LINE('',#11141,#2425);
#1611=LINE('',#11142,#2426);
#1612=LINE('',#11151,#2427);
#1613=LINE('',#11178,#2428);
#1614=LINE('',#11179,#2429);
#1615=LINE('',#11210,#2430);
#1616=LINE('',#11219,#2431);
#1617=LINE('',#11231,#2432);
#1618=LINE('',#11261,#2433);
#1619=LINE('',#11278,#2434);
#1620=LINE('',#11279,#2435);
#1621=LINE('',#11297,#2436);
#1622=LINE('',#11299,#2437);
#1623=LINE('',#11301,#2438);
#1624=LINE('',#11302,#2439);
#1625=LINE('',#11305,#2440);
#1626=LINE('',#11307,#2441);
#1627=LINE('',#11309,#2442);
#1628=LINE('',#11311,#2443);
#1629=LINE('',#11313,#2444);
#1630=LINE('',#11315,#2445);
#1631=LINE('',#11316,#2446);
#1632=LINE('',#11319,#2447);
#1633=LINE('',#11321,#2448);
#1634=LINE('',#11322,#2449);
#1635=LINE('',#11325,#2450);
#1636=LINE('',#11326,#2451);
#1637=LINE('',#11328,#2452);
#1638=LINE('',#11329,#2453);
#1639=LINE('',#11332,#2454);
#1640=LINE('',#11333,#2455);
#1641=LINE('',#11335,#2456);
#1642=LINE('',#11339,#2457);
#1643=LINE('',#11341,#2458);
#1644=LINE('',#11343,#2459);
#1645=LINE('',#11344,#2460);
#1646=LINE('',#11347,#2461);
#1647=LINE('',#11349,#2462);
#1648=LINE('',#11350,#2463);
#1649=LINE('',#11352,#2464);
#1650=LINE('',#11354,#2465);
#1651=LINE('',#11355,#2466);
#1652=LINE('',#11358,#2467);
#1653=LINE('',#11360,#2468);
#1654=LINE('',#11361,#2469);
#1655=LINE('',#11364,#2470);
#1656=LINE('',#11366,#2471);
#1657=LINE('',#11367,#2472);
#1658=LINE('',#11369,#2473);
#1659=LINE('',#11370,#2474);
#1660=LINE('',#11374,#2475);
#1661=LINE('',#11376,#2476);
#1662=LINE('',#11378,#2477);
#1663=LINE('',#11379,#2478);
#1664=LINE('',#11382,#2479);
#1665=LINE('',#11384,#2480);
#1666=LINE('',#11385,#2481);
#1667=LINE('',#11388,#2482);
#1668=LINE('',#11390,#2483);
#1669=LINE('',#11391,#2484);
#1670=LINE('',#11393,#2485);
#1671=LINE('',#11394,#2486);
#1672=LINE('',#11399,#2487);
#1673=LINE('',#11401,#2488);
#1674=LINE('',#11403,#2489);
#1675=LINE('',#11404,#2490);
#1676=LINE('',#11407,#2491);
#1677=LINE('',#11409,#2492);
#1678=LINE('',#11410,#2493);
#1679=LINE('',#11413,#2494);
#1680=LINE('',#11414,#2495);
#1681=LINE('',#11417,#2496);
#1682=LINE('',#11418,#2497);
#1683=LINE('',#11420,#2498);
#1684=LINE('',#11424,#2499);
#1685=LINE('',#11426,#2500);
#1686=LINE('',#11427,#2501);
#1687=LINE('',#11428,#2502);
#1688=LINE('',#11431,#2503);
#1689=LINE('',#11432,#2504);
#1690=LINE('',#11435,#2505);
#1691=LINE('',#11436,#2506);
#1692=LINE('',#11438,#2507);
#1693=LINE('',#11439,#2508);
#1694=LINE('',#11442,#2509);
#1695=LINE('',#11446,#2510);
#1696=LINE('',#11448,#2511);
#1697=LINE('',#11450,#2512);
#1698=LINE('',#11451,#2513);
#1699=LINE('',#11454,#2514);
#1700=LINE('',#11456,#2515);
#1701=LINE('',#11457,#2516);
#1702=LINE('',#11460,#2517);
#1703=LINE('',#11462,#2518);
#1704=LINE('',#11463,#2519);
#1705=LINE('',#11465,#2520);
#1706=LINE('',#11466,#2521);
#1707=LINE('',#11470,#2522);
#1708=LINE('',#11472,#2523);
#1709=LINE('',#11473,#2524);
#1710=LINE('',#11474,#2525);
#1711=LINE('',#11477,#2526);
#1712=LINE('',#11478,#2527);
#1713=LINE('',#11481,#2528);
#1714=LINE('',#11482,#2529);
#1715=LINE('',#11484,#2530);
#1716=LINE('',#11485,#2531);
#1717=LINE('',#11489,#2532);
#1718=LINE('',#11492,#2533);
#1719=LINE('',#11494,#2534);
#1720=LINE('',#11495,#2535);
#1721=LINE('',#11498,#2536);
#1722=LINE('',#11500,#2537);
#1723=LINE('',#11501,#2538);
#1724=LINE('',#11503,#2539);
#1725=LINE('',#11504,#2540);
#1726=LINE('',#11506,#2541);
#1727=LINE('',#11511,#2542);
#1728=LINE('',#11513,#2543);
#1729=LINE('',#11515,#2544);
#1730=LINE('',#11516,#2545);
#1731=LINE('',#11519,#2546);
#1732=LINE('',#11521,#2547);
#1733=LINE('',#11522,#2548);
#1734=LINE('',#11525,#2549);
#1735=LINE('',#11527,#2550);
#1736=LINE('',#11528,#2551);
#1737=LINE('',#11530,#2552);
#1738=LINE('',#11531,#2553);
#1739=LINE('',#11541,#2554);
#1740=LINE('',#11543,#2555);
#1741=LINE('',#11544,#2556);
#1742=LINE('',#11551,#2557);
#1743=LINE('',#11552,#2558);
#1744=LINE('',#11555,#2559);
#1745=LINE('',#11556,#2560);
#1746=LINE('',#11558,#2561);
#1747=LINE('',#11580,#2562);
#1748=LINE('',#11581,#2563);
#1749=LINE('',#11584,#2564);
#1750=LINE('',#11586,#2565);
#1751=LINE('',#11587,#2566);
#1752=LINE('',#11590,#2567);
#1753=LINE('',#11591,#2568);
#1754=LINE('',#11594,#2569);
#1755=LINE('',#11595,#2570);
#1756=LINE('',#11597,#2571);
#1757=LINE('',#11607,#2572);
#1758=LINE('',#11609,#2573);
#1759=LINE('',#11611,#2574);
#1760=LINE('',#11617,#2575);
#1761=LINE('',#11625,#2576);
#1762=LINE('',#11627,#2577);
#1763=LINE('',#11628,#2578);
#1764=LINE('',#11640,#2579);
#1765=LINE('',#11641,#2580);
#1766=LINE('',#11644,#2581);
#1767=LINE('',#11645,#2582);
#1768=LINE('',#11651,#2583);
#1769=LINE('',#11655,#2584);
#1770=LINE('',#11657,#2585);
#1771=LINE('',#11659,#2586);
#1772=LINE('',#11660,#2587);
#1773=LINE('',#11678,#2588);
#1774=LINE('',#11679,#2589);
#1775=LINE('',#11680,#2590);
#1776=LINE('',#11729,#2591);
#1777=LINE('',#11746,#2592);
#1778=LINE('',#11748,#2593);
#1779=LINE('',#11750,#2594);
#1780=LINE('',#11751,#2595);
#1781=LINE('',#11753,#2596);
#1782=LINE('',#11754,#2597);
#1783=LINE('',#11771,#2598);
#1784=LINE('',#11788,#2599);
#1785=LINE('',#11840,#2600);
#1786=LINE('',#11842,#2601);
#1787=LINE('',#11844,#2602);
#1788=LINE('',#11845,#2603);
#1789=LINE('',#11848,#2604);
#1790=LINE('',#11850,#2605);
#1791=LINE('',#11851,#2606);
#1792=LINE('',#11854,#2607);
#1793=LINE('',#11855,#2608);
#1794=LINE('',#11858,#2609);
#1795=LINE('',#11860,#2610);
#1796=LINE('',#11862,#2611);
#1797=LINE('',#11863,#2612);
#1798=LINE('',#11866,#2613);
#1799=LINE('',#11867,#2614);
#1800=LINE('',#11869,#2615);
#1801=LINE('',#11873,#2616);
#1802=LINE('',#11875,#2617);
#1803=LINE('',#11876,#2618);
#1804=LINE('',#11879,#2619);
#1805=LINE('',#11881,#2620);
#1806=LINE('',#11882,#2621);
#1807=LINE('',#11884,#2622);
#1808=LINE('',#11886,#2623);
#1809=LINE('',#11891,#2624);
#1810=LINE('',#11893,#2625);
#1811=LINE('',#11895,#2626);
#1812=LINE('',#11896,#2627);
#1813=LINE('',#11899,#2628);
#1814=LINE('',#11901,#2629);
#1815=LINE('',#11902,#2630);
#1816=LINE('',#11905,#2631);
#1817=LINE('',#11907,#2632);
#1818=LINE('',#11908,#2633);
#1819=LINE('',#11911,#2634);
#1820=LINE('',#11913,#2635);
#1821=LINE('',#11914,#2636);
#1822=LINE('',#11917,#2637);
#1823=LINE('',#11919,#2638);
#1824=LINE('',#11920,#2639);
#1825=LINE('',#11922,#2640);
#1826=LINE('',#11923,#2641);
#1827=LINE('',#11929,#2642);
#1828=LINE('',#11931,#2643);
#1829=LINE('',#11933,#2644);
#1830=LINE('',#11934,#2645);
#1831=LINE('',#11937,#2646);
#1832=LINE('',#11939,#2647);
#1833=LINE('',#11940,#2648);
#1834=LINE('',#11943,#2649);
#1835=LINE('',#11945,#2650);
#1836=LINE('',#11946,#2651);
#1837=LINE('',#11948,#2652);
#1838=LINE('',#11949,#2653);
#1839=LINE('',#11955,#2654);
#1840=LINE('',#11957,#2655);
#1841=LINE('',#11959,#2656);
#1842=LINE('',#11960,#2657);
#1843=LINE('',#11963,#2658);
#1844=LINE('',#11965,#2659);
#1845=LINE('',#11966,#2660);
#1846=LINE('',#11969,#2661);
#1847=LINE('',#11971,#2662);
#1848=LINE('',#11972,#2663);
#1849=LINE('',#11974,#2664);
#1850=LINE('',#11975,#2665);
#1851=LINE('',#11981,#2666);
#1852=LINE('',#11983,#2667);
#1853=LINE('',#11985,#2668);
#1854=LINE('',#11986,#2669);
#1855=LINE('',#11989,#2670);
#1856=LINE('',#11991,#2671);
#1857=LINE('',#11992,#2672);
#1858=LINE('',#11995,#2673);
#1859=LINE('',#11997,#2674);
#1860=LINE('',#11998,#2675);
#1861=LINE('',#12000,#2676);
#1862=LINE('',#12001,#2677);
#1863=LINE('',#12007,#2678);
#1864=LINE('',#12009,#2679);
#1865=LINE('',#12011,#2680);
#1866=LINE('',#12012,#2681);
#1867=LINE('',#12015,#2682);
#1868=LINE('',#12017,#2683);
#1869=LINE('',#12018,#2684);
#1870=LINE('',#12021,#2685);
#1871=LINE('',#12023,#2686);
#1872=LINE('',#12024,#2687);
#1873=LINE('',#12026,#2688);
#1874=LINE('',#12027,#2689);
#1875=LINE('',#12033,#2690);
#1876=LINE('',#12035,#2691);
#1877=LINE('',#12037,#2692);
#1878=LINE('',#12039,#2693);
#1879=LINE('',#12041,#2694);
#1880=LINE('',#12042,#2695);
#1881=LINE('',#12045,#2696);
#1882=LINE('',#12047,#2697);
#1883=LINE('',#12049,#2698);
#1884=LINE('',#12051,#2699);
#1885=LINE('',#12052,#2700);
#1886=LINE('',#12055,#2701);
#1887=LINE('',#12057,#2702);
#1888=LINE('',#12058,#2703);
#1889=LINE('',#12060,#2704);
#1890=LINE('',#12061,#2705);
#1891=LINE('',#12065,#2706);
#1892=LINE('',#12067,#2707);
#1893=LINE('',#12068,#2708);
#1894=LINE('',#12071,#2709);
#1895=LINE('',#12073,#2710);
#1896=LINE('',#12074,#2711);
#1897=LINE('',#12077,#2712);
#1898=LINE('',#12078,#2713);
#1899=LINE('',#12081,#2714);
#1900=LINE('',#12082,#2715);
#1901=LINE('',#12084,#2716);
#1902=LINE('',#12089,#2717);
#1903=LINE('',#12091,#2718);
#1904=LINE('',#12093,#2719);
#1905=LINE('',#12094,#2720);
#1906=LINE('',#12097,#2721);
#1907=LINE('',#12099,#2722);
#1908=LINE('',#12100,#2723);
#1909=LINE('',#12104,#2724);
#1910=LINE('',#12105,#2725);
#1911=LINE('',#12107,#2726);
#1912=LINE('',#12109,#2727);
#1913=LINE('',#12110,#2728);
#1914=LINE('',#12113,#2729);
#1915=LINE('',#12114,#2730);
#1916=LINE('',#12116,#2731);
#1917=LINE('',#12117,#2732);
#1918=LINE('',#12121,#2733);
#1919=LINE('',#12123,#2734);
#1920=LINE('',#12124,#2735);
#1921=LINE('',#12127,#2736);
#1922=LINE('',#12129,#2737);
#1923=LINE('',#12130,#2738);
#1924=LINE('',#12133,#2739);
#1925=LINE('',#12134,#2740);
#1926=LINE('',#12137,#2741);
#1927=LINE('',#12138,#2742);
#1928=LINE('',#12140,#2743);
#1929=LINE('',#12148,#2744);
#1930=LINE('',#12156,#2745);
#1931=LINE('',#12161,#2746);
#1932=LINE('',#12163,#2747);
#1933=LINE('',#12165,#2748);
#1934=LINE('',#12166,#2749);
#1935=LINE('',#12169,#2750);
#1936=LINE('',#12171,#2751);
#1937=LINE('',#12172,#2752);
#1938=LINE('',#12175,#2753);
#1939=LINE('',#12176,#2754);
#1940=LINE('',#12179,#2755);
#1941=LINE('',#12180,#2756);
#1942=LINE('',#12182,#2757);
#1943=LINE('',#12187,#2758);
#1944=LINE('',#12189,#2759);
#1945=LINE('',#12191,#2760);
#1946=LINE('',#12192,#2761);
#1947=LINE('',#12195,#2762);
#1948=LINE('',#12197,#2763);
#1949=LINE('',#12198,#2764);
#1950=LINE('',#12201,#2765);
#1951=LINE('',#12202,#2766);
#1952=LINE('',#12205,#2767);
#1953=LINE('',#12206,#2768);
#1954=LINE('',#12208,#2769);
#1955=LINE('',#12213,#2770);
#1956=LINE('',#12215,#2771);
#1957=LINE('',#12217,#2772);
#1958=LINE('',#12218,#2773);
#1959=LINE('',#12221,#2774);
#1960=LINE('',#12223,#2775);
#1961=LINE('',#12224,#2776);
#1962=LINE('',#12227,#2777);
#1963=LINE('',#12228,#2778);
#1964=LINE('',#12231,#2779);
#1965=LINE('',#12232,#2780);
#1966=LINE('',#12234,#2781);
#1967=LINE('',#12239,#2782);
#1968=LINE('',#12241,#2783);
#1969=LINE('',#12243,#2784);
#1970=LINE('',#12244,#2785);
#1971=LINE('',#12247,#2786);
#1972=LINE('',#12249,#2787);
#1973=LINE('',#12250,#2788);
#1974=LINE('',#12253,#2789);
#1975=LINE('',#12254,#2790);
#1976=LINE('',#12257,#2791);
#1977=LINE('',#12258,#2792);
#1978=LINE('',#12260,#2793);
#1979=LINE('',#12265,#2794);
#1980=LINE('',#12267,#2795);
#1981=LINE('',#12269,#2796);
#1982=LINE('',#12270,#2797);
#1983=LINE('',#12273,#2798);
#1984=LINE('',#12275,#2799);
#1985=LINE('',#12276,#2800);
#1986=LINE('',#12279,#2801);
#1987=LINE('',#12280,#2802);
#1988=LINE('',#12283,#2803);
#1989=LINE('',#12284,#2804);
#1990=LINE('',#12286,#2805);
#1991=LINE('',#12291,#2806);
#1992=LINE('',#12293,#2807);
#1993=LINE('',#12295,#2808);
#1994=LINE('',#12296,#2809);
#1995=LINE('',#12299,#2810);
#1996=LINE('',#12301,#2811);
#1997=LINE('',#12302,#2812);
#1998=LINE('',#12305,#2813);
#1999=LINE('',#12306,#2814);
#2000=LINE('',#12309,#2815);
#2001=LINE('',#12310,#2816);
#2002=LINE('',#12312,#2817);
#2003=LINE('',#12317,#2818);
#2004=LINE('',#12319,#2819);
#2005=LINE('',#12321,#2820);
#2006=LINE('',#12322,#2821);
#2007=LINE('',#12325,#2822);
#2008=LINE('',#12327,#2823);
#2009=LINE('',#12328,#2824);
#2010=LINE('',#12331,#2825);
#2011=LINE('',#12332,#2826);
#2012=LINE('',#12335,#2827);
#2013=LINE('',#12336,#2828);
#2014=LINE('',#12338,#2829);
#2015=LINE('',#12343,#2830);
#2016=LINE('',#12345,#2831);
#2017=LINE('',#12347,#2832);
#2018=LINE('',#12348,#2833);
#2019=LINE('',#12351,#2834);
#2020=LINE('',#12353,#2835);
#2021=LINE('',#12354,#2836);
#2022=LINE('',#12357,#2837);
#2023=LINE('',#12358,#2838);
#2024=LINE('',#12361,#2839);
#2025=LINE('',#12362,#2840);
#2026=LINE('',#12364,#2841);
#2027=LINE('',#12369,#2842);
#2028=LINE('',#12371,#2843);
#2029=LINE('',#12373,#2844);
#2030=LINE('',#12374,#2845);
#2031=LINE('',#12377,#2846);
#2032=LINE('',#12379,#2847);
#2033=LINE('',#12380,#2848);
#2034=LINE('',#12383,#2849);
#2035=LINE('',#12384,#2850);
#2036=LINE('',#12387,#2851);
#2037=LINE('',#12388,#2852);
#2038=LINE('',#12390,#2853);
#2039=LINE('',#12395,#2854);
#2040=LINE('',#12397,#2855);
#2041=LINE('',#12399,#2856);
#2042=LINE('',#12400,#2857);
#2043=LINE('',#12403,#2858);
#2044=LINE('',#12405,#2859);
#2045=LINE('',#12406,#2860);
#2046=LINE('',#12409,#2861);
#2047=LINE('',#12410,#2862);
#2048=LINE('',#12413,#2863);
#2049=LINE('',#12414,#2864);
#2050=LINE('',#12416,#2865);
#2051=LINE('',#12424,#2866);
#2052=LINE('',#12432,#2867);
#2053=LINE('',#12440,#2868);
#2054=LINE('',#12448,#2869);
#2055=VECTOR('',#7735,10.);
#2056=VECTOR('',#7736,10.);
#2057=VECTOR('',#7737,10.);
#2058=VECTOR('',#7738,10.);
#2059=VECTOR('',#7741,10.);
#2060=VECTOR('',#7742,10.);
#2061=VECTOR('',#7743,10.);
#2062=VECTOR('',#7746,10.);
#2063=VECTOR('',#7747,10.);
#2064=VECTOR('',#7750,10.);
#2065=VECTOR('',#7751,10.);
#2066=VECTOR('',#7752,10.);
#2067=VECTOR('',#7753,10.);
#2068=VECTOR('',#7754,10.);
#2069=VECTOR('',#7755,10.);
#2070=VECTOR('',#7758,10.);
#2071=VECTOR('',#7763,10.);
#2072=VECTOR('',#7764,10.);
#2073=VECTOR('',#7765,10.);
#2074=VECTOR('',#7766,10.);
#2075=VECTOR('',#7769,10.);
#2076=VECTOR('',#7770,10.);
#2077=VECTOR('',#7773,10.);
#2078=VECTOR('',#7776,10.);
#2079=VECTOR('',#7789,10.);
#2080=VECTOR('',#7790,950.420959364849);
#2081=VECTOR('',#7791,10.);
#2082=VECTOR('',#7792,829.941014390757);
#2083=VECTOR('',#7793,10.);
#2084=VECTOR('',#7804,10.);
#2085=VECTOR('',#7805,1213.4249049694);
#2086=VECTOR('',#7806,10.);
#2087=VECTOR('',#7807,1234.86841404257);
#2088=VECTOR('',#7808,10.);
#2089=VECTOR('',#7811,10.);
#2090=VECTOR('',#7812,10.);
#2091=VECTOR('',#7813,10.);
#2092=VECTOR('',#7814,10.);
#2093=VECTOR('',#7815,10.);
#2094=VECTOR('',#7816,10.);
#2095=VECTOR('',#7819,10.);
#2096=VECTOR('',#7820,10.);
#2097=VECTOR('',#7821,10.);
#2098=VECTOR('',#7824,10.);
#2099=VECTOR('',#7825,10.);
#2100=VECTOR('',#7826,10.);
#2101=VECTOR('',#7829,10.);
#2102=VECTOR('',#7830,10.);
#2103=VECTOR('',#7831,10.);
#2104=VECTOR('',#7832,10.);
#2105=VECTOR('',#7837,10.);
#2106=VECTOR('',#7840,10.);
#2107=VECTOR('',#7841,10.);
#2108=VECTOR('',#7842,10.);
#2109=VECTOR('',#7843,10.);
#2110=VECTOR('',#7844,10.);
#2111=VECTOR('',#7847,10.);
#2112=VECTOR('',#7848,10.);
#2113=VECTOR('',#7849,10.);
#2114=VECTOR('',#7850,10.);
#2115=VECTOR('',#7853,10.);
#2116=VECTOR('',#7854,10.);
#2117=VECTOR('',#7855,10.);
#2118=VECTOR('',#7858,10.);
#2119=VECTOR('',#7859,10.);
#2120=VECTOR('',#7860,10.);
#2121=VECTOR('',#7863,10.);
#2122=VECTOR('',#7864,10.);
#2123=VECTOR('',#7869,10.);
#2124=VECTOR('',#7870,10.);
#2125=VECTOR('',#7871,10.);
#2126=VECTOR('',#7872,10.);
#2127=VECTOR('',#7875,10.);
#2128=VECTOR('',#7876,10.);
#2129=VECTOR('',#7877,10.);
#2130=VECTOR('',#7878,10.);
#2131=VECTOR('',#7879,10.);
#2132=VECTOR('',#7882,10.);
#2133=VECTOR('',#7883,10.);
#2134=VECTOR('',#7884,10.);
#2135=VECTOR('',#7885,10.);
#2136=VECTOR('',#7886,10.);
#2137=VECTOR('',#7889,10.);
#2138=VECTOR('',#7890,10.);
#2139=VECTOR('',#7895,10.);
#2140=VECTOR('',#7898,10.);
#2141=VECTOR('',#7899,10.);
#2142=VECTOR('',#7900,10.);
#2143=VECTOR('',#7901,10.);
#2144=VECTOR('',#7902,10.);
#2145=VECTOR('',#7905,10.);
#2146=VECTOR('',#7906,10.);
#2147=VECTOR('',#7907,10.);
#2148=VECTOR('',#7908,10.);
#2149=VECTOR('',#7911,10.);
#2150=VECTOR('',#7912,10.);
#2151=VECTOR('',#7913,10.);
#2152=VECTOR('',#7916,10.);
#2153=VECTOR('',#7917,10.);
#2154=VECTOR('',#7918,10.);
#2155=VECTOR('',#7921,10.);
#2156=VECTOR('',#7922,10.);
#2157=VECTOR('',#7927,10.);
#2158=VECTOR('',#7928,10.);
#2159=VECTOR('',#7929,10.);
#2160=VECTOR('',#7930,10.);
#2161=VECTOR('',#7931,10.);
#2162=VECTOR('',#7932,10.);
#2163=VECTOR('',#7935,10.);
#2164=VECTOR('',#7936,10.);
#2165=VECTOR('',#7939,10.);
#2166=VECTOR('',#7940,10.);
#2167=VECTOR('',#7941,10.);
#2168=VECTOR('',#7946,10.);
#2169=VECTOR('',#7947,10.);
#2170=VECTOR('',#7950,10.);
#2171=VECTOR('',#7951,10.);
#2172=VECTOR('',#7952,10.);
#2173=VECTOR('',#7955,1528.82307674891);
#2174=VECTOR('',#7956,10.);
#2175=VECTOR('',#7957,10.);
#2176=VECTOR('',#7958,10.);
#2177=VECTOR('',#7959,10.);
#2178=VECTOR('',#7960,1940.8245670333);
#2179=VECTOR('',#7961,1940.8245670333);
#2180=VECTOR('',#7962,1940.8245670333);
#2181=VECTOR('',#7963,10.);
#2182=VECTOR('',#7968,10.);
#2183=VECTOR('',#7969,10.);
#2184=VECTOR('',#7976,10.);
#2185=VECTOR('',#7979,10.);
#2186=VECTOR('',#7980,10.);
#2187=VECTOR('',#7981,10.);
#2188=VECTOR('',#7984,10.);
#2189=VECTOR('',#7993,10.);
#2190=VECTOR('',#7994,10.);
#2191=VECTOR('',#7995,10.);
#2192=VECTOR('',#7996,10.);
#2193=VECTOR('',#7997,10.);
#2194=VECTOR('',#7998,10.);
#2195=VECTOR('',#8001,10.);
#2196=VECTOR('',#8002,10.);
#2197=VECTOR('',#8003,10.);
#2198=VECTOR('',#8006,10.);
#2199=VECTOR('',#8007,10.);
#2200=VECTOR('',#8010,10.);
#2201=VECTOR('',#8011,10.);
#2202=VECTOR('',#8014,10.);
#2203=VECTOR('',#8017,934.023554306849);
#2204=VECTOR('',#8018,10.);
#2205=VECTOR('',#8019,10.);
#2206=VECTOR('',#8020,790.506166958867);
#2207=VECTOR('',#8021,790.506166958867);
#2208=VECTOR('',#8022,10.);
#2209=VECTOR('',#8025,10.);
#2210=VECTOR('',#8026,10.);
#2211=VECTOR('',#8027,10.);
#2212=VECTOR('',#8028,10.);
#2213=VECTOR('',#8029,10.);
#2214=VECTOR('',#8030,10.);
#2215=VECTOR('',#8033,10.);
#2216=VECTOR('',#8034,10.);
#2217=VECTOR('',#8037,10.);
#2218=VECTOR('',#8038,10.);
#2219=VECTOR('',#8041,10.);
#2220=VECTOR('',#8042,10.);
#2221=VECTOR('',#8043,10.);
#2222=VECTOR('',#8044,10.);
#2223=VECTOR('',#8047,10.);
#2224=VECTOR('',#8050,10.);
#2225=VECTOR('',#8057,10.);
#2226=VECTOR('',#8058,10.);
#2227=VECTOR('',#8061,10.);
#2228=VECTOR('',#8062,1940.8245670333);
#2229=VECTOR('',#8063,1940.8245670333);
#2230=VECTOR('',#8064,1940.8245670333);
#2231=VECTOR('',#8065,10.);
#2232=VECTOR('',#8066,10.);
#2233=VECTOR('',#8067,10.);
#2234=VECTOR('',#8068,10.);
#2235=VECTOR('',#8069,1528.82307674891);
#2236=VECTOR('',#8074,10.);
#2237=VECTOR('',#8075,10.);
#2238=VECTOR('',#8076,10.);
#2239=VECTOR('',#8079,10.);
#2240=VECTOR('',#8080,10.);
#2241=VECTOR('',#8087,10.);
#2242=VECTOR('',#8092,10.);
#2243=VECTOR('',#8093,10.);
#2244=VECTOR('',#8094,10.);
#2245=VECTOR('',#8095,10.);
#2246=VECTOR('',#8096,10.);
#2247=VECTOR('',#8099,10.);
#2248=VECTOR('',#8100,10.);
#2249=VECTOR('',#8101,10.);
#2250=VECTOR('',#8104,10.);
#2251=VECTOR('',#8105,10.);
#2252=VECTOR('',#8108,10.);
#2253=VECTOR('',#8109,10.);
#2254=VECTOR('',#8112,10.);
#2255=VECTOR('',#8115,10.);
#2256=VECTOR('',#8116,1314.68627436358);
#2257=VECTOR('',#8117,10.);
#2258=VECTOR('',#8120,10.);
#2259=VECTOR('',#8121,1280.20994991761);
#2260=VECTOR('',#8124,1263.64551991451);
#2261=VECTOR('',#8125,1263.64551991451);
#2262=VECTOR('',#8126,10.);
#2263=VECTOR('',#8139,10.);
#2264=VECTOR('',#8140,1263.64551991451);
#2265=VECTOR('',#8141,1263.64551991451);
#2266=VECTOR('',#8154,10.);
#2267=VECTOR('',#8155,1859.78563772036);
#2268=VECTOR('',#8156,1859.78563772036);
#2269=VECTOR('',#8157,1226.99874237462);
#2270=VECTOR('',#8158,10.);
#2271=VECTOR('',#8161,10.);
#2272=VECTOR('',#8162,10.);
#2273=VECTOR('',#8163,10.);
#2274=VECTOR('',#8164,10.);
#2275=VECTOR('',#8165,10.);
#2276=VECTOR('',#8166,10.);
#2277=VECTOR('',#8167,10.);
#2278=VECTOR('',#8170,10.);
#2279=VECTOR('',#8171,10.);
#2280=VECTOR('',#8172,10.);
#2281=VECTOR('',#8175,10.);
#2282=VECTOR('',#8176,10.);
#2283=VECTOR('',#8177,10.);
#2284=VECTOR('',#8180,10.);
#2285=VECTOR('',#8181,10.);
#2286=VECTOR('',#8182,10.);
#2287=VECTOR('',#8183,10.);
#2288=VECTOR('',#8184,10.);
#2289=VECTOR('',#8185,10.);
#2290=VECTOR('',#8186,10.);
#2291=VECTOR('',#8189,10.);
#2292=VECTOR('',#8192,10.);
#2293=VECTOR('',#8193,10.);
#2294=VECTOR('',#8194,10.);
#2295=VECTOR('',#8195,10.);
#2296=VECTOR('',#8200,10.);
#2297=VECTOR('',#8201,10.);
#2298=VECTOR('',#8202,10.);
#2299=VECTOR('',#8203,10.);
#2300=VECTOR('',#8204,10.);
#2301=VECTOR('',#8205,10.);
#2302=VECTOR('',#8206,10.);
#2303=VECTOR('',#8207,10.);
#2304=VECTOR('',#8208,10.);
#2305=VECTOR('',#8209,10.);
#2306=VECTOR('',#8212,10.);
#2307=VECTOR('',#8213,10.);
#2308=VECTOR('',#8216,10.);
#2309=VECTOR('',#8217,10.);
#2310=VECTOR('',#8220,10.);
#2311=VECTOR('',#8221,10.);
#2312=VECTOR('',#8222,10.);
#2313=VECTOR('',#8223,10.);
#2314=VECTOR('',#8224,10.);
#2315=VECTOR('',#8225,10.);
#2316=VECTOR('',#8226,10.);
#2317=VECTOR('',#8227,10.);
#2318=VECTOR('',#8230,10.);
#2319=VECTOR('',#8231,10.);
#2320=VECTOR('',#8234,10.);
#2321=VECTOR('',#8235,10.);
#2322=VECTOR('',#8236,10.);
#2323=VECTOR('',#8237,10.);
#2324=VECTOR('',#8238,10.);
#2325=VECTOR('',#8239,10.);
#2326=VECTOR('',#8240,10.);
#2327=VECTOR('',#8243,10.);
#2328=VECTOR('',#8244,10.);
#2329=VECTOR('',#8245,10.);
#2330=VECTOR('',#8248,10.);
#2331=VECTOR('',#8249,10.);
#2332=VECTOR('',#8250,10.);
#2333=VECTOR('',#8251,10.);
#2334=VECTOR('',#8252,10.);
#2335=VECTOR('',#8253,10.);
#2336=VECTOR('',#8254,10.);
#2337=VECTOR('',#8257,10.);
#2338=VECTOR('',#8258,10.);
#2339=VECTOR('',#8261,10.);
#2340=VECTOR('',#8262,10.);
#2341=VECTOR('',#8265,10.);
#2342=VECTOR('',#8266,10.);
#2343=VECTOR('',#8267,10.);
#2344=VECTOR('',#8268,10.);
#2345=VECTOR('',#8273,10.);
#2346=VECTOR('',#8274,10.);
#2347=VECTOR('',#8277,10.);
#2348=VECTOR('',#8278,10.);
#2349=VECTOR('',#8281,10.);
#2350=VECTOR('',#8284,10.);
#2351=VECTOR('',#8285,10.);
#2352=VECTOR('',#8286,10.);
#2353=VECTOR('',#8291,10.);
#2354=VECTOR('',#8292,10.);
#2355=VECTOR('',#8293,10.);
#2356=VECTOR('',#8294,10.);
#2357=VECTOR('',#8295,10.);
#2358=VECTOR('',#8296,10.);
#2359=VECTOR('',#8297,10.);
#2360=VECTOR('',#8298,10.);
#2361=VECTOR('',#8301,10.);
#2362=VECTOR('',#8302,10.);
#2363=VECTOR('',#8305,10.);
#2364=VECTOR('',#8308,10.);
#2365=VECTOR('',#8313,10.);
#2366=VECTOR('',#8314,10.);
#2367=VECTOR('',#8315,10.);
#2368=VECTOR('',#8318,10.);
#2369=VECTOR('',#8319,10.);
#2370=VECTOR('',#8322,10.);
#2371=VECTOR('',#8323,10.);
#2372=VECTOR('',#8326,10.);
#2373=VECTOR('',#8329,10.);
#2374=VECTOR('',#8330,10.);
#2375=VECTOR('',#8331,10.);
#2376=VECTOR('',#8332,10.);
#2377=VECTOR('',#8333,10.);
#2378=VECTOR('',#8336,10.);
#2379=VECTOR('',#8339,10.);
#2380=VECTOR('',#8344,10.);
#2381=VECTOR('',#8345,10.);
#2382=VECTOR('',#8348,10.);
#2383=VECTOR('',#8351,10.);
#2384=VECTOR('',#8352,10.);
#2385=VECTOR('',#8361,10.);
#2386=VECTOR('',#8362,10.);
#2387=VECTOR('',#8363,10.);
#2388=VECTOR('',#8364,10.);
#2389=VECTOR('',#8365,10.);
#2390=VECTOR('',#8368,10.);
#2391=VECTOR('',#8371,10.);
#2392=VECTOR('',#8372,10.);
#2393=VECTOR('',#8373,1758.77798485198);
#2394=VECTOR('',#8376,10.);
#2395=VECTOR('',#8377,10.);
#2396=VECTOR('',#8380,10.);
#2397=VECTOR('',#8381,10.);
#2398=VECTOR('',#8384,10.);
#2399=VECTOR('',#8387,10.);
#2400=VECTOR('',#8392,10.);
#2401=VECTOR('',#8393,1613.47451172927);
#2402=VECTOR('',#8394,10.);
#2403=VECTOR('',#8395,1941.64878389476);
#2404=VECTOR('',#8396,1941.64878389476);
#2405=VECTOR('',#8399,10.);
#2406=VECTOR('',#8400,10.);
#2407=VECTOR('',#8401,10.);
#2408=VECTOR('',#8404,10.);
#2409=VECTOR('',#8407,10.);
#2410=VECTOR('',#8410,10.);
#2411=VECTOR('',#8411,10.);
#2412=VECTOR('',#8414,10.);
#2413=VECTOR('',#8419,10.);
#2414=VECTOR('',#8420,1941.64878389476);
#2415=VECTOR('',#8421,1941.64878389476);
#2416=VECTOR('',#8422,10.);
#2417=VECTOR('',#8423,1613.47451172927);
#2418=VECTOR('',#8424,1358.97019834874);
#2419=VECTOR('',#8425,10.);
#2420=VECTOR('',#8426,1358.97019834874);
#2421=VECTOR('',#8429,10.);
#2422=VECTOR('',#8430,10.);
#2423=VECTOR('',#8433,10.);
#2424=VECTOR('',#8434,10.);
#2425=VECTOR('',#8437,10.);
#2426=VECTOR('',#8438,10.);
#2427=VECTOR('',#8441,10.);
#2428=VECTOR('',#8444,10.);
#2429=VECTOR('',#8445,1358.97019834874);
#2430=VECTOR('',#8446,10.);
#2431=VECTOR('',#8449,10.);
#2432=VECTOR('',#8452,10.);
#2433=VECTOR('',#8455,1859.78563772036);
#2434=VECTOR('',#8456,1859.78563772036);
#2435=VECTOR('',#8457,10.);
#2436=VECTOR('',#8460,10.);
#2437=VECTOR('',#8461,10.);
#2438=VECTOR('',#8462,10.);
#2439=VECTOR('',#8463,10.);
#2440=VECTOR('',#8466,10.);
#2441=VECTOR('',#8467,10.);
#2442=VECTOR('',#8468,10.);
#2443=VECTOR('',#8469,10.);
#2444=VECTOR('',#8470,10.);
#2445=VECTOR('',#8471,10.);
#2446=VECTOR('',#8472,10.);
#2447=VECTOR('',#8475,10.);
#2448=VECTOR('',#8476,10.);
#2449=VECTOR('',#8477,10.);
#2450=VECTOR('',#8480,10.);
#2451=VECTOR('',#8481,10.);
#2452=VECTOR('',#8484,10.);
#2453=VECTOR('',#8485,10.);
#2454=VECTOR('',#8488,10.);
#2455=VECTOR('',#8489,10.);
#2456=VECTOR('',#8492,10.);
#2457=VECTOR('',#8495,10.);
#2458=VECTOR('',#8496,10.);
#2459=VECTOR('',#8497,10.);
#2460=VECTOR('',#8498,10.);
#2461=VECTOR('',#8501,10.);
#2462=VECTOR('',#8502,10.);
#2463=VECTOR('',#8503,10.);
#2464=VECTOR('',#8506,10.);
#2465=VECTOR('',#8507,10.);
#2466=VECTOR('',#8508,10.);
#2467=VECTOR('',#8511,10.);
#2468=VECTOR('',#8512,10.);
#2469=VECTOR('',#8513,10.);
#2470=VECTOR('',#8516,10.);
#2471=VECTOR('',#8517,10.);
#2472=VECTOR('',#8518,10.);
#2473=VECTOR('',#8521,10.);
#2474=VECTOR('',#8522,10.);
#2475=VECTOR('',#8527,10.);
#2476=VECTOR('',#8528,10.);
#2477=VECTOR('',#8529,10.);
#2478=VECTOR('',#8530,10.);
#2479=VECTOR('',#8533,10.);
#2480=VECTOR('',#8534,10.);
#2481=VECTOR('',#8535,10.);
#2482=VECTOR('',#8538,10.);
#2483=VECTOR('',#8539,10.);
#2484=VECTOR('',#8540,10.);
#2485=VECTOR('',#8543,10.);
#2486=VECTOR('',#8544,10.);
#2487=VECTOR('',#8551,10.);
#2488=VECTOR('',#8552,10.);
#2489=VECTOR('',#8553,10.);
#2490=VECTOR('',#8554,10.);
#2491=VECTOR('',#8557,10.);
#2492=VECTOR('',#8558,10.);
#2493=VECTOR('',#8559,10.);
#2494=VECTOR('',#8562,10.);
#2495=VECTOR('',#8563,10.);
#2496=VECTOR('',#8566,10.);
#2497=VECTOR('',#8567,10.);
#2498=VECTOR('',#8570,10.);
#2499=VECTOR('',#8575,10.);
#2500=VECTOR('',#8576,10.);
#2501=VECTOR('',#8577,10.);
#2502=VECTOR('',#8578,10.);
#2503=VECTOR('',#8581,10.);
#2504=VECTOR('',#8582,10.);
#2505=VECTOR('',#8585,10.);
#2506=VECTOR('',#8586,10.);
#2507=VECTOR('',#8589,10.);
#2508=VECTOR('',#8590,10.);
#2509=VECTOR('',#8595,10.);
#2510=VECTOR('',#8598,10.);
#2511=VECTOR('',#8599,10.);
#2512=VECTOR('',#8600,10.);
#2513=VECTOR('',#8601,10.);
#2514=VECTOR('',#8604,10.);
#2515=VECTOR('',#8605,10.);
#2516=VECTOR('',#8606,10.);
#2517=VECTOR('',#8609,10.);
#2518=VECTOR('',#8610,10.);
#2519=VECTOR('',#8611,10.);
#2520=VECTOR('',#8614,10.);
#2521=VECTOR('',#8615,10.);
#2522=VECTOR('',#8620,10.);
#2523=VECTOR('',#8621,10.);
#2524=VECTOR('',#8622,10.);
#2525=VECTOR('',#8623,10.);
#2526=VECTOR('',#8626,10.);
#2527=VECTOR('',#8627,10.);
#2528=VECTOR('',#8630,10.);
#2529=VECTOR('',#8631,10.);
#2530=VECTOR('',#8634,10.);
#2531=VECTOR('',#8635,10.);
#2532=VECTOR('',#8642,10.);
#2533=VECTOR('',#8645,10.);
#2534=VECTOR('',#8646,10.);
#2535=VECTOR('',#8647,10.);
#2536=VECTOR('',#8650,10.);
#2537=VECTOR('',#8651,10.);
#2538=VECTOR('',#8652,10.);
#2539=VECTOR('',#8655,10.);
#2540=VECTOR('',#8656,10.);
#2541=VECTOR('',#8659,10.);
#2542=VECTOR('',#8664,10.);
#2543=VECTOR('',#8665,10.);
#2544=VECTOR('',#8666,10.);
#2545=VECTOR('',#8667,10.);
#2546=VECTOR('',#8670,10.);
#2547=VECTOR('',#8671,10.);
#2548=VECTOR('',#8672,10.);
#2549=VECTOR('',#8675,10.);
#2550=VECTOR('',#8676,10.);
#2551=VECTOR('',#8677,10.);
#2552=VECTOR('',#8680,10.);
#2553=VECTOR('',#8681,10.);
#2554=VECTOR('',#8686,10.);
#2555=VECTOR('',#8687,10.);
#2556=VECTOR('',#8688,10.);
#2557=VECTOR('',#8691,10.);
#2558=VECTOR('',#8692,10.);
#2559=VECTOR('',#8695,10.);
#2560=VECTOR('',#8696,10.);
#2561=VECTOR('',#8699,10.);
#2562=VECTOR('',#8702,10.);
#2563=VECTOR('',#8703,10.);
#2564=VECTOR('',#8706,10.);
#2565=VECTOR('',#8707,10.);
#2566=VECTOR('',#8708,10.);
#2567=VECTOR('',#8711,10.);
#2568=VECTOR('',#8712,10.);
#2569=VECTOR('',#8715,10.);
#2570=VECTOR('',#8716,10.);
#2571=VECTOR('',#8719,10.);
#2572=VECTOR('',#8724,10.);
#2573=VECTOR('',#8725,10.);
#2574=VECTOR('',#8726,10.);
#2575=VECTOR('',#8727,10.);
#2576=VECTOR('',#8730,10.);
#2577=VECTOR('',#8731,10.);
#2578=VECTOR('',#8732,10.);
#2579=VECTOR('',#8735,10.);
#2580=VECTOR('',#8736,10.);
#2581=VECTOR('',#8739,10.);
#2582=VECTOR('',#8740,10.);
#2583=VECTOR('',#8743,10.);
#2584=VECTOR('',#8748,10.);
#2585=VECTOR('',#8749,10.);
#2586=VECTOR('',#8750,10.);
#2587=VECTOR('',#8751,10.);
#2588=VECTOR('',#8752,10.);
#2589=VECTOR('',#8753,1971.90263451317);
#2590=VECTOR('',#8754,1778.22508372603);
#2591=VECTOR('',#8755,1778.22508372603);
#2592=VECTOR('',#8756,10.);
#2593=VECTOR('',#8759,10.);
#2594=VECTOR('',#8760,10.);
#2595=VECTOR('',#8761,10.);
#2596=VECTOR('',#8762,10.);
#2597=VECTOR('',#8763,10.);
#2598=VECTOR('',#8764,1209.29731662648);
#2599=VECTOR('',#8765,1449.96551683135);
#2600=VECTOR('',#8768,10.);
#2601=VECTOR('',#8769,10.);
#2602=VECTOR('',#8770,10.);
#2603=VECTOR('',#8771,10.);
#2604=VECTOR('',#8774,10.);
#2605=VECTOR('',#8775,10.);
#2606=VECTOR('',#8776,10.);
#2607=VECTOR('',#8779,10.);
#2608=VECTOR('',#8780,10.);
#2609=VECTOR('',#8781,10.);
#2610=VECTOR('',#8782,10.);
#2611=VECTOR('',#8783,10.);
#2612=VECTOR('',#8784,10.);
#2613=VECTOR('',#8787,10.);
#2614=VECTOR('',#8788,10.);
#2615=VECTOR('',#8791,10.);
#2616=VECTOR('',#8796,10.);
#2617=VECTOR('',#8797,10.);
#2618=VECTOR('',#8798,10.);
#2619=VECTOR('',#8801,10.);
#2620=VECTOR('',#8802,10.);
#2621=VECTOR('',#8803,10.);
#2622=VECTOR('',#8806,10.);
#2623=VECTOR('',#8809,10.);
#2624=VECTOR('',#8814,10.);
#2625=VECTOR('',#8815,10.);
#2626=VECTOR('',#8816,10.);
#2627=VECTOR('',#8817,10.);
#2628=VECTOR('',#8820,10.);
#2629=VECTOR('',#8821,10.);
#2630=VECTOR('',#8822,10.);
#2631=VECTOR('',#8825,10.);
#2632=VECTOR('',#8826,10.);
#2633=VECTOR('',#8827,10.);
#2634=VECTOR('',#8830,10.);
#2635=VECTOR('',#8831,10.);
#2636=VECTOR('',#8832,10.);
#2637=VECTOR('',#8835,10.);
#2638=VECTOR('',#8836,10.);
#2639=VECTOR('',#8837,10.);
#2640=VECTOR('',#8840,10.);
#2641=VECTOR('',#8841,10.);
#2642=VECTOR('',#8848,10.);
#2643=VECTOR('',#8849,10.);
#2644=VECTOR('',#8850,10.);
#2645=VECTOR('',#8851,10.);
#2646=VECTOR('',#8854,10.);
#2647=VECTOR('',#8855,10.);
#2648=VECTOR('',#8856,10.);
#2649=VECTOR('',#8859,10.);
#2650=VECTOR('',#8860,10.);
#2651=VECTOR('',#8861,10.);
#2652=VECTOR('',#8864,10.);
#2653=VECTOR('',#8865,10.);
#2654=VECTOR('',#8872,10.);
#2655=VECTOR('',#8873,10.);
#2656=VECTOR('',#8874,10.);
#2657=VECTOR('',#8875,10.);
#2658=VECTOR('',#8878,10.);
#2659=VECTOR('',#8879,10.);
#2660=VECTOR('',#8880,10.);
#2661=VECTOR('',#8883,10.);
#2662=VECTOR('',#8884,10.);
#2663=VECTOR('',#8885,10.);
#2664=VECTOR('',#8888,10.);
#2665=VECTOR('',#8889,10.);
#2666=VECTOR('',#8896,10.);
#2667=VECTOR('',#8897,10.);
#2668=VECTOR('',#8898,10.);
#2669=VECTOR('',#8899,10.);
#2670=VECTOR('',#8902,10.);
#2671=VECTOR('',#8903,10.);
#2672=VECTOR('',#8904,10.);
#2673=VECTOR('',#8907,10.);
#2674=VECTOR('',#8908,10.);
#2675=VECTOR('',#8909,10.);
#2676=VECTOR('',#8912,10.);
#2677=VECTOR('',#8913,10.);
#2678=VECTOR('',#8920,10.);
#2679=VECTOR('',#8921,10.);
#2680=VECTOR('',#8922,10.);
#2681=VECTOR('',#8923,10.);
#2682=VECTOR('',#8926,10.);
#2683=VECTOR('',#8927,10.);
#2684=VECTOR('',#8928,10.);
#2685=VECTOR('',#8931,10.);
#2686=VECTOR('',#8932,10.);
#2687=VECTOR('',#8933,10.);
#2688=VECTOR('',#8936,10.);
#2689=VECTOR('',#8937,10.);
#2690=VECTOR('',#8944,10.);
#2691=VECTOR('',#8945,10.);
#2692=VECTOR('',#8946,10.);
#2693=VECTOR('',#8947,10.);
#2694=VECTOR('',#8948,10.);
#2695=VECTOR('',#8949,10.);
#2696=VECTOR('',#8952,10.);
#2697=VECTOR('',#8953,10.);
#2698=VECTOR('',#8954,10.);
#2699=VECTOR('',#8955,10.);
#2700=VECTOR('',#8956,10.);
#2701=VECTOR('',#8959,10.);
#2702=VECTOR('',#8960,10.);
#2703=VECTOR('',#8961,10.);
#2704=VECTOR('',#8964,10.);
#2705=VECTOR('',#8965,10.);
#2706=VECTOR('',#8970,10.);
#2707=VECTOR('',#8971,10.);
#2708=VECTOR('',#8972,10.);
#2709=VECTOR('',#8975,10.);
#2710=VECTOR('',#8976,10.);
#2711=VECTOR('',#8977,10.);
#2712=VECTOR('',#8980,10.);
#2713=VECTOR('',#8981,10.);
#2714=VECTOR('',#8984,10.);
#2715=VECTOR('',#8985,10.);
#2716=VECTOR('',#8988,10.);
#2717=VECTOR('',#8993,10.);
#2718=VECTOR('',#8994,10.);
#2719=VECTOR('',#8995,10.);
#2720=VECTOR('',#8996,10.);
#2721=VECTOR('',#8999,10.);
#2722=VECTOR('',#9000,10.);
#2723=VECTOR('',#9001,10.);
#2724=VECTOR('',#9004,10.);
#2725=VECTOR('',#9005,10.);
#2726=VECTOR('',#9006,10.);
#2727=VECTOR('',#9007,10.);
#2728=VECTOR('',#9008,10.);
#2729=VECTOR('',#9011,10.);
#2730=VECTOR('',#9012,10.);
#2731=VECTOR('',#9013,10.);
#2732=VECTOR('',#9014,10.);
#2733=VECTOR('',#9019,10.);
#2734=VECTOR('',#9020,10.);
#2735=VECTOR('',#9021,10.);
#2736=VECTOR('',#9024,10.);
#2737=VECTOR('',#9025,10.);
#2738=VECTOR('',#9026,10.);
#2739=VECTOR('',#9029,10.);
#2740=VECTOR('',#9030,10.);
#2741=VECTOR('',#9033,10.);
#2742=VECTOR('',#9034,10.);
#2743=VECTOR('',#9037,10.);
#2744=VECTOR('',#9048,160.);
#2745=VECTOR('',#9059,160.);
#2746=VECTOR('',#9064,10.);
#2747=VECTOR('',#9065,10.);
#2748=VECTOR('',#9066,10.);
#2749=VECTOR('',#9067,10.);
#2750=VECTOR('',#9070,10.);
#2751=VECTOR('',#9071,10.);
#2752=VECTOR('',#9072,10.);
#2753=VECTOR('',#9075,10.);
#2754=VECTOR('',#9076,10.);
#2755=VECTOR('',#9079,10.);
#2756=VECTOR('',#9080,10.);
#2757=VECTOR('',#9083,10.);
#2758=VECTOR('',#9088,10.);
#2759=VECTOR('',#9089,10.);
#2760=VECTOR('',#9090,10.);
#2761=VECTOR('',#9091,10.);
#2762=VECTOR('',#9094,10.);
#2763=VECTOR('',#9095,10.);
#2764=VECTOR('',#9096,10.);
#2765=VECTOR('',#9099,10.);
#2766=VECTOR('',#9100,10.);
#2767=VECTOR('',#9103,10.);
#2768=VECTOR('',#9104,10.);
#2769=VECTOR('',#9107,10.);
#2770=VECTOR('',#9112,10.);
#2771=VECTOR('',#9113,10.);
#2772=VECTOR('',#9114,10.);
#2773=VECTOR('',#9115,10.);
#2774=VECTOR('',#9118,10.);
#2775=VECTOR('',#9119,10.);
#2776=VECTOR('',#9120,10.);
#2777=VECTOR('',#9123,10.);
#2778=VECTOR('',#9124,10.);
#2779=VECTOR('',#9127,10.);
#2780=VECTOR('',#9128,10.);
#2781=VECTOR('',#9131,10.);
#2782=VECTOR('',#9136,10.);
#2783=VECTOR('',#9137,10.);
#2784=VECTOR('',#9138,10.);
#2785=VECTOR('',#9139,10.);
#2786=VECTOR('',#9142,10.);
#2787=VECTOR('',#9143,10.);
#2788=VECTOR('',#9144,10.);
#2789=VECTOR('',#9147,10.);
#2790=VECTOR('',#9148,10.);
#2791=VECTOR('',#9151,10.);
#2792=VECTOR('',#9152,10.);
#2793=VECTOR('',#9155,10.);
#2794=VECTOR('',#9160,10.);
#2795=VECTOR('',#9161,10.);
#2796=VECTOR('',#9162,10.);
#2797=VECTOR('',#9163,10.);
#2798=VECTOR('',#9166,10.);
#2799=VECTOR('',#9167,10.);
#2800=VECTOR('',#9168,10.);
#2801=VECTOR('',#9171,10.);
#2802=VECTOR('',#9172,10.);
#2803=VECTOR('',#9175,10.);
#2804=VECTOR('',#9176,10.);
#2805=VECTOR('',#9179,10.);
#2806=VECTOR('',#9184,10.);
#2807=VECTOR('',#9185,10.);
#2808=VECTOR('',#9186,10.);
#2809=VECTOR('',#9187,10.);
#2810=VECTOR('',#9190,10.);
#2811=VECTOR('',#9191,10.);
#2812=VECTOR('',#9192,10.);
#2813=VECTOR('',#9195,10.);
#2814=VECTOR('',#9196,10.);
#2815=VECTOR('',#9199,10.);
#2816=VECTOR('',#9200,10.);
#2817=VECTOR('',#9203,10.);
#2818=VECTOR('',#9208,10.);
#2819=VECTOR('',#9209,10.);
#2820=VECTOR('',#9210,10.);
#2821=VECTOR('',#9211,10.);
#2822=VECTOR('',#9214,10.);
#2823=VECTOR('',#9215,10.);
#2824=VECTOR('',#9216,10.);
#2825=VECTOR('',#9219,10.);
#2826=VECTOR('',#9220,10.);
#2827=VECTOR('',#9223,10.);
#2828=VECTOR('',#9224,10.);
#2829=VECTOR('',#9227,10.);
#2830=VECTOR('',#9232,10.);
#2831=VECTOR('',#9233,10.);
#2832=VECTOR('',#9234,10.);
#2833=VECTOR('',#9235,10.);
#2834=VECTOR('',#9238,10.);
#2835=VECTOR('',#9239,10.);
#2836=VECTOR('',#9240,10.);
#2837=VECTOR('',#9243,10.);
#2838=VECTOR('',#9244,10.);
#2839=VECTOR('',#9247,10.);
#2840=VECTOR('',#9248,10.);
#2841=VECTOR('',#9251,10.);
#2842=VECTOR('',#9256,10.);
#2843=VECTOR('',#9257,10.);
#2844=VECTOR('',#9258,10.);
#2845=VECTOR('',#9259,10.);
#2846=VECTOR('',#9262,10.);
#2847=VECTOR('',#9263,10.);
#2848=VECTOR('',#9264,10.);
#2849=VECTOR('',#9267,10.);
#2850=VECTOR('',#9268,10.);
#2851=VECTOR('',#9271,10.);
#2852=VECTOR('',#9272,10.);
#2853=VECTOR('',#9275,10.);
#2854=VECTOR('',#9280,10.);
#2855=VECTOR('',#9281,10.);
#2856=VECTOR('',#9282,10.);
#2857=VECTOR('',#9283,10.);
#2858=VECTOR('',#9286,10.);
#2859=VECTOR('',#9287,10.);
#2860=VECTOR('',#9288,10.);
#2861=VECTOR('',#9291,10.);
#2862=VECTOR('',#9292,10.);
#2863=VECTOR('',#9295,10.);
#2864=VECTOR('',#9296,10.);
#2865=VECTOR('',#9299,10.);
#2866=VECTOR('',#9310,100.);
#2867=VECTOR('',#9321,100.);
#2868=VECTOR('',#9332,100.);
#2869=VECTOR('',#9343,100.);
#2870=VERTEX_POINT('',#9348);
#2871=VERTEX_POINT('',#9349);
#2872=VERTEX_POINT('',#9351);
#2873=VERTEX_POINT('',#9353);
#2874=VERTEX_POINT('',#9357);
#2875=VERTEX_POINT('',#9359);
#2876=VERTEX_POINT('',#9363);
#2877=VERTEX_POINT('',#9367);
#2878=VERTEX_POINT('',#9370);
#2879=VERTEX_POINT('',#9371);
#2880=VERTEX_POINT('',#9373);
#2881=VERTEX_POINT('',#9375);
#2882=VERTEX_POINT('',#9382);
#2883=VERTEX_POINT('',#9383);
#2884=VERTEX_POINT('',#9385);
#2885=VERTEX_POINT('',#9387);
#2886=VERTEX_POINT('',#9399);
#2887=VERTEX_POINT('',#9400);
#2888=VERTEX_POINT('',#9405);
#2889=VERTEX_POINT('',#9410);
#2890=VERTEX_POINT('',#9412);
#2891=VERTEX_POINT('',#9417);
#2892=VERTEX_POINT('',#9449);
#2893=VERTEX_POINT('',#9451);
#2894=VERTEX_POINT('',#9453);
#2895=VERTEX_POINT('',#9455);
#2896=VERTEX_POINT('',#9459);
#2897=VERTEX_POINT('',#9460);
#2898=VERTEX_POINT('',#9465);
#2899=VERTEX_POINT('',#9470);
#2900=VERTEX_POINT('',#9472);
#2901=VERTEX_POINT('',#9477);
#2902=VERTEX_POINT('',#9509);
#2903=VERTEX_POINT('',#9511);
#2904=VERTEX_POINT('',#9513);
#2905=VERTEX_POINT('',#9515);
#2906=VERTEX_POINT('',#9519);
#2907=VERTEX_POINT('',#9520);
#2908=VERTEX_POINT('',#9522);
#2909=VERTEX_POINT('',#9524);
#2910=VERTEX_POINT('',#9526);
#2911=VERTEX_POINT('',#9528);
#2912=VERTEX_POINT('',#9532);
#2913=VERTEX_POINT('',#9534);
#2914=VERTEX_POINT('',#9538);
#2915=VERTEX_POINT('',#9540);
#2916=VERTEX_POINT('',#9544);
#2917=VERTEX_POINT('',#9545);
#2918=VERTEX_POINT('',#9554);
#2919=VERTEX_POINT('',#9556);
#2920=VERTEX_POINT('',#9558);
#2921=VERTEX_POINT('',#9560);
#2922=VERTEX_POINT('',#9564);
#2923=VERTEX_POINT('',#9565);
#2924=VERTEX_POINT('',#9567);
#2925=VERTEX_POINT('',#9569);
#2926=VERTEX_POINT('',#9573);
#2927=VERTEX_POINT('',#9575);
#2928=VERTEX_POINT('',#9579);
#2929=VERTEX_POINT('',#9581);
#2930=VERTEX_POINT('',#9589);
#2931=VERTEX_POINT('',#9590);
#2932=VERTEX_POINT('',#9592);
#2933=VERTEX_POINT('',#9594);
#2934=VERTEX_POINT('',#9598);
#2935=VERTEX_POINT('',#9600);
#2936=VERTEX_POINT('',#9602);
#2937=VERTEX_POINT('',#9604);
#2938=VERTEX_POINT('',#9608);
#2939=VERTEX_POINT('',#9610);
#2940=VERTEX_POINT('',#9612);
#2941=VERTEX_POINT('',#9614);
#2942=VERTEX_POINT('',#9624);
#2943=VERTEX_POINT('',#9626);
#2944=VERTEX_POINT('',#9628);
#2945=VERTEX_POINT('',#9630);
#2946=VERTEX_POINT('',#9634);
#2947=VERTEX_POINT('',#9635);
#2948=VERTEX_POINT('',#9637);
#2949=VERTEX_POINT('',#9639);
#2950=VERTEX_POINT('',#9643);
#2951=VERTEX_POINT('',#9645);
#2952=VERTEX_POINT('',#9649);
#2953=VERTEX_POINT('',#9651);
#2954=VERTEX_POINT('',#9659);
#2955=VERTEX_POINT('',#9660);
#2956=VERTEX_POINT('',#9665);
#2957=VERTEX_POINT('',#9667);
#2958=VERTEX_POINT('',#9672);
#2959=VERTEX_POINT('',#9674);
#2960=VERTEX_POINT('',#9676);
#2961=VERTEX_POINT('',#9678);
#2962=VERTEX_POINT('',#9682);
#2963=VERTEX_POINT('',#9687);
#2964=VERTEX_POINT('',#9691);
#2965=VERTEX_POINT('',#9692);
#2966=VERTEX_POINT('',#9698);
#2967=VERTEX_POINT('',#9707);
#2968=VERTEX_POINT('',#9711);
#2969=VERTEX_POINT('',#9717);
#2970=VERTEX_POINT('',#9722);
#2971=VERTEX_POINT('',#9742);
#2972=VERTEX_POINT('',#9747);
#2973=VERTEX_POINT('',#9749);
#2974=VERTEX_POINT('',#9751);
#2975=VERTEX_POINT('',#9756);
#2976=VERTEX_POINT('',#9761);
#2977=VERTEX_POINT('',#9766);
#2978=VERTEX_POINT('',#9768);
#2979=VERTEX_POINT('',#9773);
#2980=VERTEX_POINT('',#9778);
#2981=VERTEX_POINT('',#9783);
#2982=VERTEX_POINT('',#9785);
#2983=VERTEX_POINT('',#9790);
#2984=VERTEX_POINT('',#9795);
#2985=VERTEX_POINT('',#9797);
#2986=VERTEX_POINT('',#9799);
#2987=VERTEX_POINT('',#9804);
#2988=VERTEX_POINT('',#9809);
#2989=VERTEX_POINT('',#9811);
#2990=VERTEX_POINT('',#9816);
#2991=VERTEX_POINT('',#9839);
#2992=VERTEX_POINT('',#9841);
#2993=VERTEX_POINT('',#9846);
#2994=VERTEX_POINT('',#9851);
#2995=VERTEX_POINT('',#9858);
#2996=VERTEX_POINT('',#9860);
#2997=VERTEX_POINT('',#9862);
#2998=VERTEX_POINT('',#9864);
#2999=VERTEX_POINT('',#9871);
#3000=VERTEX_POINT('',#9876);
#3001=VERTEX_POINT('',#9880);
#3002=VERTEX_POINT('',#9881);
#3003=VERTEX_POINT('',#9888);
#3004=VERTEX_POINT('',#9893);
#3005=VERTEX_POINT('',#9905);
#3006=VERTEX_POINT('',#9906);
#3007=VERTEX_POINT('',#9914);
#3008=VERTEX_POINT('',#9916);
#3009=VERTEX_POINT('',#9921);
#3010=VERTEX_POINT('',#9923);
#3011=VERTEX_POINT('',#9925);
#3012=VERTEX_POINT('',#9927);
#3013=VERTEX_POINT('',#9931);
#3014=VERTEX_POINT('',#9933);
#3015=VERTEX_POINT('',#9937);
#3016=VERTEX_POINT('',#9941);
#3017=VERTEX_POINT('',#9945);
#3018=VERTEX_POINT('',#9982);
#3019=VERTEX_POINT('',#9984);
#3020=VERTEX_POINT('',#9986);
#3021=VERTEX_POINT('',#9988);
#3022=VERTEX_POINT('',#9990);
#3023=VERTEX_POINT('',#9994);
#3024=VERTEX_POINT('',#9995);
#3025=VERTEX_POINT('',#10000);
#3026=VERTEX_POINT('',#10002);
#3027=VERTEX_POINT('',#10004);
#3028=VERTEX_POINT('',#10009);
#3029=VERTEX_POINT('',#10011);
#3030=VERTEX_POINT('',#10013);
#3031=VERTEX_POINT('',#10017);
#3032=VERTEX_POINT('',#10018);
#3033=VERTEX_POINT('',#10023);
#3034=VERTEX_POINT('',#10027);
#3035=VERTEX_POINT('',#10032);
#3036=VERTEX_POINT('',#10036);
#3037=VERTEX_POINT('',#10041);
#3038=VERTEX_POINT('',#10047);
#3039=VERTEX_POINT('',#10049);
#3040=VERTEX_POINT('',#10062);
#3041=VERTEX_POINT('',#10067);
#3042=VERTEX_POINT('',#10072);
#3043=VERTEX_POINT('',#10074);
#3044=VERTEX_POINT('',#10076);
#3045=VERTEX_POINT('',#10095);
#3046=VERTEX_POINT('',#10100);
#3047=VERTEX_POINT('',#10102);
#3048=VERTEX_POINT('',#10107);
#3049=VERTEX_POINT('',#10112);
#3050=VERTEX_POINT('',#10114);
#3051=VERTEX_POINT('',#10143);
#3052=VERTEX_POINT('',#10148);
#3053=VERTEX_POINT('',#10150);
#3054=VERTEX_POINT('',#10155);
#3055=VERTEX_POINT('',#10160);
#3056=VERTEX_POINT('',#10162);
#3057=VERTEX_POINT('',#10164);
#3058=VERTEX_POINT('',#10169);
#3059=VERTEX_POINT('',#10174);
#3060=VERTEX_POINT('',#10176);
#3061=VERTEX_POINT('',#10181);
#3062=VERTEX_POINT('',#10186);
#3063=VERTEX_POINT('',#10191);
#3064=VERTEX_POINT('',#10193);
#3065=VERTEX_POINT('',#10198);
#3066=VERTEX_POINT('',#10203);
#3067=VERTEX_POINT('',#10208);
#3068=VERTEX_POINT('',#10217);
#3069=VERTEX_POINT('',#10218);
#3070=VERTEX_POINT('',#10223);
#3071=VERTEX_POINT('',#10227);
#3072=VERTEX_POINT('',#10234);
#3073=VERTEX_POINT('',#10239);
#3074=VERTEX_POINT('',#10241);
#3075=VERTEX_POINT('',#10250);
#3076=VERTEX_POINT('',#10255);
#3077=VERTEX_POINT('',#10263);
#3078=VERTEX_POINT('',#10265);
#3079=VERTEX_POINT('',#10267);
#3080=VERTEX_POINT('',#10269);
#3081=VERTEX_POINT('',#10273);
#3082=VERTEX_POINT('',#10275);
#3083=VERTEX_POINT('',#10279);
#3084=VERTEX_POINT('',#10284);
#3085=VERTEX_POINT('',#10292);
#3086=VERTEX_POINT('',#10314);
#3087=VERTEX_POINT('',#10319);
#3088=VERTEX_POINT('',#10344);
#3089=VERTEX_POINT('',#10368);
#3090=VERTEX_POINT('',#10373);
#3091=VERTEX_POINT('',#10378);
#3092=VERTEX_POINT('',#10380);
#3093=VERTEX_POINT('',#10395);
#3094=VERTEX_POINT('',#10400);
#3095=VERTEX_POINT('',#10404);
#3096=VERTEX_POINT('',#10405);
#3097=VERTEX_POINT('',#10410);
#3098=VERTEX_POINT('',#10417);
#3099=VERTEX_POINT('',#10456);
#3100=VERTEX_POINT('',#10491);
#3101=VERTEX_POINT('',#10494);
#3102=VERTEX_POINT('',#10496);
#3103=VERTEX_POINT('',#10506);
#3104=VERTEX_POINT('',#10513);
#3105=VERTEX_POINT('',#10549);
#3106=VERTEX_POINT('',#10554);
#3107=VERTEX_POINT('',#10563);
#3108=VERTEX_POINT('',#10565);
#3109=VERTEX_POINT('',#10567);
#3110=VERTEX_POINT('',#10572);
#3111=VERTEX_POINT('',#10577);
#3112=VERTEX_POINT('',#10582);
#3113=VERTEX_POINT('',#10584);
#3114=VERTEX_POINT('',#10589);
#3115=VERTEX_POINT('',#10616);
#3116=VERTEX_POINT('',#10621);
#3117=VERTEX_POINT('',#10628);
#3118=VERTEX_POINT('',#10633);
#3119=VERTEX_POINT('',#10638);
#3120=VERTEX_POINT('',#10642);
#3121=VERTEX_POINT('',#10644);
#3122=VERTEX_POINT('',#10646);
#3123=VERTEX_POINT('',#10648);
#3124=VERTEX_POINT('',#10650);
#3125=VERTEX_POINT('',#10652);
#3126=VERTEX_POINT('',#10656);
#3127=VERTEX_POINT('',#10658);
#3128=VERTEX_POINT('',#10662);
#3129=VERTEX_POINT('',#10664);
#3130=VERTEX_POINT('',#10668);
#3131=VERTEX_POINT('',#10669);
#3132=VERTEX_POINT('',#10673);
#3133=VERTEX_POINT('',#10674);
#3134=VERTEX_POINT('',#10676);
#3135=VERTEX_POINT('',#10678);
#3136=VERTEX_POINT('',#10684);
#3137=VERTEX_POINT('',#10687);
#3138=VERTEX_POINT('',#10692);
#3139=VERTEX_POINT('',#10694);
#3140=VERTEX_POINT('',#10696);
#3141=VERTEX_POINT('',#10698);
#3142=VERTEX_POINT('',#10700);
#3143=VERTEX_POINT('',#10707);
#3144=VERTEX_POINT('',#10710);
#3145=VERTEX_POINT('',#10711);
#3146=VERTEX_POINT('',#10713);
#3147=VERTEX_POINT('',#10715);
#3148=VERTEX_POINT('',#10719);
#3149=VERTEX_POINT('',#10723);
#3150=VERTEX_POINT('',#10727);
#3151=VERTEX_POINT('',#10729);
#3152=VERTEX_POINT('',#10737);
#3153=VERTEX_POINT('',#10740);
#3154=VERTEX_POINT('',#10741);
#3155=VERTEX_POINT('',#10743);
#3156=VERTEX_POINT('',#10745);
#3157=VERTEX_POINT('',#10749);
#3158=VERTEX_POINT('',#10753);
#3159=VERTEX_POINT('',#10755);
#3160=VERTEX_POINT('',#10757);
#3161=VERTEX_POINT('',#10759);
#3162=VERTEX_POINT('',#10761);
#3163=VERTEX_POINT('',#10763);
#3164=VERTEX_POINT('',#10767);
#3165=VERTEX_POINT('',#10769);
#3166=VERTEX_POINT('',#10773);
#3167=VERTEX_POINT('',#10775);
#3168=VERTEX_POINT('',#10778);
#3169=VERTEX_POINT('',#10779);
#3170=VERTEX_POINT('',#10781);
#3171=VERTEX_POINT('',#10783);
#3172=VERTEX_POINT('',#10787);
#3173=VERTEX_POINT('',#10791);
#3174=VERTEX_POINT('',#10795);
#3175=VERTEX_POINT('',#10798);
#3176=VERTEX_POINT('',#10803);
#3177=VERTEX_POINT('',#10807);
#3178=VERTEX_POINT('',#10813);
#3179=VERTEX_POINT('',#10815);
#3180=VERTEX_POINT('',#10820);
#3181=VERTEX_POINT('',#10823);
#3182=VERTEX_POINT('',#10826);
#3183=VERTEX_POINT('',#10827);
#3184=VERTEX_POINT('',#10829);
#3185=VERTEX_POINT('',#10831);
#3186=VERTEX_POINT('',#10843);
#3187=VERTEX_POINT('',#10845);
#3188=VERTEX_POINT('',#10849);
#3189=VERTEX_POINT('',#10853);
#3190=VERTEX_POINT('',#10859);
#3191=VERTEX_POINT('',#10862);
#3192=VERTEX_POINT('',#10864);
#3193=VERTEX_POINT('',#10873);
#3194=VERTEX_POINT('',#10889);
#3195=VERTEX_POINT('',#10891);
#3196=VERTEX_POINT('',#10893);
#3197=VERTEX_POINT('',#10895);
#3198=VERTEX_POINT('',#10899);
#3199=VERTEX_POINT('',#10909);
#3200=VERTEX_POINT('',#10931);
#3201=VERTEX_POINT('',#10933);
#3202=VERTEX_POINT('',#10940);
#3203=VERTEX_POINT('',#10941);
#3204=VERTEX_POINT('',#10946);
#3205=VERTEX_POINT('',#10950);
#3206=VERTEX_POINT('',#10951);
#3207=VERTEX_POINT('',#10956);
#3208=VERTEX_POINT('',#10960);
#3209=VERTEX_POINT('',#10967);
#3210=VERTEX_POINT('',#10999);
#3211=VERTEX_POINT('',#11001);
#3212=VERTEX_POINT('',#11003);
#3213=VERTEX_POINT('',#11008);
#3214=VERTEX_POINT('',#11009);
#3215=VERTEX_POINT('',#11014);
#3216=VERTEX_POINT('',#11016);
#3217=VERTEX_POINT('',#11020);
#3218=VERTEX_POINT('',#11027);
#3219=VERTEX_POINT('',#11028);
#3220=VERTEX_POINT('',#11039);
#3221=VERTEX_POINT('',#11040);
#3222=VERTEX_POINT('',#11045);
#3223=VERTEX_POINT('',#11049);
#3224=VERTEX_POINT('',#11061);
#3225=VERTEX_POINT('',#11086);
#3226=VERTEX_POINT('',#11089);
#3227=VERTEX_POINT('',#11091);
#3228=VERTEX_POINT('',#11110);
#3229=VERTEX_POINT('',#11112);
#3230=VERTEX_POINT('',#11120);
#3231=VERTEX_POINT('',#11121);
#3232=VERTEX_POINT('',#11132);
#3233=VERTEX_POINT('',#11136);
#3234=VERTEX_POINT('',#11140);
#3235=VERTEX_POINT('',#11144);
#3236=VERTEX_POINT('',#11177);
#3237=VERTEX_POINT('',#11196);
#3238=VERTEX_POINT('',#11201);
#3239=VERTEX_POINT('',#11212);
#3240=VERTEX_POINT('',#11221);
#3241=VERTEX_POINT('',#11226);
#3242=VERTEX_POINT('',#11233);
#3243=VERTEX_POINT('',#11260);
#3244=VERTEX_POINT('',#11262);
#3245=VERTEX_POINT('',#11267);
#3246=VERTEX_POINT('',#11272);
#3247=VERTEX_POINT('',#11277);
#3248=VERTEX_POINT('',#11280);
#3249=VERTEX_POINT('',#11285);
#3250=VERTEX_POINT('',#11295);
#3251=VERTEX_POINT('',#11296);
#3252=VERTEX_POINT('',#11298);
#3253=VERTEX_POINT('',#11300);
#3254=VERTEX_POINT('',#11304);
#3255=VERTEX_POINT('',#11306);
#3256=VERTEX_POINT('',#11308);
#3257=VERTEX_POINT('',#11310);
#3258=VERTEX_POINT('',#11312);
#3259=VERTEX_POINT('',#11314);
#3260=VERTEX_POINT('',#11318);
#3261=VERTEX_POINT('',#11320);
#3262=VERTEX_POINT('',#11324);
#3263=VERTEX_POINT('',#11331);
#3264=VERTEX_POINT('',#11337);
#3265=VERTEX_POINT('',#11338);
#3266=VERTEX_POINT('',#11340);
#3267=VERTEX_POINT('',#11342);
#3268=VERTEX_POINT('',#11346);
#3269=VERTEX_POINT('',#11348);
#3270=VERTEX_POINT('',#11353);
#3271=VERTEX_POINT('',#11357);
#3272=VERTEX_POINT('',#11359);
#3273=VERTEX_POINT('',#11363);
#3274=VERTEX_POINT('',#11365);
#3275=VERTEX_POINT('',#11373);
#3276=VERTEX_POINT('',#11375);
#3277=VERTEX_POINT('',#11377);
#3278=VERTEX_POINT('',#11381);
#3279=VERTEX_POINT('',#11383);
#3280=VERTEX_POINT('',#11387);
#3281=VERTEX_POINT('',#11389);
#3282=VERTEX_POINT('',#11398);
#3283=VERTEX_POINT('',#11400);
#3284=VERTEX_POINT('',#11402);
#3285=VERTEX_POINT('',#11406);
#3286=VERTEX_POINT('',#11408);
#3287=VERTEX_POINT('',#11412);
#3288=VERTEX_POINT('',#11416);
#3289=VERTEX_POINT('',#11423);
#3290=VERTEX_POINT('',#11425);
#3291=VERTEX_POINT('',#11430);
#3292=VERTEX_POINT('',#11434);
#3293=VERTEX_POINT('',#11444);
#3294=VERTEX_POINT('',#11445);
#3295=VERTEX_POINT('',#11447);
#3296=VERTEX_POINT('',#11449);
#3297=VERTEX_POINT('',#11453);
#3298=VERTEX_POINT('',#11455);
#3299=VERTEX_POINT('',#11459);
#3300=VERTEX_POINT('',#11461);
#3301=VERTEX_POINT('',#11469);
#3302=VERTEX_POINT('',#11471);
#3303=VERTEX_POINT('',#11476);
#3304=VERTEX_POINT('',#11480);
#3305=VERTEX_POINT('',#11491);
#3306=VERTEX_POINT('',#11493);
#3307=VERTEX_POINT('',#11497);
#3308=VERTEX_POINT('',#11499);
#3309=VERTEX_POINT('',#11509);
#3310=VERTEX_POINT('',#11510);
#3311=VERTEX_POINT('',#11512);
#3312=VERTEX_POINT('',#11514);
#3313=VERTEX_POINT('',#11518);
#3314=VERTEX_POINT('',#11520);
#3315=VERTEX_POINT('',#11524);
#3316=VERTEX_POINT('',#11526);
#3317=VERTEX_POINT('',#11534);
#3318=VERTEX_POINT('',#11535);
#3319=VERTEX_POINT('',#11540);
#3320=VERTEX_POINT('',#11542);
#3321=VERTEX_POINT('',#11550);
#3322=VERTEX_POINT('',#11554);
#3323=VERTEX_POINT('',#11583);
#3324=VERTEX_POINT('',#11585);
#3325=VERTEX_POINT('',#11589);
#3326=VERTEX_POINT('',#11593);
#3327=VERTEX_POINT('',#11600);
#3328=VERTEX_POINT('',#11601);
#3329=VERTEX_POINT('',#11606);
#3330=VERTEX_POINT('',#11608);
#3331=VERTEX_POINT('',#11610);
#3332=VERTEX_POINT('',#11612);
#3333=VERTEX_POINT('',#11619);
#3334=VERTEX_POINT('',#11624);
#3335=VERTEX_POINT('',#11626);
#3336=VERTEX_POINT('',#11630);
#3337=VERTEX_POINT('',#11639);
#3338=VERTEX_POINT('',#11643);
#3339=VERTEX_POINT('',#11654);
#3340=VERTEX_POINT('',#11656);
#3341=VERTEX_POINT('',#11658);
#3342=VERTEX_POINT('',#11677);
#3343=VERTEX_POINT('',#11749);
#3344=VERTEX_POINT('',#11752);
#3345=VERTEX_POINT('',#11838);
#3346=VERTEX_POINT('',#11839);
#3347=VERTEX_POINT('',#11841);
#3348=VERTEX_POINT('',#11843);
#3349=VERTEX_POINT('',#11847);
#3350=VERTEX_POINT('',#11849);
#3351=VERTEX_POINT('',#11853);
#3352=VERTEX_POINT('',#11856);
#3353=VERTEX_POINT('',#11857);
#3354=VERTEX_POINT('',#11859);
#3355=VERTEX_POINT('',#11861);
#3356=VERTEX_POINT('',#11865);
#3357=VERTEX_POINT('',#11872);
#3358=VERTEX_POINT('',#11874);
#3359=VERTEX_POINT('',#11878);
#3360=VERTEX_POINT('',#11880);
#3361=VERTEX_POINT('',#11889);
#3362=VERTEX_POINT('',#11890);
#3363=VERTEX_POINT('',#11892);
#3364=VERTEX_POINT('',#11894);
#3365=VERTEX_POINT('',#11898);
#3366=VERTEX_POINT('',#11900);
#3367=VERTEX_POINT('',#11904);
#3368=VERTEX_POINT('',#11906);
#3369=VERTEX_POINT('',#11910);
#3370=VERTEX_POINT('',#11912);
#3371=VERTEX_POINT('',#11916);
#3372=VERTEX_POINT('',#11918);
#3373=VERTEX_POINT('',#11927);
#3374=VERTEX_POINT('',#11928);
#3375=VERTEX_POINT('',#11930);
#3376=VERTEX_POINT('',#11932);
#3377=VERTEX_POINT('',#11936);
#3378=VERTEX_POINT('',#11938);
#3379=VERTEX_POINT('',#11942);
#3380=VERTEX_POINT('',#11944);
#3381=VERTEX_POINT('',#11953);
#3382=VERTEX_POINT('',#11954);
#3383=VERTEX_POINT('',#11956);
#3384=VERTEX_POINT('',#11958);
#3385=VERTEX_POINT('',#11962);
#3386=VERTEX_POINT('',#11964);
#3387=VERTEX_POINT('',#11968);
#3388=VERTEX_POINT('',#11970);
#3389=VERTEX_POINT('',#11979);
#3390=VERTEX_POINT('',#11980);
#3391=VERTEX_POINT('',#11982);
#3392=VERTEX_POINT('',#11984);
#3393=VERTEX_POINT('',#11988);
#3394=VERTEX_POINT('',#11990);
#3395=VERTEX_POINT('',#11994);
#3396=VERTEX_POINT('',#11996);
#3397=VERTEX_POINT('',#12005);
#3398=VERTEX_POINT('',#12006);
#3399=VERTEX_POINT('',#12008);
#3400=VERTEX_POINT('',#12010);
#3401=VERTEX_POINT('',#12014);
#3402=VERTEX_POINT('',#12016);
#3403=VERTEX_POINT('',#12020);
#3404=VERTEX_POINT('',#12022);
#3405=VERTEX_POINT('',#12031);
#3406=VERTEX_POINT('',#12032);
#3407=VERTEX_POINT('',#12034);
#3408=VERTEX_POINT('',#12036);
#3409=VERTEX_POINT('',#12038);
#3410=VERTEX_POINT('',#12040);
#3411=VERTEX_POINT('',#12044);
#3412=VERTEX_POINT('',#12046);
#3413=VERTEX_POINT('',#12048);
#3414=VERTEX_POINT('',#12050);
#3415=VERTEX_POINT('',#12054);
#3416=VERTEX_POINT('',#12056);
#3417=VERTEX_POINT('',#12064);
#3418=VERTEX_POINT('',#12066);
#3419=VERTEX_POINT('',#12070);
#3420=VERTEX_POINT('',#12072);
#3421=VERTEX_POINT('',#12076);
#3422=VERTEX_POINT('',#12080);
#3423=VERTEX_POINT('',#12087);
#3424=VERTEX_POINT('',#12088);
#3425=VERTEX_POINT('',#12090);
#3426=VERTEX_POINT('',#12092);
#3427=VERTEX_POINT('',#12096);
#3428=VERTEX_POINT('',#12098);
#3429=VERTEX_POINT('',#12102);
#3430=VERTEX_POINT('',#12103);
#3431=VERTEX_POINT('',#12106);
#3432=VERTEX_POINT('',#12108);
#3433=VERTEX_POINT('',#12112);
#3434=VERTEX_POINT('',#12115);
#3435=VERTEX_POINT('',#12120);
#3436=VERTEX_POINT('',#12122);
#3437=VERTEX_POINT('',#12126);
#3438=VERTEX_POINT('',#12128);
#3439=VERTEX_POINT('',#12132);
#3440=VERTEX_POINT('',#12136);
#3441=VERTEX_POINT('',#12143);
#3442=VERTEX_POINT('',#12146);
#3443=VERTEX_POINT('',#12151);
#3444=VERTEX_POINT('',#12154);
#3445=VERTEX_POINT('',#12159);
#3446=VERTEX_POINT('',#12160);
#3447=VERTEX_POINT('',#12162);
#3448=VERTEX_POINT('',#12164);
#3449=VERTEX_POINT('',#12168);
#3450=VERTEX_POINT('',#12170);
#3451=VERTEX_POINT('',#12174);
#3452=VERTEX_POINT('',#12178);
#3453=VERTEX_POINT('',#12185);
#3454=VERTEX_POINT('',#12186);
#3455=VERTEX_POINT('',#12188);
#3456=VERTEX_POINT('',#12190);
#3457=VERTEX_POINT('',#12194);
#3458=VERTEX_POINT('',#12196);
#3459=VERTEX_POINT('',#12200);
#3460=VERTEX_POINT('',#12204);
#3461=VERTEX_POINT('',#12211);
#3462=VERTEX_POINT('',#12212);
#3463=VERTEX_POINT('',#12214);
#3464=VERTEX_POINT('',#12216);
#3465=VERTEX_POINT('',#12220);
#3466=VERTEX_POINT('',#12222);
#3467=VERTEX_POINT('',#12226);
#3468=VERTEX_POINT('',#12230);
#3469=VERTEX_POINT('',#12237);
#3470=VERTEX_POINT('',#12238);
#3471=VERTEX_POINT('',#12240);
#3472=VERTEX_POINT('',#12242);
#3473=VERTEX_POINT('',#12246);
#3474=VERTEX_POINT('',#12248);
#3475=VERTEX_POINT('',#12252);
#3476=VERTEX_POINT('',#12256);
#3477=VERTEX_POINT('',#12263);
#3478=VERTEX_POINT('',#12264);
#3479=VERTEX_POINT('',#12266);
#3480=VERTEX_POINT('',#12268);
#3481=VERTEX_POINT('',#12272);
#3482=VERTEX_POINT('',#12274);
#3483=VERTEX_POINT('',#12278);
#3484=VERTEX_POINT('',#12282);
#3485=VERTEX_POINT('',#12289);
#3486=VERTEX_POINT('',#12290);
#3487=VERTEX_POINT('',#12292);
#3488=VERTEX_POINT('',#12294);
#3489=VERTEX_POINT('',#12298);
#3490=VERTEX_POINT('',#12300);
#3491=VERTEX_POINT('',#12304);
#3492=VERTEX_POINT('',#12308);
#3493=VERTEX_POINT('',#12315);
#3494=VERTEX_POINT('',#12316);
#3495=VERTEX_POINT('',#12318);
#3496=VERTEX_POINT('',#12320);
#3497=VERTEX_POINT('',#12324);
#3498=VERTEX_POINT('',#12326);
#3499=VERTEX_POINT('',#12330);
#3500=VERTEX_POINT('',#12334);
#3501=VERTEX_POINT('',#12341);
#3502=VERTEX_POINT('',#12342);
#3503=VERTEX_POINT('',#12344);
#3504=VERTEX_POINT('',#12346);
#3505=VERTEX_POINT('',#12350);
#3506=VERTEX_POINT('',#12352);
#3507=VERTEX_POINT('',#12356);
#3508=VERTEX_POINT('',#12360);
#3509=VERTEX_POINT('',#12367);
#3510=VERTEX_POINT('',#12368);
#3511=VERTEX_POINT('',#12370);
#3512=VERTEX_POINT('',#12372);
#3513=VERTEX_POINT('',#12376);
#3514=VERTEX_POINT('',#12378);
#3515=VERTEX_POINT('',#12382);
#3516=VERTEX_POINT('',#12386);
#3517=VERTEX_POINT('',#12393);
#3518=VERTEX_POINT('',#12394);
#3519=VERTEX_POINT('',#12396);
#3520=VERTEX_POINT('',#12398);
#3521=VERTEX_POINT('',#12402);
#3522=VERTEX_POINT('',#12404);
#3523=VERTEX_POINT('',#12408);
#3524=VERTEX_POINT('',#12412);
#3525=VERTEX_POINT('',#12419);
#3526=VERTEX_POINT('',#12422);
#3527=VERTEX_POINT('',#12427);
#3528=VERTEX_POINT('',#12430);
#3529=VERTEX_POINT('',#12435);
#3530=VERTEX_POINT('',#12438);
#3531=VERTEX_POINT('',#12443);
#3532=VERTEX_POINT('',#12446);
#3533=EDGE_CURVE('',#2870,#2871,#1240,.T.);
#3534=EDGE_CURVE('',#2872,#2870,#1241,.T.);
#3535=EDGE_CURVE('',#2873,#2872,#1242,.T.);
#3536=EDGE_CURVE('',#2871,#2873,#1243,.T.);
#3537=EDGE_CURVE('',#2874,#2871,#1244,.T.);
#3538=EDGE_CURVE('',#2874,#2875,#1245,.T.);
#3539=EDGE_CURVE('',#2870,#2875,#1246,.T.);
#3540=EDGE_CURVE('',#2876,#2873,#1247,.T.);
#3541=EDGE_CURVE('',#2876,#2874,#1248,.T.);
#3542=EDGE_CURVE('',#2877,#2872,#1249,.T.);
#3543=EDGE_CURVE('',#2877,#2876,#1250,.T.);
#3544=EDGE_CURVE('',#2878,#2879,#1251,.T.);
#3545=EDGE_CURVE('',#2879,#2880,#1252,.T.);
#3546=EDGE_CURVE('',#2880,#2881,#1253,.T.);
#3547=EDGE_CURVE('',#2881,#2878,#1254,.T.);
#3548=EDGE_CURVE('',#2875,#2877,#1255,.T.);
#3549=EDGE_CURVE('',#2882,#2883,#1256,.T.);
#3550=EDGE_CURVE('',#2884,#2883,#1257,.T.);
#3551=EDGE_CURVE('',#2884,#2885,#1258,.T.);
#3552=EDGE_CURVE('',#2882,#2885,#1259,.T.);
#3553=EDGE_CURVE('',#2878,#2882,#1260,.T.);
#3554=EDGE_CURVE('',#2885,#2879,#1261,.T.);
#3555=EDGE_CURVE('',#2883,#2881,#1262,.T.);
#3556=EDGE_CURVE('',#2880,#2884,#1263,.T.);
#3557=EDGE_CURVE('',#2886,#2887,#231,.T.);
#3558=EDGE_CURVE('',#2888,#2886,#232,.T.);
#3559=EDGE_CURVE('',#2889,#2888,#203,.T.);
#3560=EDGE_CURVE('',#2890,#2889,#233,.T.);
#3561=EDGE_CURVE('',#2891,#2890,#234,.T.);
#3562=EDGE_CURVE('',#2887,#2891,#204,.T.);
#3563=EDGE_CURVE('',#2889,#2888,#235,.T.);
#3564=EDGE_CURVE('',#2887,#2891,#236,.T.);
#3565=EDGE_CURVE('',#2890,#2892,#1264,.T.);
#3566=EDGE_CURVE('',#2892,#2893,#1265,.T.);
#3567=EDGE_CURVE('',#2894,#2893,#1266,.T.);
#3568=EDGE_CURVE('',#2895,#2894,#1267,.T.);
#3569=EDGE_CURVE('',#2895,#2886,#1268,.T.);
#3570=EDGE_CURVE('',#2896,#2897,#237,.T.);
#3571=EDGE_CURVE('',#2898,#2896,#238,.T.);
#3572=EDGE_CURVE('',#2899,#2898,#205,.T.);
#3573=EDGE_CURVE('',#2900,#2899,#239,.T.);
#3574=EDGE_CURVE('',#2901,#2900,#240,.T.);
#3575=EDGE_CURVE('',#2897,#2901,#206,.T.);
#3576=EDGE_CURVE('',#2899,#2898,#241,.T.);
#3577=EDGE_CURVE('',#2897,#2901,#242,.T.);
#3578=EDGE_CURVE('',#2900,#2902,#1269,.T.);
#3579=EDGE_CURVE('',#2902,#2903,#1270,.T.);
#3580=EDGE_CURVE('',#2904,#2903,#1271,.T.);
#3581=EDGE_CURVE('',#2905,#2904,#1272,.T.);
#3582=EDGE_CURVE('',#2905,#2896,#1273,.T.);
#3583=EDGE_CURVE('',#2906,#2907,#1274,.T.);
#3584=EDGE_CURVE('',#2908,#2906,#1275,.T.);
#3585=EDGE_CURVE('',#2908,#2909,#1276,.T.);
#3586=EDGE_CURVE('',#2910,#2909,#1277,.T.);
#3587=EDGE_CURVE('',#2911,#2910,#1278,.T.);
#3588=EDGE_CURVE('',#2907,#2911,#1279,.T.);
#3589=EDGE_CURVE('',#2912,#2908,#1280,.T.);
#3590=EDGE_CURVE('',#2912,#2913,#1281,.T.);
#3591=EDGE_CURVE('',#2909,#2913,#1282,.T.);
#3592=EDGE_CURVE('',#2911,#2914,#1283,.T.);
#3593=EDGE_CURVE('',#2915,#2910,#1284,.T.);
#3594=EDGE_CURVE('',#2914,#2915,#1285,.T.);
#3595=EDGE_CURVE('',#2916,#2917,#1286,.T.);
#3596=EDGE_CURVE('',#2914,#2916,#1287,.T.);
#3597=EDGE_CURVE('',#2913,#2915,#1288,.T.);
#3598=EDGE_CURVE('',#2917,#2912,#1289,.T.);
#3599=EDGE_CURVE('',#2907,#2916,#1290,.T.);
#3600=EDGE_CURVE('',#2918,#2917,#1291,.T.);
#3601=EDGE_CURVE('',#2919,#2918,#1292,.T.);
#3602=EDGE_CURVE('',#2920,#2919,#1293,.T.);
#3603=EDGE_CURVE('',#2920,#2921,#1294,.T.);
#3604=EDGE_CURVE('',#2906,#2921,#1295,.T.);
#3605=EDGE_CURVE('',#2922,#2923,#1296,.T.);
#3606=EDGE_CURVE('',#2922,#2924,#1297,.T.);
#3607=EDGE_CURVE('',#2925,#2924,#1298,.T.);
#3608=EDGE_CURVE('',#2923,#2925,#1299,.T.);
#3609=EDGE_CURVE('',#2926,#2922,#1300,.T.);
#3610=EDGE_CURVE('',#2926,#2927,#1301,.T.);
#3611=EDGE_CURVE('',#2924,#2927,#1302,.T.);
#3612=EDGE_CURVE('',#2923,#2928,#1303,.T.);
#3613=EDGE_CURVE('',#2929,#2925,#1304,.T.);
#3614=EDGE_CURVE('',#2928,#2929,#1305,.T.);
#3615=EDGE_CURVE('',#2928,#2926,#1306,.T.);
#3616=EDGE_CURVE('',#2927,#2929,#1307,.T.);
#3617=EDGE_CURVE('',#2930,#2931,#1308,.T.);
#3618=EDGE_CURVE('',#2930,#2932,#1309,.T.);
#3619=EDGE_CURVE('',#2933,#2932,#1310,.T.);
#3620=EDGE_CURVE('',#2931,#2933,#1311,.T.);
#3621=EDGE_CURVE('',#2934,#2930,#1312,.T.);
#3622=EDGE_CURVE('',#2935,#2934,#1313,.T.);
#3623=EDGE_CURVE('',#2936,#2935,#1314,.T.);
#3624=EDGE_CURVE('',#2936,#2937,#1315,.T.);
#3625=EDGE_CURVE('',#2932,#2937,#1316,.T.);
#3626=EDGE_CURVE('',#2931,#2938,#1317,.T.);
#3627=EDGE_CURVE('',#2939,#2933,#1318,.T.);
#3628=EDGE_CURVE('',#2940,#2939,#1319,.T.);
#3629=EDGE_CURVE('',#2941,#2940,#1320,.T.);
#3630=EDGE_CURVE('',#2938,#2941,#1321,.T.);
#3631=EDGE_CURVE('',#2940,#2936,#1322,.T.);
#3632=EDGE_CURVE('',#2937,#2939,#1323,.T.);
#3633=EDGE_CURVE('',#2941,#2935,#1324,.T.);
#3634=EDGE_CURVE('',#2942,#2934,#1325,.T.);
#3635=EDGE_CURVE('',#2942,#2943,#1326,.T.);
#3636=EDGE_CURVE('',#2944,#2943,#1327,.T.);
#3637=EDGE_CURVE('',#2945,#2944,#1328,.T.);
#3638=EDGE_CURVE('',#2938,#2945,#1329,.T.);
#3639=EDGE_CURVE('',#2946,#2947,#1330,.T.);
#3640=EDGE_CURVE('',#2946,#2948,#1331,.T.);
#3641=EDGE_CURVE('',#2949,#2948,#1332,.T.);
#3642=EDGE_CURVE('',#2947,#2949,#1333,.T.);
#3643=EDGE_CURVE('',#2950,#2946,#1334,.T.);
#3644=EDGE_CURVE('',#2950,#2951,#1335,.T.);
#3645=EDGE_CURVE('',#2948,#2951,#1336,.T.);
#3646=EDGE_CURVE('',#2947,#2952,#1337,.T.);
#3647=EDGE_CURVE('',#2953,#2949,#1338,.T.);
#3648=EDGE_CURVE('',#2952,#2953,#1339,.T.);
#3649=EDGE_CURVE('',#2952,#2950,#1340,.T.);
#3650=EDGE_CURVE('',#2951,#2953,#1341,.T.);
#3651=EDGE_CURVE('',#2954,#2955,#243,.T.);
#3652=EDGE_CURVE('',#2956,#2954,#1342,.T.);
#3653=EDGE_CURVE('',#2957,#2956,#244,.T.);
#3654=EDGE_CURVE('',#2957,#2958,#1343,.T.);
#3655=EDGE_CURVE('',#2959,#2958,#1344,.T.);
#3656=EDGE_CURVE('',#2960,#2959,#1345,.T.);
#3657=EDGE_CURVE('',#2961,#2960,#1346,.T.);
#3658=EDGE_CURVE('',#2961,#2955,#1347,.T.);
#3659=EDGE_CURVE('',#2962,#2957,#245,.T.);
#3660=EDGE_CURVE('',#2963,#2962,#1348,.T.);
#3661=EDGE_CURVE('',#2958,#2963,#1349,.T.);
#3662=EDGE_CURVE('',#2964,#2965,#246,.T.);
#3663=EDGE_CURVE('',#2964,#2961,#1350,.T.);
#3664=EDGE_CURVE('',#2960,#2966,#1351,.T.);
#3665=EDGE_CURVE('',#2966,#2965,#1352,.T.);
#3666=EDGE_CURVE('',#2955,#2964,#247,.T.);
#3667=EDGE_CURVE('',#2967,#2959,#1353,.T.);
#3668=EDGE_CURVE('',#2966,#2967,#1354,.T.);
#3669=EDGE_CURVE('',#2965,#2968,#248,.T.);
#3670=EDGE_CURVE('',#2963,#2967,#1355,.T.);
#3671=EDGE_CURVE('',#2969,#2962,#249,.T.);
#3672=EDGE_CURVE('',#2970,#2969,#1356,.T.);
#3673=EDGE_CURVE('',#2968,#2970,#1357,.T.);
#3674=EDGE_CURVE('',#2968,#2971,#250,.T.);
#3675=EDGE_CURVE('',#2971,#2972,#1358,.T.);
#3676=EDGE_CURVE('',#2972,#2973,#1359,.T.);
#3677=EDGE_CURVE('',#2973,#2974,#251,.T.);
#3678=EDGE_CURVE('',#2974,#2975,#252,.T.);
#3679=EDGE_CURVE('',#2975,#2976,#253,.T.);
#3680=EDGE_CURVE('',#2976,#2977,#1360,.T.);
#3681=EDGE_CURVE('',#2977,#2978,#254,.T.);
#3682=EDGE_CURVE('',#2978,#2979,#255,.T.);
#3683=EDGE_CURVE('',#2979,#2980,#256,.T.);
#3684=EDGE_CURVE('',#2980,#2981,#1361,.T.);
#3685=EDGE_CURVE('',#2981,#2982,#257,.T.);
#3686=EDGE_CURVE('',#2982,#2983,#258,.T.);
#3687=EDGE_CURVE('',#2983,#2984,#1362,.T.);
#3688=EDGE_CURVE('',#2985,#2984,#1363,.T.);
#3689=EDGE_CURVE('',#2985,#2986,#259,.T.);
#3690=EDGE_CURVE('',#2986,#2987,#260,.T.);
#3691=EDGE_CURVE('',#2988,#2987,#1364,.T.);
#3692=EDGE_CURVE('',#2988,#2989,#261,.T.);
#3693=EDGE_CURVE('',#2989,#2990,#262,.T.);
#3694=EDGE_CURVE('',#2991,#2990,#1365,.T.);
#3695=EDGE_CURVE('',#2991,#2992,#263,.T.);
#3696=EDGE_CURVE('',#2992,#2993,#264,.T.);
#3697=EDGE_CURVE('',#2994,#2993,#1366,.T.);
#3698=EDGE_CURVE('',#2994,#2954,#265,.T.);
#3699=EDGE_CURVE('',#2995,#2970,#207,.T.);
#3700=EDGE_CURVE('',#2995,#2996,#1367,.T.);
#3701=EDGE_CURVE('',#2996,#2997,#1368,.T.);
#3702=EDGE_CURVE('',#2998,#2997,#208,.T.);
#3703=EDGE_CURVE('',#2971,#2998,#266,.T.);
#3704=EDGE_CURVE('',#2999,#2969,#267,.T.);
#3705=EDGE_CURVE('',#2999,#3000,#209,.T.);
#3706=EDGE_CURVE('',#3000,#2995,#1369,.T.);
#3707=EDGE_CURVE('',#3001,#3002,#1370,.T.);
#3708=EDGE_CURVE('',#2997,#3001,#1371,.T.);
#3709=EDGE_CURVE('',#2996,#3002,#1372,.T.);
#3710=EDGE_CURVE('',#3002,#3000,#1373,.T.);
#3711=EDGE_CURVE('',#3003,#2999,#268,.T.);
#3712=EDGE_CURVE('',#3004,#3003,#269,.T.);
#3713=EDGE_CURVE('',#3001,#3004,#210,.T.);
#3714=EDGE_CURVE('',#2956,#2994,#270,.T.);
#3715=EDGE_CURVE('',#3005,#3006,#271,.T.);
#3716=EDGE_CURVE('',#3007,#3005,#1374,.T.);
#3717=EDGE_CURVE('',#3008,#3007,#272,.T.);
#3718=EDGE_CURVE('',#3009,#3008,#1375,.T.);
#3719=EDGE_CURVE('',#3010,#3009,#1376,.T.);
#3720=EDGE_CURVE('',#3011,#3010,#1377,.T.);
#3721=EDGE_CURVE('',#3012,#3011,#1378,.T.);
#3722=EDGE_CURVE('',#3006,#3012,#1379,.T.);
#3723=EDGE_CURVE('',#3013,#3012,#1380,.T.);
#3724=EDGE_CURVE('',#3011,#3014,#1381,.T.);
#3725=EDGE_CURVE('',#3014,#3013,#1382,.T.);
#3726=EDGE_CURVE('',#3015,#3010,#1383,.T.);
#3727=EDGE_CURVE('',#3014,#3015,#1384,.T.);
#3728=EDGE_CURVE('',#3016,#3015,#1385,.T.);
#3729=EDGE_CURVE('',#3013,#3016,#1386,.T.);
#3730=EDGE_CURVE('',#3006,#3017,#273,.T.);
#3731=EDGE_CURVE('',#3009,#3016,#1387,.T.);
#3732=EDGE_CURVE('',#3017,#3008,#274,.T.);
#3733=EDGE_CURVE('',#3007,#3004,#275,.T.);
#3734=EDGE_CURVE('',#3003,#3018,#1388,.T.);
#3735=EDGE_CURVE('',#3019,#3018,#1389,.T.);
#3736=EDGE_CURVE('',#3020,#3019,#1390,.T.);
#3737=EDGE_CURVE('',#3021,#3020,#1391,.T.);
#3738=EDGE_CURVE('',#3022,#3021,#1392,.T.);
#3739=EDGE_CURVE('',#3022,#3017,#1393,.T.);
#3740=EDGE_CURVE('',#3023,#3024,#276,.T.);
#3741=EDGE_CURVE('',#3025,#3023,#1394,.T.);
#3742=EDGE_CURVE('',#3026,#3025,#1395,.T.);
#3743=EDGE_CURVE('',#3027,#3026,#277,.T.);
#3744=EDGE_CURVE('',#3027,#3028,#1396,.T.);
#3745=EDGE_CURVE('',#3029,#3028,#1397,.T.);
#3746=EDGE_CURVE('',#3030,#3029,#1398,.T.);
#3747=EDGE_CURVE('',#3024,#3030,#1399,.T.);
#3748=EDGE_CURVE('',#3031,#3032,#278,.T.);
#3749=EDGE_CURVE('',#3033,#3031,#1400,.T.);
#3750=EDGE_CURVE('',#3032,#3033,#1401,.T.);
#3751=EDGE_CURVE('',#3034,#3027,#279,.T.);
#3752=EDGE_CURVE('',#3035,#3034,#1402,.T.);
#3753=EDGE_CURVE('',#3028,#3035,#1403,.T.);
#3754=EDGE_CURVE('',#3036,#3034,#280,.T.);
#3755=EDGE_CURVE('',#3037,#3036,#1404,.T.);
#3756=EDGE_CURVE('',#3032,#3037,#281,.T.);
#3757=EDGE_CURVE('',#3038,#3033,#1405,.T.);
#3758=EDGE_CURVE('',#3038,#3039,#1406,.T.);
#3759=EDGE_CURVE('',#3035,#3039,#1407,.T.);
#3760=EDGE_CURVE('',#3024,#3031,#282,.T.);
#3761=EDGE_CURVE('',#3030,#3038,#1408,.T.);
#3762=EDGE_CURVE('',#3039,#3029,#1409,.T.);
#3763=EDGE_CURVE('',#3040,#3023,#283,.T.);
#3764=EDGE_CURVE('',#3041,#3040,#284,.T.);
#3765=EDGE_CURVE('',#3042,#3041,#211,.T.);
#3766=EDGE_CURVE('',#3042,#3043,#1410,.T.);
#3767=EDGE_CURVE('',#3043,#3044,#1411,.T.);
#3768=EDGE_CURVE('',#3025,#3044,#212,.T.);
#3769=EDGE_CURVE('',#3037,#3045,#285,.T.);
#3770=EDGE_CURVE('',#3046,#3045,#1412,.T.);
#3771=EDGE_CURVE('',#3046,#3047,#286,.T.);
#3772=EDGE_CURVE('',#3047,#3048,#287,.T.);
#3773=EDGE_CURVE('',#3048,#3049,#1413,.T.);
#3774=EDGE_CURVE('',#3049,#3050,#288,.T.);
#3775=EDGE_CURVE('',#3050,#3051,#289,.T.);
#3776=EDGE_CURVE('',#3051,#3052,#1414,.T.);
#3777=EDGE_CURVE('',#3052,#3053,#290,.T.);
#3778=EDGE_CURVE('',#3053,#3054,#291,.T.);
#3779=EDGE_CURVE('',#3054,#3055,#1415,.T.);
#3780=EDGE_CURVE('',#3055,#3056,#1416,.T.);
#3781=EDGE_CURVE('',#3056,#3057,#292,.T.);
#3782=EDGE_CURVE('',#3057,#3058,#293,.T.);
#3783=EDGE_CURVE('',#3058,#3059,#1417,.T.);
#3784=EDGE_CURVE('',#3059,#3060,#294,.T.);
#3785=EDGE_CURVE('',#3060,#3061,#295,.T.);
#3786=EDGE_CURVE('',#3061,#3062,#296,.T.);
#3787=EDGE_CURVE('',#3062,#3063,#1418,.T.);
#3788=EDGE_CURVE('',#3063,#3064,#297,.T.);
#3789=EDGE_CURVE('',#3064,#3065,#298,.T.);
#3790=EDGE_CURVE('',#3065,#3066,#299,.T.);
#3791=EDGE_CURVE('',#3066,#3067,#1419,.T.);
#3792=EDGE_CURVE('',#3040,#3067,#1420,.T.);
#3793=EDGE_CURVE('',#3045,#3036,#300,.T.);
#3794=EDGE_CURVE('',#3068,#3069,#1421,.T.);
#3795=EDGE_CURVE('',#3044,#3068,#1422,.T.);
#3796=EDGE_CURVE('',#3043,#3069,#1423,.T.);
#3797=EDGE_CURVE('',#3069,#3070,#1424,.T.);
#3798=EDGE_CURVE('',#3070,#3042,#1425,.T.);
#3799=EDGE_CURVE('',#3068,#3071,#213,.T.);
#3800=EDGE_CURVE('',#3026,#3071,#301,.T.);
#3801=EDGE_CURVE('',#3072,#3041,#302,.T.);
#3802=EDGE_CURVE('',#3072,#3073,#1426,.T.);
#3803=EDGE_CURVE('',#3074,#3073,#303,.T.);
#3804=EDGE_CURVE('',#3074,#3070,#214,.T.);
#3805=EDGE_CURVE('',#3073,#3075,#304,.T.);
#3806=EDGE_CURVE('',#3076,#3072,#305,.T.);
#3807=EDGE_CURVE('',#3077,#3076,#1427,.T.);
#3808=EDGE_CURVE('',#3078,#3077,#1428,.T.);
#3809=EDGE_CURVE('',#3079,#3078,#1429,.T.);
#3810=EDGE_CURVE('',#3080,#3079,#1430,.T.);
#3811=EDGE_CURVE('',#3075,#3080,#1431,.T.);
#3812=EDGE_CURVE('',#3081,#3078,#1432,.T.);
#3813=EDGE_CURVE('',#3077,#3082,#1433,.T.);
#3814=EDGE_CURVE('',#3082,#3081,#1434,.T.);
#3815=EDGE_CURVE('',#3075,#3083,#306,.T.);
#3816=EDGE_CURVE('',#3084,#3080,#1435,.T.);
#3817=EDGE_CURVE('',#3082,#3084,#1436,.T.);
#3818=EDGE_CURVE('',#3083,#3076,#307,.T.);
#3819=EDGE_CURVE('',#3085,#3084,#1437,.T.);
#3820=EDGE_CURVE('',#3081,#3085,#1438,.T.);
#3821=EDGE_CURVE('',#3079,#3085,#1439,.T.);
#3822=EDGE_CURVE('',#3067,#3086,#1440,.T.);
#3823=EDGE_CURVE('',#3022,#3086,#1441,.T.);
#3824=EDGE_CURVE('',#3083,#3022,#1442,.T.);
#3825=EDGE_CURVE('',#3087,#3074,#308,.T.);
#3826=EDGE_CURVE('',#3071,#3087,#309,.T.);
#3827=EDGE_CURVE('',#3088,#3020,#1443,.T.);
#3828=EDGE_CURVE('',#3087,#3088,#1444,.T.);
#3829=EDGE_CURVE('',#2998,#3005,#310,.T.);
#3830=EDGE_CURVE('',#2993,#3089,#311,.T.);
#3831=EDGE_CURVE('',#3089,#3090,#312,.T.);
#3832=EDGE_CURVE('',#3090,#3091,#1445,.T.);
#3833=EDGE_CURVE('',#3091,#3092,#313,.T.);
#3834=EDGE_CURVE('',#3092,#3093,#314,.T.);
#3835=EDGE_CURVE('',#3093,#3094,#1446,.T.);
#3836=EDGE_CURVE('',#3018,#3094,#1447,.T.);
#3837=EDGE_CURVE('',#3095,#3096,#315,.T.);
#3838=EDGE_CURVE('',#3097,#3095,#316,.T.);
#3839=EDGE_CURVE('',#3097,#3096,#215,.T.);
#3840=EDGE_CURVE('',#3098,#3049,#317,.T.);
#3841=EDGE_CURVE('',#3050,#3098,#216,.T.);
#3842=EDGE_CURVE('',#3051,#3098,#318,.T.);
#3843=EDGE_CURVE('',#3096,#3099,#319,.T.);
#3844=EDGE_CURVE('',#3099,#3097,#320,.T.);
#3845=EDGE_CURVE('',#3100,#3088,#1448,.T.);
#3846=EDGE_CURVE('',#3095,#3100,#1449,.T.);
#3847=EDGE_CURVE('',#3101,#3099,#1450,.T.);
#3848=EDGE_CURVE('',#3101,#3102,#321,.T.);
#3849=EDGE_CURVE('',#3102,#3046,#322,.T.);
#3850=EDGE_CURVE('',#3093,#3103,#323,.T.);
#3851=EDGE_CURVE('',#3092,#3103,#217,.T.);
#3852=EDGE_CURVE('',#2990,#3104,#324,.T.);
#3853=EDGE_CURVE('',#3104,#2989,#218,.T.);
#3854=EDGE_CURVE('',#3104,#2988,#325,.T.);
#3855=EDGE_CURVE('',#3103,#3091,#326,.T.);
#3856=EDGE_CURVE('',#2987,#3105,#327,.T.);
#3857=EDGE_CURVE('',#3105,#3106,#328,.T.);
#3858=EDGE_CURVE('',#3106,#2985,#329,.T.);
#3859=EDGE_CURVE('',#2984,#3107,#1451,.T.);
#3860=EDGE_CURVE('',#3108,#3107,#1452,.T.);
#3861=EDGE_CURVE('',#3108,#3109,#330,.T.);
#3862=EDGE_CURVE('',#3109,#3110,#331,.T.);
#3863=EDGE_CURVE('',#3110,#3111,#332,.T.);
#3864=EDGE_CURVE('',#3112,#3111,#1453,.T.);
#3865=EDGE_CURVE('',#3112,#3113,#333,.T.);
#3866=EDGE_CURVE('',#3113,#3114,#334,.T.);
#3867=EDGE_CURVE('',#3114,#2991,#335,.T.);
#3868=EDGE_CURVE('',#3090,#3115,#336,.T.);
#3869=EDGE_CURVE('',#3115,#3116,#337,.T.);
#3870=EDGE_CURVE('',#3116,#3117,#338,.T.);
#3871=EDGE_CURVE('',#3117,#3118,#339,.T.);
#3872=EDGE_CURVE('',#3118,#3119,#1454,.T.);
#3873=EDGE_CURVE('',#3094,#3119,#1455,.T.);
#3874=EDGE_CURVE('',#2921,#3120,#1456,.T.);
#3875=EDGE_CURVE('',#3121,#2920,#1457,.T.);
#3876=EDGE_CURVE('',#3122,#3121,#1458,.T.);
#3877=EDGE_CURVE('',#3123,#3122,#1459,.T.);
#3878=EDGE_CURVE('',#3123,#3124,#1460,.T.);
#3879=EDGE_CURVE('',#3125,#3124,#1461,.T.);
#3880=EDGE_CURVE('',#3120,#3125,#1462,.T.);
#3881=EDGE_CURVE('',#3126,#3121,#1463,.T.);
#3882=EDGE_CURVE('',#3127,#3126,#1464,.T.);
#3883=EDGE_CURVE('',#3122,#3127,#1465,.T.);
#3884=EDGE_CURVE('',#3120,#3128,#1466,.T.);
#3885=EDGE_CURVE('',#3129,#3125,#1467,.T.);
#3886=EDGE_CURVE('',#3128,#3129,#1468,.T.);
#3887=EDGE_CURVE('',#3130,#3131,#1469,.T.);
#3888=EDGE_CURVE('',#3124,#3130,#1470,.T.);
#3889=EDGE_CURVE('',#3131,#3123,#1471,.T.);
#3890=EDGE_CURVE('',#3132,#3133,#1472,.T.);
#3891=EDGE_CURVE('',#3134,#3132,#1473,.T.);
#3892=EDGE_CURVE('',#3135,#3134,#1474,.T.);
#3893=EDGE_CURVE('',#3133,#3135,#1475,.T.);
#3894=EDGE_CURVE('',#3127,#3131,#1476,.T.);
#3895=EDGE_CURVE('',#3128,#3136,#1477,.T.);
#3896=EDGE_CURVE('',#3130,#3129,#1478,.T.);
#3897=EDGE_CURVE('',#3137,#3126,#1479,.T.);
#3898=EDGE_CURVE('',#3136,#3137,#1480,.T.);
#3899=EDGE_CURVE('',#3136,#3138,#1481,.T.);
#3900=EDGE_CURVE('',#3138,#3139,#1482,.T.);
#3901=EDGE_CURVE('',#3139,#3140,#1483,.T.);
#3902=EDGE_CURVE('',#3140,#3141,#1484,.T.);
#3903=EDGE_CURVE('',#3142,#3141,#340,.T.);
#3904=EDGE_CURVE('',#3143,#3142,#1485,.T.);
#3905=EDGE_CURVE('',#2918,#3143,#1486,.T.);
#3906=EDGE_CURVE('',#3144,#3145,#1487,.T.);
#3907=EDGE_CURVE('',#3145,#3146,#1488,.T.);
#3908=EDGE_CURVE('',#3146,#3147,#1489,.T.);
#3909=EDGE_CURVE('',#3147,#3144,#1490,.T.);
#3910=EDGE_CURVE('',#3134,#3148,#1491,.T.);
#3911=EDGE_CURVE('',#3148,#3135,#1492,.T.);
#3912=EDGE_CURVE('',#3149,#3137,#1493,.T.);
#3913=EDGE_CURVE('',#3149,#3138,#1494,.T.);
#3914=EDGE_CURVE('',#3150,#2919,#1495,.T.);
#3915=EDGE_CURVE('',#3151,#3150,#1496,.T.);
#3916=EDGE_CURVE('',#3048,#3151,#341,.T.);
#3917=EDGE_CURVE('',#3047,#3152,#1497,.T.);
#3918=EDGE_CURVE('',#3152,#3149,#1498,.T.);
#3919=EDGE_CURVE('',#3153,#3154,#1499,.T.);
#3920=EDGE_CURVE('',#3154,#3155,#1500,.T.);
#3921=EDGE_CURVE('',#3155,#3156,#1501,.T.);
#3922=EDGE_CURVE('',#3156,#3153,#1502,.T.);
#3923=EDGE_CURVE('',#3157,#3132,#1503,.T.);
#3924=EDGE_CURVE('',#3157,#3148,#1504,.T.);
#3925=EDGE_CURVE('',#2943,#3158,#1505,.T.);
#3926=EDGE_CURVE('',#3159,#2942,#1506,.T.);
#3927=EDGE_CURVE('',#3159,#3160,#1507,.T.);
#3928=EDGE_CURVE('',#3161,#3160,#1508,.T.);
#3929=EDGE_CURVE('',#3162,#3161,#1509,.T.);
#3930=EDGE_CURVE('',#3163,#3162,#1510,.T.);
#3931=EDGE_CURVE('',#3163,#3158,#1511,.T.);
#3932=EDGE_CURVE('',#3164,#3159,#1512,.T.);
#3933=EDGE_CURVE('',#3165,#3164,#1513,.T.);
#3934=EDGE_CURVE('',#3160,#3165,#1514,.T.);
#3935=EDGE_CURVE('',#3166,#3161,#1515,.T.);
#3936=EDGE_CURVE('',#3167,#3166,#1516,.T.);
#3937=EDGE_CURVE('',#3162,#3167,#1517,.T.);
#3938=EDGE_CURVE('',#3168,#3169,#1518,.T.);
#3939=EDGE_CURVE('',#3170,#3168,#1519,.T.);
#3940=EDGE_CURVE('',#3171,#3170,#1520,.T.);
#3941=EDGE_CURVE('',#3169,#3171,#1521,.T.);
#3942=EDGE_CURVE('',#3167,#3172,#1522,.T.);
#3943=EDGE_CURVE('',#3172,#3163,#1523,.T.);
#3944=EDGE_CURVE('',#3158,#3173,#1524,.T.);
#3945=EDGE_CURVE('',#3173,#3172,#1525,.T.);
#3946=EDGE_CURVE('',#3173,#3174,#1526,.T.);
#3947=EDGE_CURVE('',#3165,#3166,#1527,.T.);
#3948=EDGE_CURVE('',#3175,#3164,#1528,.T.);
#3949=EDGE_CURVE('',#3174,#3175,#1529,.T.);
#3950=EDGE_CURVE('',#3170,#3176,#1530,.T.);
#3951=EDGE_CURVE('',#3176,#3171,#1531,.T.);
#3952=EDGE_CURVE('',#3177,#3176,#1532,.T.);
#3953=EDGE_CURVE('',#3169,#3177,#1533,.T.);
#3954=EDGE_CURVE('',#3177,#3168,#1534,.T.);
#3955=EDGE_CURVE('',#3178,#3175,#1535,.T.);
#3956=EDGE_CURVE('',#3179,#3178,#1536,.T.);
#3957=EDGE_CURVE('',#3174,#3179,#1537,.T.);
#3958=EDGE_CURVE('',#3179,#3180,#1538,.T.);
#3959=EDGE_CURVE('',#3180,#2992,#1539,.T.);
#3960=EDGE_CURVE('',#3181,#3114,#1540,.T.);
#3961=EDGE_CURVE('',#2944,#3181,#1541,.T.);
#3962=EDGE_CURVE('',#3182,#3183,#1542,.T.);
#3963=EDGE_CURVE('',#3183,#3184,#1543,.T.);
#3964=EDGE_CURVE('',#3184,#3185,#1544,.T.);
#3965=EDGE_CURVE('',#3185,#3182,#1545,.T.);
#3966=EDGE_CURVE('',#3155,#3147,#1546,.T.);
#3967=EDGE_CURVE('',#3156,#3146,#1547,.T.);
#3968=EDGE_CURVE('',#3153,#3145,#1548,.T.);
#3969=EDGE_CURVE('',#3144,#3154,#1549,.T.);
#3970=EDGE_CURVE('',#3184,#3186,#1550,.T.);
#3971=EDGE_CURVE('',#3187,#3186,#1551,.T.);
#3972=EDGE_CURVE('',#3185,#3187,#1552,.T.);
#3973=EDGE_CURVE('',#3188,#3187,#1553,.T.);
#3974=EDGE_CURVE('',#3182,#3188,#1554,.T.);
#3975=EDGE_CURVE('',#3189,#3188,#1555,.T.);
#3976=EDGE_CURVE('',#3189,#3183,#1556,.T.);
#3977=EDGE_CURVE('',#3186,#3189,#1557,.T.);
#3978=EDGE_CURVE('',#3190,#2945,#1558,.T.);
#3979=EDGE_CURVE('',#3116,#3190,#1559,.T.);
#3980=EDGE_CURVE('',#3115,#3191,#1560,.T.);
#3981=EDGE_CURVE('',#3191,#3192,#1561,.T.);
#3982=EDGE_CURVE('',#3192,#3178,#1562,.T.);
#3983=EDGE_CURVE('',#3191,#3089,#1563,.T.);
#3984=EDGE_CURVE('',#3180,#3192,#1564,.T.);
#3985=EDGE_CURVE('',#3190,#3193,#1565,.T.);
#3986=EDGE_CURVE('',#3117,#3193,#1566,.T.);
#3987=EDGE_CURVE('',#3133,#3157,#1567,.T.);
#3988=EDGE_CURVE('',#3140,#3102,#1568,.T.);
#3989=EDGE_CURVE('',#3152,#3139,#1569,.T.);
#3990=EDGE_CURVE('',#3141,#3101,#342,.T.);
#3991=EDGE_CURVE('',#3143,#3194,#1570,.T.);
#3992=EDGE_CURVE('',#3195,#3194,#1571,.T.);
#3993=EDGE_CURVE('',#3196,#3195,#1572,.T.);
#3994=EDGE_CURVE('',#3197,#3196,#1573,.T.);
#3995=EDGE_CURVE('',#3197,#3150,#1574,.T.);
#3996=EDGE_CURVE('',#3198,#3142,#343,.T.);
#3997=EDGE_CURVE('',#3194,#3198,#1575,.T.);
#3998=EDGE_CURVE('',#3199,#3197,#1576,.T.);
#3999=EDGE_CURVE('',#3151,#3199,#344,.T.);
#4000=EDGE_CURVE('',#3200,#3100,#1577,.T.);
#4001=EDGE_CURVE('',#3201,#3200,#1578,.T.);
#4002=EDGE_CURVE('',#3201,#3198,#345,.T.);
#4003=EDGE_CURVE('',#3202,#3203,#346,.T.);
#4004=EDGE_CURVE('',#3202,#3204,#1579,.T.);
#4005=EDGE_CURVE('',#3204,#3203,#1580,.T.);
#4006=EDGE_CURVE('',#3205,#3206,#347,.T.);
#4007=EDGE_CURVE('',#3205,#3207,#1581,.T.);
#4008=EDGE_CURVE('',#3206,#3207,#1582,.T.);
#4009=EDGE_CURVE('',#3203,#3208,#348,.T.);
#4010=EDGE_CURVE('',#3204,#3208,#1583,.T.);
#4011=EDGE_CURVE('',#3206,#3209,#349,.T.);
#4012=EDGE_CURVE('',#3207,#3209,#1584,.T.);
#4013=EDGE_CURVE('',#3208,#3202,#350,.T.);
#4014=EDGE_CURVE('',#3209,#3205,#351,.T.);
#4015=EDGE_CURVE('',#2892,#3210,#1585,.T.);
#4016=EDGE_CURVE('',#2892,#3211,#1586,.T.);
#4017=EDGE_CURVE('',#3211,#3212,#1587,.T.);
#4018=EDGE_CURVE('',#3202,#3212,#1588,.T.);
#4019=EDGE_CURVE('',#3210,#3202,#1589,.T.);
#4020=EDGE_CURVE('',#3213,#3214,#352,.T.);
#4021=EDGE_CURVE('',#3213,#3215,#1590,.T.);
#4022=EDGE_CURVE('',#3216,#3215,#1591,.T.);
#4023=EDGE_CURVE('',#3214,#3216,#1592,.T.);
#4024=EDGE_CURVE('',#3217,#3213,#353,.T.);
#4025=EDGE_CURVE('',#3215,#3217,#1593,.T.);
#4026=EDGE_CURVE('',#3218,#3219,#354,.T.);
#4027=EDGE_CURVE('',#3214,#3218,#355,.T.);
#4028=EDGE_CURVE('',#3219,#3216,#1594,.T.);
#4029=EDGE_CURVE('',#3220,#3221,#356,.T.);
#4030=EDGE_CURVE('',#3222,#3220,#1595,.T.);
#4031=EDGE_CURVE('',#3222,#3221,#1596,.T.);
#4032=EDGE_CURVE('',#3223,#3220,#357,.T.);
#4033=EDGE_CURVE('',#3223,#3222,#1597,.T.);
#4034=EDGE_CURVE('',#3221,#3223,#358,.T.);
#4035=EDGE_CURVE('',#3219,#3224,#359,.T.);
#4036=EDGE_CURVE('',#3224,#3217,#360,.T.);
#4037=EDGE_CURVE('',#3225,#2905,#1598,.T.);
#4038=EDGE_CURVE('',#3225,#3220,#1599,.T.);
#4039=EDGE_CURVE('',#3220,#3226,#1600,.T.);
#4040=EDGE_CURVE('',#3226,#3227,#1601,.T.);
#4041=EDGE_CURVE('',#2905,#3227,#1602,.T.);
#4042=EDGE_CURVE('',#3224,#3228,#1603,.T.);
#4043=EDGE_CURVE('',#3228,#3229,#361,.T.);
#4044=EDGE_CURVE('',#3229,#3225,#1604,.T.);
#4045=EDGE_CURVE('',#3225,#3218,#1605,.T.);
#4046=EDGE_CURVE('',#3230,#3231,#362,.T.);
#4047=EDGE_CURVE('',#3118,#3230,#363,.T.);
#4048=EDGE_CURVE('',#3193,#3232,#1606,.T.);
#4049=EDGE_CURVE('',#3232,#3231,#1607,.T.);
#4050=EDGE_CURVE('',#3233,#3113,#1608,.T.);
#4051=EDGE_CURVE('',#3233,#3181,#1609,.T.);
#4052=EDGE_CURVE('',#3234,#3233,#1610,.T.);
#4053=EDGE_CURVE('',#3234,#3232,#1611,.T.);
#4054=EDGE_CURVE('',#3235,#3112,#364,.T.);
#4055=EDGE_CURVE('',#3235,#3234,#1612,.T.);
#4056=EDGE_CURVE('',#3231,#3228,#365,.T.);
#4057=EDGE_CURVE('',#3229,#3235,#366,.T.);
#4058=EDGE_CURVE('',#3236,#2904,#1613,.T.);
#4059=EDGE_CURVE('',#3230,#3236,#1614,.T.);
#4060=EDGE_CURVE('',#3111,#3237,#367,.T.);
#4061=EDGE_CURVE('',#3237,#3238,#368,.T.);
#4062=EDGE_CURVE('',#3238,#3108,#369,.T.);
#4063=EDGE_CURVE('',#3107,#3226,#1615,.T.);
#4064=EDGE_CURVE('',#3239,#3201,#370,.T.);
#4065=EDGE_CURVE('',#3239,#3195,#1616,.T.);
#4066=EDGE_CURVE('',#3240,#3239,#371,.T.);
#4067=EDGE_CURVE('',#3241,#3240,#372,.T.);
#4068=EDGE_CURVE('',#3196,#3241,#1617,.T.);
#4069=EDGE_CURVE('',#3199,#3242,#373,.T.);
#4070=EDGE_CURVE('',#3242,#3241,#374,.T.);
#4071=EDGE_CURVE('',#3242,#3243,#1618,.T.);
#4072=EDGE_CURVE('',#3243,#3244,#375,.T.);
#4073=EDGE_CURVE('',#3244,#3245,#376,.T.);
#4074=EDGE_CURVE('',#3245,#3246,#377,.T.);
#4075=EDGE_CURVE('',#3246,#3247,#1619,.T.);
#4076=EDGE_CURVE('',#3247,#3055,#1620,.T.);
#4077=EDGE_CURVE('',#3054,#3248,#378,.T.);
#4078=EDGE_CURVE('',#3248,#3249,#379,.T.);
#4079=EDGE_CURVE('',#3249,#3052,#380,.T.);
#4080=EDGE_CURVE('',#3250,#3251,#1621,.T.);
#4081=EDGE_CURVE('',#3252,#3250,#1622,.T.);
#4082=EDGE_CURVE('',#3253,#3252,#1623,.T.);
#4083=EDGE_CURVE('',#3251,#3253,#1624,.T.);
#4084=EDGE_CURVE('',#3254,#3250,#1625,.T.);
#4085=EDGE_CURVE('',#3255,#3254,#1626,.T.);
#4086=EDGE_CURVE('',#3255,#3256,#1627,.T.);
#4087=EDGE_CURVE('',#3256,#3257,#1628,.T.);
#4088=EDGE_CURVE('',#3257,#3258,#1629,.T.);
#4089=EDGE_CURVE('',#3258,#3259,#1630,.T.);
#4090=EDGE_CURVE('',#3259,#3252,#1631,.T.);
#4091=EDGE_CURVE('',#3260,#3255,#1632,.T.);
#4092=EDGE_CURVE('',#3261,#3260,#1633,.T.);
#4093=EDGE_CURVE('',#3261,#3256,#1634,.T.);
#4094=EDGE_CURVE('',#3253,#3262,#1635,.T.);
#4095=EDGE_CURVE('',#3262,#3259,#1636,.T.);
#4096=EDGE_CURVE('',#3262,#3019,#1637,.T.);
#4097=EDGE_CURVE('',#3019,#3258,#1638,.T.);
#4098=EDGE_CURVE('',#3019,#3263,#1639,.T.);
#4099=EDGE_CURVE('',#3263,#3257,#1640,.T.);
#4100=EDGE_CURVE('',#3263,#3261,#1641,.T.);
#4101=EDGE_CURVE('',#3264,#3265,#1642,.T.);
#4102=EDGE_CURVE('',#3264,#3266,#1643,.T.);
#4103=EDGE_CURVE('',#3267,#3266,#1644,.T.);
#4104=EDGE_CURVE('',#3265,#3267,#1645,.T.);
#4105=EDGE_CURVE('',#3265,#3268,#1646,.T.);
#4106=EDGE_CURVE('',#3269,#3267,#1647,.T.);
#4107=EDGE_CURVE('',#3268,#3269,#1648,.T.);
#4108=EDGE_CURVE('',#3268,#3251,#1649,.T.);
#4109=EDGE_CURVE('',#3270,#3269,#1650,.T.);
#4110=EDGE_CURVE('',#3254,#3270,#1651,.T.);
#4111=EDGE_CURVE('',#3271,#3270,#1652,.T.);
#4112=EDGE_CURVE('',#3272,#3271,#1653,.T.);
#4113=EDGE_CURVE('',#3260,#3272,#1654,.T.);
#4114=EDGE_CURVE('',#3272,#3273,#1655,.T.);
#4115=EDGE_CURVE('',#3274,#3271,#1656,.T.);
#4116=EDGE_CURVE('',#3273,#3274,#1657,.T.);
#4117=EDGE_CURVE('',#3273,#3264,#1658,.T.);
#4118=EDGE_CURVE('',#3266,#3274,#1659,.T.);
#4119=EDGE_CURVE('',#3275,#3248,#1660,.T.);
#4120=EDGE_CURVE('',#3276,#3275,#1661,.T.);
#4121=EDGE_CURVE('',#3276,#3277,#1662,.T.);
#4122=EDGE_CURVE('',#3249,#3277,#1663,.T.);
#4123=EDGE_CURVE('',#3278,#3053,#1664,.T.);
#4124=EDGE_CURVE('',#3279,#3278,#1665,.T.);
#4125=EDGE_CURVE('',#3275,#3279,#1666,.T.);
#4126=EDGE_CURVE('',#3280,#3276,#1667,.T.);
#4127=EDGE_CURVE('',#3280,#3281,#1668,.T.);
#4128=EDGE_CURVE('',#3277,#3281,#1669,.T.);
#4129=EDGE_CURVE('',#3279,#3280,#1670,.T.);
#4130=EDGE_CURVE('',#3281,#3278,#1671,.T.);
#4131=EDGE_CURVE('',#2986,#3282,#1672,.T.);
#4132=EDGE_CURVE('',#3282,#3283,#1673,.T.);
#4133=EDGE_CURVE('',#3283,#3284,#1674,.T.);
#4134=EDGE_CURVE('',#3284,#3105,#1675,.T.);
#4135=EDGE_CURVE('',#3285,#3106,#1676,.T.);
#4136=EDGE_CURVE('',#3286,#3285,#1677,.T.);
#4137=EDGE_CURVE('',#3286,#3282,#1678,.T.);
#4138=EDGE_CURVE('',#3287,#3284,#1679,.T.);
#4139=EDGE_CURVE('',#3285,#3287,#1680,.T.);
#4140=EDGE_CURVE('',#3287,#3288,#1681,.T.);
#4141=EDGE_CURVE('',#3288,#3283,#1682,.T.);
#4142=EDGE_CURVE('',#3288,#3286,#1683,.T.);
#4143=EDGE_CURVE('',#2975,#3289,#1684,.T.);
#4144=EDGE_CURVE('',#3289,#3290,#1685,.T.);
#4145=EDGE_CURVE('',#3064,#3290,#1686,.T.);
#4146=EDGE_CURVE('',#2976,#3063,#1687,.T.);
#4147=EDGE_CURVE('',#3290,#3291,#1688,.T.);
#4148=EDGE_CURVE('',#3065,#3291,#1689,.T.);
#4149=EDGE_CURVE('',#2974,#3292,#1690,.T.);
#4150=EDGE_CURVE('',#3292,#3289,#1691,.T.);
#4151=EDGE_CURVE('',#3066,#2973,#1692,.T.);
#4152=EDGE_CURVE('',#3291,#3292,#1693,.T.);
#4153=EDGE_CURVE('',#3086,#2972,#1694,.T.);
#4154=EDGE_CURVE('',#3293,#3294,#1695,.T.);
#4155=EDGE_CURVE('',#3293,#3295,#1696,.T.);
#4156=EDGE_CURVE('',#3295,#3296,#1697,.T.);
#4157=EDGE_CURVE('',#3294,#3296,#1698,.T.);
#4158=EDGE_CURVE('',#3297,#3293,#1699,.T.);
#4159=EDGE_CURVE('',#3297,#3298,#1700,.T.);
#4160=EDGE_CURVE('',#3298,#3295,#1701,.T.);
#4161=EDGE_CURVE('',#3299,#3297,#1702,.T.);
#4162=EDGE_CURVE('',#3299,#3300,#1703,.T.);
#4163=EDGE_CURVE('',#3300,#3298,#1704,.T.);
#4164=EDGE_CURVE('',#3294,#3299,#1705,.T.);
#4165=EDGE_CURVE('',#3296,#3300,#1706,.T.);
#4166=EDGE_CURVE('',#2979,#3301,#1707,.T.);
#4167=EDGE_CURVE('',#3301,#3302,#1708,.T.);
#4168=EDGE_CURVE('',#3060,#3302,#1709,.T.);
#4169=EDGE_CURVE('',#2980,#3059,#1710,.T.);
#4170=EDGE_CURVE('',#3302,#3303,#1711,.T.);
#4171=EDGE_CURVE('',#3061,#3303,#1712,.T.);
#4172=EDGE_CURVE('',#2978,#3304,#1713,.T.);
#4173=EDGE_CURVE('',#3304,#3301,#1714,.T.);
#4174=EDGE_CURVE('',#3062,#2977,#1715,.T.);
#4175=EDGE_CURVE('',#3303,#3304,#1716,.T.);
#4176=EDGE_CURVE('',#3058,#2981,#1717,.T.);
#4177=EDGE_CURVE('',#3056,#3305,#1718,.T.);
#4178=EDGE_CURVE('',#3305,#3306,#1719,.T.);
#4179=EDGE_CURVE('',#3057,#3306,#1720,.T.);
#4180=EDGE_CURVE('',#2982,#3307,#1721,.T.);
#4181=EDGE_CURVE('',#3307,#3308,#1722,.T.);
#4182=EDGE_CURVE('',#2983,#3308,#1723,.T.);
#4183=EDGE_CURVE('',#2983,#3056,#1724,.T.);
#4184=EDGE_CURVE('',#3308,#3305,#1725,.T.);
#4185=EDGE_CURVE('',#3306,#3307,#1726,.T.);
#4186=EDGE_CURVE('',#3309,#3310,#1727,.T.);
#4187=EDGE_CURVE('',#3309,#3311,#1728,.T.);
#4188=EDGE_CURVE('',#3311,#3312,#1729,.T.);
#4189=EDGE_CURVE('',#3310,#3312,#1730,.T.);
#4190=EDGE_CURVE('',#3313,#3309,#1731,.T.);
#4191=EDGE_CURVE('',#3313,#3314,#1732,.T.);
#4192=EDGE_CURVE('',#3314,#3311,#1733,.T.);
#4193=EDGE_CURVE('',#3315,#3313,#1734,.T.);
#4194=EDGE_CURVE('',#3315,#3316,#1735,.T.);
#4195=EDGE_CURVE('',#3316,#3314,#1736,.T.);
#4196=EDGE_CURVE('',#3310,#3315,#1737,.T.);
#4197=EDGE_CURVE('',#3312,#3316,#1738,.T.);
#4198=EDGE_CURVE('',#3317,#3318,#381,.T.);
#4199=EDGE_CURVE('',#3317,#3319,#1739,.T.);
#4200=EDGE_CURVE('',#3319,#3320,#1740,.T.);
#4201=EDGE_CURVE('',#3320,#3318,#1741,.T.);
#4202=EDGE_CURVE('',#3318,#3243,#382,.T.);
#4203=EDGE_CURVE('',#3321,#3320,#1742,.T.);
#4204=EDGE_CURVE('',#3244,#3321,#1743,.T.);
#4205=EDGE_CURVE('',#3319,#3322,#1744,.T.);
#4206=EDGE_CURVE('',#3322,#3321,#1745,.T.);
#4207=EDGE_CURVE('',#3322,#3245,#1746,.T.);
#4208=EDGE_CURVE('',#3246,#3317,#383,.T.);
#4209=EDGE_CURVE('',#3210,#3240,#1747,.T.);
#4210=EDGE_CURVE('',#3212,#3247,#1748,.T.);
#4211=EDGE_CURVE('',#3237,#3323,#1749,.T.);
#4212=EDGE_CURVE('',#3324,#3323,#1750,.T.);
#4213=EDGE_CURVE('',#3324,#3238,#1751,.T.);
#4214=EDGE_CURVE('',#3325,#3324,#1752,.T.);
#4215=EDGE_CURVE('',#3109,#3325,#1753,.T.);
#4216=EDGE_CURVE('',#3323,#3326,#1754,.T.);
#4217=EDGE_CURVE('',#3325,#3326,#1755,.T.);
#4218=EDGE_CURVE('',#3326,#3110,#1756,.T.);
#4219=EDGE_CURVE('',#3327,#3328,#384,.T.);
#4220=EDGE_CURVE('',#3327,#3329,#1757,.T.);
#4221=EDGE_CURVE('',#3329,#3330,#1758,.T.);
#4222=EDGE_CURVE('',#3330,#3331,#1759,.T.);
#4223=EDGE_CURVE('',#3332,#3331,#385,.T.);
#4224=EDGE_CURVE('',#3332,#3328,#1760,.T.);
#4225=EDGE_CURVE('',#3331,#3333,#386,.T.);
#4226=EDGE_CURVE('',#3330,#3334,#1761,.T.);
#4227=EDGE_CURVE('',#3334,#3335,#1762,.T.);
#4228=EDGE_CURVE('',#3333,#3335,#1763,.T.);
#4229=EDGE_CURVE('',#3328,#3336,#387,.T.);
#4230=EDGE_CURVE('',#3333,#3332,#388,.T.);
#4231=EDGE_CURVE('',#3335,#3337,#1764,.T.);
#4232=EDGE_CURVE('',#3336,#3337,#1765,.T.);
#4233=EDGE_CURVE('',#3329,#3338,#1766,.T.);
#4234=EDGE_CURVE('',#3338,#3334,#1767,.T.);
#4235=EDGE_CURVE('',#3336,#3327,#389,.T.);
#4236=EDGE_CURVE('',#3337,#3338,#1768,.T.);
#4237=EDGE_CURVE('',#3339,#3211,#1769,.T.);
#4238=EDGE_CURVE('',#3340,#3339,#1770,.T.);
#4239=EDGE_CURVE('',#3341,#3340,#1771,.T.);
#4240=EDGE_CURVE('',#3227,#3341,#1772,.T.);
#4241=EDGE_CURVE('',#3342,#2895,#1773,.T.);
#4242=EDGE_CURVE('',#3342,#3340,#1774,.T.);
#4243=EDGE_CURVE('',#2895,#3339,#1775,.T.);
#4244=EDGE_CURVE('',#2902,#3341,#1776,.T.);
#4245=EDGE_CURVE('',#2902,#3342,#1777,.T.);
#4246=EDGE_CURVE('',#3119,#3236,#1778,.T.);
#4247=EDGE_CURVE('',#2903,#3343,#1779,.T.);
#4248=EDGE_CURVE('',#3343,#2894,#1780,.T.);
#4249=EDGE_CURVE('',#2893,#3344,#1781,.T.);
#4250=EDGE_CURVE('',#3344,#3200,#1782,.T.);
#4251=EDGE_CURVE('',#3342,#3343,#1783,.T.);
#4252=EDGE_CURVE('',#3210,#3344,#1784,.T.);
#4253=EDGE_CURVE('',#3345,#3346,#1785,.T.);
#4254=EDGE_CURVE('',#3347,#3345,#1786,.T.);
#4255=EDGE_CURVE('',#3348,#3347,#1787,.T.);
#4256=EDGE_CURVE('',#3346,#3348,#1788,.T.);
#4257=EDGE_CURVE('',#3349,#3346,#1789,.T.);
#4258=EDGE_CURVE('',#3349,#3350,#1790,.T.);
#4259=EDGE_CURVE('',#3345,#3350,#1791,.T.);
#4260=EDGE_CURVE('',#3351,#3348,#1792,.T.);
#4261=EDGE_CURVE('',#3351,#3349,#1793,.T.);
#4262=EDGE_CURVE('',#3352,#3353,#1794,.T.);
#4263=EDGE_CURVE('',#3353,#3354,#1795,.T.);
#4264=EDGE_CURVE('',#3354,#3355,#1796,.T.);
#4265=EDGE_CURVE('',#3355,#3352,#1797,.T.);
#4266=EDGE_CURVE('',#3356,#3347,#1798,.T.);
#4267=EDGE_CURVE('',#3356,#3351,#1799,.T.);
#4268=EDGE_CURVE('',#3350,#3356,#1800,.T.);
#4269=EDGE_CURVE('',#3354,#3357,#1801,.T.);
#4270=EDGE_CURVE('',#3357,#3358,#1802,.T.);
#4271=EDGE_CURVE('',#3358,#3355,#1803,.T.);
#4272=EDGE_CURVE('',#3359,#3358,#1804,.T.);
#4273=EDGE_CURVE('',#3357,#3360,#1805,.T.);
#4274=EDGE_CURVE('',#3359,#3360,#1806,.T.);
#4275=EDGE_CURVE('',#3352,#3359,#1807,.T.);
#4276=EDGE_CURVE('',#3360,#3353,#1808,.T.);
#4277=EDGE_CURVE('',#3361,#3362,#1809,.T.);
#4278=EDGE_CURVE('',#3361,#3363,#1810,.T.);
#4279=EDGE_CURVE('',#3364,#3363,#1811,.T.);
#4280=EDGE_CURVE('',#3362,#3364,#1812,.T.);
#4281=EDGE_CURVE('',#3362,#3365,#1813,.T.);
#4282=EDGE_CURVE('',#3366,#3364,#1814,.T.);
#4283=EDGE_CURVE('',#3365,#3366,#1815,.T.);
#4284=EDGE_CURVE('',#3365,#3367,#1816,.T.);
#4285=EDGE_CURVE('',#3368,#3366,#1817,.T.);
#4286=EDGE_CURVE('',#3367,#3368,#1818,.T.);
#4287=EDGE_CURVE('',#3367,#3369,#1819,.T.);
#4288=EDGE_CURVE('',#3370,#3368,#1820,.T.);
#4289=EDGE_CURVE('',#3369,#3370,#1821,.T.);
#4290=EDGE_CURVE('',#3369,#3371,#1822,.T.);
#4291=EDGE_CURVE('',#3372,#3370,#1823,.T.);
#4292=EDGE_CURVE('',#3371,#3372,#1824,.T.);
#4293=EDGE_CURVE('',#3371,#3361,#1825,.T.);
#4294=EDGE_CURVE('',#3363,#3372,#1826,.T.);
#4295=EDGE_CURVE('',#3373,#3374,#1827,.T.);
#4296=EDGE_CURVE('',#3374,#3375,#1828,.T.);
#4297=EDGE_CURVE('',#3376,#3375,#1829,.T.);
#4298=EDGE_CURVE('',#3373,#3376,#1830,.T.);
#4299=EDGE_CURVE('',#3377,#3373,#1831,.T.);
#4300=EDGE_CURVE('',#3378,#3376,#1832,.T.);
#4301=EDGE_CURVE('',#3377,#3378,#1833,.T.);
#4302=EDGE_CURVE('',#3379,#3377,#1834,.T.);
#4303=EDGE_CURVE('',#3380,#3378,#1835,.T.);
#4304=EDGE_CURVE('',#3379,#3380,#1836,.T.);
#4305=EDGE_CURVE('',#3374,#3379,#1837,.T.);
#4306=EDGE_CURVE('',#3375,#3380,#1838,.T.);
#4307=EDGE_CURVE('',#3381,#3382,#1839,.T.);
#4308=EDGE_CURVE('',#3381,#3383,#1840,.T.);
#4309=EDGE_CURVE('',#3384,#3383,#1841,.T.);
#4310=EDGE_CURVE('',#3382,#3384,#1842,.T.);
#4311=EDGE_CURVE('',#3382,#3385,#1843,.T.);
#4312=EDGE_CURVE('',#3386,#3384,#1844,.T.);
#4313=EDGE_CURVE('',#3385,#3386,#1845,.T.);
#4314=EDGE_CURVE('',#3385,#3387,#1846,.T.);
#4315=EDGE_CURVE('',#3388,#3386,#1847,.T.);
#4316=EDGE_CURVE('',#3387,#3388,#1848,.T.);
#4317=EDGE_CURVE('',#3387,#3381,#1849,.T.);
#4318=EDGE_CURVE('',#3383,#3388,#1850,.T.);
#4319=EDGE_CURVE('',#3389,#3390,#1851,.T.);
#4320=EDGE_CURVE('',#3390,#3391,#1852,.T.);
#4321=EDGE_CURVE('',#3392,#3391,#1853,.T.);
#4322=EDGE_CURVE('',#3389,#3392,#1854,.T.);
#4323=EDGE_CURVE('',#3393,#3389,#1855,.T.);
#4324=EDGE_CURVE('',#3394,#3392,#1856,.T.);
#4325=EDGE_CURVE('',#3393,#3394,#1857,.T.);
#4326=EDGE_CURVE('',#3395,#3393,#1858,.T.);
#4327=EDGE_CURVE('',#3396,#3394,#1859,.T.);
#4328=EDGE_CURVE('',#3395,#3396,#1860,.T.);
#4329=EDGE_CURVE('',#3390,#3395,#1861,.T.);
#4330=EDGE_CURVE('',#3391,#3396,#1862,.T.);
#4331=EDGE_CURVE('',#3397,#3398,#1863,.T.);
#4332=EDGE_CURVE('',#3397,#3399,#1864,.T.);
#4333=EDGE_CURVE('',#3400,#3399,#1865,.T.);
#4334=EDGE_CURVE('',#3398,#3400,#1866,.T.);
#4335=EDGE_CURVE('',#3398,#3401,#1867,.T.);
#4336=EDGE_CURVE('',#3402,#3400,#1868,.T.);
#4337=EDGE_CURVE('',#3401,#3402,#1869,.T.);
#4338=EDGE_CURVE('',#3401,#3403,#1870,.T.);
#4339=EDGE_CURVE('',#3404,#3402,#1871,.T.);
#4340=EDGE_CURVE('',#3403,#3404,#1872,.T.);
#4341=EDGE_CURVE('',#3403,#3397,#1873,.T.);
#4342=EDGE_CURVE('',#3399,#3404,#1874,.T.);
#4343=EDGE_CURVE('',#3405,#3406,#1875,.T.);
#4344=EDGE_CURVE('',#3407,#3405,#1876,.T.);
#4345=EDGE_CURVE('',#3407,#3408,#1877,.T.);
#4346=EDGE_CURVE('',#3409,#3408,#1878,.T.);
#4347=EDGE_CURVE('',#3410,#3409,#1879,.T.);
#4348=EDGE_CURVE('',#3406,#3410,#1880,.T.);
#4349=EDGE_CURVE('',#3410,#3411,#1881,.T.);
#4350=EDGE_CURVE('',#3412,#3409,#1882,.T.);
#4351=EDGE_CURVE('',#3413,#3412,#1883,.T.);
#4352=EDGE_CURVE('',#3414,#3413,#1884,.T.);
#4353=EDGE_CURVE('',#3411,#3414,#1885,.T.);
#4354=EDGE_CURVE('',#3413,#3415,#1886,.T.);
#4355=EDGE_CURVE('',#3416,#3412,#1887,.T.);
#4356=EDGE_CURVE('',#3415,#3416,#1888,.T.);
#4357=EDGE_CURVE('',#3415,#3407,#1889,.T.);
#4358=EDGE_CURVE('',#3408,#3416,#1890,.T.);
#4359=EDGE_CURVE('',#3417,#3406,#1891,.T.);
#4360=EDGE_CURVE('',#3418,#3417,#1892,.T.);
#4361=EDGE_CURVE('',#3405,#3418,#1893,.T.);
#4362=EDGE_CURVE('',#3411,#3419,#1894,.T.);
#4363=EDGE_CURVE('',#3419,#3420,#1895,.T.);
#4364=EDGE_CURVE('',#3420,#3417,#1896,.T.);
#4365=EDGE_CURVE('',#3418,#3421,#1897,.T.);
#4366=EDGE_CURVE('',#3421,#3420,#1898,.T.);
#4367=EDGE_CURVE('',#3421,#3422,#1899,.T.);
#4368=EDGE_CURVE('',#3422,#3419,#1900,.T.);
#4369=EDGE_CURVE('',#3422,#3414,#1901,.T.);
#4370=EDGE_CURVE('',#3423,#3424,#1902,.T.);
#4371=EDGE_CURVE('',#3424,#3425,#1903,.T.);
#4372=EDGE_CURVE('',#3426,#3425,#1904,.T.);
#4373=EDGE_CURVE('',#3423,#3426,#1905,.T.);
#4374=EDGE_CURVE('',#3427,#3423,#1906,.T.);
#4375=EDGE_CURVE('',#3428,#3426,#1907,.T.);
#4376=EDGE_CURVE('',#3427,#3428,#1908,.T.);
#4377=EDGE_CURVE('',#3429,#3430,#1909,.T.);
#4378=EDGE_CURVE('',#3429,#3427,#1910,.T.);
#4379=EDGE_CURVE('',#3431,#3428,#1911,.T.);
#4380=EDGE_CURVE('',#3432,#3431,#1912,.T.);
#4381=EDGE_CURVE('',#3430,#3432,#1913,.T.);
#4382=EDGE_CURVE('',#3432,#3433,#1914,.T.);
#4383=EDGE_CURVE('',#3425,#3431,#1915,.T.);
#4384=EDGE_CURVE('',#3424,#3434,#1916,.T.);
#4385=EDGE_CURVE('',#3433,#3434,#1917,.T.);
#4386=EDGE_CURVE('',#3435,#3430,#1918,.T.);
#4387=EDGE_CURVE('',#3436,#3435,#1919,.T.);
#4388=EDGE_CURVE('',#3429,#3436,#1920,.T.);
#4389=EDGE_CURVE('',#3433,#3437,#1921,.T.);
#4390=EDGE_CURVE('',#3437,#3438,#1922,.T.);
#4391=EDGE_CURVE('',#3438,#3435,#1923,.T.);
#4392=EDGE_CURVE('',#3436,#3439,#1924,.T.);
#4393=EDGE_CURVE('',#3439,#3438,#1925,.T.);
#4394=EDGE_CURVE('',#3439,#3440,#1926,.T.);
#4395=EDGE_CURVE('',#3440,#3437,#1927,.T.);
#4396=EDGE_CURVE('',#3440,#3434,#1928,.T.);
#4397=EDGE_CURVE('',#3441,#3441,#219,.T.);
#4398=EDGE_CURVE('',#3442,#3442,#220,.T.);
#4399=EDGE_CURVE('',#3442,#3441,#1929,.T.);
#4400=EDGE_CURVE('',#3443,#3443,#221,.T.);
#4401=EDGE_CURVE('',#3444,#3444,#222,.T.);
#4402=EDGE_CURVE('',#3444,#3443,#1930,.T.);
#4403=EDGE_CURVE('',#3445,#3446,#1931,.T.);
#4404=EDGE_CURVE('',#3446,#3447,#1932,.T.);
#4405=EDGE_CURVE('',#3447,#3448,#1933,.T.);
#4406=EDGE_CURVE('',#3448,#3445,#1934,.T.);
#4407=EDGE_CURVE('',#3449,#3446,#1935,.T.);
#4408=EDGE_CURVE('',#3450,#3449,#1936,.T.);
#4409=EDGE_CURVE('',#3447,#3450,#1937,.T.);
#4410=EDGE_CURVE('',#3451,#3450,#1938,.T.);
#4411=EDGE_CURVE('',#3448,#3451,#1939,.T.);
#4412=EDGE_CURVE('',#3452,#3451,#1940,.T.);
#4413=EDGE_CURVE('',#3445,#3452,#1941,.T.);
#4414=EDGE_CURVE('',#3449,#3452,#1942,.T.);
#4415=EDGE_CURVE('',#3453,#3454,#1943,.T.);
#4416=EDGE_CURVE('',#3454,#3455,#1944,.T.);
#4417=EDGE_CURVE('',#3455,#3456,#1945,.T.);
#4418=EDGE_CURVE('',#3456,#3453,#1946,.T.);
#4419=EDGE_CURVE('',#3457,#3454,#1947,.T.);
#4420=EDGE_CURVE('',#3458,#3457,#1948,.T.);
#4421=EDGE_CURVE('',#3455,#3458,#1949,.T.);
#4422=EDGE_CURVE('',#3459,#3458,#1950,.T.);
#4423=EDGE_CURVE('',#3456,#3459,#1951,.T.);
#4424=EDGE_CURVE('',#3460,#3459,#1952,.T.);
#4425=EDGE_CURVE('',#3453,#3460,#1953,.T.);
#4426=EDGE_CURVE('',#3457,#3460,#1954,.T.);
#4427=EDGE_CURVE('',#3461,#3462,#1955,.T.);
#4428=EDGE_CURVE('',#3462,#3463,#1956,.T.);
#4429=EDGE_CURVE('',#3463,#3464,#1957,.T.);
#4430=EDGE_CURVE('',#3464,#3461,#1958,.T.);
#4431=EDGE_CURVE('',#3465,#3462,#1959,.T.);
#4432=EDGE_CURVE('',#3466,#3465,#1960,.T.);
#4433=EDGE_CURVE('',#3463,#3466,#1961,.T.);
#4434=EDGE_CURVE('',#3467,#3466,#1962,.T.);
#4435=EDGE_CURVE('',#3464,#3467,#1963,.T.);
#4436=EDGE_CURVE('',#3468,#3467,#1964,.T.);
#4437=EDGE_CURVE('',#3461,#3468,#1965,.T.);
#4438=EDGE_CURVE('',#3465,#3468,#1966,.T.);
#4439=EDGE_CURVE('',#3469,#3470,#1967,.T.);
#4440=EDGE_CURVE('',#3470,#3471,#1968,.T.);
#4441=EDGE_CURVE('',#3471,#3472,#1969,.T.);
#4442=EDGE_CURVE('',#3472,#3469,#1970,.T.);
#4443=EDGE_CURVE('',#3473,#3470,#1971,.T.);
#4444=EDGE_CURVE('',#3474,#3473,#1972,.T.);
#4445=EDGE_CURVE('',#3471,#3474,#1973,.T.);
#4446=EDGE_CURVE('',#3475,#3474,#1974,.T.);
#4447=EDGE_CURVE('',#3472,#3475,#1975,.T.);
#4448=EDGE_CURVE('',#3476,#3475,#1976,.T.);
#4449=EDGE_CURVE('',#3469,#3476,#1977,.T.);
#4450=EDGE_CURVE('',#3473,#3476,#1978,.T.);
#4451=EDGE_CURVE('',#3477,#3478,#1979,.T.);
#4452=EDGE_CURVE('',#3478,#3479,#1980,.T.);
#4453=EDGE_CURVE('',#3479,#3480,#1981,.T.);
#4454=EDGE_CURVE('',#3480,#3477,#1982,.T.);
#4455=EDGE_CURVE('',#3481,#3478,#1983,.T.);
#4456=EDGE_CURVE('',#3482,#3481,#1984,.T.);
#4457=EDGE_CURVE('',#3479,#3482,#1985,.T.);
#4458=EDGE_CURVE('',#3483,#3482,#1986,.T.);
#4459=EDGE_CURVE('',#3480,#3483,#1987,.T.);
#4460=EDGE_CURVE('',#3484,#3483,#1988,.T.);
#4461=EDGE_CURVE('',#3477,#3484,#1989,.T.);
#4462=EDGE_CURVE('',#3481,#3484,#1990,.T.);
#4463=EDGE_CURVE('',#3485,#3486,#1991,.T.);
#4464=EDGE_CURVE('',#3486,#3487,#1992,.T.);
#4465=EDGE_CURVE('',#3487,#3488,#1993,.T.);
#4466=EDGE_CURVE('',#3488,#3485,#1994,.T.);
#4467=EDGE_CURVE('',#3489,#3486,#1995,.T.);
#4468=EDGE_CURVE('',#3490,#3489,#1996,.T.);
#4469=EDGE_CURVE('',#3487,#3490,#1997,.T.);
#4470=EDGE_CURVE('',#3491,#3490,#1998,.T.);
#4471=EDGE_CURVE('',#3488,#3491,#1999,.T.);
#4472=EDGE_CURVE('',#3492,#3491,#2000,.T.);
#4473=EDGE_CURVE('',#3485,#3492,#2001,.T.);
#4474=EDGE_CURVE('',#3489,#3492,#2002,.T.);
#4475=EDGE_CURVE('',#3493,#3494,#2003,.T.);
#4476=EDGE_CURVE('',#3494,#3495,#2004,.T.);
#4477=EDGE_CURVE('',#3495,#3496,#2005,.T.);
#4478=EDGE_CURVE('',#3496,#3493,#2006,.T.);
#4479=EDGE_CURVE('',#3497,#3494,#2007,.T.);
#4480=EDGE_CURVE('',#3498,#3497,#2008,.T.);
#4481=EDGE_CURVE('',#3495,#3498,#2009,.T.);
#4482=EDGE_CURVE('',#3499,#3498,#2010,.T.);
#4483=EDGE_CURVE('',#3496,#3499,#2011,.T.);
#4484=EDGE_CURVE('',#3500,#3499,#2012,.T.);
#4485=EDGE_CURVE('',#3493,#3500,#2013,.T.);
#4486=EDGE_CURVE('',#3497,#3500,#2014,.T.);
#4487=EDGE_CURVE('',#3501,#3502,#2015,.T.);
#4488=EDGE_CURVE('',#3502,#3503,#2016,.T.);
#4489=EDGE_CURVE('',#3503,#3504,#2017,.T.);
#4490=EDGE_CURVE('',#3504,#3501,#2018,.T.);
#4491=EDGE_CURVE('',#3505,#3502,#2019,.T.);
#4492=EDGE_CURVE('',#3506,#3505,#2020,.T.);
#4493=EDGE_CURVE('',#3503,#3506,#2021,.T.);
#4494=EDGE_CURVE('',#3507,#3506,#2022,.T.);
#4495=EDGE_CURVE('',#3504,#3507,#2023,.T.);
#4496=EDGE_CURVE('',#3508,#3507,#2024,.T.);
#4497=EDGE_CURVE('',#3501,#3508,#2025,.T.);
#4498=EDGE_CURVE('',#3505,#3508,#2026,.T.);
#4499=EDGE_CURVE('',#3509,#3510,#2027,.T.);
#4500=EDGE_CURVE('',#3510,#3511,#2028,.T.);
#4501=EDGE_CURVE('',#3511,#3512,#2029,.T.);
#4502=EDGE_CURVE('',#3512,#3509,#2030,.T.);
#4503=EDGE_CURVE('',#3513,#3510,#2031,.T.);
#4504=EDGE_CURVE('',#3514,#3513,#2032,.T.);
#4505=EDGE_CURVE('',#3511,#3514,#2033,.T.);
#4506=EDGE_CURVE('',#3515,#3514,#2034,.T.);
#4507=EDGE_CURVE('',#3512,#3515,#2035,.T.);
#4508=EDGE_CURVE('',#3516,#3515,#2036,.T.);
#4509=EDGE_CURVE('',#3509,#3516,#2037,.T.);
#4510=EDGE_CURVE('',#3513,#3516,#2038,.T.);
#4511=EDGE_CURVE('',#3517,#3518,#2039,.T.);
#4512=EDGE_CURVE('',#3518,#3519,#2040,.T.);
#4513=EDGE_CURVE('',#3519,#3520,#2041,.T.);
#4514=EDGE_CURVE('',#3520,#3517,#2042,.T.);
#4515=EDGE_CURVE('',#3521,#3518,#2043,.T.);
#4516=EDGE_CURVE('',#3522,#3521,#2044,.T.);
#4517=EDGE_CURVE('',#3519,#3522,#2045,.T.);
#4518=EDGE_CURVE('',#3523,#3522,#2046,.T.);
#4519=EDGE_CURVE('',#3520,#3523,#2047,.T.);
#4520=EDGE_CURVE('',#3524,#3523,#2048,.T.);
#4521=EDGE_CURVE('',#3517,#3524,#2049,.T.);
#4522=EDGE_CURVE('',#3521,#3524,#2050,.T.);
#4523=EDGE_CURVE('',#3525,#3525,#223,.T.);
#4524=EDGE_CURVE('',#3526,#3526,#224,.T.);
#4525=EDGE_CURVE('',#3526,#3525,#2051,.T.);
#4526=EDGE_CURVE('',#3527,#3527,#225,.T.);
#4527=EDGE_CURVE('',#3528,#3528,#226,.T.);
#4528=EDGE_CURVE('',#3528,#3527,#2052,.T.);
#4529=EDGE_CURVE('',#3529,#3529,#227,.T.);
#4530=EDGE_CURVE('',#3530,#3530,#228,.T.);
#4531=EDGE_CURVE('',#3530,#3529,#2053,.T.);
#4532=EDGE_CURVE('',#3531,#3531,#229,.T.);
#4533=EDGE_CURVE('',#3532,#3532,#230,.T.);
#4534=EDGE_CURVE('',#3532,#3531,#2054,.T.);
#4535=ORIENTED_EDGE('',*,*,#3533,.F.);
#4536=ORIENTED_EDGE('',*,*,#3534,.F.);
#4537=ORIENTED_EDGE('',*,*,#3535,.F.);
#4538=ORIENTED_EDGE('',*,*,#3536,.F.);
#4539=ORIENTED_EDGE('',*,*,#3537,.F.);
#4540=ORIENTED_EDGE('',*,*,#3538,.T.);
#4541=ORIENTED_EDGE('',*,*,#3539,.F.);
#4542=ORIENTED_EDGE('',*,*,#3533,.T.);
#4543=ORIENTED_EDGE('',*,*,#3540,.F.);
#4544=ORIENTED_EDGE('',*,*,#3541,.T.);
#4545=ORIENTED_EDGE('',*,*,#3537,.T.);
#4546=ORIENTED_EDGE('',*,*,#3536,.T.);
#4547=ORIENTED_EDGE('',*,*,#3542,.F.);
#4548=ORIENTED_EDGE('',*,*,#3543,.T.);
#4549=ORIENTED_EDGE('',*,*,#3540,.T.);
#4550=ORIENTED_EDGE('',*,*,#3535,.T.);
#4551=ORIENTED_EDGE('',*,*,#3544,.T.);
#4552=ORIENTED_EDGE('',*,*,#3545,.T.);
#4553=ORIENTED_EDGE('',*,*,#3546,.T.);
#4554=ORIENTED_EDGE('',*,*,#3547,.T.);
#4555=ORIENTED_EDGE('',*,*,#3539,.T.);
#4556=ORIENTED_EDGE('',*,*,#3548,.T.);
#4557=ORIENTED_EDGE('',*,*,#3542,.T.);
#4558=ORIENTED_EDGE('',*,*,#3534,.T.);
#4559=ORIENTED_EDGE('',*,*,#3538,.F.);
#4560=ORIENTED_EDGE('',*,*,#3541,.F.);
#4561=ORIENTED_EDGE('',*,*,#3543,.F.);
#4562=ORIENTED_EDGE('',*,*,#3548,.F.);
#4563=ORIENTED_EDGE('',*,*,#3549,.T.);
#4564=ORIENTED_EDGE('',*,*,#3550,.F.);
#4565=ORIENTED_EDGE('',*,*,#3551,.T.);
#4566=ORIENTED_EDGE('',*,*,#3552,.F.);
#4567=ORIENTED_EDGE('',*,*,#3544,.F.);
#4568=ORIENTED_EDGE('',*,*,#3553,.T.);
#4569=ORIENTED_EDGE('',*,*,#3552,.T.);
#4570=ORIENTED_EDGE('',*,*,#3554,.T.);
#4571=ORIENTED_EDGE('',*,*,#3547,.F.);
#4572=ORIENTED_EDGE('',*,*,#3555,.F.);
#4573=ORIENTED_EDGE('',*,*,#3549,.F.);
#4574=ORIENTED_EDGE('',*,*,#3553,.F.);
#4575=ORIENTED_EDGE('',*,*,#3545,.F.);
#4576=ORIENTED_EDGE('',*,*,#3554,.F.);
#4577=ORIENTED_EDGE('',*,*,#3551,.F.);
#4578=ORIENTED_EDGE('',*,*,#3556,.F.);
#4579=ORIENTED_EDGE('',*,*,#3546,.F.);
#4580=ORIENTED_EDGE('',*,*,#3556,.T.);
#4581=ORIENTED_EDGE('',*,*,#3550,.T.);
#4582=ORIENTED_EDGE('',*,*,#3555,.T.);
#4583=ORIENTED_EDGE('',*,*,#3557,.F.);
#4584=ORIENTED_EDGE('',*,*,#3558,.F.);
#4585=ORIENTED_EDGE('',*,*,#3559,.F.);
#4586=ORIENTED_EDGE('',*,*,#3560,.F.);
#4587=ORIENTED_EDGE('',*,*,#3561,.F.);
#4588=ORIENTED_EDGE('',*,*,#3562,.F.);
#4589=ORIENTED_EDGE('',*,*,#3563,.F.);
#4590=ORIENTED_EDGE('',*,*,#3559,.T.);
#4591=ORIENTED_EDGE('',*,*,#3564,.F.);
#4592=ORIENTED_EDGE('',*,*,#3562,.T.);
#4593=ORIENTED_EDGE('',*,*,#3557,.T.);
#4594=ORIENTED_EDGE('',*,*,#3564,.T.);
#4595=ORIENTED_EDGE('',*,*,#3561,.T.);
#4596=ORIENTED_EDGE('',*,*,#3565,.T.);
#4597=ORIENTED_EDGE('',*,*,#3566,.T.);
#4598=ORIENTED_EDGE('',*,*,#3567,.F.);
#4599=ORIENTED_EDGE('',*,*,#3568,.F.);
#4600=ORIENTED_EDGE('',*,*,#3569,.T.);
#4601=ORIENTED_EDGE('',*,*,#3570,.F.);
#4602=ORIENTED_EDGE('',*,*,#3571,.F.);
#4603=ORIENTED_EDGE('',*,*,#3572,.F.);
#4604=ORIENTED_EDGE('',*,*,#3573,.F.);
#4605=ORIENTED_EDGE('',*,*,#3574,.F.);
#4606=ORIENTED_EDGE('',*,*,#3575,.F.);
#4607=ORIENTED_EDGE('',*,*,#3576,.F.);
#4608=ORIENTED_EDGE('',*,*,#3572,.T.);
#4609=ORIENTED_EDGE('',*,*,#3577,.F.);
#4610=ORIENTED_EDGE('',*,*,#3575,.T.);
#4611=ORIENTED_EDGE('',*,*,#3570,.T.);
#4612=ORIENTED_EDGE('',*,*,#3577,.T.);
#4613=ORIENTED_EDGE('',*,*,#3574,.T.);
#4614=ORIENTED_EDGE('',*,*,#3578,.T.);
#4615=ORIENTED_EDGE('',*,*,#3579,.T.);
#4616=ORIENTED_EDGE('',*,*,#3580,.F.);
#4617=ORIENTED_EDGE('',*,*,#3581,.F.);
#4618=ORIENTED_EDGE('',*,*,#3582,.T.);
#4619=ORIENTED_EDGE('',*,*,#3583,.F.);
#4620=ORIENTED_EDGE('',*,*,#3584,.F.);
#4621=ORIENTED_EDGE('',*,*,#3585,.T.);
#4622=ORIENTED_EDGE('',*,*,#3586,.F.);
#4623=ORIENTED_EDGE('',*,*,#3587,.F.);
#4624=ORIENTED_EDGE('',*,*,#3588,.F.);
#4625=ORIENTED_EDGE('',*,*,#3589,.F.);
#4626=ORIENTED_EDGE('',*,*,#3590,.T.);
#4627=ORIENTED_EDGE('',*,*,#3591,.F.);
#4628=ORIENTED_EDGE('',*,*,#3585,.F.);
#4629=ORIENTED_EDGE('',*,*,#3592,.F.);
#4630=ORIENTED_EDGE('',*,*,#3587,.T.);
#4631=ORIENTED_EDGE('',*,*,#3593,.F.);
#4632=ORIENTED_EDGE('',*,*,#3594,.F.);
#4633=ORIENTED_EDGE('',*,*,#3595,.F.);
#4634=ORIENTED_EDGE('',*,*,#3596,.F.);
#4635=ORIENTED_EDGE('',*,*,#3594,.T.);
#4636=ORIENTED_EDGE('',*,*,#3597,.F.);
#4637=ORIENTED_EDGE('',*,*,#3590,.F.);
#4638=ORIENTED_EDGE('',*,*,#3598,.F.);
#4639=ORIENTED_EDGE('',*,*,#3591,.T.);
#4640=ORIENTED_EDGE('',*,*,#3597,.T.);
#4641=ORIENTED_EDGE('',*,*,#3593,.T.);
#4642=ORIENTED_EDGE('',*,*,#3586,.T.);
#4643=ORIENTED_EDGE('',*,*,#3599,.F.);
#4644=ORIENTED_EDGE('',*,*,#3588,.T.);
#4645=ORIENTED_EDGE('',*,*,#3592,.T.);
#4646=ORIENTED_EDGE('',*,*,#3596,.T.);
#4647=ORIENTED_EDGE('',*,*,#3583,.T.);
#4648=ORIENTED_EDGE('',*,*,#3599,.T.);
#4649=ORIENTED_EDGE('',*,*,#3595,.T.);
#4650=ORIENTED_EDGE('',*,*,#3600,.F.);
#4651=ORIENTED_EDGE('',*,*,#3601,.F.);
#4652=ORIENTED_EDGE('',*,*,#3602,.F.);
#4653=ORIENTED_EDGE('',*,*,#3603,.T.);
#4654=ORIENTED_EDGE('',*,*,#3604,.F.);
#4655=ORIENTED_EDGE('',*,*,#3605,.F.);
#4656=ORIENTED_EDGE('',*,*,#3606,.T.);
#4657=ORIENTED_EDGE('',*,*,#3607,.F.);
#4658=ORIENTED_EDGE('',*,*,#3608,.F.);
#4659=ORIENTED_EDGE('',*,*,#3609,.F.);
#4660=ORIENTED_EDGE('',*,*,#3610,.T.);
#4661=ORIENTED_EDGE('',*,*,#3611,.F.);
#4662=ORIENTED_EDGE('',*,*,#3606,.F.);
#4663=ORIENTED_EDGE('',*,*,#3612,.F.);
#4664=ORIENTED_EDGE('',*,*,#3608,.T.);
#4665=ORIENTED_EDGE('',*,*,#3613,.F.);
#4666=ORIENTED_EDGE('',*,*,#3614,.F.);
#4667=ORIENTED_EDGE('',*,*,#3615,.F.);
#4668=ORIENTED_EDGE('',*,*,#3614,.T.);
#4669=ORIENTED_EDGE('',*,*,#3616,.F.);
#4670=ORIENTED_EDGE('',*,*,#3610,.F.);
#4671=ORIENTED_EDGE('',*,*,#3616,.T.);
#4672=ORIENTED_EDGE('',*,*,#3613,.T.);
#4673=ORIENTED_EDGE('',*,*,#3607,.T.);
#4674=ORIENTED_EDGE('',*,*,#3611,.T.);
#4675=ORIENTED_EDGE('',*,*,#3617,.F.);
#4676=ORIENTED_EDGE('',*,*,#3618,.T.);
#4677=ORIENTED_EDGE('',*,*,#3619,.F.);
#4678=ORIENTED_EDGE('',*,*,#3620,.F.);
#4679=ORIENTED_EDGE('',*,*,#3621,.F.);
#4680=ORIENTED_EDGE('',*,*,#3622,.F.);
#4681=ORIENTED_EDGE('',*,*,#3623,.F.);
#4682=ORIENTED_EDGE('',*,*,#3624,.T.);
#4683=ORIENTED_EDGE('',*,*,#3625,.F.);
#4684=ORIENTED_EDGE('',*,*,#3618,.F.);
#4685=ORIENTED_EDGE('',*,*,#3626,.F.);
#4686=ORIENTED_EDGE('',*,*,#3620,.T.);
#4687=ORIENTED_EDGE('',*,*,#3627,.F.);
#4688=ORIENTED_EDGE('',*,*,#3628,.F.);
#4689=ORIENTED_EDGE('',*,*,#3629,.F.);
#4690=ORIENTED_EDGE('',*,*,#3630,.F.);
#4691=ORIENTED_EDGE('',*,*,#3631,.F.);
#4692=ORIENTED_EDGE('',*,*,#3628,.T.);
#4693=ORIENTED_EDGE('',*,*,#3632,.F.);
#4694=ORIENTED_EDGE('',*,*,#3624,.F.);
#4695=ORIENTED_EDGE('',*,*,#3619,.T.);
#4696=ORIENTED_EDGE('',*,*,#3625,.T.);
#4697=ORIENTED_EDGE('',*,*,#3632,.T.);
#4698=ORIENTED_EDGE('',*,*,#3627,.T.);
#4699=ORIENTED_EDGE('',*,*,#3633,.F.);
#4700=ORIENTED_EDGE('',*,*,#3629,.T.);
#4701=ORIENTED_EDGE('',*,*,#3631,.T.);
#4702=ORIENTED_EDGE('',*,*,#3623,.T.);
#4703=ORIENTED_EDGE('',*,*,#3630,.T.);
#4704=ORIENTED_EDGE('',*,*,#3633,.T.);
#4705=ORIENTED_EDGE('',*,*,#3622,.T.);
#4706=ORIENTED_EDGE('',*,*,#3634,.F.);
#4707=ORIENTED_EDGE('',*,*,#3635,.T.);
#4708=ORIENTED_EDGE('',*,*,#3636,.F.);
#4709=ORIENTED_EDGE('',*,*,#3637,.F.);
#4710=ORIENTED_EDGE('',*,*,#3638,.F.);
#4711=ORIENTED_EDGE('',*,*,#3639,.F.);
#4712=ORIENTED_EDGE('',*,*,#3640,.T.);
#4713=ORIENTED_EDGE('',*,*,#3641,.F.);
#4714=ORIENTED_EDGE('',*,*,#3642,.F.);
#4715=ORIENTED_EDGE('',*,*,#3643,.F.);
#4716=ORIENTED_EDGE('',*,*,#3644,.T.);
#4717=ORIENTED_EDGE('',*,*,#3645,.F.);
#4718=ORIENTED_EDGE('',*,*,#3640,.F.);
#4719=ORIENTED_EDGE('',*,*,#3646,.F.);
#4720=ORIENTED_EDGE('',*,*,#3642,.T.);
#4721=ORIENTED_EDGE('',*,*,#3647,.F.);
#4722=ORIENTED_EDGE('',*,*,#3648,.F.);
#4723=ORIENTED_EDGE('',*,*,#3649,.F.);
#4724=ORIENTED_EDGE('',*,*,#3648,.T.);
#4725=ORIENTED_EDGE('',*,*,#3650,.F.);
#4726=ORIENTED_EDGE('',*,*,#3644,.F.);
#4727=ORIENTED_EDGE('',*,*,#3650,.T.);
#4728=ORIENTED_EDGE('',*,*,#3647,.T.);
#4729=ORIENTED_EDGE('',*,*,#3641,.T.);
#4730=ORIENTED_EDGE('',*,*,#3645,.T.);
#4731=ORIENTED_EDGE('',*,*,#3651,.F.);
#4732=ORIENTED_EDGE('',*,*,#3652,.F.);
#4733=ORIENTED_EDGE('',*,*,#3653,.F.);
#4734=ORIENTED_EDGE('',*,*,#3654,.T.);
#4735=ORIENTED_EDGE('',*,*,#3655,.F.);
#4736=ORIENTED_EDGE('',*,*,#3656,.F.);
#4737=ORIENTED_EDGE('',*,*,#3657,.F.);
#4738=ORIENTED_EDGE('',*,*,#3658,.T.);
#4739=ORIENTED_EDGE('',*,*,#3659,.F.);
#4740=ORIENTED_EDGE('',*,*,#3660,.F.);
#4741=ORIENTED_EDGE('',*,*,#3661,.F.);
#4742=ORIENTED_EDGE('',*,*,#3654,.F.);
#4743=ORIENTED_EDGE('',*,*,#3662,.F.);
#4744=ORIENTED_EDGE('',*,*,#3663,.T.);
#4745=ORIENTED_EDGE('',*,*,#3657,.T.);
#4746=ORIENTED_EDGE('',*,*,#3664,.T.);
#4747=ORIENTED_EDGE('',*,*,#3665,.T.);
#4748=ORIENTED_EDGE('',*,*,#3666,.F.);
#4749=ORIENTED_EDGE('',*,*,#3658,.F.);
#4750=ORIENTED_EDGE('',*,*,#3663,.F.);
#4751=ORIENTED_EDGE('',*,*,#3656,.T.);
#4752=ORIENTED_EDGE('',*,*,#3667,.F.);
#4753=ORIENTED_EDGE('',*,*,#3668,.F.);
#4754=ORIENTED_EDGE('',*,*,#3664,.F.);
#4755=ORIENTED_EDGE('',*,*,#3669,.F.);
#4756=ORIENTED_EDGE('',*,*,#3665,.F.);
#4757=ORIENTED_EDGE('',*,*,#3668,.T.);
#4758=ORIENTED_EDGE('',*,*,#3670,.F.);
#4759=ORIENTED_EDGE('',*,*,#3660,.T.);
#4760=ORIENTED_EDGE('',*,*,#3671,.F.);
#4761=ORIENTED_EDGE('',*,*,#3672,.F.);
#4762=ORIENTED_EDGE('',*,*,#3673,.F.);
#4763=ORIENTED_EDGE('',*,*,#3670,.T.);
#4764=ORIENTED_EDGE('',*,*,#3667,.T.);
#4765=ORIENTED_EDGE('',*,*,#3655,.T.);
#4766=ORIENTED_EDGE('',*,*,#3661,.T.);
#4767=ORIENTED_EDGE('',*,*,#3651,.T.);
#4768=ORIENTED_EDGE('',*,*,#3666,.T.);
#4769=ORIENTED_EDGE('',*,*,#3662,.T.);
#4770=ORIENTED_EDGE('',*,*,#3669,.T.);
#4771=ORIENTED_EDGE('',*,*,#3674,.T.);
#4772=ORIENTED_EDGE('',*,*,#3675,.T.);
#4773=ORIENTED_EDGE('',*,*,#3676,.T.);
#4774=ORIENTED_EDGE('',*,*,#3677,.T.);
#4775=ORIENTED_EDGE('',*,*,#3678,.T.);
#4776=ORIENTED_EDGE('',*,*,#3679,.T.);
#4777=ORIENTED_EDGE('',*,*,#3680,.T.);
#4778=ORIENTED_EDGE('',*,*,#3681,.T.);
#4779=ORIENTED_EDGE('',*,*,#3682,.T.);
#4780=ORIENTED_EDGE('',*,*,#3683,.T.);
#4781=ORIENTED_EDGE('',*,*,#3684,.T.);
#4782=ORIENTED_EDGE('',*,*,#3685,.T.);
#4783=ORIENTED_EDGE('',*,*,#3686,.T.);
#4784=ORIENTED_EDGE('',*,*,#3687,.T.);
#4785=ORIENTED_EDGE('',*,*,#3688,.F.);
#4786=ORIENTED_EDGE('',*,*,#3689,.T.);
#4787=ORIENTED_EDGE('',*,*,#3690,.T.);
#4788=ORIENTED_EDGE('',*,*,#3691,.F.);
#4789=ORIENTED_EDGE('',*,*,#3692,.T.);
#4790=ORIENTED_EDGE('',*,*,#3693,.T.);
#4791=ORIENTED_EDGE('',*,*,#3694,.F.);
#4792=ORIENTED_EDGE('',*,*,#3695,.T.);
#4793=ORIENTED_EDGE('',*,*,#3696,.T.);
#4794=ORIENTED_EDGE('',*,*,#3697,.F.);
#4795=ORIENTED_EDGE('',*,*,#3698,.T.);
#4796=ORIENTED_EDGE('',*,*,#3673,.T.);
#4797=ORIENTED_EDGE('',*,*,#3699,.F.);
#4798=ORIENTED_EDGE('',*,*,#3700,.T.);
#4799=ORIENTED_EDGE('',*,*,#3701,.T.);
#4800=ORIENTED_EDGE('',*,*,#3702,.F.);
#4801=ORIENTED_EDGE('',*,*,#3703,.F.);
#4802=ORIENTED_EDGE('',*,*,#3674,.F.);
#4803=ORIENTED_EDGE('',*,*,#3672,.T.);
#4804=ORIENTED_EDGE('',*,*,#3704,.F.);
#4805=ORIENTED_EDGE('',*,*,#3705,.T.);
#4806=ORIENTED_EDGE('',*,*,#3706,.T.);
#4807=ORIENTED_EDGE('',*,*,#3699,.T.);
#4808=ORIENTED_EDGE('',*,*,#3707,.F.);
#4809=ORIENTED_EDGE('',*,*,#3708,.F.);
#4810=ORIENTED_EDGE('',*,*,#3701,.F.);
#4811=ORIENTED_EDGE('',*,*,#3709,.T.);
#4812=ORIENTED_EDGE('',*,*,#3710,.F.);
#4813=ORIENTED_EDGE('',*,*,#3709,.F.);
#4814=ORIENTED_EDGE('',*,*,#3700,.F.);
#4815=ORIENTED_EDGE('',*,*,#3706,.F.);
#4816=ORIENTED_EDGE('',*,*,#3707,.T.);
#4817=ORIENTED_EDGE('',*,*,#3710,.T.);
#4818=ORIENTED_EDGE('',*,*,#3705,.F.);
#4819=ORIENTED_EDGE('',*,*,#3711,.F.);
#4820=ORIENTED_EDGE('',*,*,#3712,.F.);
#4821=ORIENTED_EDGE('',*,*,#3713,.F.);
#4822=ORIENTED_EDGE('',*,*,#3652,.T.);
#4823=ORIENTED_EDGE('',*,*,#3698,.F.);
#4824=ORIENTED_EDGE('',*,*,#3714,.F.);
#4825=ORIENTED_EDGE('',*,*,#3715,.F.);
#4826=ORIENTED_EDGE('',*,*,#3716,.F.);
#4827=ORIENTED_EDGE('',*,*,#3717,.F.);
#4828=ORIENTED_EDGE('',*,*,#3718,.F.);
#4829=ORIENTED_EDGE('',*,*,#3719,.F.);
#4830=ORIENTED_EDGE('',*,*,#3720,.F.);
#4831=ORIENTED_EDGE('',*,*,#3721,.F.);
#4832=ORIENTED_EDGE('',*,*,#3722,.F.);
#4833=ORIENTED_EDGE('',*,*,#3723,.T.);
#4834=ORIENTED_EDGE('',*,*,#3721,.T.);
#4835=ORIENTED_EDGE('',*,*,#3724,.T.);
#4836=ORIENTED_EDGE('',*,*,#3725,.T.);
#4837=ORIENTED_EDGE('',*,*,#3720,.T.);
#4838=ORIENTED_EDGE('',*,*,#3726,.F.);
#4839=ORIENTED_EDGE('',*,*,#3727,.F.);
#4840=ORIENTED_EDGE('',*,*,#3724,.F.);
#4841=ORIENTED_EDGE('',*,*,#3727,.T.);
#4842=ORIENTED_EDGE('',*,*,#3728,.F.);
#4843=ORIENTED_EDGE('',*,*,#3729,.F.);
#4844=ORIENTED_EDGE('',*,*,#3725,.F.);
#4845=ORIENTED_EDGE('',*,*,#3730,.F.);
#4846=ORIENTED_EDGE('',*,*,#3722,.T.);
#4847=ORIENTED_EDGE('',*,*,#3723,.F.);
#4848=ORIENTED_EDGE('',*,*,#3729,.T.);
#4849=ORIENTED_EDGE('',*,*,#3731,.F.);
#4850=ORIENTED_EDGE('',*,*,#3718,.T.);
#4851=ORIENTED_EDGE('',*,*,#3732,.F.);
#4852=ORIENTED_EDGE('',*,*,#3731,.T.);
#4853=ORIENTED_EDGE('',*,*,#3728,.T.);
#4854=ORIENTED_EDGE('',*,*,#3726,.T.);
#4855=ORIENTED_EDGE('',*,*,#3719,.T.);
#4856=ORIENTED_EDGE('',*,*,#3732,.T.);
#4857=ORIENTED_EDGE('',*,*,#3717,.T.);
#4858=ORIENTED_EDGE('',*,*,#3733,.T.);
#4859=ORIENTED_EDGE('',*,*,#3712,.T.);
#4860=ORIENTED_EDGE('',*,*,#3734,.T.);
#4861=ORIENTED_EDGE('',*,*,#3735,.F.);
#4862=ORIENTED_EDGE('',*,*,#3736,.F.);
#4863=ORIENTED_EDGE('',*,*,#3737,.F.);
#4864=ORIENTED_EDGE('',*,*,#3738,.F.);
#4865=ORIENTED_EDGE('',*,*,#3739,.T.);
#4866=ORIENTED_EDGE('',*,*,#3740,.F.);
#4867=ORIENTED_EDGE('',*,*,#3741,.F.);
#4868=ORIENTED_EDGE('',*,*,#3742,.F.);
#4869=ORIENTED_EDGE('',*,*,#3743,.F.);
#4870=ORIENTED_EDGE('',*,*,#3744,.T.);
#4871=ORIENTED_EDGE('',*,*,#3745,.F.);
#4872=ORIENTED_EDGE('',*,*,#3746,.F.);
#4873=ORIENTED_EDGE('',*,*,#3747,.F.);
#4874=ORIENTED_EDGE('',*,*,#3748,.F.);
#4875=ORIENTED_EDGE('',*,*,#3749,.F.);
#4876=ORIENTED_EDGE('',*,*,#3750,.F.);
#4877=ORIENTED_EDGE('',*,*,#3751,.F.);
#4878=ORIENTED_EDGE('',*,*,#3752,.F.);
#4879=ORIENTED_EDGE('',*,*,#3753,.F.);
#4880=ORIENTED_EDGE('',*,*,#3744,.F.);
#4881=ORIENTED_EDGE('',*,*,#3754,.F.);
#4882=ORIENTED_EDGE('',*,*,#3755,.F.);
#4883=ORIENTED_EDGE('',*,*,#3756,.F.);
#4884=ORIENTED_EDGE('',*,*,#3750,.T.);
#4885=ORIENTED_EDGE('',*,*,#3757,.F.);
#4886=ORIENTED_EDGE('',*,*,#3758,.T.);
#4887=ORIENTED_EDGE('',*,*,#3759,.F.);
#4888=ORIENTED_EDGE('',*,*,#3752,.T.);
#4889=ORIENTED_EDGE('',*,*,#3760,.F.);
#4890=ORIENTED_EDGE('',*,*,#3747,.T.);
#4891=ORIENTED_EDGE('',*,*,#3761,.T.);
#4892=ORIENTED_EDGE('',*,*,#3757,.T.);
#4893=ORIENTED_EDGE('',*,*,#3749,.T.);
#4894=ORIENTED_EDGE('',*,*,#3746,.T.);
#4895=ORIENTED_EDGE('',*,*,#3762,.F.);
#4896=ORIENTED_EDGE('',*,*,#3758,.F.);
#4897=ORIENTED_EDGE('',*,*,#3761,.F.);
#4898=ORIENTED_EDGE('',*,*,#3759,.T.);
#4899=ORIENTED_EDGE('',*,*,#3762,.T.);
#4900=ORIENTED_EDGE('',*,*,#3745,.T.);
#4901=ORIENTED_EDGE('',*,*,#3753,.T.);
#4902=ORIENTED_EDGE('',*,*,#3741,.T.);
#4903=ORIENTED_EDGE('',*,*,#3763,.F.);
#4904=ORIENTED_EDGE('',*,*,#3764,.F.);
#4905=ORIENTED_EDGE('',*,*,#3765,.F.);
#4906=ORIENTED_EDGE('',*,*,#3766,.T.);
#4907=ORIENTED_EDGE('',*,*,#3767,.T.);
#4908=ORIENTED_EDGE('',*,*,#3768,.F.);
#4909=ORIENTED_EDGE('',*,*,#3740,.T.);
#4910=ORIENTED_EDGE('',*,*,#3760,.T.);
#4911=ORIENTED_EDGE('',*,*,#3748,.T.);
#4912=ORIENTED_EDGE('',*,*,#3756,.T.);
#4913=ORIENTED_EDGE('',*,*,#3769,.T.);
#4914=ORIENTED_EDGE('',*,*,#3770,.F.);
#4915=ORIENTED_EDGE('',*,*,#3771,.T.);
#4916=ORIENTED_EDGE('',*,*,#3772,.T.);
#4917=ORIENTED_EDGE('',*,*,#3773,.T.);
#4918=ORIENTED_EDGE('',*,*,#3774,.T.);
#4919=ORIENTED_EDGE('',*,*,#3775,.T.);
#4920=ORIENTED_EDGE('',*,*,#3776,.T.);
#4921=ORIENTED_EDGE('',*,*,#3777,.T.);
#4922=ORIENTED_EDGE('',*,*,#3778,.T.);
#4923=ORIENTED_EDGE('',*,*,#3779,.T.);
#4924=ORIENTED_EDGE('',*,*,#3780,.T.);
#4925=ORIENTED_EDGE('',*,*,#3781,.T.);
#4926=ORIENTED_EDGE('',*,*,#3782,.T.);
#4927=ORIENTED_EDGE('',*,*,#3783,.T.);
#4928=ORIENTED_EDGE('',*,*,#3784,.T.);
#4929=ORIENTED_EDGE('',*,*,#3785,.T.);
#4930=ORIENTED_EDGE('',*,*,#3786,.T.);
#4931=ORIENTED_EDGE('',*,*,#3787,.T.);
#4932=ORIENTED_EDGE('',*,*,#3788,.T.);
#4933=ORIENTED_EDGE('',*,*,#3789,.T.);
#4934=ORIENTED_EDGE('',*,*,#3790,.T.);
#4935=ORIENTED_EDGE('',*,*,#3791,.T.);
#4936=ORIENTED_EDGE('',*,*,#3792,.F.);
#4937=ORIENTED_EDGE('',*,*,#3763,.T.);
#4938=ORIENTED_EDGE('',*,*,#3755,.T.);
#4939=ORIENTED_EDGE('',*,*,#3793,.F.);
#4940=ORIENTED_EDGE('',*,*,#3769,.F.);
#4941=ORIENTED_EDGE('',*,*,#3794,.F.);
#4942=ORIENTED_EDGE('',*,*,#3795,.F.);
#4943=ORIENTED_EDGE('',*,*,#3767,.F.);
#4944=ORIENTED_EDGE('',*,*,#3796,.T.);
#4945=ORIENTED_EDGE('',*,*,#3797,.F.);
#4946=ORIENTED_EDGE('',*,*,#3796,.F.);
#4947=ORIENTED_EDGE('',*,*,#3766,.F.);
#4948=ORIENTED_EDGE('',*,*,#3798,.F.);
#4949=ORIENTED_EDGE('',*,*,#3742,.T.);
#4950=ORIENTED_EDGE('',*,*,#3768,.T.);
#4951=ORIENTED_EDGE('',*,*,#3795,.T.);
#4952=ORIENTED_EDGE('',*,*,#3799,.T.);
#4953=ORIENTED_EDGE('',*,*,#3800,.F.);
#4954=ORIENTED_EDGE('',*,*,#3798,.T.);
#4955=ORIENTED_EDGE('',*,*,#3765,.T.);
#4956=ORIENTED_EDGE('',*,*,#3801,.F.);
#4957=ORIENTED_EDGE('',*,*,#3802,.T.);
#4958=ORIENTED_EDGE('',*,*,#3803,.F.);
#4959=ORIENTED_EDGE('',*,*,#3804,.T.);
#4960=ORIENTED_EDGE('',*,*,#3805,.F.);
#4961=ORIENTED_EDGE('',*,*,#3802,.F.);
#4962=ORIENTED_EDGE('',*,*,#3806,.F.);
#4963=ORIENTED_EDGE('',*,*,#3807,.F.);
#4964=ORIENTED_EDGE('',*,*,#3808,.F.);
#4965=ORIENTED_EDGE('',*,*,#3809,.F.);
#4966=ORIENTED_EDGE('',*,*,#3810,.F.);
#4967=ORIENTED_EDGE('',*,*,#3811,.F.);
#4968=ORIENTED_EDGE('',*,*,#3812,.T.);
#4969=ORIENTED_EDGE('',*,*,#3808,.T.);
#4970=ORIENTED_EDGE('',*,*,#3813,.T.);
#4971=ORIENTED_EDGE('',*,*,#3814,.T.);
#4972=ORIENTED_EDGE('',*,*,#3815,.F.);
#4973=ORIENTED_EDGE('',*,*,#3811,.T.);
#4974=ORIENTED_EDGE('',*,*,#3816,.F.);
#4975=ORIENTED_EDGE('',*,*,#3817,.F.);
#4976=ORIENTED_EDGE('',*,*,#3813,.F.);
#4977=ORIENTED_EDGE('',*,*,#3807,.T.);
#4978=ORIENTED_EDGE('',*,*,#3818,.F.);
#4979=ORIENTED_EDGE('',*,*,#3817,.T.);
#4980=ORIENTED_EDGE('',*,*,#3819,.F.);
#4981=ORIENTED_EDGE('',*,*,#3820,.F.);
#4982=ORIENTED_EDGE('',*,*,#3814,.F.);
#4983=ORIENTED_EDGE('',*,*,#3820,.T.);
#4984=ORIENTED_EDGE('',*,*,#3821,.F.);
#4985=ORIENTED_EDGE('',*,*,#3809,.T.);
#4986=ORIENTED_EDGE('',*,*,#3812,.F.);
#4987=ORIENTED_EDGE('',*,*,#3821,.T.);
#4988=ORIENTED_EDGE('',*,*,#3819,.T.);
#4989=ORIENTED_EDGE('',*,*,#3816,.T.);
#4990=ORIENTED_EDGE('',*,*,#3810,.T.);
#4991=ORIENTED_EDGE('',*,*,#3818,.T.);
#4992=ORIENTED_EDGE('',*,*,#3806,.T.);
#4993=ORIENTED_EDGE('',*,*,#3801,.T.);
#4994=ORIENTED_EDGE('',*,*,#3764,.T.);
#4995=ORIENTED_EDGE('',*,*,#3792,.T.);
#4996=ORIENTED_EDGE('',*,*,#3822,.T.);
#4997=ORIENTED_EDGE('',*,*,#3823,.F.);
#4998=ORIENTED_EDGE('',*,*,#3824,.F.);
#4999=ORIENTED_EDGE('',*,*,#3797,.T.);
#5000=ORIENTED_EDGE('',*,*,#3804,.F.);
#5001=ORIENTED_EDGE('',*,*,#3825,.F.);
#5002=ORIENTED_EDGE('',*,*,#3826,.F.);
#5003=ORIENTED_EDGE('',*,*,#3799,.F.);
#5004=ORIENTED_EDGE('',*,*,#3794,.T.);
#5005=ORIENTED_EDGE('',*,*,#3815,.T.);
#5006=ORIENTED_EDGE('',*,*,#3824,.T.);
#5007=ORIENTED_EDGE('',*,*,#3738,.T.);
#5008=ORIENTED_EDGE('',*,*,#3737,.T.);
#5009=ORIENTED_EDGE('',*,*,#3827,.F.);
#5010=ORIENTED_EDGE('',*,*,#3828,.F.);
#5011=ORIENTED_EDGE('',*,*,#3825,.T.);
#5012=ORIENTED_EDGE('',*,*,#3803,.T.);
#5013=ORIENTED_EDGE('',*,*,#3805,.T.);
#5014=ORIENTED_EDGE('',*,*,#3708,.T.);
#5015=ORIENTED_EDGE('',*,*,#3713,.T.);
#5016=ORIENTED_EDGE('',*,*,#3733,.F.);
#5017=ORIENTED_EDGE('',*,*,#3716,.T.);
#5018=ORIENTED_EDGE('',*,*,#3829,.F.);
#5019=ORIENTED_EDGE('',*,*,#3702,.T.);
#5020=ORIENTED_EDGE('',*,*,#3653,.T.);
#5021=ORIENTED_EDGE('',*,*,#3714,.T.);
#5022=ORIENTED_EDGE('',*,*,#3697,.T.);
#5023=ORIENTED_EDGE('',*,*,#3830,.T.);
#5024=ORIENTED_EDGE('',*,*,#3831,.T.);
#5025=ORIENTED_EDGE('',*,*,#3832,.T.);
#5026=ORIENTED_EDGE('',*,*,#3833,.T.);
#5027=ORIENTED_EDGE('',*,*,#3834,.T.);
#5028=ORIENTED_EDGE('',*,*,#3835,.T.);
#5029=ORIENTED_EDGE('',*,*,#3836,.F.);
#5030=ORIENTED_EDGE('',*,*,#3734,.F.);
#5031=ORIENTED_EDGE('',*,*,#3711,.T.);
#5032=ORIENTED_EDGE('',*,*,#3704,.T.);
#5033=ORIENTED_EDGE('',*,*,#3671,.T.);
#5034=ORIENTED_EDGE('',*,*,#3659,.T.);
#5035=ORIENTED_EDGE('',*,*,#3837,.F.);
#5036=ORIENTED_EDGE('',*,*,#3838,.F.);
#5037=ORIENTED_EDGE('',*,*,#3839,.T.);
#5038=ORIENTED_EDGE('',*,*,#3774,.F.);
#5039=ORIENTED_EDGE('',*,*,#3840,.F.);
#5040=ORIENTED_EDGE('',*,*,#3841,.F.);
#5041=ORIENTED_EDGE('',*,*,#3775,.F.);
#5042=ORIENTED_EDGE('',*,*,#3841,.T.);
#5043=ORIENTED_EDGE('',*,*,#3842,.F.);
#5044=ORIENTED_EDGE('',*,*,#3843,.F.);
#5045=ORIENTED_EDGE('',*,*,#3839,.F.);
#5046=ORIENTED_EDGE('',*,*,#3844,.F.);
#5047=ORIENTED_EDGE('',*,*,#3743,.T.);
#5048=ORIENTED_EDGE('',*,*,#3800,.T.);
#5049=ORIENTED_EDGE('',*,*,#3826,.T.);
#5050=ORIENTED_EDGE('',*,*,#3828,.T.);
#5051=ORIENTED_EDGE('',*,*,#3845,.F.);
#5052=ORIENTED_EDGE('',*,*,#3846,.F.);
#5053=ORIENTED_EDGE('',*,*,#3837,.T.);
#5054=ORIENTED_EDGE('',*,*,#3843,.T.);
#5055=ORIENTED_EDGE('',*,*,#3847,.F.);
#5056=ORIENTED_EDGE('',*,*,#3848,.T.);
#5057=ORIENTED_EDGE('',*,*,#3849,.T.);
#5058=ORIENTED_EDGE('',*,*,#3770,.T.);
#5059=ORIENTED_EDGE('',*,*,#3793,.T.);
#5060=ORIENTED_EDGE('',*,*,#3754,.T.);
#5061=ORIENTED_EDGE('',*,*,#3751,.T.);
#5062=ORIENTED_EDGE('',*,*,#3850,.F.);
#5063=ORIENTED_EDGE('',*,*,#3834,.F.);
#5064=ORIENTED_EDGE('',*,*,#3851,.T.);
#5065=ORIENTED_EDGE('',*,*,#3852,.F.);
#5066=ORIENTED_EDGE('',*,*,#3693,.F.);
#5067=ORIENTED_EDGE('',*,*,#3853,.F.);
#5068=ORIENTED_EDGE('',*,*,#3854,.F.);
#5069=ORIENTED_EDGE('',*,*,#3853,.T.);
#5070=ORIENTED_EDGE('',*,*,#3692,.F.);
#5071=ORIENTED_EDGE('',*,*,#3855,.F.);
#5072=ORIENTED_EDGE('',*,*,#3851,.F.);
#5073=ORIENTED_EDGE('',*,*,#3833,.F.);
#5074=ORIENTED_EDGE('',*,*,#3852,.T.);
#5075=ORIENTED_EDGE('',*,*,#3854,.T.);
#5076=ORIENTED_EDGE('',*,*,#3691,.T.);
#5077=ORIENTED_EDGE('',*,*,#3856,.T.);
#5078=ORIENTED_EDGE('',*,*,#3857,.T.);
#5079=ORIENTED_EDGE('',*,*,#3858,.T.);
#5080=ORIENTED_EDGE('',*,*,#3688,.T.);
#5081=ORIENTED_EDGE('',*,*,#3859,.T.);
#5082=ORIENTED_EDGE('',*,*,#3860,.F.);
#5083=ORIENTED_EDGE('',*,*,#3861,.T.);
#5084=ORIENTED_EDGE('',*,*,#3862,.T.);
#5085=ORIENTED_EDGE('',*,*,#3863,.T.);
#5086=ORIENTED_EDGE('',*,*,#3864,.F.);
#5087=ORIENTED_EDGE('',*,*,#3865,.T.);
#5088=ORIENTED_EDGE('',*,*,#3866,.T.);
#5089=ORIENTED_EDGE('',*,*,#3867,.T.);
#5090=ORIENTED_EDGE('',*,*,#3694,.T.);
#5091=ORIENTED_EDGE('',*,*,#3850,.T.);
#5092=ORIENTED_EDGE('',*,*,#3855,.T.);
#5093=ORIENTED_EDGE('',*,*,#3832,.F.);
#5094=ORIENTED_EDGE('',*,*,#3868,.T.);
#5095=ORIENTED_EDGE('',*,*,#3869,.T.);
#5096=ORIENTED_EDGE('',*,*,#3870,.T.);
#5097=ORIENTED_EDGE('',*,*,#3871,.T.);
#5098=ORIENTED_EDGE('',*,*,#3872,.T.);
#5099=ORIENTED_EDGE('',*,*,#3873,.F.);
#5100=ORIENTED_EDGE('',*,*,#3835,.F.);
#5101=ORIENTED_EDGE('',*,*,#3874,.F.);
#5102=ORIENTED_EDGE('',*,*,#3603,.F.);
#5103=ORIENTED_EDGE('',*,*,#3875,.F.);
#5104=ORIENTED_EDGE('',*,*,#3876,.F.);
#5105=ORIENTED_EDGE('',*,*,#3877,.F.);
#5106=ORIENTED_EDGE('',*,*,#3878,.T.);
#5107=ORIENTED_EDGE('',*,*,#3879,.F.);
#5108=ORIENTED_EDGE('',*,*,#3880,.F.);
#5109=ORIENTED_EDGE('',*,*,#3881,.F.);
#5110=ORIENTED_EDGE('',*,*,#3882,.F.);
#5111=ORIENTED_EDGE('',*,*,#3883,.F.);
#5112=ORIENTED_EDGE('',*,*,#3876,.T.);
#5113=ORIENTED_EDGE('',*,*,#3884,.F.);
#5114=ORIENTED_EDGE('',*,*,#3880,.T.);
#5115=ORIENTED_EDGE('',*,*,#3885,.F.);
#5116=ORIENTED_EDGE('',*,*,#3886,.F.);
#5117=ORIENTED_EDGE('',*,*,#3887,.F.);
#5118=ORIENTED_EDGE('',*,*,#3888,.F.);
#5119=ORIENTED_EDGE('',*,*,#3878,.F.);
#5120=ORIENTED_EDGE('',*,*,#3889,.F.);
#5121=ORIENTED_EDGE('',*,*,#3890,.F.);
#5122=ORIENTED_EDGE('',*,*,#3891,.F.);
#5123=ORIENTED_EDGE('',*,*,#3892,.F.);
#5124=ORIENTED_EDGE('',*,*,#3893,.F.);
#5125=ORIENTED_EDGE('',*,*,#3894,.T.);
#5126=ORIENTED_EDGE('',*,*,#3889,.T.);
#5127=ORIENTED_EDGE('',*,*,#3877,.T.);
#5128=ORIENTED_EDGE('',*,*,#3883,.T.);
#5129=ORIENTED_EDGE('',*,*,#3895,.F.);
#5130=ORIENTED_EDGE('',*,*,#3886,.T.);
#5131=ORIENTED_EDGE('',*,*,#3896,.F.);
#5132=ORIENTED_EDGE('',*,*,#3887,.T.);
#5133=ORIENTED_EDGE('',*,*,#3894,.F.);
#5134=ORIENTED_EDGE('',*,*,#3882,.T.);
#5135=ORIENTED_EDGE('',*,*,#3897,.F.);
#5136=ORIENTED_EDGE('',*,*,#3898,.F.);
#5137=ORIENTED_EDGE('',*,*,#3896,.T.);
#5138=ORIENTED_EDGE('',*,*,#3885,.T.);
#5139=ORIENTED_EDGE('',*,*,#3879,.T.);
#5140=ORIENTED_EDGE('',*,*,#3888,.T.);
#5141=ORIENTED_EDGE('',*,*,#3584,.T.);
#5142=ORIENTED_EDGE('',*,*,#3604,.T.);
#5143=ORIENTED_EDGE('',*,*,#3874,.T.);
#5144=ORIENTED_EDGE('',*,*,#3884,.T.);
#5145=ORIENTED_EDGE('',*,*,#3895,.T.);
#5146=ORIENTED_EDGE('',*,*,#3899,.T.);
#5147=ORIENTED_EDGE('',*,*,#3900,.T.);
#5148=ORIENTED_EDGE('',*,*,#3901,.T.);
#5149=ORIENTED_EDGE('',*,*,#3902,.T.);
#5150=ORIENTED_EDGE('',*,*,#3903,.F.);
#5151=ORIENTED_EDGE('',*,*,#3904,.F.);
#5152=ORIENTED_EDGE('',*,*,#3905,.F.);
#5153=ORIENTED_EDGE('',*,*,#3600,.T.);
#5154=ORIENTED_EDGE('',*,*,#3598,.T.);
#5155=ORIENTED_EDGE('',*,*,#3589,.T.);
#5156=ORIENTED_EDGE('',*,*,#3609,.T.);
#5157=ORIENTED_EDGE('',*,*,#3605,.T.);
#5158=ORIENTED_EDGE('',*,*,#3612,.T.);
#5159=ORIENTED_EDGE('',*,*,#3615,.T.);
#5160=ORIENTED_EDGE('',*,*,#3906,.T.);
#5161=ORIENTED_EDGE('',*,*,#3907,.T.);
#5162=ORIENTED_EDGE('',*,*,#3908,.T.);
#5163=ORIENTED_EDGE('',*,*,#3909,.T.);
#5164=ORIENTED_EDGE('',*,*,#3892,.T.);
#5165=ORIENTED_EDGE('',*,*,#3910,.T.);
#5166=ORIENTED_EDGE('',*,*,#3911,.T.);
#5167=ORIENTED_EDGE('',*,*,#3898,.T.);
#5168=ORIENTED_EDGE('',*,*,#3912,.F.);
#5169=ORIENTED_EDGE('',*,*,#3913,.T.);
#5170=ORIENTED_EDGE('',*,*,#3899,.F.);
#5171=ORIENTED_EDGE('',*,*,#3897,.T.);
#5172=ORIENTED_EDGE('',*,*,#3881,.T.);
#5173=ORIENTED_EDGE('',*,*,#3875,.T.);
#5174=ORIENTED_EDGE('',*,*,#3602,.T.);
#5175=ORIENTED_EDGE('',*,*,#3914,.F.);
#5176=ORIENTED_EDGE('',*,*,#3915,.F.);
#5177=ORIENTED_EDGE('',*,*,#3916,.F.);
#5178=ORIENTED_EDGE('',*,*,#3772,.F.);
#5179=ORIENTED_EDGE('',*,*,#3917,.T.);
#5180=ORIENTED_EDGE('',*,*,#3918,.T.);
#5181=ORIENTED_EDGE('',*,*,#3912,.T.);
#5182=ORIENTED_EDGE('',*,*,#3919,.T.);
#5183=ORIENTED_EDGE('',*,*,#3920,.T.);
#5184=ORIENTED_EDGE('',*,*,#3921,.T.);
#5185=ORIENTED_EDGE('',*,*,#3922,.T.);
#5186=ORIENTED_EDGE('',*,*,#3891,.T.);
#5187=ORIENTED_EDGE('',*,*,#3923,.F.);
#5188=ORIENTED_EDGE('',*,*,#3924,.T.);
#5189=ORIENTED_EDGE('',*,*,#3910,.F.);
#5190=ORIENTED_EDGE('',*,*,#3925,.F.);
#5191=ORIENTED_EDGE('',*,*,#3635,.F.);
#5192=ORIENTED_EDGE('',*,*,#3926,.F.);
#5193=ORIENTED_EDGE('',*,*,#3927,.T.);
#5194=ORIENTED_EDGE('',*,*,#3928,.F.);
#5195=ORIENTED_EDGE('',*,*,#3929,.F.);
#5196=ORIENTED_EDGE('',*,*,#3930,.F.);
#5197=ORIENTED_EDGE('',*,*,#3931,.T.);
#5198=ORIENTED_EDGE('',*,*,#3932,.F.);
#5199=ORIENTED_EDGE('',*,*,#3933,.F.);
#5200=ORIENTED_EDGE('',*,*,#3934,.F.);
#5201=ORIENTED_EDGE('',*,*,#3927,.F.);
#5202=ORIENTED_EDGE('',*,*,#3929,.T.);
#5203=ORIENTED_EDGE('',*,*,#3935,.F.);
#5204=ORIENTED_EDGE('',*,*,#3936,.F.);
#5205=ORIENTED_EDGE('',*,*,#3937,.F.);
#5206=ORIENTED_EDGE('',*,*,#3938,.F.);
#5207=ORIENTED_EDGE('',*,*,#3939,.F.);
#5208=ORIENTED_EDGE('',*,*,#3940,.F.);
#5209=ORIENTED_EDGE('',*,*,#3941,.F.);
#5210=ORIENTED_EDGE('',*,*,#3942,.T.);
#5211=ORIENTED_EDGE('',*,*,#3943,.T.);
#5212=ORIENTED_EDGE('',*,*,#3930,.T.);
#5213=ORIENTED_EDGE('',*,*,#3937,.T.);
#5214=ORIENTED_EDGE('',*,*,#3944,.F.);
#5215=ORIENTED_EDGE('',*,*,#3931,.F.);
#5216=ORIENTED_EDGE('',*,*,#3943,.F.);
#5217=ORIENTED_EDGE('',*,*,#3945,.F.);
#5218=ORIENTED_EDGE('',*,*,#3946,.F.);
#5219=ORIENTED_EDGE('',*,*,#3945,.T.);
#5220=ORIENTED_EDGE('',*,*,#3942,.F.);
#5221=ORIENTED_EDGE('',*,*,#3936,.T.);
#5222=ORIENTED_EDGE('',*,*,#3947,.F.);
#5223=ORIENTED_EDGE('',*,*,#3933,.T.);
#5224=ORIENTED_EDGE('',*,*,#3948,.F.);
#5225=ORIENTED_EDGE('',*,*,#3949,.F.);
#5226=ORIENTED_EDGE('',*,*,#3947,.T.);
#5227=ORIENTED_EDGE('',*,*,#3935,.T.);
#5228=ORIENTED_EDGE('',*,*,#3928,.T.);
#5229=ORIENTED_EDGE('',*,*,#3934,.T.);
#5230=ORIENTED_EDGE('',*,*,#3940,.T.);
#5231=ORIENTED_EDGE('',*,*,#3950,.T.);
#5232=ORIENTED_EDGE('',*,*,#3951,.T.);
#5233=ORIENTED_EDGE('',*,*,#3941,.T.);
#5234=ORIENTED_EDGE('',*,*,#3951,.F.);
#5235=ORIENTED_EDGE('',*,*,#3952,.F.);
#5236=ORIENTED_EDGE('',*,*,#3953,.F.);
#5237=ORIENTED_EDGE('',*,*,#3939,.T.);
#5238=ORIENTED_EDGE('',*,*,#3954,.F.);
#5239=ORIENTED_EDGE('',*,*,#3952,.T.);
#5240=ORIENTED_EDGE('',*,*,#3950,.F.);
#5241=ORIENTED_EDGE('',*,*,#3949,.T.);
#5242=ORIENTED_EDGE('',*,*,#3955,.F.);
#5243=ORIENTED_EDGE('',*,*,#3956,.F.);
#5244=ORIENTED_EDGE('',*,*,#3957,.F.);
#5245=ORIENTED_EDGE('',*,*,#3938,.T.);
#5246=ORIENTED_EDGE('',*,*,#3953,.T.);
#5247=ORIENTED_EDGE('',*,*,#3954,.T.);
#5248=ORIENTED_EDGE('',*,*,#3925,.T.);
#5249=ORIENTED_EDGE('',*,*,#3944,.T.);
#5250=ORIENTED_EDGE('',*,*,#3946,.T.);
#5251=ORIENTED_EDGE('',*,*,#3957,.T.);
#5252=ORIENTED_EDGE('',*,*,#3958,.T.);
#5253=ORIENTED_EDGE('',*,*,#3959,.T.);
#5254=ORIENTED_EDGE('',*,*,#3695,.F.);
#5255=ORIENTED_EDGE('',*,*,#3867,.F.);
#5256=ORIENTED_EDGE('',*,*,#3960,.F.);
#5257=ORIENTED_EDGE('',*,*,#3961,.F.);
#5258=ORIENTED_EDGE('',*,*,#3636,.T.);
#5259=ORIENTED_EDGE('',*,*,#3962,.T.);
#5260=ORIENTED_EDGE('',*,*,#3963,.T.);
#5261=ORIENTED_EDGE('',*,*,#3964,.T.);
#5262=ORIENTED_EDGE('',*,*,#3965,.T.);
#5263=ORIENTED_EDGE('',*,*,#3921,.F.);
#5264=ORIENTED_EDGE('',*,*,#3966,.T.);
#5265=ORIENTED_EDGE('',*,*,#3908,.F.);
#5266=ORIENTED_EDGE('',*,*,#3967,.F.);
#5267=ORIENTED_EDGE('',*,*,#3922,.F.);
#5268=ORIENTED_EDGE('',*,*,#3967,.T.);
#5269=ORIENTED_EDGE('',*,*,#3907,.F.);
#5270=ORIENTED_EDGE('',*,*,#3968,.F.);
#5271=ORIENTED_EDGE('',*,*,#3919,.F.);
#5272=ORIENTED_EDGE('',*,*,#3968,.T.);
#5273=ORIENTED_EDGE('',*,*,#3906,.F.);
#5274=ORIENTED_EDGE('',*,*,#3969,.T.);
#5275=ORIENTED_EDGE('',*,*,#3920,.F.);
#5276=ORIENTED_EDGE('',*,*,#3969,.F.);
#5277=ORIENTED_EDGE('',*,*,#3909,.F.);
#5278=ORIENTED_EDGE('',*,*,#3966,.F.);
#5279=ORIENTED_EDGE('',*,*,#3964,.F.);
#5280=ORIENTED_EDGE('',*,*,#3970,.T.);
#5281=ORIENTED_EDGE('',*,*,#3971,.F.);
#5282=ORIENTED_EDGE('',*,*,#3972,.F.);
#5283=ORIENTED_EDGE('',*,*,#3965,.F.);
#5284=ORIENTED_EDGE('',*,*,#3972,.T.);
#5285=ORIENTED_EDGE('',*,*,#3973,.F.);
#5286=ORIENTED_EDGE('',*,*,#3974,.F.);
#5287=ORIENTED_EDGE('',*,*,#3962,.F.);
#5288=ORIENTED_EDGE('',*,*,#3974,.T.);
#5289=ORIENTED_EDGE('',*,*,#3975,.F.);
#5290=ORIENTED_EDGE('',*,*,#3976,.T.);
#5291=ORIENTED_EDGE('',*,*,#3963,.F.);
#5292=ORIENTED_EDGE('',*,*,#3976,.F.);
#5293=ORIENTED_EDGE('',*,*,#3977,.F.);
#5294=ORIENTED_EDGE('',*,*,#3970,.F.);
#5295=ORIENTED_EDGE('',*,*,#3626,.T.);
#5296=ORIENTED_EDGE('',*,*,#3638,.T.);
#5297=ORIENTED_EDGE('',*,*,#3978,.F.);
#5298=ORIENTED_EDGE('',*,*,#3979,.F.);
#5299=ORIENTED_EDGE('',*,*,#3869,.F.);
#5300=ORIENTED_EDGE('',*,*,#3980,.T.);
#5301=ORIENTED_EDGE('',*,*,#3981,.T.);
#5302=ORIENTED_EDGE('',*,*,#3982,.T.);
#5303=ORIENTED_EDGE('',*,*,#3955,.T.);
#5304=ORIENTED_EDGE('',*,*,#3948,.T.);
#5305=ORIENTED_EDGE('',*,*,#3932,.T.);
#5306=ORIENTED_EDGE('',*,*,#3926,.T.);
#5307=ORIENTED_EDGE('',*,*,#3634,.T.);
#5308=ORIENTED_EDGE('',*,*,#3621,.T.);
#5309=ORIENTED_EDGE('',*,*,#3617,.T.);
#5310=ORIENTED_EDGE('',*,*,#3643,.T.);
#5311=ORIENTED_EDGE('',*,*,#3639,.T.);
#5312=ORIENTED_EDGE('',*,*,#3646,.T.);
#5313=ORIENTED_EDGE('',*,*,#3649,.T.);
#5314=ORIENTED_EDGE('',*,*,#3975,.T.);
#5315=ORIENTED_EDGE('',*,*,#3973,.T.);
#5316=ORIENTED_EDGE('',*,*,#3971,.T.);
#5317=ORIENTED_EDGE('',*,*,#3977,.T.);
#5318=ORIENTED_EDGE('',*,*,#3831,.F.);
#5319=ORIENTED_EDGE('',*,*,#3983,.F.);
#5320=ORIENTED_EDGE('',*,*,#3980,.F.);
#5321=ORIENTED_EDGE('',*,*,#3868,.F.);
#5322=ORIENTED_EDGE('',*,*,#3956,.T.);
#5323=ORIENTED_EDGE('',*,*,#3982,.F.);
#5324=ORIENTED_EDGE('',*,*,#3984,.F.);
#5325=ORIENTED_EDGE('',*,*,#3958,.F.);
#5326=ORIENTED_EDGE('',*,*,#3696,.F.);
#5327=ORIENTED_EDGE('',*,*,#3959,.F.);
#5328=ORIENTED_EDGE('',*,*,#3984,.T.);
#5329=ORIENTED_EDGE('',*,*,#3981,.F.);
#5330=ORIENTED_EDGE('',*,*,#3983,.T.);
#5331=ORIENTED_EDGE('',*,*,#3830,.F.);
#5332=ORIENTED_EDGE('',*,*,#3979,.T.);
#5333=ORIENTED_EDGE('',*,*,#3985,.T.);
#5334=ORIENTED_EDGE('',*,*,#3986,.F.);
#5335=ORIENTED_EDGE('',*,*,#3870,.F.);
#5336=ORIENTED_EDGE('',*,*,#3890,.T.);
#5337=ORIENTED_EDGE('',*,*,#3987,.T.);
#5338=ORIENTED_EDGE('',*,*,#3923,.T.);
#5339=ORIENTED_EDGE('',*,*,#3771,.F.);
#5340=ORIENTED_EDGE('',*,*,#3849,.F.);
#5341=ORIENTED_EDGE('',*,*,#3988,.F.);
#5342=ORIENTED_EDGE('',*,*,#3901,.F.);
#5343=ORIENTED_EDGE('',*,*,#3989,.F.);
#5344=ORIENTED_EDGE('',*,*,#3917,.F.);
#5345=ORIENTED_EDGE('',*,*,#3848,.F.);
#5346=ORIENTED_EDGE('',*,*,#3990,.F.);
#5347=ORIENTED_EDGE('',*,*,#3902,.F.);
#5348=ORIENTED_EDGE('',*,*,#3988,.T.);
#5349=ORIENTED_EDGE('',*,*,#3989,.T.);
#5350=ORIENTED_EDGE('',*,*,#3900,.F.);
#5351=ORIENTED_EDGE('',*,*,#3913,.F.);
#5352=ORIENTED_EDGE('',*,*,#3918,.F.);
#5353=ORIENTED_EDGE('',*,*,#3893,.T.);
#5354=ORIENTED_EDGE('',*,*,#3911,.F.);
#5355=ORIENTED_EDGE('',*,*,#3924,.F.);
#5356=ORIENTED_EDGE('',*,*,#3987,.F.);
#5357=ORIENTED_EDGE('',*,*,#3914,.T.);
#5358=ORIENTED_EDGE('',*,*,#3601,.T.);
#5359=ORIENTED_EDGE('',*,*,#3905,.T.);
#5360=ORIENTED_EDGE('',*,*,#3991,.T.);
#5361=ORIENTED_EDGE('',*,*,#3992,.F.);
#5362=ORIENTED_EDGE('',*,*,#3993,.F.);
#5363=ORIENTED_EDGE('',*,*,#3994,.F.);
#5364=ORIENTED_EDGE('',*,*,#3995,.T.);
#5365=ORIENTED_EDGE('',*,*,#3904,.T.);
#5366=ORIENTED_EDGE('',*,*,#3996,.F.);
#5367=ORIENTED_EDGE('',*,*,#3997,.F.);
#5368=ORIENTED_EDGE('',*,*,#3991,.F.);
#5369=ORIENTED_EDGE('',*,*,#3915,.T.);
#5370=ORIENTED_EDGE('',*,*,#3995,.F.);
#5371=ORIENTED_EDGE('',*,*,#3998,.F.);
#5372=ORIENTED_EDGE('',*,*,#3999,.F.);
#5373=ORIENTED_EDGE('',*,*,#3838,.T.);
#5374=ORIENTED_EDGE('',*,*,#3846,.T.);
#5375=ORIENTED_EDGE('',*,*,#4000,.F.);
#5376=ORIENTED_EDGE('',*,*,#4001,.F.);
#5377=ORIENTED_EDGE('',*,*,#4002,.T.);
#5378=ORIENTED_EDGE('',*,*,#3996,.T.);
#5379=ORIENTED_EDGE('',*,*,#3903,.T.);
#5380=ORIENTED_EDGE('',*,*,#3990,.T.);
#5381=ORIENTED_EDGE('',*,*,#3847,.T.);
#5382=ORIENTED_EDGE('',*,*,#3844,.T.);
#5383=ORIENTED_EDGE('',*,*,#4003,.F.);
#5384=ORIENTED_EDGE('',*,*,#4004,.T.);
#5385=ORIENTED_EDGE('',*,*,#4005,.T.);
#5386=ORIENTED_EDGE('',*,*,#4006,.F.);
#5387=ORIENTED_EDGE('',*,*,#4007,.T.);
#5388=ORIENTED_EDGE('',*,*,#4008,.F.);
#5389=ORIENTED_EDGE('',*,*,#4009,.F.);
#5390=ORIENTED_EDGE('',*,*,#4005,.F.);
#5391=ORIENTED_EDGE('',*,*,#4010,.T.);
#5392=ORIENTED_EDGE('',*,*,#4011,.F.);
#5393=ORIENTED_EDGE('',*,*,#4008,.T.);
#5394=ORIENTED_EDGE('',*,*,#4012,.T.);
#5395=ORIENTED_EDGE('',*,*,#4013,.F.);
#5396=ORIENTED_EDGE('',*,*,#4010,.F.);
#5397=ORIENTED_EDGE('',*,*,#4004,.F.);
#5398=ORIENTED_EDGE('',*,*,#4014,.F.);
#5399=ORIENTED_EDGE('',*,*,#4012,.F.);
#5400=ORIENTED_EDGE('',*,*,#4007,.F.);
#5401=ORIENTED_EDGE('',*,*,#4015,.F.);
#5402=ORIENTED_EDGE('',*,*,#4016,.T.);
#5403=ORIENTED_EDGE('',*,*,#4017,.T.);
#5404=ORIENTED_EDGE('',*,*,#4018,.F.);
#5405=ORIENTED_EDGE('',*,*,#4003,.T.);
#5406=ORIENTED_EDGE('',*,*,#4009,.T.);
#5407=ORIENTED_EDGE('',*,*,#4013,.T.);
#5408=ORIENTED_EDGE('',*,*,#4019,.F.);
#5409=ORIENTED_EDGE('',*,*,#4020,.F.);
#5410=ORIENTED_EDGE('',*,*,#4021,.T.);
#5411=ORIENTED_EDGE('',*,*,#4022,.F.);
#5412=ORIENTED_EDGE('',*,*,#4023,.F.);
#5413=ORIENTED_EDGE('',*,*,#4024,.F.);
#5414=ORIENTED_EDGE('',*,*,#4025,.F.);
#5415=ORIENTED_EDGE('',*,*,#4021,.F.);
#5416=ORIENTED_EDGE('',*,*,#4026,.F.);
#5417=ORIENTED_EDGE('',*,*,#4027,.F.);
#5418=ORIENTED_EDGE('',*,*,#4023,.T.);
#5419=ORIENTED_EDGE('',*,*,#4028,.F.);
#5420=ORIENTED_EDGE('',*,*,#4029,.F.);
#5421=ORIENTED_EDGE('',*,*,#4030,.F.);
#5422=ORIENTED_EDGE('',*,*,#4031,.T.);
#5423=ORIENTED_EDGE('',*,*,#4032,.F.);
#5424=ORIENTED_EDGE('',*,*,#4033,.T.);
#5425=ORIENTED_EDGE('',*,*,#4030,.T.);
#5426=ORIENTED_EDGE('',*,*,#4034,.F.);
#5427=ORIENTED_EDGE('',*,*,#4031,.F.);
#5428=ORIENTED_EDGE('',*,*,#4033,.F.);
#5429=ORIENTED_EDGE('',*,*,#4035,.F.);
#5430=ORIENTED_EDGE('',*,*,#4028,.T.);
#5431=ORIENTED_EDGE('',*,*,#4022,.T.);
#5432=ORIENTED_EDGE('',*,*,#4025,.T.);
#5433=ORIENTED_EDGE('',*,*,#4036,.F.);
#5434=ORIENTED_EDGE('',*,*,#4037,.F.);
#5435=ORIENTED_EDGE('',*,*,#4038,.T.);
#5436=ORIENTED_EDGE('',*,*,#4029,.T.);
#5437=ORIENTED_EDGE('',*,*,#4034,.T.);
#5438=ORIENTED_EDGE('',*,*,#4032,.T.);
#5439=ORIENTED_EDGE('',*,*,#4039,.T.);
#5440=ORIENTED_EDGE('',*,*,#4040,.T.);
#5441=ORIENTED_EDGE('',*,*,#4041,.F.);
#5442=ORIENTED_EDGE('',*,*,#4026,.T.);
#5443=ORIENTED_EDGE('',*,*,#4035,.T.);
#5444=ORIENTED_EDGE('',*,*,#4042,.T.);
#5445=ORIENTED_EDGE('',*,*,#4043,.T.);
#5446=ORIENTED_EDGE('',*,*,#4044,.T.);
#5447=ORIENTED_EDGE('',*,*,#4045,.T.);
#5448=ORIENTED_EDGE('',*,*,#4046,.F.);
#5449=ORIENTED_EDGE('',*,*,#4047,.F.);
#5450=ORIENTED_EDGE('',*,*,#3871,.F.);
#5451=ORIENTED_EDGE('',*,*,#3986,.T.);
#5452=ORIENTED_EDGE('',*,*,#4048,.T.);
#5453=ORIENTED_EDGE('',*,*,#4049,.T.);
#5454=ORIENTED_EDGE('',*,*,#3960,.T.);
#5455=ORIENTED_EDGE('',*,*,#3866,.F.);
#5456=ORIENTED_EDGE('',*,*,#4050,.F.);
#5457=ORIENTED_EDGE('',*,*,#4051,.T.);
#5458=ORIENTED_EDGE('',*,*,#3961,.T.);
#5459=ORIENTED_EDGE('',*,*,#4051,.F.);
#5460=ORIENTED_EDGE('',*,*,#4052,.F.);
#5461=ORIENTED_EDGE('',*,*,#4053,.T.);
#5462=ORIENTED_EDGE('',*,*,#4048,.F.);
#5463=ORIENTED_EDGE('',*,*,#3985,.F.);
#5464=ORIENTED_EDGE('',*,*,#3978,.T.);
#5465=ORIENTED_EDGE('',*,*,#3637,.T.);
#5466=ORIENTED_EDGE('',*,*,#4054,.F.);
#5467=ORIENTED_EDGE('',*,*,#4055,.T.);
#5468=ORIENTED_EDGE('',*,*,#4052,.T.);
#5469=ORIENTED_EDGE('',*,*,#4050,.T.);
#5470=ORIENTED_EDGE('',*,*,#3865,.F.);
#5471=ORIENTED_EDGE('',*,*,#4056,.F.);
#5472=ORIENTED_EDGE('',*,*,#4049,.F.);
#5473=ORIENTED_EDGE('',*,*,#4053,.F.);
#5474=ORIENTED_EDGE('',*,*,#4055,.F.);
#5475=ORIENTED_EDGE('',*,*,#4057,.F.);
#5476=ORIENTED_EDGE('',*,*,#4043,.F.);
#5477=ORIENTED_EDGE('',*,*,#4027,.T.);
#5478=ORIENTED_EDGE('',*,*,#4045,.F.);
#5479=ORIENTED_EDGE('',*,*,#4037,.T.);
#5480=ORIENTED_EDGE('',*,*,#3581,.T.);
#5481=ORIENTED_EDGE('',*,*,#4058,.F.);
#5482=ORIENTED_EDGE('',*,*,#4059,.F.);
#5483=ORIENTED_EDGE('',*,*,#4046,.T.);
#5484=ORIENTED_EDGE('',*,*,#4056,.T.);
#5485=ORIENTED_EDGE('',*,*,#4042,.F.);
#5486=ORIENTED_EDGE('',*,*,#4036,.T.);
#5487=ORIENTED_EDGE('',*,*,#4024,.T.);
#5488=ORIENTED_EDGE('',*,*,#4020,.T.);
#5489=ORIENTED_EDGE('',*,*,#4057,.T.);
#5490=ORIENTED_EDGE('',*,*,#4054,.T.);
#5491=ORIENTED_EDGE('',*,*,#3864,.T.);
#5492=ORIENTED_EDGE('',*,*,#4060,.T.);
#5493=ORIENTED_EDGE('',*,*,#4061,.T.);
#5494=ORIENTED_EDGE('',*,*,#4062,.T.);
#5495=ORIENTED_EDGE('',*,*,#3860,.T.);
#5496=ORIENTED_EDGE('',*,*,#4063,.T.);
#5497=ORIENTED_EDGE('',*,*,#4039,.F.);
#5498=ORIENTED_EDGE('',*,*,#4038,.F.);
#5499=ORIENTED_EDGE('',*,*,#4044,.F.);
#5500=ORIENTED_EDGE('',*,*,#4002,.F.);
#5501=ORIENTED_EDGE('',*,*,#4064,.F.);
#5502=ORIENTED_EDGE('',*,*,#4065,.T.);
#5503=ORIENTED_EDGE('',*,*,#3992,.T.);
#5504=ORIENTED_EDGE('',*,*,#3997,.T.);
#5505=ORIENTED_EDGE('',*,*,#4066,.F.);
#5506=ORIENTED_EDGE('',*,*,#4067,.F.);
#5507=ORIENTED_EDGE('',*,*,#4068,.F.);
#5508=ORIENTED_EDGE('',*,*,#3993,.T.);
#5509=ORIENTED_EDGE('',*,*,#4065,.F.);
#5510=ORIENTED_EDGE('',*,*,#4069,.F.);
#5511=ORIENTED_EDGE('',*,*,#3998,.T.);
#5512=ORIENTED_EDGE('',*,*,#3994,.T.);
#5513=ORIENTED_EDGE('',*,*,#4068,.T.);
#5514=ORIENTED_EDGE('',*,*,#4070,.F.);
#5515=ORIENTED_EDGE('',*,*,#3840,.T.);
#5516=ORIENTED_EDGE('',*,*,#3773,.F.);
#5517=ORIENTED_EDGE('',*,*,#3916,.T.);
#5518=ORIENTED_EDGE('',*,*,#3999,.T.);
#5519=ORIENTED_EDGE('',*,*,#4069,.T.);
#5520=ORIENTED_EDGE('',*,*,#4071,.T.);
#5521=ORIENTED_EDGE('',*,*,#4072,.T.);
#5522=ORIENTED_EDGE('',*,*,#4073,.T.);
#5523=ORIENTED_EDGE('',*,*,#4074,.T.);
#5524=ORIENTED_EDGE('',*,*,#4075,.T.);
#5525=ORIENTED_EDGE('',*,*,#4076,.T.);
#5526=ORIENTED_EDGE('',*,*,#3779,.F.);
#5527=ORIENTED_EDGE('',*,*,#4077,.T.);
#5528=ORIENTED_EDGE('',*,*,#4078,.T.);
#5529=ORIENTED_EDGE('',*,*,#4079,.T.);
#5530=ORIENTED_EDGE('',*,*,#3776,.F.);
#5531=ORIENTED_EDGE('',*,*,#3842,.T.);
#5532=ORIENTED_EDGE('',*,*,#4080,.F.);
#5533=ORIENTED_EDGE('',*,*,#4081,.F.);
#5534=ORIENTED_EDGE('',*,*,#4082,.F.);
#5535=ORIENTED_EDGE('',*,*,#4083,.F.);
#5536=ORIENTED_EDGE('',*,*,#4084,.F.);
#5537=ORIENTED_EDGE('',*,*,#4085,.F.);
#5538=ORIENTED_EDGE('',*,*,#4086,.T.);
#5539=ORIENTED_EDGE('',*,*,#4087,.T.);
#5540=ORIENTED_EDGE('',*,*,#4088,.T.);
#5541=ORIENTED_EDGE('',*,*,#4089,.T.);
#5542=ORIENTED_EDGE('',*,*,#4090,.T.);
#5543=ORIENTED_EDGE('',*,*,#4081,.T.);
#5544=ORIENTED_EDGE('',*,*,#4091,.F.);
#5545=ORIENTED_EDGE('',*,*,#4092,.F.);
#5546=ORIENTED_EDGE('',*,*,#4093,.T.);
#5547=ORIENTED_EDGE('',*,*,#4086,.F.);
#5548=ORIENTED_EDGE('',*,*,#4094,.F.);
#5549=ORIENTED_EDGE('',*,*,#4082,.T.);
#5550=ORIENTED_EDGE('',*,*,#4090,.F.);
#5551=ORIENTED_EDGE('',*,*,#4095,.F.);
#5552=ORIENTED_EDGE('',*,*,#4096,.F.);
#5553=ORIENTED_EDGE('',*,*,#4095,.T.);
#5554=ORIENTED_EDGE('',*,*,#4089,.F.);
#5555=ORIENTED_EDGE('',*,*,#4097,.F.);
#5556=ORIENTED_EDGE('',*,*,#4098,.F.);
#5557=ORIENTED_EDGE('',*,*,#4097,.T.);
#5558=ORIENTED_EDGE('',*,*,#4088,.F.);
#5559=ORIENTED_EDGE('',*,*,#4099,.F.);
#5560=ORIENTED_EDGE('',*,*,#4100,.F.);
#5561=ORIENTED_EDGE('',*,*,#4099,.T.);
#5562=ORIENTED_EDGE('',*,*,#4087,.F.);
#5563=ORIENTED_EDGE('',*,*,#4093,.F.);
#5564=ORIENTED_EDGE('',*,*,#4101,.F.);
#5565=ORIENTED_EDGE('',*,*,#4102,.T.);
#5566=ORIENTED_EDGE('',*,*,#4103,.F.);
#5567=ORIENTED_EDGE('',*,*,#4104,.F.);
#5568=ORIENTED_EDGE('',*,*,#4105,.F.);
#5569=ORIENTED_EDGE('',*,*,#4104,.T.);
#5570=ORIENTED_EDGE('',*,*,#4106,.F.);
#5571=ORIENTED_EDGE('',*,*,#4107,.F.);
#5572=ORIENTED_EDGE('',*,*,#4080,.T.);
#5573=ORIENTED_EDGE('',*,*,#4108,.F.);
#5574=ORIENTED_EDGE('',*,*,#4107,.T.);
#5575=ORIENTED_EDGE('',*,*,#4109,.F.);
#5576=ORIENTED_EDGE('',*,*,#4110,.F.);
#5577=ORIENTED_EDGE('',*,*,#4084,.T.);
#5578=ORIENTED_EDGE('',*,*,#4085,.T.);
#5579=ORIENTED_EDGE('',*,*,#4110,.T.);
#5580=ORIENTED_EDGE('',*,*,#4111,.F.);
#5581=ORIENTED_EDGE('',*,*,#4112,.F.);
#5582=ORIENTED_EDGE('',*,*,#4113,.F.);
#5583=ORIENTED_EDGE('',*,*,#4091,.T.);
#5584=ORIENTED_EDGE('',*,*,#4114,.F.);
#5585=ORIENTED_EDGE('',*,*,#4112,.T.);
#5586=ORIENTED_EDGE('',*,*,#4115,.F.);
#5587=ORIENTED_EDGE('',*,*,#4116,.F.);
#5588=ORIENTED_EDGE('',*,*,#4117,.F.);
#5589=ORIENTED_EDGE('',*,*,#4116,.T.);
#5590=ORIENTED_EDGE('',*,*,#4118,.F.);
#5591=ORIENTED_EDGE('',*,*,#4102,.F.);
#5592=ORIENTED_EDGE('',*,*,#4118,.T.);
#5593=ORIENTED_EDGE('',*,*,#4115,.T.);
#5594=ORIENTED_EDGE('',*,*,#4111,.T.);
#5595=ORIENTED_EDGE('',*,*,#4109,.T.);
#5596=ORIENTED_EDGE('',*,*,#4106,.T.);
#5597=ORIENTED_EDGE('',*,*,#4103,.T.);
#5598=ORIENTED_EDGE('',*,*,#4078,.F.);
#5599=ORIENTED_EDGE('',*,*,#4119,.F.);
#5600=ORIENTED_EDGE('',*,*,#4120,.F.);
#5601=ORIENTED_EDGE('',*,*,#4121,.T.);
#5602=ORIENTED_EDGE('',*,*,#4122,.F.);
#5603=ORIENTED_EDGE('',*,*,#4077,.F.);
#5604=ORIENTED_EDGE('',*,*,#3778,.F.);
#5605=ORIENTED_EDGE('',*,*,#4123,.F.);
#5606=ORIENTED_EDGE('',*,*,#4124,.F.);
#5607=ORIENTED_EDGE('',*,*,#4125,.F.);
#5608=ORIENTED_EDGE('',*,*,#4119,.T.);
#5609=ORIENTED_EDGE('',*,*,#4126,.F.);
#5610=ORIENTED_EDGE('',*,*,#4127,.T.);
#5611=ORIENTED_EDGE('',*,*,#4128,.F.);
#5612=ORIENTED_EDGE('',*,*,#4121,.F.);
#5613=ORIENTED_EDGE('',*,*,#4129,.F.);
#5614=ORIENTED_EDGE('',*,*,#4124,.T.);
#5615=ORIENTED_EDGE('',*,*,#4130,.F.);
#5616=ORIENTED_EDGE('',*,*,#4127,.F.);
#5617=ORIENTED_EDGE('',*,*,#4079,.F.);
#5618=ORIENTED_EDGE('',*,*,#4122,.T.);
#5619=ORIENTED_EDGE('',*,*,#4128,.T.);
#5620=ORIENTED_EDGE('',*,*,#4130,.T.);
#5621=ORIENTED_EDGE('',*,*,#4123,.T.);
#5622=ORIENTED_EDGE('',*,*,#3777,.F.);
#5623=ORIENTED_EDGE('',*,*,#4129,.T.);
#5624=ORIENTED_EDGE('',*,*,#4126,.T.);
#5625=ORIENTED_EDGE('',*,*,#4120,.T.);
#5626=ORIENTED_EDGE('',*,*,#4125,.T.);
#5627=ORIENTED_EDGE('',*,*,#3856,.F.);
#5628=ORIENTED_EDGE('',*,*,#3690,.F.);
#5629=ORIENTED_EDGE('',*,*,#4131,.T.);
#5630=ORIENTED_EDGE('',*,*,#4132,.T.);
#5631=ORIENTED_EDGE('',*,*,#4133,.T.);
#5632=ORIENTED_EDGE('',*,*,#4134,.T.);
#5633=ORIENTED_EDGE('',*,*,#3858,.F.);
#5634=ORIENTED_EDGE('',*,*,#4135,.F.);
#5635=ORIENTED_EDGE('',*,*,#4136,.F.);
#5636=ORIENTED_EDGE('',*,*,#4137,.T.);
#5637=ORIENTED_EDGE('',*,*,#4131,.F.);
#5638=ORIENTED_EDGE('',*,*,#3689,.F.);
#5639=ORIENTED_EDGE('',*,*,#3857,.F.);
#5640=ORIENTED_EDGE('',*,*,#4134,.F.);
#5641=ORIENTED_EDGE('',*,*,#4138,.F.);
#5642=ORIENTED_EDGE('',*,*,#4139,.F.);
#5643=ORIENTED_EDGE('',*,*,#4135,.T.);
#5644=ORIENTED_EDGE('',*,*,#4140,.F.);
#5645=ORIENTED_EDGE('',*,*,#4138,.T.);
#5646=ORIENTED_EDGE('',*,*,#4133,.F.);
#5647=ORIENTED_EDGE('',*,*,#4141,.F.);
#5648=ORIENTED_EDGE('',*,*,#4142,.F.);
#5649=ORIENTED_EDGE('',*,*,#4141,.T.);
#5650=ORIENTED_EDGE('',*,*,#4132,.F.);
#5651=ORIENTED_EDGE('',*,*,#4137,.F.);
#5652=ORIENTED_EDGE('',*,*,#4142,.T.);
#5653=ORIENTED_EDGE('',*,*,#4136,.T.);
#5654=ORIENTED_EDGE('',*,*,#4139,.T.);
#5655=ORIENTED_EDGE('',*,*,#4140,.T.);
#5656=ORIENTED_EDGE('',*,*,#3679,.F.);
#5657=ORIENTED_EDGE('',*,*,#4143,.T.);
#5658=ORIENTED_EDGE('',*,*,#4144,.T.);
#5659=ORIENTED_EDGE('',*,*,#4145,.F.);
#5660=ORIENTED_EDGE('',*,*,#3788,.F.);
#5661=ORIENTED_EDGE('',*,*,#4146,.F.);
#5662=ORIENTED_EDGE('',*,*,#3789,.F.);
#5663=ORIENTED_EDGE('',*,*,#4145,.T.);
#5664=ORIENTED_EDGE('',*,*,#4147,.T.);
#5665=ORIENTED_EDGE('',*,*,#4148,.F.);
#5666=ORIENTED_EDGE('',*,*,#3678,.F.);
#5667=ORIENTED_EDGE('',*,*,#4149,.T.);
#5668=ORIENTED_EDGE('',*,*,#4150,.T.);
#5669=ORIENTED_EDGE('',*,*,#4143,.F.);
#5670=ORIENTED_EDGE('',*,*,#3677,.F.);
#5671=ORIENTED_EDGE('',*,*,#4151,.F.);
#5672=ORIENTED_EDGE('',*,*,#3790,.F.);
#5673=ORIENTED_EDGE('',*,*,#4148,.T.);
#5674=ORIENTED_EDGE('',*,*,#4152,.T.);
#5675=ORIENTED_EDGE('',*,*,#4149,.F.);
#5676=ORIENTED_EDGE('',*,*,#4147,.F.);
#5677=ORIENTED_EDGE('',*,*,#4144,.F.);
#5678=ORIENTED_EDGE('',*,*,#4150,.F.);
#5679=ORIENTED_EDGE('',*,*,#4152,.F.);
#5680=ORIENTED_EDGE('',*,*,#4151,.T.);
#5681=ORIENTED_EDGE('',*,*,#3676,.F.);
#5682=ORIENTED_EDGE('',*,*,#4153,.F.);
#5683=ORIENTED_EDGE('',*,*,#3822,.F.);
#5684=ORIENTED_EDGE('',*,*,#3791,.F.);
#5685=ORIENTED_EDGE('',*,*,#4154,.F.);
#5686=ORIENTED_EDGE('',*,*,#4155,.T.);
#5687=ORIENTED_EDGE('',*,*,#4156,.T.);
#5688=ORIENTED_EDGE('',*,*,#4157,.F.);
#5689=ORIENTED_EDGE('',*,*,#4158,.F.);
#5690=ORIENTED_EDGE('',*,*,#4159,.T.);
#5691=ORIENTED_EDGE('',*,*,#4160,.T.);
#5692=ORIENTED_EDGE('',*,*,#4155,.F.);
#5693=ORIENTED_EDGE('',*,*,#4161,.F.);
#5694=ORIENTED_EDGE('',*,*,#4162,.T.);
#5695=ORIENTED_EDGE('',*,*,#4163,.T.);
#5696=ORIENTED_EDGE('',*,*,#4159,.F.);
#5697=ORIENTED_EDGE('',*,*,#4164,.F.);
#5698=ORIENTED_EDGE('',*,*,#4157,.T.);
#5699=ORIENTED_EDGE('',*,*,#4165,.T.);
#5700=ORIENTED_EDGE('',*,*,#4162,.F.);
#5701=ORIENTED_EDGE('',*,*,#4165,.F.);
#5702=ORIENTED_EDGE('',*,*,#4156,.F.);
#5703=ORIENTED_EDGE('',*,*,#4160,.F.);
#5704=ORIENTED_EDGE('',*,*,#4163,.F.);
#5705=ORIENTED_EDGE('',*,*,#3683,.F.);
#5706=ORIENTED_EDGE('',*,*,#4166,.T.);
#5707=ORIENTED_EDGE('',*,*,#4167,.T.);
#5708=ORIENTED_EDGE('',*,*,#4168,.F.);
#5709=ORIENTED_EDGE('',*,*,#3784,.F.);
#5710=ORIENTED_EDGE('',*,*,#4169,.F.);
#5711=ORIENTED_EDGE('',*,*,#3785,.F.);
#5712=ORIENTED_EDGE('',*,*,#4168,.T.);
#5713=ORIENTED_EDGE('',*,*,#4170,.T.);
#5714=ORIENTED_EDGE('',*,*,#4171,.F.);
#5715=ORIENTED_EDGE('',*,*,#3682,.F.);
#5716=ORIENTED_EDGE('',*,*,#4172,.T.);
#5717=ORIENTED_EDGE('',*,*,#4173,.T.);
#5718=ORIENTED_EDGE('',*,*,#4166,.F.);
#5719=ORIENTED_EDGE('',*,*,#3681,.F.);
#5720=ORIENTED_EDGE('',*,*,#4174,.F.);
#5721=ORIENTED_EDGE('',*,*,#3786,.F.);
#5722=ORIENTED_EDGE('',*,*,#4171,.T.);
#5723=ORIENTED_EDGE('',*,*,#4175,.T.);
#5724=ORIENTED_EDGE('',*,*,#4172,.F.);
#5725=ORIENTED_EDGE('',*,*,#4170,.F.);
#5726=ORIENTED_EDGE('',*,*,#4167,.F.);
#5727=ORIENTED_EDGE('',*,*,#4173,.F.);
#5728=ORIENTED_EDGE('',*,*,#4175,.F.);
#5729=ORIENTED_EDGE('',*,*,#4146,.T.);
#5730=ORIENTED_EDGE('',*,*,#3787,.F.);
#5731=ORIENTED_EDGE('',*,*,#4174,.T.);
#5732=ORIENTED_EDGE('',*,*,#3680,.F.);
#5733=ORIENTED_EDGE('',*,*,#4169,.T.);
#5734=ORIENTED_EDGE('',*,*,#3783,.F.);
#5735=ORIENTED_EDGE('',*,*,#4176,.T.);
#5736=ORIENTED_EDGE('',*,*,#3684,.F.);
#5737=ORIENTED_EDGE('',*,*,#3781,.F.);
#5738=ORIENTED_EDGE('',*,*,#4177,.T.);
#5739=ORIENTED_EDGE('',*,*,#4178,.T.);
#5740=ORIENTED_EDGE('',*,*,#4179,.F.);
#5741=ORIENTED_EDGE('',*,*,#3686,.F.);
#5742=ORIENTED_EDGE('',*,*,#4180,.T.);
#5743=ORIENTED_EDGE('',*,*,#4181,.T.);
#5744=ORIENTED_EDGE('',*,*,#4182,.F.);
#5745=ORIENTED_EDGE('',*,*,#4183,.F.);
#5746=ORIENTED_EDGE('',*,*,#4182,.T.);
#5747=ORIENTED_EDGE('',*,*,#4184,.T.);
#5748=ORIENTED_EDGE('',*,*,#4177,.F.);
#5749=ORIENTED_EDGE('',*,*,#3685,.F.);
#5750=ORIENTED_EDGE('',*,*,#4176,.F.);
#5751=ORIENTED_EDGE('',*,*,#3782,.F.);
#5752=ORIENTED_EDGE('',*,*,#4179,.T.);
#5753=ORIENTED_EDGE('',*,*,#4185,.T.);
#5754=ORIENTED_EDGE('',*,*,#4180,.F.);
#5755=ORIENTED_EDGE('',*,*,#4178,.F.);
#5756=ORIENTED_EDGE('',*,*,#4184,.F.);
#5757=ORIENTED_EDGE('',*,*,#4181,.F.);
#5758=ORIENTED_EDGE('',*,*,#4185,.F.);
#5759=ORIENTED_EDGE('',*,*,#4186,.F.);
#5760=ORIENTED_EDGE('',*,*,#4187,.T.);
#5761=ORIENTED_EDGE('',*,*,#4188,.T.);
#5762=ORIENTED_EDGE('',*,*,#4189,.F.);
#5763=ORIENTED_EDGE('',*,*,#4190,.F.);
#5764=ORIENTED_EDGE('',*,*,#4191,.T.);
#5765=ORIENTED_EDGE('',*,*,#4192,.T.);
#5766=ORIENTED_EDGE('',*,*,#4187,.F.);
#5767=ORIENTED_EDGE('',*,*,#4193,.F.);
#5768=ORIENTED_EDGE('',*,*,#4194,.T.);
#5769=ORIENTED_EDGE('',*,*,#4195,.T.);
#5770=ORIENTED_EDGE('',*,*,#4191,.F.);
#5771=ORIENTED_EDGE('',*,*,#4196,.F.);
#5772=ORIENTED_EDGE('',*,*,#4189,.T.);
#5773=ORIENTED_EDGE('',*,*,#4197,.T.);
#5774=ORIENTED_EDGE('',*,*,#4194,.F.);
#5775=ORIENTED_EDGE('',*,*,#4197,.F.);
#5776=ORIENTED_EDGE('',*,*,#4188,.F.);
#5777=ORIENTED_EDGE('',*,*,#4192,.F.);
#5778=ORIENTED_EDGE('',*,*,#4195,.F.);
#5779=ORIENTED_EDGE('',*,*,#4198,.F.);
#5780=ORIENTED_EDGE('',*,*,#4199,.T.);
#5781=ORIENTED_EDGE('',*,*,#4200,.T.);
#5782=ORIENTED_EDGE('',*,*,#4201,.T.);
#5783=ORIENTED_EDGE('',*,*,#4202,.F.);
#5784=ORIENTED_EDGE('',*,*,#4201,.F.);
#5785=ORIENTED_EDGE('',*,*,#4203,.F.);
#5786=ORIENTED_EDGE('',*,*,#4204,.F.);
#5787=ORIENTED_EDGE('',*,*,#4072,.F.);
#5788=ORIENTED_EDGE('',*,*,#4205,.T.);
#5789=ORIENTED_EDGE('',*,*,#4206,.T.);
#5790=ORIENTED_EDGE('',*,*,#4203,.T.);
#5791=ORIENTED_EDGE('',*,*,#4200,.F.);
#5792=ORIENTED_EDGE('',*,*,#4073,.F.);
#5793=ORIENTED_EDGE('',*,*,#4204,.T.);
#5794=ORIENTED_EDGE('',*,*,#4206,.F.);
#5795=ORIENTED_EDGE('',*,*,#4207,.T.);
#5796=ORIENTED_EDGE('',*,*,#4208,.F.);
#5797=ORIENTED_EDGE('',*,*,#4074,.F.);
#5798=ORIENTED_EDGE('',*,*,#4207,.F.);
#5799=ORIENTED_EDGE('',*,*,#4205,.F.);
#5800=ORIENTED_EDGE('',*,*,#4199,.F.);
#5801=ORIENTED_EDGE('',*,*,#4067,.T.);
#5802=ORIENTED_EDGE('',*,*,#4209,.F.);
#5803=ORIENTED_EDGE('',*,*,#4019,.T.);
#5804=ORIENTED_EDGE('',*,*,#4018,.T.);
#5805=ORIENTED_EDGE('',*,*,#4210,.T.);
#5806=ORIENTED_EDGE('',*,*,#4075,.F.);
#5807=ORIENTED_EDGE('',*,*,#4208,.T.);
#5808=ORIENTED_EDGE('',*,*,#4198,.T.);
#5809=ORIENTED_EDGE('',*,*,#4202,.T.);
#5810=ORIENTED_EDGE('',*,*,#4071,.F.);
#5811=ORIENTED_EDGE('',*,*,#4070,.T.);
#5812=ORIENTED_EDGE('',*,*,#4061,.F.);
#5813=ORIENTED_EDGE('',*,*,#4211,.T.);
#5814=ORIENTED_EDGE('',*,*,#4212,.F.);
#5815=ORIENTED_EDGE('',*,*,#4213,.T.);
#5816=ORIENTED_EDGE('',*,*,#4062,.F.);
#5817=ORIENTED_EDGE('',*,*,#4213,.F.);
#5818=ORIENTED_EDGE('',*,*,#4214,.F.);
#5819=ORIENTED_EDGE('',*,*,#4215,.F.);
#5820=ORIENTED_EDGE('',*,*,#3861,.F.);
#5821=ORIENTED_EDGE('',*,*,#4214,.T.);
#5822=ORIENTED_EDGE('',*,*,#4212,.T.);
#5823=ORIENTED_EDGE('',*,*,#4216,.T.);
#5824=ORIENTED_EDGE('',*,*,#4217,.F.);
#5825=ORIENTED_EDGE('',*,*,#3862,.F.);
#5826=ORIENTED_EDGE('',*,*,#4215,.T.);
#5827=ORIENTED_EDGE('',*,*,#4217,.T.);
#5828=ORIENTED_EDGE('',*,*,#4218,.T.);
#5829=ORIENTED_EDGE('',*,*,#4060,.F.);
#5830=ORIENTED_EDGE('',*,*,#3863,.F.);
#5831=ORIENTED_EDGE('',*,*,#4218,.F.);
#5832=ORIENTED_EDGE('',*,*,#4216,.F.);
#5833=ORIENTED_EDGE('',*,*,#4211,.F.);
#5834=ORIENTED_EDGE('',*,*,#4219,.F.);
#5835=ORIENTED_EDGE('',*,*,#4220,.T.);
#5836=ORIENTED_EDGE('',*,*,#4221,.T.);
#5837=ORIENTED_EDGE('',*,*,#4222,.T.);
#5838=ORIENTED_EDGE('',*,*,#4223,.F.);
#5839=ORIENTED_EDGE('',*,*,#4224,.T.);
#5840=ORIENTED_EDGE('',*,*,#4225,.F.);
#5841=ORIENTED_EDGE('',*,*,#4222,.F.);
#5842=ORIENTED_EDGE('',*,*,#4226,.T.);
#5843=ORIENTED_EDGE('',*,*,#4227,.T.);
#5844=ORIENTED_EDGE('',*,*,#4228,.F.);
#5845=ORIENTED_EDGE('',*,*,#4229,.F.);
#5846=ORIENTED_EDGE('',*,*,#4224,.F.);
#5847=ORIENTED_EDGE('',*,*,#4230,.F.);
#5848=ORIENTED_EDGE('',*,*,#4228,.T.);
#5849=ORIENTED_EDGE('',*,*,#4231,.T.);
#5850=ORIENTED_EDGE('',*,*,#4232,.F.);
#5851=ORIENTED_EDGE('',*,*,#4221,.F.);
#5852=ORIENTED_EDGE('',*,*,#4233,.T.);
#5853=ORIENTED_EDGE('',*,*,#4234,.T.);
#5854=ORIENTED_EDGE('',*,*,#4226,.F.);
#5855=ORIENTED_EDGE('',*,*,#4235,.F.);
#5856=ORIENTED_EDGE('',*,*,#4232,.T.);
#5857=ORIENTED_EDGE('',*,*,#4236,.T.);
#5858=ORIENTED_EDGE('',*,*,#4233,.F.);
#5859=ORIENTED_EDGE('',*,*,#4220,.F.);
#5860=ORIENTED_EDGE('',*,*,#4236,.F.);
#5861=ORIENTED_EDGE('',*,*,#4231,.F.);
#5862=ORIENTED_EDGE('',*,*,#4227,.F.);
#5863=ORIENTED_EDGE('',*,*,#4234,.F.);
#5864=ORIENTED_EDGE('',*,*,#4183,.T.);
#5865=ORIENTED_EDGE('',*,*,#3780,.F.);
#5866=ORIENTED_EDGE('',*,*,#4076,.F.);
#5867=ORIENTED_EDGE('',*,*,#4210,.F.);
#5868=ORIENTED_EDGE('',*,*,#4017,.F.);
#5869=ORIENTED_EDGE('',*,*,#4237,.F.);
#5870=ORIENTED_EDGE('',*,*,#4238,.F.);
#5871=ORIENTED_EDGE('',*,*,#4239,.F.);
#5872=ORIENTED_EDGE('',*,*,#4240,.F.);
#5873=ORIENTED_EDGE('',*,*,#4040,.F.);
#5874=ORIENTED_EDGE('',*,*,#4063,.F.);
#5875=ORIENTED_EDGE('',*,*,#3859,.F.);
#5876=ORIENTED_EDGE('',*,*,#3687,.F.);
#5877=ORIENTED_EDGE('',*,*,#4154,.T.);
#5878=ORIENTED_EDGE('',*,*,#4164,.T.);
#5879=ORIENTED_EDGE('',*,*,#4161,.T.);
#5880=ORIENTED_EDGE('',*,*,#4158,.T.);
#5881=ORIENTED_EDGE('',*,*,#4186,.T.);
#5882=ORIENTED_EDGE('',*,*,#4196,.T.);
#5883=ORIENTED_EDGE('',*,*,#4193,.T.);
#5884=ORIENTED_EDGE('',*,*,#4190,.T.);
#5885=ORIENTED_EDGE('',*,*,#4241,.F.);
#5886=ORIENTED_EDGE('',*,*,#4242,.T.);
#5887=ORIENTED_EDGE('',*,*,#4238,.T.);
#5888=ORIENTED_EDGE('',*,*,#4243,.F.);
#5889=ORIENTED_EDGE('',*,*,#3558,.T.);
#5890=ORIENTED_EDGE('',*,*,#3569,.F.);
#5891=ORIENTED_EDGE('',*,*,#4243,.T.);
#5892=ORIENTED_EDGE('',*,*,#4237,.T.);
#5893=ORIENTED_EDGE('',*,*,#4016,.F.);
#5894=ORIENTED_EDGE('',*,*,#3565,.F.);
#5895=ORIENTED_EDGE('',*,*,#3560,.T.);
#5896=ORIENTED_EDGE('',*,*,#3563,.T.);
#5897=ORIENTED_EDGE('',*,*,#4229,.T.);
#5898=ORIENTED_EDGE('',*,*,#4235,.T.);
#5899=ORIENTED_EDGE('',*,*,#4219,.T.);
#5900=ORIENTED_EDGE('',*,*,#3730,.T.);
#5901=ORIENTED_EDGE('',*,*,#3739,.F.);
#5902=ORIENTED_EDGE('',*,*,#3823,.T.);
#5903=ORIENTED_EDGE('',*,*,#4153,.T.);
#5904=ORIENTED_EDGE('',*,*,#3675,.F.);
#5905=ORIENTED_EDGE('',*,*,#3703,.T.);
#5906=ORIENTED_EDGE('',*,*,#3829,.T.);
#5907=ORIENTED_EDGE('',*,*,#3715,.T.);
#5908=ORIENTED_EDGE('',*,*,#3571,.T.);
#5909=ORIENTED_EDGE('',*,*,#3582,.F.);
#5910=ORIENTED_EDGE('',*,*,#4041,.T.);
#5911=ORIENTED_EDGE('',*,*,#4240,.T.);
#5912=ORIENTED_EDGE('',*,*,#4244,.F.);
#5913=ORIENTED_EDGE('',*,*,#3578,.F.);
#5914=ORIENTED_EDGE('',*,*,#3573,.T.);
#5915=ORIENTED_EDGE('',*,*,#3576,.T.);
#5916=ORIENTED_EDGE('',*,*,#4230,.T.);
#5917=ORIENTED_EDGE('',*,*,#4223,.T.);
#5918=ORIENTED_EDGE('',*,*,#4225,.T.);
#5919=ORIENTED_EDGE('',*,*,#4245,.F.);
#5920=ORIENTED_EDGE('',*,*,#4244,.T.);
#5921=ORIENTED_EDGE('',*,*,#4239,.T.);
#5922=ORIENTED_EDGE('',*,*,#4242,.F.);
#5923=ORIENTED_EDGE('',*,*,#4083,.T.);
#5924=ORIENTED_EDGE('',*,*,#4094,.T.);
#5925=ORIENTED_EDGE('',*,*,#4096,.T.);
#5926=ORIENTED_EDGE('',*,*,#3735,.T.);
#5927=ORIENTED_EDGE('',*,*,#3836,.T.);
#5928=ORIENTED_EDGE('',*,*,#3873,.T.);
#5929=ORIENTED_EDGE('',*,*,#4246,.T.);
#5930=ORIENTED_EDGE('',*,*,#4058,.T.);
#5931=ORIENTED_EDGE('',*,*,#3580,.T.);
#5932=ORIENTED_EDGE('',*,*,#4247,.T.);
#5933=ORIENTED_EDGE('',*,*,#4248,.T.);
#5934=ORIENTED_EDGE('',*,*,#3567,.T.);
#5935=ORIENTED_EDGE('',*,*,#4249,.T.);
#5936=ORIENTED_EDGE('',*,*,#4250,.T.);
#5937=ORIENTED_EDGE('',*,*,#4000,.T.);
#5938=ORIENTED_EDGE('',*,*,#3845,.T.);
#5939=ORIENTED_EDGE('',*,*,#3827,.T.);
#5940=ORIENTED_EDGE('',*,*,#3736,.T.);
#5941=ORIENTED_EDGE('',*,*,#4098,.T.);
#5942=ORIENTED_EDGE('',*,*,#4100,.T.);
#5943=ORIENTED_EDGE('',*,*,#4092,.T.);
#5944=ORIENTED_EDGE('',*,*,#4113,.T.);
#5945=ORIENTED_EDGE('',*,*,#4114,.T.);
#5946=ORIENTED_EDGE('',*,*,#4117,.T.);
#5947=ORIENTED_EDGE('',*,*,#4101,.T.);
#5948=ORIENTED_EDGE('',*,*,#4105,.T.);
#5949=ORIENTED_EDGE('',*,*,#4108,.T.);
#5950=ORIENTED_EDGE('',*,*,#4241,.T.);
#5951=ORIENTED_EDGE('',*,*,#3568,.T.);
#5952=ORIENTED_EDGE('',*,*,#4248,.F.);
#5953=ORIENTED_EDGE('',*,*,#4251,.F.);
#5954=ORIENTED_EDGE('',*,*,#4015,.T.);
#5955=ORIENTED_EDGE('',*,*,#4252,.T.);
#5956=ORIENTED_EDGE('',*,*,#4249,.F.);
#5957=ORIENTED_EDGE('',*,*,#3566,.F.);
#5958=ORIENTED_EDGE('',*,*,#4064,.T.);
#5959=ORIENTED_EDGE('',*,*,#4001,.T.);
#5960=ORIENTED_EDGE('',*,*,#4250,.F.);
#5961=ORIENTED_EDGE('',*,*,#4252,.F.);
#5962=ORIENTED_EDGE('',*,*,#4209,.T.);
#5963=ORIENTED_EDGE('',*,*,#4066,.T.);
#5964=ORIENTED_EDGE('',*,*,#4014,.T.);
#5965=ORIENTED_EDGE('',*,*,#4006,.T.);
#5966=ORIENTED_EDGE('',*,*,#4011,.T.);
#5967=ORIENTED_EDGE('',*,*,#4047,.T.);
#5968=ORIENTED_EDGE('',*,*,#4059,.T.);
#5969=ORIENTED_EDGE('',*,*,#4246,.F.);
#5970=ORIENTED_EDGE('',*,*,#3872,.F.);
#5971=ORIENTED_EDGE('',*,*,#4245,.T.);
#5972=ORIENTED_EDGE('',*,*,#4251,.T.);
#5973=ORIENTED_EDGE('',*,*,#4247,.F.);
#5974=ORIENTED_EDGE('',*,*,#3579,.F.);
#5975=ORIENTED_EDGE('',*,*,#4253,.F.);
#5976=ORIENTED_EDGE('',*,*,#4254,.F.);
#5977=ORIENTED_EDGE('',*,*,#4255,.F.);
#5978=ORIENTED_EDGE('',*,*,#4256,.F.);
#5979=ORIENTED_EDGE('',*,*,#4257,.F.);
#5980=ORIENTED_EDGE('',*,*,#4258,.T.);
#5981=ORIENTED_EDGE('',*,*,#4259,.F.);
#5982=ORIENTED_EDGE('',*,*,#4253,.T.);
#5983=ORIENTED_EDGE('',*,*,#4260,.F.);
#5984=ORIENTED_EDGE('',*,*,#4261,.T.);
#5985=ORIENTED_EDGE('',*,*,#4257,.T.);
#5986=ORIENTED_EDGE('',*,*,#4256,.T.);
#5987=ORIENTED_EDGE('',*,*,#4262,.T.);
#5988=ORIENTED_EDGE('',*,*,#4263,.T.);
#5989=ORIENTED_EDGE('',*,*,#4264,.T.);
#5990=ORIENTED_EDGE('',*,*,#4265,.T.);
#5991=ORIENTED_EDGE('',*,*,#4266,.F.);
#5992=ORIENTED_EDGE('',*,*,#4267,.T.);
#5993=ORIENTED_EDGE('',*,*,#4260,.T.);
#5994=ORIENTED_EDGE('',*,*,#4255,.T.);
#5995=ORIENTED_EDGE('',*,*,#4259,.T.);
#5996=ORIENTED_EDGE('',*,*,#4268,.T.);
#5997=ORIENTED_EDGE('',*,*,#4266,.T.);
#5998=ORIENTED_EDGE('',*,*,#4254,.T.);
#5999=ORIENTED_EDGE('',*,*,#4258,.F.);
#6000=ORIENTED_EDGE('',*,*,#4261,.F.);
#6001=ORIENTED_EDGE('',*,*,#4267,.F.);
#6002=ORIENTED_EDGE('',*,*,#4268,.F.);
#6003=ORIENTED_EDGE('',*,*,#4264,.F.);
#6004=ORIENTED_EDGE('',*,*,#4269,.T.);
#6005=ORIENTED_EDGE('',*,*,#4270,.T.);
#6006=ORIENTED_EDGE('',*,*,#4271,.T.);
#6007=ORIENTED_EDGE('',*,*,#4272,.T.);
#6008=ORIENTED_EDGE('',*,*,#4270,.F.);
#6009=ORIENTED_EDGE('',*,*,#4273,.T.);
#6010=ORIENTED_EDGE('',*,*,#4274,.F.);
#6011=ORIENTED_EDGE('',*,*,#4265,.F.);
#6012=ORIENTED_EDGE('',*,*,#4271,.F.);
#6013=ORIENTED_EDGE('',*,*,#4272,.F.);
#6014=ORIENTED_EDGE('',*,*,#4275,.F.);
#6015=ORIENTED_EDGE('',*,*,#4263,.F.);
#6016=ORIENTED_EDGE('',*,*,#4276,.F.);
#6017=ORIENTED_EDGE('',*,*,#4273,.F.);
#6018=ORIENTED_EDGE('',*,*,#4269,.F.);
#6019=ORIENTED_EDGE('',*,*,#4262,.F.);
#6020=ORIENTED_EDGE('',*,*,#4275,.T.);
#6021=ORIENTED_EDGE('',*,*,#4274,.T.);
#6022=ORIENTED_EDGE('',*,*,#4276,.T.);
#6023=ORIENTED_EDGE('',*,*,#4277,.F.);
#6024=ORIENTED_EDGE('',*,*,#4278,.T.);
#6025=ORIENTED_EDGE('',*,*,#4279,.F.);
#6026=ORIENTED_EDGE('',*,*,#4280,.F.);
#6027=ORIENTED_EDGE('',*,*,#4281,.F.);
#6028=ORIENTED_EDGE('',*,*,#4280,.T.);
#6029=ORIENTED_EDGE('',*,*,#4282,.F.);
#6030=ORIENTED_EDGE('',*,*,#4283,.F.);
#6031=ORIENTED_EDGE('',*,*,#4284,.F.);
#6032=ORIENTED_EDGE('',*,*,#4283,.T.);
#6033=ORIENTED_EDGE('',*,*,#4285,.F.);
#6034=ORIENTED_EDGE('',*,*,#4286,.F.);
#6035=ORIENTED_EDGE('',*,*,#4287,.F.);
#6036=ORIENTED_EDGE('',*,*,#4286,.T.);
#6037=ORIENTED_EDGE('',*,*,#4288,.F.);
#6038=ORIENTED_EDGE('',*,*,#4289,.F.);
#6039=ORIENTED_EDGE('',*,*,#4290,.F.);
#6040=ORIENTED_EDGE('',*,*,#4289,.T.);
#6041=ORIENTED_EDGE('',*,*,#4291,.F.);
#6042=ORIENTED_EDGE('',*,*,#4292,.F.);
#6043=ORIENTED_EDGE('',*,*,#4293,.F.);
#6044=ORIENTED_EDGE('',*,*,#4292,.T.);
#6045=ORIENTED_EDGE('',*,*,#4294,.F.);
#6046=ORIENTED_EDGE('',*,*,#4278,.F.);
#6047=ORIENTED_EDGE('',*,*,#4294,.T.);
#6048=ORIENTED_EDGE('',*,*,#4291,.T.);
#6049=ORIENTED_EDGE('',*,*,#4288,.T.);
#6050=ORIENTED_EDGE('',*,*,#4285,.T.);
#6051=ORIENTED_EDGE('',*,*,#4282,.T.);
#6052=ORIENTED_EDGE('',*,*,#4279,.T.);
#6053=ORIENTED_EDGE('',*,*,#4293,.T.);
#6054=ORIENTED_EDGE('',*,*,#4277,.T.);
#6055=ORIENTED_EDGE('',*,*,#4281,.T.);
#6056=ORIENTED_EDGE('',*,*,#4284,.T.);
#6057=ORIENTED_EDGE('',*,*,#4287,.T.);
#6058=ORIENTED_EDGE('',*,*,#4290,.T.);
#6059=ORIENTED_EDGE('',*,*,#4295,.T.);
#6060=ORIENTED_EDGE('',*,*,#4296,.T.);
#6061=ORIENTED_EDGE('',*,*,#4297,.F.);
#6062=ORIENTED_EDGE('',*,*,#4298,.F.);
#6063=ORIENTED_EDGE('',*,*,#4299,.T.);
#6064=ORIENTED_EDGE('',*,*,#4298,.T.);
#6065=ORIENTED_EDGE('',*,*,#4300,.F.);
#6066=ORIENTED_EDGE('',*,*,#4301,.F.);
#6067=ORIENTED_EDGE('',*,*,#4302,.T.);
#6068=ORIENTED_EDGE('',*,*,#4301,.T.);
#6069=ORIENTED_EDGE('',*,*,#4303,.F.);
#6070=ORIENTED_EDGE('',*,*,#4304,.F.);
#6071=ORIENTED_EDGE('',*,*,#4305,.T.);
#6072=ORIENTED_EDGE('',*,*,#4304,.T.);
#6073=ORIENTED_EDGE('',*,*,#4306,.F.);
#6074=ORIENTED_EDGE('',*,*,#4296,.F.);
#6075=ORIENTED_EDGE('',*,*,#4306,.T.);
#6076=ORIENTED_EDGE('',*,*,#4303,.T.);
#6077=ORIENTED_EDGE('',*,*,#4300,.T.);
#6078=ORIENTED_EDGE('',*,*,#4297,.T.);
#6079=ORIENTED_EDGE('',*,*,#4305,.F.);
#6080=ORIENTED_EDGE('',*,*,#4295,.F.);
#6081=ORIENTED_EDGE('',*,*,#4299,.F.);
#6082=ORIENTED_EDGE('',*,*,#4302,.F.);
#6083=ORIENTED_EDGE('',*,*,#4307,.F.);
#6084=ORIENTED_EDGE('',*,*,#4308,.T.);
#6085=ORIENTED_EDGE('',*,*,#4309,.F.);
#6086=ORIENTED_EDGE('',*,*,#4310,.F.);
#6087=ORIENTED_EDGE('',*,*,#4311,.F.);
#6088=ORIENTED_EDGE('',*,*,#4310,.T.);
#6089=ORIENTED_EDGE('',*,*,#4312,.F.);
#6090=ORIENTED_EDGE('',*,*,#4313,.F.);
#6091=ORIENTED_EDGE('',*,*,#4314,.F.);
#6092=ORIENTED_EDGE('',*,*,#4313,.T.);
#6093=ORIENTED_EDGE('',*,*,#4315,.F.);
#6094=ORIENTED_EDGE('',*,*,#4316,.F.);
#6095=ORIENTED_EDGE('',*,*,#4317,.F.);
#6096=ORIENTED_EDGE('',*,*,#4316,.T.);
#6097=ORIENTED_EDGE('',*,*,#4318,.F.);
#6098=ORIENTED_EDGE('',*,*,#4308,.F.);
#6099=ORIENTED_EDGE('',*,*,#4318,.T.);
#6100=ORIENTED_EDGE('',*,*,#4315,.T.);
#6101=ORIENTED_EDGE('',*,*,#4312,.T.);
#6102=ORIENTED_EDGE('',*,*,#4309,.T.);
#6103=ORIENTED_EDGE('',*,*,#4317,.T.);
#6104=ORIENTED_EDGE('',*,*,#4307,.T.);
#6105=ORIENTED_EDGE('',*,*,#4311,.T.);
#6106=ORIENTED_EDGE('',*,*,#4314,.T.);
#6107=ORIENTED_EDGE('',*,*,#4319,.T.);
#6108=ORIENTED_EDGE('',*,*,#4320,.T.);
#6109=ORIENTED_EDGE('',*,*,#4321,.F.);
#6110=ORIENTED_EDGE('',*,*,#4322,.F.);
#6111=ORIENTED_EDGE('',*,*,#4323,.T.);
#6112=ORIENTED_EDGE('',*,*,#4322,.T.);
#6113=ORIENTED_EDGE('',*,*,#4324,.F.);
#6114=ORIENTED_EDGE('',*,*,#4325,.F.);
#6115=ORIENTED_EDGE('',*,*,#4326,.T.);
#6116=ORIENTED_EDGE('',*,*,#4325,.T.);
#6117=ORIENTED_EDGE('',*,*,#4327,.F.);
#6118=ORIENTED_EDGE('',*,*,#4328,.F.);
#6119=ORIENTED_EDGE('',*,*,#4329,.T.);
#6120=ORIENTED_EDGE('',*,*,#4328,.T.);
#6121=ORIENTED_EDGE('',*,*,#4330,.F.);
#6122=ORIENTED_EDGE('',*,*,#4320,.F.);
#6123=ORIENTED_EDGE('',*,*,#4330,.T.);
#6124=ORIENTED_EDGE('',*,*,#4327,.T.);
#6125=ORIENTED_EDGE('',*,*,#4324,.T.);
#6126=ORIENTED_EDGE('',*,*,#4321,.T.);
#6127=ORIENTED_EDGE('',*,*,#4329,.F.);
#6128=ORIENTED_EDGE('',*,*,#4319,.F.);
#6129=ORIENTED_EDGE('',*,*,#4323,.F.);
#6130=ORIENTED_EDGE('',*,*,#4326,.F.);
#6131=ORIENTED_EDGE('',*,*,#4331,.F.);
#6132=ORIENTED_EDGE('',*,*,#4332,.T.);
#6133=ORIENTED_EDGE('',*,*,#4333,.F.);
#6134=ORIENTED_EDGE('',*,*,#4334,.F.);
#6135=ORIENTED_EDGE('',*,*,#4335,.F.);
#6136=ORIENTED_EDGE('',*,*,#4334,.T.);
#6137=ORIENTED_EDGE('',*,*,#4336,.F.);
#6138=ORIENTED_EDGE('',*,*,#4337,.F.);
#6139=ORIENTED_EDGE('',*,*,#4338,.F.);
#6140=ORIENTED_EDGE('',*,*,#4337,.T.);
#6141=ORIENTED_EDGE('',*,*,#4339,.F.);
#6142=ORIENTED_EDGE('',*,*,#4340,.F.);
#6143=ORIENTED_EDGE('',*,*,#4341,.F.);
#6144=ORIENTED_EDGE('',*,*,#4340,.T.);
#6145=ORIENTED_EDGE('',*,*,#4342,.F.);
#6146=ORIENTED_EDGE('',*,*,#4332,.F.);
#6147=ORIENTED_EDGE('',*,*,#4342,.T.);
#6148=ORIENTED_EDGE('',*,*,#4339,.T.);
#6149=ORIENTED_EDGE('',*,*,#4336,.T.);
#6150=ORIENTED_EDGE('',*,*,#4333,.T.);
#6151=ORIENTED_EDGE('',*,*,#4341,.T.);
#6152=ORIENTED_EDGE('',*,*,#4331,.T.);
#6153=ORIENTED_EDGE('',*,*,#4335,.T.);
#6154=ORIENTED_EDGE('',*,*,#4338,.T.);
#6155=ORIENTED_EDGE('',*,*,#4343,.F.);
#6156=ORIENTED_EDGE('',*,*,#4344,.F.);
#6157=ORIENTED_EDGE('',*,*,#4345,.T.);
#6158=ORIENTED_EDGE('',*,*,#4346,.F.);
#6159=ORIENTED_EDGE('',*,*,#4347,.F.);
#6160=ORIENTED_EDGE('',*,*,#4348,.F.);
#6161=ORIENTED_EDGE('',*,*,#4349,.F.);
#6162=ORIENTED_EDGE('',*,*,#4347,.T.);
#6163=ORIENTED_EDGE('',*,*,#4350,.F.);
#6164=ORIENTED_EDGE('',*,*,#4351,.F.);
#6165=ORIENTED_EDGE('',*,*,#4352,.F.);
#6166=ORIENTED_EDGE('',*,*,#4353,.F.);
#6167=ORIENTED_EDGE('',*,*,#4354,.F.);
#6168=ORIENTED_EDGE('',*,*,#4351,.T.);
#6169=ORIENTED_EDGE('',*,*,#4355,.F.);
#6170=ORIENTED_EDGE('',*,*,#4356,.F.);
#6171=ORIENTED_EDGE('',*,*,#4357,.F.);
#6172=ORIENTED_EDGE('',*,*,#4356,.T.);
#6173=ORIENTED_EDGE('',*,*,#4358,.F.);
#6174=ORIENTED_EDGE('',*,*,#4345,.F.);
#6175=ORIENTED_EDGE('',*,*,#4358,.T.);
#6176=ORIENTED_EDGE('',*,*,#4355,.T.);
#6177=ORIENTED_EDGE('',*,*,#4350,.T.);
#6178=ORIENTED_EDGE('',*,*,#4346,.T.);
#6179=ORIENTED_EDGE('',*,*,#4343,.T.);
#6180=ORIENTED_EDGE('',*,*,#4359,.F.);
#6181=ORIENTED_EDGE('',*,*,#4360,.F.);
#6182=ORIENTED_EDGE('',*,*,#4361,.F.);
#6183=ORIENTED_EDGE('',*,*,#4348,.T.);
#6184=ORIENTED_EDGE('',*,*,#4349,.T.);
#6185=ORIENTED_EDGE('',*,*,#4362,.T.);
#6186=ORIENTED_EDGE('',*,*,#4363,.T.);
#6187=ORIENTED_EDGE('',*,*,#4364,.T.);
#6188=ORIENTED_EDGE('',*,*,#4359,.T.);
#6189=ORIENTED_EDGE('',*,*,#4365,.F.);
#6190=ORIENTED_EDGE('',*,*,#4360,.T.);
#6191=ORIENTED_EDGE('',*,*,#4364,.F.);
#6192=ORIENTED_EDGE('',*,*,#4366,.F.);
#6193=ORIENTED_EDGE('',*,*,#4367,.F.);
#6194=ORIENTED_EDGE('',*,*,#4366,.T.);
#6195=ORIENTED_EDGE('',*,*,#4363,.F.);
#6196=ORIENTED_EDGE('',*,*,#4368,.F.);
#6197=ORIENTED_EDGE('',*,*,#4353,.T.);
#6198=ORIENTED_EDGE('',*,*,#4369,.F.);
#6199=ORIENTED_EDGE('',*,*,#4368,.T.);
#6200=ORIENTED_EDGE('',*,*,#4362,.F.);
#6201=ORIENTED_EDGE('',*,*,#4361,.T.);
#6202=ORIENTED_EDGE('',*,*,#4365,.T.);
#6203=ORIENTED_EDGE('',*,*,#4367,.T.);
#6204=ORIENTED_EDGE('',*,*,#4369,.T.);
#6205=ORIENTED_EDGE('',*,*,#4352,.T.);
#6206=ORIENTED_EDGE('',*,*,#4354,.T.);
#6207=ORIENTED_EDGE('',*,*,#4357,.T.);
#6208=ORIENTED_EDGE('',*,*,#4344,.T.);
#6209=ORIENTED_EDGE('',*,*,#4370,.T.);
#6210=ORIENTED_EDGE('',*,*,#4371,.T.);
#6211=ORIENTED_EDGE('',*,*,#4372,.F.);
#6212=ORIENTED_EDGE('',*,*,#4373,.F.);
#6213=ORIENTED_EDGE('',*,*,#4374,.T.);
#6214=ORIENTED_EDGE('',*,*,#4373,.T.);
#6215=ORIENTED_EDGE('',*,*,#4375,.F.);
#6216=ORIENTED_EDGE('',*,*,#4376,.F.);
#6217=ORIENTED_EDGE('',*,*,#4377,.F.);
#6218=ORIENTED_EDGE('',*,*,#4378,.T.);
#6219=ORIENTED_EDGE('',*,*,#4376,.T.);
#6220=ORIENTED_EDGE('',*,*,#4379,.F.);
#6221=ORIENTED_EDGE('',*,*,#4380,.F.);
#6222=ORIENTED_EDGE('',*,*,#4381,.F.);
#6223=ORIENTED_EDGE('',*,*,#4382,.F.);
#6224=ORIENTED_EDGE('',*,*,#4380,.T.);
#6225=ORIENTED_EDGE('',*,*,#4383,.F.);
#6226=ORIENTED_EDGE('',*,*,#4371,.F.);
#6227=ORIENTED_EDGE('',*,*,#4384,.T.);
#6228=ORIENTED_EDGE('',*,*,#4385,.F.);
#6229=ORIENTED_EDGE('',*,*,#4383,.T.);
#6230=ORIENTED_EDGE('',*,*,#4379,.T.);
#6231=ORIENTED_EDGE('',*,*,#4375,.T.);
#6232=ORIENTED_EDGE('',*,*,#4372,.T.);
#6233=ORIENTED_EDGE('',*,*,#4377,.T.);
#6234=ORIENTED_EDGE('',*,*,#4386,.F.);
#6235=ORIENTED_EDGE('',*,*,#4387,.F.);
#6236=ORIENTED_EDGE('',*,*,#4388,.F.);
#6237=ORIENTED_EDGE('',*,*,#4381,.T.);
#6238=ORIENTED_EDGE('',*,*,#4382,.T.);
#6239=ORIENTED_EDGE('',*,*,#4389,.T.);
#6240=ORIENTED_EDGE('',*,*,#4390,.T.);
#6241=ORIENTED_EDGE('',*,*,#4391,.T.);
#6242=ORIENTED_EDGE('',*,*,#4386,.T.);
#6243=ORIENTED_EDGE('',*,*,#4392,.F.);
#6244=ORIENTED_EDGE('',*,*,#4387,.T.);
#6245=ORIENTED_EDGE('',*,*,#4391,.F.);
#6246=ORIENTED_EDGE('',*,*,#4393,.F.);
#6247=ORIENTED_EDGE('',*,*,#4394,.F.);
#6248=ORIENTED_EDGE('',*,*,#4393,.T.);
#6249=ORIENTED_EDGE('',*,*,#4390,.F.);
#6250=ORIENTED_EDGE('',*,*,#4395,.F.);
#6251=ORIENTED_EDGE('',*,*,#4385,.T.);
#6252=ORIENTED_EDGE('',*,*,#4396,.F.);
#6253=ORIENTED_EDGE('',*,*,#4395,.T.);
#6254=ORIENTED_EDGE('',*,*,#4389,.F.);
#6255=ORIENTED_EDGE('',*,*,#4388,.T.);
#6256=ORIENTED_EDGE('',*,*,#4392,.T.);
#6257=ORIENTED_EDGE('',*,*,#4394,.T.);
#6258=ORIENTED_EDGE('',*,*,#4396,.T.);
#6259=ORIENTED_EDGE('',*,*,#4384,.F.);
#6260=ORIENTED_EDGE('',*,*,#4370,.F.);
#6261=ORIENTED_EDGE('',*,*,#4374,.F.);
#6262=ORIENTED_EDGE('',*,*,#4378,.F.);
#6263=ORIENTED_EDGE('',*,*,#4397,.T.);
#6264=ORIENTED_EDGE('',*,*,#4398,.F.);
#6265=ORIENTED_EDGE('',*,*,#4399,.T.);
#6266=ORIENTED_EDGE('',*,*,#4397,.F.);
#6267=ORIENTED_EDGE('',*,*,#4399,.F.);
#6268=ORIENTED_EDGE('',*,*,#4398,.T.);
#6269=ORIENTED_EDGE('',*,*,#4400,.T.);
#6270=ORIENTED_EDGE('',*,*,#4401,.F.);
#6271=ORIENTED_EDGE('',*,*,#4402,.T.);
#6272=ORIENTED_EDGE('',*,*,#4400,.F.);
#6273=ORIENTED_EDGE('',*,*,#4402,.F.);
#6274=ORIENTED_EDGE('',*,*,#4401,.T.);
#6275=ORIENTED_EDGE('',*,*,#4403,.T.);
#6276=ORIENTED_EDGE('',*,*,#4404,.T.);
#6277=ORIENTED_EDGE('',*,*,#4405,.T.);
#6278=ORIENTED_EDGE('',*,*,#4406,.T.);
#6279=ORIENTED_EDGE('',*,*,#4407,.F.);
#6280=ORIENTED_EDGE('',*,*,#4408,.F.);
#6281=ORIENTED_EDGE('',*,*,#4409,.F.);
#6282=ORIENTED_EDGE('',*,*,#4404,.F.);
#6283=ORIENTED_EDGE('',*,*,#4409,.T.);
#6284=ORIENTED_EDGE('',*,*,#4410,.F.);
#6285=ORIENTED_EDGE('',*,*,#4411,.F.);
#6286=ORIENTED_EDGE('',*,*,#4405,.F.);
#6287=ORIENTED_EDGE('',*,*,#4411,.T.);
#6288=ORIENTED_EDGE('',*,*,#4412,.F.);
#6289=ORIENTED_EDGE('',*,*,#4413,.F.);
#6290=ORIENTED_EDGE('',*,*,#4406,.F.);
#6291=ORIENTED_EDGE('',*,*,#4413,.T.);
#6292=ORIENTED_EDGE('',*,*,#4414,.F.);
#6293=ORIENTED_EDGE('',*,*,#4407,.T.);
#6294=ORIENTED_EDGE('',*,*,#4403,.F.);
#6295=ORIENTED_EDGE('',*,*,#4414,.T.);
#6296=ORIENTED_EDGE('',*,*,#4412,.T.);
#6297=ORIENTED_EDGE('',*,*,#4410,.T.);
#6298=ORIENTED_EDGE('',*,*,#4408,.T.);
#6299=ORIENTED_EDGE('',*,*,#4415,.T.);
#6300=ORIENTED_EDGE('',*,*,#4416,.T.);
#6301=ORIENTED_EDGE('',*,*,#4417,.T.);
#6302=ORIENTED_EDGE('',*,*,#4418,.T.);
#6303=ORIENTED_EDGE('',*,*,#4419,.F.);
#6304=ORIENTED_EDGE('',*,*,#4420,.F.);
#6305=ORIENTED_EDGE('',*,*,#4421,.F.);
#6306=ORIENTED_EDGE('',*,*,#4416,.F.);
#6307=ORIENTED_EDGE('',*,*,#4421,.T.);
#6308=ORIENTED_EDGE('',*,*,#4422,.F.);
#6309=ORIENTED_EDGE('',*,*,#4423,.F.);
#6310=ORIENTED_EDGE('',*,*,#4417,.F.);
#6311=ORIENTED_EDGE('',*,*,#4423,.T.);
#6312=ORIENTED_EDGE('',*,*,#4424,.F.);
#6313=ORIENTED_EDGE('',*,*,#4425,.F.);
#6314=ORIENTED_EDGE('',*,*,#4418,.F.);
#6315=ORIENTED_EDGE('',*,*,#4425,.T.);
#6316=ORIENTED_EDGE('',*,*,#4426,.F.);
#6317=ORIENTED_EDGE('',*,*,#4419,.T.);
#6318=ORIENTED_EDGE('',*,*,#4415,.F.);
#6319=ORIENTED_EDGE('',*,*,#4426,.T.);
#6320=ORIENTED_EDGE('',*,*,#4424,.T.);
#6321=ORIENTED_EDGE('',*,*,#4422,.T.);
#6322=ORIENTED_EDGE('',*,*,#4420,.T.);
#6323=ORIENTED_EDGE('',*,*,#4427,.T.);
#6324=ORIENTED_EDGE('',*,*,#4428,.T.);
#6325=ORIENTED_EDGE('',*,*,#4429,.T.);
#6326=ORIENTED_EDGE('',*,*,#4430,.T.);
#6327=ORIENTED_EDGE('',*,*,#4431,.F.);
#6328=ORIENTED_EDGE('',*,*,#4432,.F.);
#6329=ORIENTED_EDGE('',*,*,#4433,.F.);
#6330=ORIENTED_EDGE('',*,*,#4428,.F.);
#6331=ORIENTED_EDGE('',*,*,#4433,.T.);
#6332=ORIENTED_EDGE('',*,*,#4434,.F.);
#6333=ORIENTED_EDGE('',*,*,#4435,.F.);
#6334=ORIENTED_EDGE('',*,*,#4429,.F.);
#6335=ORIENTED_EDGE('',*,*,#4435,.T.);
#6336=ORIENTED_EDGE('',*,*,#4436,.F.);
#6337=ORIENTED_EDGE('',*,*,#4437,.F.);
#6338=ORIENTED_EDGE('',*,*,#4430,.F.);
#6339=ORIENTED_EDGE('',*,*,#4437,.T.);
#6340=ORIENTED_EDGE('',*,*,#4438,.F.);
#6341=ORIENTED_EDGE('',*,*,#4431,.T.);
#6342=ORIENTED_EDGE('',*,*,#4427,.F.);
#6343=ORIENTED_EDGE('',*,*,#4438,.T.);
#6344=ORIENTED_EDGE('',*,*,#4436,.T.);
#6345=ORIENTED_EDGE('',*,*,#4434,.T.);
#6346=ORIENTED_EDGE('',*,*,#4432,.T.);
#6347=ORIENTED_EDGE('',*,*,#4439,.T.);
#6348=ORIENTED_EDGE('',*,*,#4440,.T.);
#6349=ORIENTED_EDGE('',*,*,#4441,.T.);
#6350=ORIENTED_EDGE('',*,*,#4442,.T.);
#6351=ORIENTED_EDGE('',*,*,#4443,.F.);
#6352=ORIENTED_EDGE('',*,*,#4444,.F.);
#6353=ORIENTED_EDGE('',*,*,#4445,.F.);
#6354=ORIENTED_EDGE('',*,*,#4440,.F.);
#6355=ORIENTED_EDGE('',*,*,#4445,.T.);
#6356=ORIENTED_EDGE('',*,*,#4446,.F.);
#6357=ORIENTED_EDGE('',*,*,#4447,.F.);
#6358=ORIENTED_EDGE('',*,*,#4441,.F.);
#6359=ORIENTED_EDGE('',*,*,#4447,.T.);
#6360=ORIENTED_EDGE('',*,*,#4448,.F.);
#6361=ORIENTED_EDGE('',*,*,#4449,.F.);
#6362=ORIENTED_EDGE('',*,*,#4442,.F.);
#6363=ORIENTED_EDGE('',*,*,#4449,.T.);
#6364=ORIENTED_EDGE('',*,*,#4450,.F.);
#6365=ORIENTED_EDGE('',*,*,#4443,.T.);
#6366=ORIENTED_EDGE('',*,*,#4439,.F.);
#6367=ORIENTED_EDGE('',*,*,#4450,.T.);
#6368=ORIENTED_EDGE('',*,*,#4448,.T.);
#6369=ORIENTED_EDGE('',*,*,#4446,.T.);
#6370=ORIENTED_EDGE('',*,*,#4444,.T.);
#6371=ORIENTED_EDGE('',*,*,#4451,.T.);
#6372=ORIENTED_EDGE('',*,*,#4452,.T.);
#6373=ORIENTED_EDGE('',*,*,#4453,.T.);
#6374=ORIENTED_EDGE('',*,*,#4454,.T.);
#6375=ORIENTED_EDGE('',*,*,#4455,.F.);
#6376=ORIENTED_EDGE('',*,*,#4456,.F.);
#6377=ORIENTED_EDGE('',*,*,#4457,.F.);
#6378=ORIENTED_EDGE('',*,*,#4452,.F.);
#6379=ORIENTED_EDGE('',*,*,#4457,.T.);
#6380=ORIENTED_EDGE('',*,*,#4458,.F.);
#6381=ORIENTED_EDGE('',*,*,#4459,.F.);
#6382=ORIENTED_EDGE('',*,*,#4453,.F.);
#6383=ORIENTED_EDGE('',*,*,#4459,.T.);
#6384=ORIENTED_EDGE('',*,*,#4460,.F.);
#6385=ORIENTED_EDGE('',*,*,#4461,.F.);
#6386=ORIENTED_EDGE('',*,*,#4454,.F.);
#6387=ORIENTED_EDGE('',*,*,#4461,.T.);
#6388=ORIENTED_EDGE('',*,*,#4462,.F.);
#6389=ORIENTED_EDGE('',*,*,#4455,.T.);
#6390=ORIENTED_EDGE('',*,*,#4451,.F.);
#6391=ORIENTED_EDGE('',*,*,#4462,.T.);
#6392=ORIENTED_EDGE('',*,*,#4460,.T.);
#6393=ORIENTED_EDGE('',*,*,#4458,.T.);
#6394=ORIENTED_EDGE('',*,*,#4456,.T.);
#6395=ORIENTED_EDGE('',*,*,#4463,.T.);
#6396=ORIENTED_EDGE('',*,*,#4464,.T.);
#6397=ORIENTED_EDGE('',*,*,#4465,.T.);
#6398=ORIENTED_EDGE('',*,*,#4466,.T.);
#6399=ORIENTED_EDGE('',*,*,#4467,.F.);
#6400=ORIENTED_EDGE('',*,*,#4468,.F.);
#6401=ORIENTED_EDGE('',*,*,#4469,.F.);
#6402=ORIENTED_EDGE('',*,*,#4464,.F.);
#6403=ORIENTED_EDGE('',*,*,#4469,.T.);
#6404=ORIENTED_EDGE('',*,*,#4470,.F.);
#6405=ORIENTED_EDGE('',*,*,#4471,.F.);
#6406=ORIENTED_EDGE('',*,*,#4465,.F.);
#6407=ORIENTED_EDGE('',*,*,#4471,.T.);
#6408=ORIENTED_EDGE('',*,*,#4472,.F.);
#6409=ORIENTED_EDGE('',*,*,#4473,.F.);
#6410=ORIENTED_EDGE('',*,*,#4466,.F.);
#6411=ORIENTED_EDGE('',*,*,#4473,.T.);
#6412=ORIENTED_EDGE('',*,*,#4474,.F.);
#6413=ORIENTED_EDGE('',*,*,#4467,.T.);
#6414=ORIENTED_EDGE('',*,*,#4463,.F.);
#6415=ORIENTED_EDGE('',*,*,#4474,.T.);
#6416=ORIENTED_EDGE('',*,*,#4472,.T.);
#6417=ORIENTED_EDGE('',*,*,#4470,.T.);
#6418=ORIENTED_EDGE('',*,*,#4468,.T.);
#6419=ORIENTED_EDGE('',*,*,#4475,.T.);
#6420=ORIENTED_EDGE('',*,*,#4476,.T.);
#6421=ORIENTED_EDGE('',*,*,#4477,.T.);
#6422=ORIENTED_EDGE('',*,*,#4478,.T.);
#6423=ORIENTED_EDGE('',*,*,#4479,.F.);
#6424=ORIENTED_EDGE('',*,*,#4480,.F.);
#6425=ORIENTED_EDGE('',*,*,#4481,.F.);
#6426=ORIENTED_EDGE('',*,*,#4476,.F.);
#6427=ORIENTED_EDGE('',*,*,#4481,.T.);
#6428=ORIENTED_EDGE('',*,*,#4482,.F.);
#6429=ORIENTED_EDGE('',*,*,#4483,.F.);
#6430=ORIENTED_EDGE('',*,*,#4477,.F.);
#6431=ORIENTED_EDGE('',*,*,#4483,.T.);
#6432=ORIENTED_EDGE('',*,*,#4484,.F.);
#6433=ORIENTED_EDGE('',*,*,#4485,.F.);
#6434=ORIENTED_EDGE('',*,*,#4478,.F.);
#6435=ORIENTED_EDGE('',*,*,#4485,.T.);
#6436=ORIENTED_EDGE('',*,*,#4486,.F.);
#6437=ORIENTED_EDGE('',*,*,#4479,.T.);
#6438=ORIENTED_EDGE('',*,*,#4475,.F.);
#6439=ORIENTED_EDGE('',*,*,#4486,.T.);
#6440=ORIENTED_EDGE('',*,*,#4484,.T.);
#6441=ORIENTED_EDGE('',*,*,#4482,.T.);
#6442=ORIENTED_EDGE('',*,*,#4480,.T.);
#6443=ORIENTED_EDGE('',*,*,#4487,.T.);
#6444=ORIENTED_EDGE('',*,*,#4488,.T.);
#6445=ORIENTED_EDGE('',*,*,#4489,.T.);
#6446=ORIENTED_EDGE('',*,*,#4490,.T.);
#6447=ORIENTED_EDGE('',*,*,#4491,.F.);
#6448=ORIENTED_EDGE('',*,*,#4492,.F.);
#6449=ORIENTED_EDGE('',*,*,#4493,.F.);
#6450=ORIENTED_EDGE('',*,*,#4488,.F.);
#6451=ORIENTED_EDGE('',*,*,#4493,.T.);
#6452=ORIENTED_EDGE('',*,*,#4494,.F.);
#6453=ORIENTED_EDGE('',*,*,#4495,.F.);
#6454=ORIENTED_EDGE('',*,*,#4489,.F.);
#6455=ORIENTED_EDGE('',*,*,#4495,.T.);
#6456=ORIENTED_EDGE('',*,*,#4496,.F.);
#6457=ORIENTED_EDGE('',*,*,#4497,.F.);
#6458=ORIENTED_EDGE('',*,*,#4490,.F.);
#6459=ORIENTED_EDGE('',*,*,#4497,.T.);
#6460=ORIENTED_EDGE('',*,*,#4498,.F.);
#6461=ORIENTED_EDGE('',*,*,#4491,.T.);
#6462=ORIENTED_EDGE('',*,*,#4487,.F.);
#6463=ORIENTED_EDGE('',*,*,#4498,.T.);
#6464=ORIENTED_EDGE('',*,*,#4496,.T.);
#6465=ORIENTED_EDGE('',*,*,#4494,.T.);
#6466=ORIENTED_EDGE('',*,*,#4492,.T.);
#6467=ORIENTED_EDGE('',*,*,#4499,.T.);
#6468=ORIENTED_EDGE('',*,*,#4500,.T.);
#6469=ORIENTED_EDGE('',*,*,#4501,.T.);
#6470=ORIENTED_EDGE('',*,*,#4502,.T.);
#6471=ORIENTED_EDGE('',*,*,#4503,.F.);
#6472=ORIENTED_EDGE('',*,*,#4504,.F.);
#6473=ORIENTED_EDGE('',*,*,#4505,.F.);
#6474=ORIENTED_EDGE('',*,*,#4500,.F.);
#6475=ORIENTED_EDGE('',*,*,#4505,.T.);
#6476=ORIENTED_EDGE('',*,*,#4506,.F.);
#6477=ORIENTED_EDGE('',*,*,#4507,.F.);
#6478=ORIENTED_EDGE('',*,*,#4501,.F.);
#6479=ORIENTED_EDGE('',*,*,#4507,.T.);
#6480=ORIENTED_EDGE('',*,*,#4508,.F.);
#6481=ORIENTED_EDGE('',*,*,#4509,.F.);
#6482=ORIENTED_EDGE('',*,*,#4502,.F.);
#6483=ORIENTED_EDGE('',*,*,#4509,.T.);
#6484=ORIENTED_EDGE('',*,*,#4510,.F.);
#6485=ORIENTED_EDGE('',*,*,#4503,.T.);
#6486=ORIENTED_EDGE('',*,*,#4499,.F.);
#6487=ORIENTED_EDGE('',*,*,#4510,.T.);
#6488=ORIENTED_EDGE('',*,*,#4508,.T.);
#6489=ORIENTED_EDGE('',*,*,#4506,.T.);
#6490=ORIENTED_EDGE('',*,*,#4504,.T.);
#6491=ORIENTED_EDGE('',*,*,#4511,.T.);
#6492=ORIENTED_EDGE('',*,*,#4512,.T.);
#6493=ORIENTED_EDGE('',*,*,#4513,.T.);
#6494=ORIENTED_EDGE('',*,*,#4514,.T.);
#6495=ORIENTED_EDGE('',*,*,#4515,.F.);
#6496=ORIENTED_EDGE('',*,*,#4516,.F.);
#6497=ORIENTED_EDGE('',*,*,#4517,.F.);
#6498=ORIENTED_EDGE('',*,*,#4512,.F.);
#6499=ORIENTED_EDGE('',*,*,#4517,.T.);
#6500=ORIENTED_EDGE('',*,*,#4518,.F.);
#6501=ORIENTED_EDGE('',*,*,#4519,.F.);
#6502=ORIENTED_EDGE('',*,*,#4513,.F.);
#6503=ORIENTED_EDGE('',*,*,#4519,.T.);
#6504=ORIENTED_EDGE('',*,*,#4520,.F.);
#6505=ORIENTED_EDGE('',*,*,#4521,.F.);
#6506=ORIENTED_EDGE('',*,*,#4514,.F.);
#6507=ORIENTED_EDGE('',*,*,#4521,.T.);
#6508=ORIENTED_EDGE('',*,*,#4522,.F.);
#6509=ORIENTED_EDGE('',*,*,#4515,.T.);
#6510=ORIENTED_EDGE('',*,*,#4511,.F.);
#6511=ORIENTED_EDGE('',*,*,#4522,.T.);
#6512=ORIENTED_EDGE('',*,*,#4520,.T.);
#6513=ORIENTED_EDGE('',*,*,#4518,.T.);
#6514=ORIENTED_EDGE('',*,*,#4516,.T.);
#6515=ORIENTED_EDGE('',*,*,#4523,.T.);
#6516=ORIENTED_EDGE('',*,*,#4524,.F.);
#6517=ORIENTED_EDGE('',*,*,#4525,.T.);
#6518=ORIENTED_EDGE('',*,*,#4523,.F.);
#6519=ORIENTED_EDGE('',*,*,#4525,.F.);
#6520=ORIENTED_EDGE('',*,*,#4524,.T.);
#6521=ORIENTED_EDGE('',*,*,#4526,.T.);
#6522=ORIENTED_EDGE('',*,*,#4527,.F.);
#6523=ORIENTED_EDGE('',*,*,#4528,.T.);
#6524=ORIENTED_EDGE('',*,*,#4526,.F.);
#6525=ORIENTED_EDGE('',*,*,#4528,.F.);
#6526=ORIENTED_EDGE('',*,*,#4527,.T.);
#6527=ORIENTED_EDGE('',*,*,#4529,.T.);
#6528=ORIENTED_EDGE('',*,*,#4530,.F.);
#6529=ORIENTED_EDGE('',*,*,#4531,.T.);
#6530=ORIENTED_EDGE('',*,*,#4529,.F.);
#6531=ORIENTED_EDGE('',*,*,#4531,.F.);
#6532=ORIENTED_EDGE('',*,*,#4530,.T.);
#6533=ORIENTED_EDGE('',*,*,#4532,.T.);
#6534=ORIENTED_EDGE('',*,*,#4533,.F.);
#6535=ORIENTED_EDGE('',*,*,#4534,.T.);
#6536=ORIENTED_EDGE('',*,*,#4532,.F.);
#6537=ORIENTED_EDGE('',*,*,#4534,.F.);
#6538=ORIENTED_EDGE('',*,*,#4533,.T.);
#6539=PLANE('',#7332);
#6540=PLANE('',#7333);
#6541=PLANE('',#7334);
#6542=PLANE('',#7335);
#6543=PLANE('',#7336);
#6544=PLANE('',#7337);
#6545=PLANE('',#7338);
#6546=PLANE('',#7339);
#6547=PLANE('',#7340);
#6548=PLANE('',#7341);
#6549=PLANE('',#7342);
#6550=PLANE('',#7346);
#6551=PLANE('',#7347);
#6552=PLANE('',#7351);
#6553=PLANE('',#7352);
#6554=PLANE('',#7353);
#6555=PLANE('',#7354);
#6556=PLANE('',#7355);
#6557=PLANE('',#7356);
#6558=PLANE('',#7357);
#6559=PLANE('',#7358);
#6560=PLANE('',#7359);
#6561=PLANE('',#7360);
#6562=PLANE('',#7361);
#6563=PLANE('',#7362);
#6564=PLANE('',#7363);
#6565=PLANE('',#7364);
#6566=PLANE('',#7365);
#6567=PLANE('',#7366);
#6568=PLANE('',#7367);
#6569=PLANE('',#7368);
#6570=PLANE('',#7369);
#6571=PLANE('',#7370);
#6572=PLANE('',#7371);
#6573=PLANE('',#7372);
#6574=PLANE('',#7373);
#6575=PLANE('',#7374);
#6576=PLANE('',#7375);
#6577=PLANE('',#7376);
#6578=PLANE('',#7377);
#6579=PLANE('',#7378);
#6580=PLANE('',#7379);
#6581=PLANE('',#7380);
#6582=PLANE('',#7381);
#6583=PLANE('',#7382);
#6584=PLANE('',#7383);
#6585=PLANE('',#7384);
#6586=PLANE('',#7389);
#6587=PLANE('',#7390);
#6588=PLANE('',#7391);
#6589=PLANE('',#7394);
#6590=PLANE('',#7395);
#6591=PLANE('',#7396);
#6592=PLANE('',#7397);
#6593=PLANE('',#7398);
#6594=PLANE('',#7399);
#6595=PLANE('',#7400);
#6596=PLANE('',#7401);
#6597=PLANE('',#7402);
#6598=PLANE('',#7403);
#6599=PLANE('',#7404);
#6600=PLANE('',#7405);
#6601=PLANE('',#7406);
#6602=PLANE('',#7407);
#6603=PLANE('',#7411);
#6604=PLANE('',#7412);
#6605=PLANE('',#7417);
#6606=PLANE('',#7418);
#6607=PLANE('',#7419);
#6608=PLANE('',#7420);
#6609=PLANE('',#7421);
#6610=PLANE('',#7422);
#6611=PLANE('',#7423);
#6612=PLANE('',#7425);
#6613=PLANE('',#7429);
#6614=PLANE('',#7431);
#6615=PLANE('',#7435);
#6616=PLANE('',#7437);
#6617=PLANE('',#7438);
#6618=PLANE('',#7439);
#6619=PLANE('',#7440);
#6620=PLANE('',#7441);
#6621=PLANE('',#7442);
#6622=PLANE('',#7443);
#6623=PLANE('',#7444);
#6624=PLANE('',#7445);
#6625=PLANE('',#7446);
#6626=PLANE('',#7447);
#6627=PLANE('',#7448);
#6628=PLANE('',#7449);
#6629=PLANE('',#7450);
#6630=PLANE('',#7451);
#6631=PLANE('',#7452);
#6632=PLANE('',#7453);
#6633=PLANE('',#7454);
#6634=PLANE('',#7455);
#6635=PLANE('',#7456);
#6636=PLANE('',#7457);
#6637=PLANE('',#7458);
#6638=PLANE('',#7459);
#6639=PLANE('',#7460);
#6640=PLANE('',#7461);
#6641=PLANE('',#7462);
#6642=PLANE('',#7463);
#6643=PLANE('',#7464);
#6644=PLANE('',#7465);
#6645=PLANE('',#7466);
#6646=PLANE('',#7467);
#6647=PLANE('',#7468);
#6648=PLANE('',#7469);
#6649=PLANE('',#7470);
#6650=PLANE('',#7471);
#6651=PLANE('',#7472);
#6652=PLANE('',#7473);
#6653=PLANE('',#7474);
#6654=PLANE('',#7475);
#6655=PLANE('',#7476);
#6656=PLANE('',#7477);
#6657=PLANE('',#7478);
#6658=PLANE('',#7479);
#6659=PLANE('',#7480);
#6660=PLANE('',#7481);
#6661=PLANE('',#7482);
#6662=PLANE('',#7483);
#6663=PLANE('',#7484);
#6664=PLANE('',#7485);
#6665=PLANE('',#7486);
#6666=PLANE('',#7487);
#6667=PLANE('',#7488);
#6668=PLANE('',#7489);
#6669=PLANE('',#7490);
#6670=PLANE('',#7491);
#6671=PLANE('',#7492);
#6672=PLANE('',#7493);
#6673=PLANE('',#7494);
#6674=PLANE('',#7495);
#6675=PLANE('',#7496);
#6676=PLANE('',#7497);
#6677=PLANE('',#7498);
#6678=PLANE('',#7499);
#6679=PLANE('',#7500);
#6680=PLANE('',#7501);
#6681=PLANE('',#7502);
#6682=PLANE('',#7503);
#6683=PLANE('',#7504);
#6684=PLANE('',#7505);
#6685=PLANE('',#7506);
#6686=PLANE('',#7507);
#6687=PLANE('',#7508);
#6688=PLANE('',#7509);
#6689=PLANE('',#7510);
#6690=PLANE('',#7511);
#6691=PLANE('',#7512);
#6692=PLANE('',#7513);
#6693=PLANE('',#7514);
#6694=PLANE('',#7515);
#6695=PLANE('',#7516);
#6696=PLANE('',#7517);
#6697=PLANE('',#7518);
#6698=PLANE('',#7519);
#6699=PLANE('',#7520);
#6700=PLANE('',#7521);
#6701=PLANE('',#7522);
#6702=PLANE('',#7523);
#6703=PLANE('',#7524);
#6704=PLANE('',#7525);
#6705=PLANE('',#7526);
#6706=PLANE('',#7527);
#6707=PLANE('',#7528);
#6708=PLANE('',#7529);
#6709=PLANE('',#7530);
#6710=PLANE('',#7531);
#6711=PLANE('',#7532);
#6712=PLANE('',#7533);
#6713=PLANE('',#7534);
#6714=PLANE('',#7535);
#6715=PLANE('',#7536);
#6716=PLANE('',#7537);
#6717=PLANE('',#7538);
#6718=PLANE('',#7539);
#6719=PLANE('',#7540);
#6720=PLANE('',#7541);
#6721=PLANE('',#7542);
#6722=PLANE('',#7543);
#6723=PLANE('',#7544);
#6724=PLANE('',#7545);
#6725=PLANE('',#7546);
#6726=PLANE('',#7547);
#6727=PLANE('',#7548);
#6728=PLANE('',#7549);
#6729=PLANE('',#7550);
#6730=PLANE('',#7551);
#6731=PLANE('',#7552);
#6732=PLANE('',#7553);
#6733=PLANE('',#7554);
#6734=PLANE('',#7555);
#6735=PLANE('',#7556);
#6736=PLANE('',#7557);
#6737=PLANE('',#7558);
#6738=PLANE('',#7559);
#6739=PLANE('',#7560);
#6740=PLANE('',#7561);
#6741=PLANE('',#7562);
#6742=PLANE('',#7563);
#6743=PLANE('',#7564);
#6744=PLANE('',#7565);
#6745=PLANE('',#7566);
#6746=PLANE('',#7567);
#6747=PLANE('',#7568);
#6748=PLANE('',#7569);
#6749=PLANE('',#7570);
#6750=PLANE('',#7571);
#6751=PLANE('',#7572);
#6752=PLANE('',#7573);
#6753=PLANE('',#7574);
#6754=PLANE('',#7575);
#6755=PLANE('',#7576);
#6756=PLANE('',#7577);
#6757=PLANE('',#7578);
#6758=PLANE('',#7579);
#6759=PLANE('',#7580);
#6760=PLANE('',#7581);
#6761=PLANE('',#7582);
#6762=PLANE('',#7583);
#6763=PLANE('',#7584);
#6764=PLANE('',#7585);
#6765=PLANE('',#7586);
#6766=PLANE('',#7587);
#6767=PLANE('',#7588);
#6768=PLANE('',#7589);
#6769=PLANE('',#7590);
#6770=PLANE('',#7591);
#6771=PLANE('',#7592);
#6772=PLANE('',#7593);
#6773=PLANE('',#7594);
#6774=PLANE('',#7595);
#6775=PLANE('',#7596);
#6776=PLANE('',#7597);
#6777=PLANE('',#7598);
#6778=PLANE('',#7599);
#6779=PLANE('',#7600);
#6780=PLANE('',#7601);
#6781=PLANE('',#7602);
#6782=PLANE('',#7603);
#6783=PLANE('',#7604);
#6784=PLANE('',#7605);
#6785=PLANE('',#7606);
#6786=PLANE('',#7607);
#6787=PLANE('',#7608);
#6788=PLANE('',#7609);
#6789=PLANE('',#7610);
#6790=PLANE('',#7611);
#6791=PLANE('',#7612);
#6792=PLANE('',#7613);
#6793=PLANE('',#7614);
#6794=PLANE('',#7615);
#6795=PLANE('',#7616);
#6796=PLANE('',#7617);
#6797=PLANE('',#7618);
#6798=PLANE('',#7619);
#6799=PLANE('',#7620);
#6800=PLANE('',#7621);
#6801=PLANE('',#7622);
#6802=PLANE('',#7623);
#6803=PLANE('',#7624);
#6804=PLANE('',#7625);
#6805=PLANE('',#7626);
#6806=PLANE('',#7627);
#6807=PLANE('',#7628);
#6808=PLANE('',#7629);
#6809=PLANE('',#7630);
#6810=PLANE('',#7631);
#6811=PLANE('',#7632);
#6812=PLANE('',#7633);
#6813=PLANE('',#7634);
#6814=PLANE('',#7635);
#6815=PLANE('',#7636);
#6816=PLANE('',#7637);
#6817=PLANE('',#7638);
#6818=PLANE('',#7639);
#6819=PLANE('',#7640);
#6820=PLANE('',#7641);
#6821=PLANE('',#7645);
#6822=PLANE('',#7646);
#6823=PLANE('',#7650);
#6824=PLANE('',#7651);
#6825=PLANE('',#7652);
#6826=PLANE('',#7653);
#6827=PLANE('',#7654);
#6828=PLANE('',#7655);
#6829=PLANE('',#7656);
#6830=PLANE('',#7657);
#6831=PLANE('',#7658);
#6832=PLANE('',#7659);
#6833=PLANE('',#7660);
#6834=PLANE('',#7661);
#6835=PLANE('',#7662);
#6836=PLANE('',#7663);
#6837=PLANE('',#7664);
#6838=PLANE('',#7665);
#6839=PLANE('',#7666);
#6840=PLANE('',#7667);
#6841=PLANE('',#7668);
#6842=PLANE('',#7669);
#6843=PLANE('',#7670);
#6844=PLANE('',#7671);
#6845=PLANE('',#7672);
#6846=PLANE('',#7673);
#6847=PLANE('',#7674);
#6848=PLANE('',#7675);
#6849=PLANE('',#7676);
#6850=PLANE('',#7677);
#6851=PLANE('',#7678);
#6852=PLANE('',#7679);
#6853=PLANE('',#7680);
#6854=PLANE('',#7681);
#6855=PLANE('',#7682);
#6856=PLANE('',#7683);
#6857=PLANE('',#7684);
#6858=PLANE('',#7685);
#6859=PLANE('',#7686);
#6860=PLANE('',#7687);
#6861=PLANE('',#7688);
#6862=PLANE('',#7689);
#6863=PLANE('',#7690);
#6864=PLANE('',#7691);
#6865=PLANE('',#7692);
#6866=PLANE('',#7693);
#6867=PLANE('',#7694);
#6868=PLANE('',#7695);
#6869=PLANE('',#7696);
#6870=PLANE('',#7697);
#6871=PLANE('',#7698);
#6872=PLANE('',#7699);
#6873=PLANE('',#7700);
#6874=PLANE('',#7701);
#6875=PLANE('',#7702);
#6876=PLANE('',#7703);
#6877=PLANE('',#7704);
#6878=PLANE('',#7705);
#6879=PLANE('',#7706);
#6880=PLANE('',#7707);
#6881=PLANE('',#7708);
#6882=PLANE('',#7709);
#6883=PLANE('',#7710);
#6884=PLANE('',#7711);
#6885=PLANE('',#7715);
#6886=PLANE('',#7716);
#6887=PLANE('',#7720);
#6888=PLANE('',#7721);
#6889=PLANE('',#7725);
#6890=PLANE('',#7726);
#6891=PLANE('',#7730);
#6892=ADVANCED_FACE('',(#425),#6539,.F.);
#6893=ADVANCED_FACE('',(#426),#6540,.F.);
#6894=ADVANCED_FACE('',(#427),#6541,.F.);
#6895=ADVANCED_FACE('',(#428,#410),#6542,.F.);
#6896=ADVANCED_FACE('',(#429),#6543,.F.);
#6897=ADVANCED_FACE('',(#430),#6544,.F.);
#6898=ADVANCED_FACE('',(#431),#6545,.T.);
#6899=ADVANCED_FACE('',(#432),#6546,.T.);
#6900=ADVANCED_FACE('',(#433),#6547,.T.);
#6901=ADVANCED_FACE('',(#434),#6548,.T.);
#6902=ADVANCED_FACE('',(#435),#6549,.T.);
#6903=ADVANCED_FACE('',(#436),#390,.T.);
#6904=ADVANCED_FACE('',(#437),#6550,.F.);
#6905=ADVANCED_FACE('',(#438),#6551,.T.);
#6906=ADVANCED_FACE('',(#439),#174,.T.);
#6907=ADVANCED_FACE('',(#440),#391,.T.);
#6908=ADVANCED_FACE('',(#441),#6552,.F.);
#6909=ADVANCED_FACE('',(#442),#6553,.T.);
#6910=ADVANCED_FACE('',(#443),#175,.T.);
#6911=ADVANCED_FACE('',(#444),#6554,.T.);
#6912=ADVANCED_FACE('',(#445),#6555,.T.);
#6913=ADVANCED_FACE('',(#446),#6556,.T.);
#6914=ADVANCED_FACE('',(#447),#6557,.T.);
#6915=ADVANCED_FACE('',(#448),#6558,.T.);
#6916=ADVANCED_FACE('',(#449),#6559,.F.);
#6917=ADVANCED_FACE('',(#450),#6560,.T.);
#6918=ADVANCED_FACE('',(#451),#6561,.T.);
#6919=ADVANCED_FACE('',(#452),#6562,.T.);
#6920=ADVANCED_FACE('',(#453),#6563,.T.);
#6921=ADVANCED_FACE('',(#454),#6564,.T.);
#6922=ADVANCED_FACE('',(#455),#6565,.T.);
#6923=ADVANCED_FACE('',(#456),#6566,.T.);
#6924=ADVANCED_FACE('',(#457),#6567,.T.);
#6925=ADVANCED_FACE('',(#458),#6568,.T.);
#6926=ADVANCED_FACE('',(#459),#6569,.T.);
#6927=ADVANCED_FACE('',(#460),#6570,.T.);
#6928=ADVANCED_FACE('',(#461),#6571,.F.);
#6929=ADVANCED_FACE('',(#462),#6572,.T.);
#6930=ADVANCED_FACE('',(#463),#6573,.T.);
#6931=ADVANCED_FACE('',(#464),#6574,.T.);
#6932=ADVANCED_FACE('',(#465),#6575,.T.);
#6933=ADVANCED_FACE('',(#466),#6576,.T.);
#6934=ADVANCED_FACE('',(#467),#6577,.T.);
#6935=ADVANCED_FACE('',(#468),#6578,.T.);
#6936=ADVANCED_FACE('',(#469),#6579,.T.);
#6937=ADVANCED_FACE('',(#470),#6580,.T.);
#6938=ADVANCED_FACE('',(#471),#6581,.T.);
#6939=ADVANCED_FACE('',(#472),#6582,.T.);
#6940=ADVANCED_FACE('',(#473),#6583,.T.);
#6941=ADVANCED_FACE('',(#474),#6584,.T.);
#6942=ADVANCED_FACE('',(#475),#176,.F.);
#6943=ADVANCED_FACE('',(#476),#6585,.T.);
#6944=ADVANCED_FACE('',(#477),#392,.F.);
#6945=ADVANCED_FACE('',(#478),#6586,.T.);
#6946=ADVANCED_FACE('',(#479),#6587,.T.);
#6947=ADVANCED_FACE('',(#480),#6588,.F.);
#6948=ADVANCED_FACE('',(#481),#393,.F.);
#6949=ADVANCED_FACE('',(#482),#6589,.T.);
#6950=ADVANCED_FACE('',(#483),#6590,.T.);
#6951=ADVANCED_FACE('',(#484),#6591,.T.);
#6952=ADVANCED_FACE('',(#485),#6592,.T.);
#6953=ADVANCED_FACE('',(#486),#6593,.T.);
#6954=ADVANCED_FACE('',(#487),#6594,.T.);
#6955=ADVANCED_FACE('',(#488),#177,.T.);
#6956=ADVANCED_FACE('',(#489),#6595,.T.);
#6957=ADVANCED_FACE('',(#490),#6596,.T.);
#6958=ADVANCED_FACE('',(#491),#6597,.T.);
#6959=ADVANCED_FACE('',(#492),#6598,.T.);
#6960=ADVANCED_FACE('',(#493),#6599,.T.);
#6961=ADVANCED_FACE('',(#494),#6600,.T.);
#6962=ADVANCED_FACE('',(#495),#6601,.T.);
#6963=ADVANCED_FACE('',(#496),#6602,.T.);
#6964=ADVANCED_FACE('',(#497),#178,.F.);
#6965=ADVANCED_FACE('',(#498),#394,.F.);
#6966=ADVANCED_FACE('',(#499),#6603,.T.);
#6967=ADVANCED_FACE('',(#500),#6604,.T.);
#6968=ADVANCED_FACE('',(#501),#395,.F.);
#6969=ADVANCED_FACE('',(#502),#396,.F.);
#6970=ADVANCED_FACE('',(#503),#6605,.T.);
#6971=ADVANCED_FACE('',(#504),#6606,.T.);
#6972=ADVANCED_FACE('',(#505),#6607,.T.);
#6973=ADVANCED_FACE('',(#506),#6608,.T.);
#6974=ADVANCED_FACE('',(#507),#6609,.T.);
#6975=ADVANCED_FACE('',(#508),#6610,.T.);
#6976=ADVANCED_FACE('',(#509),#179,.F.);
#6977=ADVANCED_FACE('',(#510),#6611,.F.);
#6978=ADVANCED_FACE('',(#511),#180,.T.);
#6979=ADVANCED_FACE('',(#512),#397,.F.);
#6980=ADVANCED_FACE('',(#513),#181,.T.);
#6981=ADVANCED_FACE('',(#514),#6612,.T.);
#6982=ADVANCED_FACE('',(#515),#398,.T.);
#6983=ADVANCED_FACE('',(#516),#6613,.F.);
#6984=ADVANCED_FACE('',(#517),#399,.T.);
#6985=ADVANCED_FACE('',(#518),#182,.T.);
#6986=ADVANCED_FACE('',(#519),#6614,.T.);
#6987=ADVANCED_FACE('',(#520),#400,.T.);
#6988=ADVANCED_FACE('',(#521),#6615,.F.);
#6989=ADVANCED_FACE('',(#522),#401,.T.);
#6990=ADVANCED_FACE('',(#523),#183,.F.);
#6991=ADVANCED_FACE('',(#524),#184,.T.);
#6992=ADVANCED_FACE('',(#525),#6616,.T.);
#6993=ADVANCED_FACE('',(#526),#6617,.T.);
#6994=ADVANCED_FACE('',(#527),#6618,.T.);
#6995=ADVANCED_FACE('',(#528,#411),#6619,.T.);
#6996=ADVANCED_FACE('',(#529),#6620,.T.);
#6997=ADVANCED_FACE('',(#530),#6621,.T.);
#6998=ADVANCED_FACE('',(#531),#6622,.T.);
#6999=ADVANCED_FACE('',(#532,#412,#413),#6623,.T.);
#7000=ADVANCED_FACE('',(#533),#6624,.T.);
#7001=ADVANCED_FACE('',(#534),#6625,.T.);
#7002=ADVANCED_FACE('',(#535,#414),#6626,.T.);
#7003=ADVANCED_FACE('',(#536),#6627,.T.);
#7004=ADVANCED_FACE('',(#537),#6628,.T.);
#7005=ADVANCED_FACE('',(#538),#6629,.T.);
#7006=ADVANCED_FACE('',(#539,#415),#6630,.T.);
#7007=ADVANCED_FACE('',(#540),#6631,.T.);
#7008=ADVANCED_FACE('',(#541),#6632,.T.);
#7009=ADVANCED_FACE('',(#542),#6633,.T.);
#7010=ADVANCED_FACE('',(#543),#6634,.T.);
#7011=ADVANCED_FACE('',(#544),#6635,.T.);
#7012=ADVANCED_FACE('',(#545),#6636,.T.);
#7013=ADVANCED_FACE('',(#546),#6637,.T.);
#7014=ADVANCED_FACE('',(#547),#6638,.T.);
#7015=ADVANCED_FACE('',(#548),#6639,.T.);
#7016=ADVANCED_FACE('',(#549,#416),#6640,.T.);
#7017=ADVANCED_FACE('',(#550),#6641,.F.);
#7018=ADVANCED_FACE('',(#551),#6642,.F.);
#7019=ADVANCED_FACE('',(#552),#6643,.F.);
#7020=ADVANCED_FACE('',(#553),#6644,.F.);
#7021=ADVANCED_FACE('',(#554),#6645,.F.);
#7022=ADVANCED_FACE('',(#555),#6646,.F.);
#7023=ADVANCED_FACE('',(#556),#6647,.F.);
#7024=ADVANCED_FACE('',(#557),#6648,.F.);
#7025=ADVANCED_FACE('',(#558,#417,#418),#6649,.T.);
#7026=ADVANCED_FACE('',(#559),#6650,.T.);
#7027=ADVANCED_FACE('',(#560),#6651,.T.);
#7028=ADVANCED_FACE('',(#561),#6652,.T.);
#7029=ADVANCED_FACE('',(#562),#6653,.T.);
#7030=ADVANCED_FACE('',(#563),#6654,.T.);
#7031=ADVANCED_FACE('',(#564),#6655,.T.);
#7032=ADVANCED_FACE('',(#565),#6656,.T.);
#7033=ADVANCED_FACE('',(#566),#6657,.T.);
#7034=ADVANCED_FACE('',(#567),#6658,.T.);
#7035=ADVANCED_FACE('',(#568),#6659,.T.);
#7036=ADVANCED_FACE('',(#569),#6660,.T.);
#7037=ADVANCED_FACE('',(#570),#6661,.T.);
#7038=ADVANCED_FACE('',(#571),#185,.T.);
#7039=ADVANCED_FACE('',(#572),#6662,.T.);
#7040=ADVANCED_FACE('',(#573),#6663,.T.);
#7041=ADVANCED_FACE('',(#574),#6664,.T.);
#7042=ADVANCED_FACE('',(#575),#6665,.T.);
#7043=ADVANCED_FACE('',(#576),#6666,.T.);
#7044=ADVANCED_FACE('',(#577),#6667,.T.);
#7045=ADVANCED_FACE('',(#578),#186,.F.);
#7046=ADVANCED_FACE('',(#579),#6668,.T.);
#7047=ADVANCED_FACE('',(#580),#6669,.T.);
#7048=ADVANCED_FACE('',(#581),#6670,.T.);
#7049=ADVANCED_FACE('',(#582),#6671,.T.);
#7050=ADVANCED_FACE('',(#583),#6672,.T.);
#7051=ADVANCED_FACE('',(#584),#6673,.T.);
#7052=ADVANCED_FACE('',(#585),#6674,.T.);
#7053=ADVANCED_FACE('',(#586),#187,.F.);
#7054=ADVANCED_FACE('',(#587),#188,.T.);
#7055=ADVANCED_FACE('',(#588),#6675,.T.);
#7056=ADVANCED_FACE('',(#589),#6676,.T.);
#7057=ADVANCED_FACE('',(#590),#6677,.T.);
#7058=ADVANCED_FACE('',(#591),#6678,.T.);
#7059=ADVANCED_FACE('',(#592),#6679,.T.);
#7060=ADVANCED_FACE('',(#593),#189,.T.);
#7061=ADVANCED_FACE('',(#594),#190,.F.);
#7062=ADVANCED_FACE('',(#595),#6680,.T.);
#7063=ADVANCED_FACE('',(#596),#6681,.T.);
#7064=ADVANCED_FACE('',(#597),#6682,.T.);
#7065=ADVANCED_FACE('',(#598),#191,.F.);
#7066=ADVANCED_FACE('',(#599),#6683,.T.);
#7067=ADVANCED_FACE('',(#600),#6684,.T.);
#7068=ADVANCED_FACE('',(#601),#6685,.T.);
#7069=ADVANCED_FACE('',(#602),#6686,.T.);
#7070=ADVANCED_FACE('',(#603),#6687,.T.);
#7071=ADVANCED_FACE('',(#604),#6688,.T.);
#7072=ADVANCED_FACE('',(#605),#6689,.T.);
#7073=ADVANCED_FACE('',(#606),#6690,.T.);
#7074=ADVANCED_FACE('',(#607),#6691,.T.);
#7075=ADVANCED_FACE('',(#608),#6692,.T.);
#7076=ADVANCED_FACE('',(#609),#6693,.T.);
#7077=ADVANCED_FACE('',(#610),#6694,.T.);
#7078=ADVANCED_FACE('',(#611),#6695,.T.);
#7079=ADVANCED_FACE('',(#612),#6696,.T.);
#7080=ADVANCED_FACE('',(#613),#6697,.T.);
#7081=ADVANCED_FACE('',(#614),#6698,.T.);
#7082=ADVANCED_FACE('',(#615),#6699,.T.);
#7083=ADVANCED_FACE('',(#616),#6700,.T.);
#7084=ADVANCED_FACE('',(#617),#6701,.T.);
#7085=ADVANCED_FACE('',(#618),#6702,.F.);
#7086=ADVANCED_FACE('',(#619),#6703,.T.);
#7087=ADVANCED_FACE('',(#620),#6704,.T.);
#7088=ADVANCED_FACE('',(#621),#6705,.T.);
#7089=ADVANCED_FACE('',(#622),#6706,.T.);
#7090=ADVANCED_FACE('',(#623),#6707,.T.);
#7091=ADVANCED_FACE('',(#624),#6708,.F.);
#7092=ADVANCED_FACE('',(#625),#6709,.F.);
#7093=ADVANCED_FACE('',(#626),#6710,.F.);
#7094=ADVANCED_FACE('',(#627),#6711,.F.);
#7095=ADVANCED_FACE('',(#628),#6712,.F.);
#7096=ADVANCED_FACE('',(#629),#6713,.F.);
#7097=ADVANCED_FACE('',(#630),#6714,.F.);
#7098=ADVANCED_FACE('',(#631),#6715,.F.);
#7099=ADVANCED_FACE('',(#632),#6716,.F.);
#7100=ADVANCED_FACE('',(#633),#6717,.F.);
#7101=ADVANCED_FACE('',(#634),#6718,.F.);
#7102=ADVANCED_FACE('',(#635),#6719,.F.);
#7103=ADVANCED_FACE('',(#636),#6720,.F.);
#7104=ADVANCED_FACE('',(#637),#6721,.F.);
#7105=ADVANCED_FACE('',(#638),#6722,.F.);
#7106=ADVANCED_FACE('',(#639),#6723,.F.);
#7107=ADVANCED_FACE('',(#640),#6724,.F.);
#7108=ADVANCED_FACE('',(#641),#6725,.F.);
#7109=ADVANCED_FACE('',(#642),#6726,.F.);
#7110=ADVANCED_FACE('',(#643),#6727,.F.);
#7111=ADVANCED_FACE('',(#644),#6728,.F.);
#7112=ADVANCED_FACE('',(#645),#6729,.F.);
#7113=ADVANCED_FACE('',(#646),#6730,.F.);
#7114=ADVANCED_FACE('',(#647),#6731,.F.);
#7115=ADVANCED_FACE('',(#648),#6732,.F.);
#7116=ADVANCED_FACE('',(#649),#6733,.F.);
#7117=ADVANCED_FACE('',(#650),#6734,.F.);
#7118=ADVANCED_FACE('',(#651),#6735,.F.);
#7119=ADVANCED_FACE('',(#652),#6736,.F.);
#7120=ADVANCED_FACE('',(#653),#6737,.F.);
#7121=ADVANCED_FACE('',(#654),#6738,.F.);
#7122=ADVANCED_FACE('',(#655),#6739,.F.);
#7123=ADVANCED_FACE('',(#656),#6740,.F.);
#7124=ADVANCED_FACE('',(#657),#6741,.T.);
#7125=ADVANCED_FACE('',(#658),#192,.F.);
#7126=ADVANCED_FACE('',(#659),#6742,.F.);
#7127=ADVANCED_FACE('',(#660),#6743,.T.);
#7128=ADVANCED_FACE('',(#661),#6744,.F.);
#7129=ADVANCED_FACE('',(#662),#6745,.F.);
#7130=ADVANCED_FACE('',(#663),#6746,.F.);
#7131=ADVANCED_FACE('',(#664),#6747,.T.);
#7132=ADVANCED_FACE('',(#665),#6748,.F.);
#7133=ADVANCED_FACE('',(#666),#6749,.F.);
#7134=ADVANCED_FACE('',(#667),#6750,.F.);
#7135=ADVANCED_FACE('',(#668),#6751,.F.);
#7136=ADVANCED_FACE('',(#669),#6752,.F.);
#7137=ADVANCED_FACE('',(#670,#419,#420),#6753,.F.);
#7138=ADVANCED_FACE('',(#671),#193,.F.);
#7139=ADVANCED_FACE('',(#672,#421),#194,.F.);
#7140=ADVANCED_FACE('',(#673),#195,.F.);
#7141=ADVANCED_FACE('',(#674,#422),#196,.F.);
#7142=ADVANCED_FACE('',(#675),#197,.F.);
#7143=ADVANCED_FACE('',(#676),#6754,.T.);
#7144=ADVANCED_FACE('',(#677),#198,.T.);
#7145=ADVANCED_FACE('',(#678),#199,.T.);
#7146=ADVANCED_FACE('',(#679,#423),#200,.T.);
#7147=ADVANCED_FACE('',(#680),#201,.T.);
#7148=ADVANCED_FACE('',(#681),#202,.T.);
#7149=ADVANCED_FACE('',(#682),#6755,.F.);
#7150=ADVANCED_FACE('',(#683),#6756,.F.);
#7151=ADVANCED_FACE('',(#684,#424),#6757,.F.);
#7152=ADVANCED_FACE('',(#685),#6758,.F.);
#7153=ADVANCED_FACE('',(#686),#6759,.F.);
#7154=ADVANCED_FACE('',(#687),#6760,.F.);
#7155=ADVANCED_FACE('',(#688),#6761,.T.);
#7156=ADVANCED_FACE('',(#689),#6762,.T.);
#7157=ADVANCED_FACE('',(#690),#6763,.T.);
#7158=ADVANCED_FACE('',(#691),#6764,.T.);
#7159=ADVANCED_FACE('',(#692),#6765,.T.);
#7160=ADVANCED_FACE('',(#693),#6766,.T.);
#7161=ADVANCED_FACE('',(#694),#6767,.T.);
#7162=ADVANCED_FACE('',(#695),#6768,.T.);
#7163=ADVANCED_FACE('',(#696),#6769,.T.);
#7164=ADVANCED_FACE('',(#697),#6770,.T.);
#7165=ADVANCED_FACE('',(#698),#6771,.T.);
#7166=ADVANCED_FACE('',(#699),#6772,.T.);
#7167=ADVANCED_FACE('',(#700),#6773,.F.);
#7168=ADVANCED_FACE('',(#701),#6774,.T.);
#7169=ADVANCED_FACE('',(#702),#6775,.T.);
#7170=ADVANCED_FACE('',(#703),#6776,.T.);
#7171=ADVANCED_FACE('',(#704),#6777,.T.);
#7172=ADVANCED_FACE('',(#705),#6778,.T.);
#7173=ADVANCED_FACE('',(#706),#6779,.F.);
#7174=ADVANCED_FACE('',(#707),#6780,.T.);
#7175=ADVANCED_FACE('',(#708),#6781,.T.);
#7176=ADVANCED_FACE('',(#709),#6782,.T.);
#7177=ADVANCED_FACE('',(#710),#6783,.T.);
#7178=ADVANCED_FACE('',(#711),#6784,.T.);
#7179=ADVANCED_FACE('',(#712),#6785,.F.);
#7180=ADVANCED_FACE('',(#713),#6786,.T.);
#7181=ADVANCED_FACE('',(#714),#6787,.T.);
#7182=ADVANCED_FACE('',(#715),#6788,.T.);
#7183=ADVANCED_FACE('',(#716),#6789,.T.);
#7184=ADVANCED_FACE('',(#717),#6790,.T.);
#7185=ADVANCED_FACE('',(#718),#6791,.F.);
#7186=ADVANCED_FACE('',(#719),#6792,.T.);
#7187=ADVANCED_FACE('',(#720),#6793,.T.);
#7188=ADVANCED_FACE('',(#721),#6794,.T.);
#7189=ADVANCED_FACE('',(#722),#6795,.T.);
#7190=ADVANCED_FACE('',(#723),#6796,.T.);
#7191=ADVANCED_FACE('',(#724),#6797,.F.);
#7192=ADVANCED_FACE('',(#725),#6798,.T.);
#7193=ADVANCED_FACE('',(#726),#6799,.T.);
#7194=ADVANCED_FACE('',(#727),#6800,.T.);
#7195=ADVANCED_FACE('',(#728),#6801,.T.);
#7196=ADVANCED_FACE('',(#729),#6802,.T.);
#7197=ADVANCED_FACE('',(#730),#6803,.T.);
#7198=ADVANCED_FACE('',(#731),#6804,.T.);
#7199=ADVANCED_FACE('',(#732),#6805,.T.);
#7200=ADVANCED_FACE('',(#733),#6806,.T.);
#7201=ADVANCED_FACE('',(#734),#6807,.T.);
#7202=ADVANCED_FACE('',(#735),#6808,.F.);
#7203=ADVANCED_FACE('',(#736),#6809,.T.);
#7204=ADVANCED_FACE('',(#737),#6810,.T.);
#7205=ADVANCED_FACE('',(#738),#6811,.T.);
#7206=ADVANCED_FACE('',(#739),#6812,.T.);
#7207=ADVANCED_FACE('',(#740),#6813,.T.);
#7208=ADVANCED_FACE('',(#741),#6814,.T.);
#7209=ADVANCED_FACE('',(#742),#6815,.T.);
#7210=ADVANCED_FACE('',(#743),#6816,.T.);
#7211=ADVANCED_FACE('',(#744),#6817,.T.);
#7212=ADVANCED_FACE('',(#745),#6818,.T.);
#7213=ADVANCED_FACE('',(#746),#6819,.F.);
#7214=ADVANCED_FACE('',(#747),#6820,.F.);
#7215=ADVANCED_FACE('',(#748),#402,.T.);
#7216=ADVANCED_FACE('',(#749),#6821,.T.);
#7217=ADVANCED_FACE('',(#750),#6822,.F.);
#7218=ADVANCED_FACE('',(#751),#403,.T.);
#7219=ADVANCED_FACE('',(#752),#6823,.T.);
#7220=ADVANCED_FACE('',(#753),#6824,.T.);
#7221=ADVANCED_FACE('',(#754),#6825,.T.);
#7222=ADVANCED_FACE('',(#755),#6826,.T.);
#7223=ADVANCED_FACE('',(#756),#6827,.T.);
#7224=ADVANCED_FACE('',(#757),#6828,.T.);
#7225=ADVANCED_FACE('',(#758),#6829,.T.);
#7226=ADVANCED_FACE('',(#759),#6830,.T.);
#7227=ADVANCED_FACE('',(#760),#6831,.T.);
#7228=ADVANCED_FACE('',(#761),#6832,.T.);
#7229=ADVANCED_FACE('',(#762),#6833,.T.);
#7230=ADVANCED_FACE('',(#763),#6834,.T.);
#7231=ADVANCED_FACE('',(#764),#6835,.T.);
#7232=ADVANCED_FACE('',(#765),#6836,.T.);
#7233=ADVANCED_FACE('',(#766),#6837,.T.);
#7234=ADVANCED_FACE('',(#767),#6838,.T.);
#7235=ADVANCED_FACE('',(#768),#6839,.T.);
#7236=ADVANCED_FACE('',(#769),#6840,.T.);
#7237=ADVANCED_FACE('',(#770),#6841,.T.);
#7238=ADVANCED_FACE('',(#771),#6842,.T.);
#7239=ADVANCED_FACE('',(#772),#6843,.T.);
#7240=ADVANCED_FACE('',(#773),#6844,.T.);
#7241=ADVANCED_FACE('',(#774),#6845,.T.);
#7242=ADVANCED_FACE('',(#775),#6846,.T.);
#7243=ADVANCED_FACE('',(#776),#6847,.T.);
#7244=ADVANCED_FACE('',(#777),#6848,.T.);
#7245=ADVANCED_FACE('',(#778),#6849,.T.);
#7246=ADVANCED_FACE('',(#779),#6850,.T.);
#7247=ADVANCED_FACE('',(#780),#6851,.T.);
#7248=ADVANCED_FACE('',(#781),#6852,.T.);
#7249=ADVANCED_FACE('',(#782),#6853,.T.);
#7250=ADVANCED_FACE('',(#783),#6854,.T.);
#7251=ADVANCED_FACE('',(#784),#6855,.T.);
#7252=ADVANCED_FACE('',(#785),#6856,.T.);
#7253=ADVANCED_FACE('',(#786),#6857,.T.);
#7254=ADVANCED_FACE('',(#787),#6858,.T.);
#7255=ADVANCED_FACE('',(#788),#6859,.T.);
#7256=ADVANCED_FACE('',(#789),#6860,.T.);
#7257=ADVANCED_FACE('',(#790),#6861,.T.);
#7258=ADVANCED_FACE('',(#791),#6862,.T.);
#7259=ADVANCED_FACE('',(#792),#6863,.T.);
#7260=ADVANCED_FACE('',(#793),#6864,.T.);
#7261=ADVANCED_FACE('',(#794),#6865,.T.);
#7262=ADVANCED_FACE('',(#795),#6866,.T.);
#7263=ADVANCED_FACE('',(#796),#6867,.T.);
#7264=ADVANCED_FACE('',(#797),#6868,.T.);
#7265=ADVANCED_FACE('',(#798),#6869,.T.);
#7266=ADVANCED_FACE('',(#799),#6870,.T.);
#7267=ADVANCED_FACE('',(#800),#6871,.T.);
#7268=ADVANCED_FACE('',(#801),#6872,.T.);
#7269=ADVANCED_FACE('',(#802),#6873,.T.);
#7270=ADVANCED_FACE('',(#803),#6874,.T.);
#7271=ADVANCED_FACE('',(#804),#6875,.T.);
#7272=ADVANCED_FACE('',(#805),#6876,.T.);
#7273=ADVANCED_FACE('',(#806),#6877,.T.);
#7274=ADVANCED_FACE('',(#807),#6878,.T.);
#7275=ADVANCED_FACE('',(#808),#6879,.T.);
#7276=ADVANCED_FACE('',(#809),#6880,.T.);
#7277=ADVANCED_FACE('',(#810),#6881,.T.);
#7278=ADVANCED_FACE('',(#811),#6882,.T.);
#7279=ADVANCED_FACE('',(#812),#6883,.T.);
#7280=ADVANCED_FACE('',(#813),#6884,.F.);
#7281=ADVANCED_FACE('',(#814),#404,.T.);
#7282=ADVANCED_FACE('',(#815),#6885,.T.);
#7283=ADVANCED_FACE('',(#816),#6886,.F.);
#7284=ADVANCED_FACE('',(#817),#405,.T.);
#7285=ADVANCED_FACE('',(#818),#6887,.T.);
#7286=ADVANCED_FACE('',(#819),#6888,.F.);
#7287=ADVANCED_FACE('',(#820),#406,.T.);
#7288=ADVANCED_FACE('',(#821),#6889,.T.);
#7289=ADVANCED_FACE('',(#822),#6890,.F.);
#7290=ADVANCED_FACE('',(#823),#407,.T.);
#7291=ADVANCED_FACE('',(#824),#6891,.T.);
#7292=CLOSED_SHELL('',(#6892,#6893,#6894,#6895,#6896,#6897,#6898,#6899,
#6900,#6901,#6902));
#7293=CLOSED_SHELL('',(#6903,#6904,#6905,#6906,#6907,#6908,#6909,#6910,
#6911,#6912,#6913,#6914,#6915,#6916,#6917,#6918,#6919,#6920,#6921,#6922,
#6923,#6924,#6925,#6926,#6927,#6928,#6929,#6930,#6931,#6932,#6933,#6934,
#6935,#6936,#6937,#6938,#6939,#6940,#6941,#6942,#6943,#6944,#6945,#6946,
#6947,#6948,#6949,#6950,#6951,#6952,#6953,#6954,#6955,#6956,#6957,#6958,
#6959,#6960,#6961,#6962,#6963,#6964,#6965,#6966,#6967,#6968,#6969,#6970,
#6971,#6972,#6973,#6974,#6975,#6976,#6977,#6978,#6979,#6980,#6981,#6982,
#6983,#6984,#6985,#6986,#6987,#6988,#6989,#6990,#6991,#6992,#6993,#6994,
#6995,#6996,#6997,#6998,#6999,#7000,#7001,#7002,#7003,#7004,#7005,#7006,
#7007,#7008,#7009,#7010,#7011,#7012,#7013,#7014,#7015,#7016,#7017,#7018,
#7019,#7020,#7021,#7022,#7023,#7024,#7025,#7026,#7027,#7028,#7029,#7030,
#7031,#7032,#7033,#7034,#7035,#7036,#7037,#7038,#7039,#7040,#7041,#7042,
#7043,#7044,#7045,#7046,#7047,#7048,#7049,#7050,#7051,#7052,#7053,#7054,
#7055,#7056,#7057,#7058,#7059,#7060,#7061,#7062,#7063,#7064,#7065,#7066,
#7067,#7068,#7069,#7070,#7071,#7072,#7073,#7074,#7075,#7076,#7077,#7078,
#7079,#7080,#7081,#7082,#7083,#7084,#7085,#7086,#7087,#7088,#7089,#7090,
#7091,#7092,#7093,#7094,#7095,#7096,#7097,#7098,#7099,#7100,#7101,#7102,
#7103,#7104,#7105,#7106,#7107,#7108,#7109,#7110,#7111,#7112,#7113,#7114,
#7115,#7116,#7117,#7118,#7119,#7120,#7121,#7122,#7123,#7124,#7125,#7126,
#7127,#7128,#7129,#7130,#7131,#7132,#7133,#7134,#7135,#7136,#7137,#7138,
#7139,#7140,#7141,#7142,#7143,#7144,#7145,#7146,#7147,#7148));
#7294=CLOSED_SHELL('',(#7149,#7150,#7151,#7152,#7153,#7154,#7155,#7156,
#7157,#7158,#7159));
#7295=CLOSED_SHELL('',(#7160,#7161,#7162,#7163,#7164,#7165,#7166,#7167));
#7296=CLOSED_SHELL('',(#7168,#7169,#7170,#7171,#7172,#7173));
#7297=CLOSED_SHELL('',(#7174,#7175,#7176,#7177,#7178,#7179));
#7298=CLOSED_SHELL('',(#7180,#7181,#7182,#7183,#7184,#7185));
#7299=CLOSED_SHELL('',(#7186,#7187,#7188,#7189,#7190,#7191));
#7300=CLOSED_SHELL('',(#7192,#7193,#7194,#7195,#7196,#7197,#7198,#7199,
#7200,#7201,#7202));
#7301=CLOSED_SHELL('',(#7203,#7204,#7205,#7206,#7207,#7208,#7209,#7210,
#7211,#7212,#7213));
#7302=CLOSED_SHELL('',(#7214,#7215,#7216));
#7303=CLOSED_SHELL('',(#7217,#7218,#7219));
#7304=CLOSED_SHELL('',(#7220,#7221,#7222,#7223,#7224,#7225));
#7305=CLOSED_SHELL('',(#7226,#7227,#7228,#7229,#7230,#7231));
#7306=CLOSED_SHELL('',(#7232,#7233,#7234,#7235,#7236,#7237));
#7307=CLOSED_SHELL('',(#7238,#7239,#7240,#7241,#7242,#7243));
#7308=CLOSED_SHELL('',(#7244,#7245,#7246,#7247,#7248,#7249));
#7309=CLOSED_SHELL('',(#7250,#7251,#7252,#7253,#7254,#7255));
#7310=CLOSED_SHELL('',(#7256,#7257,#7258,#7259,#7260,#7261));
#7311=CLOSED_SHELL('',(#7262,#7263,#7264,#7265,#7266,#7267));
#7312=CLOSED_SHELL('',(#7268,#7269,#7270,#7271,#7272,#7273));
#7313=CLOSED_SHELL('',(#7274,#7275,#7276,#7277,#7278,#7279));
#7314=CLOSED_SHELL('',(#7280,#7281,#7282));
#7315=CLOSED_SHELL('',(#7283,#7284,#7285));
#7316=CLOSED_SHELL('',(#7286,#7287,#7288));
#7317=CLOSED_SHELL('',(#7289,#7290,#7291));
#7318=BREP_WITH_VOIDS('Body_Fuselage_Core',#7293,(#408,#409));
#7319=DERIVED_UNIT_ELEMENT(#7321,1.);
#7320=DERIVED_UNIT_ELEMENT(#12455,-3.);
#7321=(
MASS_UNIT()
NAMED_UNIT(*)
SI_UNIT(.KILO.,.GRAM.)
);
#7322=DERIVED_UNIT((#7319,#7320));
#7323=MEASURE_REPRESENTATION_ITEM('density measure',
POSITIVE_RATIO_MEASURE(7850.),#7322);
#7324=PROPERTY_DEFINITION_REPRESENTATION(#7329,#7326);
#7325=PROPERTY_DEFINITION_REPRESENTATION(#7330,#7327);
#7326=REPRESENTATION('material name',(#7328),#12452);
#7327=REPRESENTATION('density',(#7323),#12452);
#7328=DESCRIPTIVE_REPRESENTATION_ITEM('Steel','Steel');
#7329=PROPERTY_DEFINITION('material property','material name',#12462);
#7330=PROPERTY_DEFINITION('material property','density of part',#12462);
#7331=AXIS2_PLACEMENT_3D('',#9346,#7731,#7732);
#7332=AXIS2_PLACEMENT_3D('',#9347,#7733,#7734);
#7333=AXIS2_PLACEMENT_3D('',#9356,#7739,#7740);
#7334=AXIS2_PLACEMENT_3D('',#9362,#7744,#7745);
#7335=AXIS2_PLACEMENT_3D('',#9366,#7748,#7749);
#7336=AXIS2_PLACEMENT_3D('',#9378,#7756,#7757);
#7337=AXIS2_PLACEMENT_3D('',#9380,#7759,#7760);
#7338=AXIS2_PLACEMENT_3D('',#9381,#7761,#7762);
#7339=AXIS2_PLACEMENT_3D('',#9390,#7767,#7768);
#7340=AXIS2_PLACEMENT_3D('',#9393,#7771,#7772);
#7341=AXIS2_PLACEMENT_3D('',#9395,#7774,#7775);
#7342=AXIS2_PLACEMENT_3D('',#9397,#7777,#7778);
#7343=AXIS2_PLACEMENT_3D('',#9398,#7779,#7780);
#7344=AXIS2_PLACEMENT_3D('',#9411,#7781,#7782);
#7345=AXIS2_PLACEMENT_3D('',#9422,#7783,#7784);
#7346=AXIS2_PLACEMENT_3D('',#9423,#7785,#7786);
#7347=AXIS2_PLACEMENT_3D('',#9428,#7787,#7788);
#7348=AXIS2_PLACEMENT_3D('',#9458,#7794,#7795);
#7349=AXIS2_PLACEMENT_3D('',#9471,#7796,#7797);
#7350=AXIS2_PLACEMENT_3D('',#9482,#7798,#7799);
#7351=AXIS2_PLACEMENT_3D('',#9483,#7800,#7801);
#7352=AXIS2_PLACEMENT_3D('',#9488,#7802,#7803);
#7353=AXIS2_PLACEMENT_3D('',#9518,#7809,#7810);
#7354=AXIS2_PLACEMENT_3D('',#9531,#7817,#7818);
#7355=AXIS2_PLACEMENT_3D('',#9537,#7822,#7823);
#7356=AXIS2_PLACEMENT_3D('',#9543,#7827,#7828);
#7357=AXIS2_PLACEMENT_3D('',#9550,#7833,#7834);
#7358=AXIS2_PLACEMENT_3D('',#9551,#7835,#7836);
#7359=AXIS2_PLACEMENT_3D('',#9553,#7838,#7839);
#7360=AXIS2_PLACEMENT_3D('',#9563,#7845,#7846);
#7361=AXIS2_PLACEMENT_3D('',#9572,#7851,#7852);
#7362=AXIS2_PLACEMENT_3D('',#9578,#7856,#7857);
#7363=AXIS2_PLACEMENT_3D('',#9584,#7861,#7862);
#7364=AXIS2_PLACEMENT_3D('',#9587,#7865,#7866);
#7365=AXIS2_PLACEMENT_3D('',#9588,#7867,#7868);
#7366=AXIS2_PLACEMENT_3D('',#9597,#7873,#7874);
#7367=AXIS2_PLACEMENT_3D('',#9607,#7880,#7881);
#7368=AXIS2_PLACEMENT_3D('',#9617,#7887,#7888);
#7369=AXIS2_PLACEMENT_3D('',#9620,#7891,#7892);
#7370=AXIS2_PLACEMENT_3D('',#9621,#7893,#7894);
#7371=AXIS2_PLACEMENT_3D('',#9623,#7896,#7897);
#7372=AXIS2_PLACEMENT_3D('',#9633,#7903,#7904);
#7373=AXIS2_PLACEMENT_3D('',#9642,#7909,#7910);
#7374=AXIS2_PLACEMENT_3D('',#9648,#7914,#7915);
#7375=AXIS2_PLACEMENT_3D('',#9654,#7919,#7920);
#7376=AXIS2_PLACEMENT_3D('',#9657,#7923,#7924);
#7377=AXIS2_PLACEMENT_3D('',#9658,#7925,#7926);
#7378=AXIS2_PLACEMENT_3D('',#9681,#7933,#7934);
#7379=AXIS2_PLACEMENT_3D('',#9690,#7937,#7938);
#7380=AXIS2_PLACEMENT_3D('',#9701,#7942,#7943);
#7381=AXIS2_PLACEMENT_3D('',#9706,#7944,#7945);
#7382=AXIS2_PLACEMENT_3D('',#9710,#7948,#7949);
#7383=AXIS2_PLACEMENT_3D('',#9725,#7953,#7954);
#7384=AXIS2_PLACEMENT_3D('',#9857,#7964,#7965);
#7385=AXIS2_PLACEMENT_3D('',#9859,#7966,#7967);
#7386=AXIS2_PLACEMENT_3D('',#9865,#7970,#7971);
#7387=AXIS2_PLACEMENT_3D('',#9870,#7972,#7973);
#7388=AXIS2_PLACEMENT_3D('',#9877,#7974,#7975);
#7389=AXIS2_PLACEMENT_3D('',#9879,#7977,#7978);
#7390=AXIS2_PLACEMENT_3D('',#9885,#7982,#7983);
#7391=AXIS2_PLACEMENT_3D('',#9887,#7985,#7986);
#7392=AXIS2_PLACEMENT_3D('',#9898,#7987,#7988);
#7393=AXIS2_PLACEMENT_3D('',#9899,#7989,#7990);
#7394=AXIS2_PLACEMENT_3D('',#9904,#7991,#7992);
#7395=AXIS2_PLACEMENT_3D('',#9930,#7999,#8000);
#7396=AXIS2_PLACEMENT_3D('',#9936,#8004,#8005);
#7397=AXIS2_PLACEMENT_3D('',#9940,#8008,#8009);
#7398=AXIS2_PLACEMENT_3D('',#9944,#8012,#8013);
#7399=AXIS2_PLACEMENT_3D('',#9955,#8015,#8016);
#7400=AXIS2_PLACEMENT_3D('',#9993,#8023,#8024);
#7401=AXIS2_PLACEMENT_3D('',#10016,#8031,#8032);
#7402=AXIS2_PLACEMENT_3D('',#10026,#8035,#8036);
#7403=AXIS2_PLACEMENT_3D('',#10035,#8039,#8040);
#7404=AXIS2_PLACEMENT_3D('',#10052,#8045,#8046);
#7405=AXIS2_PLACEMENT_3D('',#10058,#8048,#8049);
#7406=AXIS2_PLACEMENT_3D('',#10060,#8051,#8052);
#7407=AXIS2_PLACEMENT_3D('',#10061,#8053,#8054);
#7408=AXIS2_PLACEMENT_3D('',#10073,#8055,#8056);
#7409=AXIS2_PLACEMENT_3D('',#10078,#8059,#8060);
#7410=AXIS2_PLACEMENT_3D('',#10211,#8070,#8071);
#7411=AXIS2_PLACEMENT_3D('',#10216,#8072,#8073);
#7412=AXIS2_PLACEMENT_3D('',#10222,#8077,#8078);
#7413=AXIS2_PLACEMENT_3D('',#10226,#8081,#8082);
#7414=AXIS2_PLACEMENT_3D('',#10228,#8083,#8084);
#7415=AXIS2_PLACEMENT_3D('',#10233,#8085,#8086);
#7416=AXIS2_PLACEMENT_3D('',#10248,#8088,#8089);
#7417=AXIS2_PLACEMENT_3D('',#10249,#8090,#8091);
#7418=AXIS2_PLACEMENT_3D('',#10272,#8097,#8098);
#7419=AXIS2_PLACEMENT_3D('',#10278,#8102,#8103);
#7420=AXIS2_PLACEMENT_3D('',#10291,#8106,#8107);
#7421=AXIS2_PLACEMENT_3D('',#10295,#8110,#8111);
#7422=AXIS2_PLACEMENT_3D('',#10297,#8113,#8114);
#7423=AXIS2_PLACEMENT_3D('',#10318,#8118,#8119);
#7424=AXIS2_PLACEMENT_3D('',#10347,#8122,#8123);
#7425=AXIS2_PLACEMENT_3D('',#10403,#8127,#8128);
#7426=AXIS2_PLACEMENT_3D('',#10415,#8129,#8130);
#7427=AXIS2_PLACEMENT_3D('',#10416,#8131,#8132);
#7428=AXIS2_PLACEMENT_3D('',#10449,#8133,#8134);
#7429=AXIS2_PLACEMENT_3D('',#10450,#8135,#8136);
#7430=AXIS2_PLACEMENT_3D('',#10455,#8137,#8138);
#7431=AXIS2_PLACEMENT_3D('',#10505,#8142,#8143);
#7432=AXIS2_PLACEMENT_3D('',#10511,#8144,#8145);
#7433=AXIS2_PLACEMENT_3D('',#10512,#8146,#8147);
#7434=AXIS2_PLACEMENT_3D('',#10520,#8148,#8149);
#7435=AXIS2_PLACEMENT_3D('',#10521,#8150,#8151);
#7436=AXIS2_PLACEMENT_3D('',#10526,#8152,#8153);
#7437=AXIS2_PLACEMENT_3D('',#10641,#8159,#8160);
#7438=AXIS2_PLACEMENT_3D('',#10655,#8168,#8169);
#7439=AXIS2_PLACEMENT_3D('',#10661,#8173,#8174);
#7440=AXIS2_PLACEMENT_3D('',#10667,#8178,#8179);
#7441=AXIS2_PLACEMENT_3D('',#10681,#8187,#8188);
#7442=AXIS2_PLACEMENT_3D('',#10683,#8190,#8191);
#7443=AXIS2_PLACEMENT_3D('',#10690,#8196,#8197);
#7444=AXIS2_PLACEMENT_3D('',#10691,#8198,#8199);
#7445=AXIS2_PLACEMENT_3D('',#10718,#8210,#8211);
#7446=AXIS2_PLACEMENT_3D('',#10722,#8214,#8215);
#7447=AXIS2_PLACEMENT_3D('',#10726,#8218,#8219);
#7448=AXIS2_PLACEMENT_3D('',#10748,#8228,#8229);
#7449=AXIS2_PLACEMENT_3D('',#10752,#8232,#8233);
#7450=AXIS2_PLACEMENT_3D('',#10766,#8241,#8242);
#7451=AXIS2_PLACEMENT_3D('',#10772,#8246,#8247);
#7452=AXIS2_PLACEMENT_3D('',#10786,#8255,#8256);
#7453=AXIS2_PLACEMENT_3D('',#10790,#8259,#8260);
#7454=AXIS2_PLACEMENT_3D('',#10794,#8263,#8264);
#7455=AXIS2_PLACEMENT_3D('',#10801,#8269,#8270);
#7456=AXIS2_PLACEMENT_3D('',#10802,#8271,#8272);
#7457=AXIS2_PLACEMENT_3D('',#10806,#8275,#8276);
#7458=AXIS2_PLACEMENT_3D('',#10810,#8279,#8280);
#7459=AXIS2_PLACEMENT_3D('',#10812,#8282,#8283);
#7460=AXIS2_PLACEMENT_3D('',#10818,#8287,#8288);
#7461=AXIS2_PLACEMENT_3D('',#10819,#8289,#8290);
#7462=AXIS2_PLACEMENT_3D('',#10834,#8299,#8300);
#7463=AXIS2_PLACEMENT_3D('',#10837,#8303,#8304);
#7464=AXIS2_PLACEMENT_3D('',#10839,#8306,#8307);
#7465=AXIS2_PLACEMENT_3D('',#10841,#8309,#8310);
#7466=AXIS2_PLACEMENT_3D('',#10842,#8311,#8312);
#7467=AXIS2_PLACEMENT_3D('',#10848,#8316,#8317);
#7468=AXIS2_PLACEMENT_3D('',#10852,#8320,#8321);
#7469=AXIS2_PLACEMENT_3D('',#10856,#8324,#8325);
#7470=AXIS2_PLACEMENT_3D('',#10858,#8327,#8328);
#7471=AXIS2_PLACEMENT_3D('',#10867,#8334,#8335);
#7472=AXIS2_PLACEMENT_3D('',#10869,#8337,#8338);
#7473=AXIS2_PLACEMENT_3D('',#10871,#8340,#8341);
#7474=AXIS2_PLACEMENT_3D('',#10872,#8342,#8343);
#7475=AXIS2_PLACEMENT_3D('',#10876,#8346,#8347);
#7476=AXIS2_PLACEMENT_3D('',#10878,#8349,#8350);
#7477=AXIS2_PLACEMENT_3D('',#10881,#8353,#8354);
#7478=AXIS2_PLACEMENT_3D('',#10886,#8355,#8356);
#7479=AXIS2_PLACEMENT_3D('',#10887,#8357,#8358);
#7480=AXIS2_PLACEMENT_3D('',#10888,#8359,#8360);
#7481=AXIS2_PLACEMENT_3D('',#10898,#8366,#8367);
#7482=AXIS2_PLACEMENT_3D('',#10908,#8369,#8370);
#7483=AXIS2_PLACEMENT_3D('',#10939,#8374,#8375);
#7484=AXIS2_PLACEMENT_3D('',#10949,#8378,#8379);
#7485=AXIS2_PLACEMENT_3D('',#10959,#8382,#8383);
#7486=AXIS2_PLACEMENT_3D('',#10966,#8385,#8386);
#7487=AXIS2_PLACEMENT_3D('',#10973,#8388,#8389);
#7488=AXIS2_PLACEMENT_3D('',#10978,#8390,#8391);
#7489=AXIS2_PLACEMENT_3D('',#11007,#8397,#8398);
#7490=AXIS2_PLACEMENT_3D('',#11019,#8402,#8403);
#7491=AXIS2_PLACEMENT_3D('',#11026,#8405,#8406);
#7492=AXIS2_PLACEMENT_3D('',#11038,#8408,#8409);
#7493=AXIS2_PLACEMENT_3D('',#11048,#8412,#8413);
#7494=AXIS2_PLACEMENT_3D('',#11055,#8415,#8416);
#7495=AXIS2_PLACEMENT_3D('',#11060,#8417,#8418);
#7496=AXIS2_PLACEMENT_3D('',#11119,#8427,#8428);
#7497=AXIS2_PLACEMENT_3D('',#11135,#8431,#8432);
#7498=AXIS2_PLACEMENT_3D('',#11139,#8435,#8436);
#7499=AXIS2_PLACEMENT_3D('',#11143,#8439,#8440);
#7500=AXIS2_PLACEMENT_3D('',#11152,#8442,#8443);
#7501=AXIS2_PLACEMENT_3D('',#11211,#8447,#8448);
#7502=AXIS2_PLACEMENT_3D('',#11220,#8450,#8451);
#7503=AXIS2_PLACEMENT_3D('',#11232,#8453,#8454);
#7504=AXIS2_PLACEMENT_3D('',#11294,#8458,#8459);
#7505=AXIS2_PLACEMENT_3D('',#11303,#8464,#8465);
#7506=AXIS2_PLACEMENT_3D('',#11317,#8473,#8474);
#7507=AXIS2_PLACEMENT_3D('',#11323,#8478,#8479);
#7508=AXIS2_PLACEMENT_3D('',#11327,#8482,#8483);
#7509=AXIS2_PLACEMENT_3D('',#11330,#8486,#8487);
#7510=AXIS2_PLACEMENT_3D('',#11334,#8490,#8491);
#7511=AXIS2_PLACEMENT_3D('',#11336,#8493,#8494);
#7512=AXIS2_PLACEMENT_3D('',#11345,#8499,#8500);
#7513=AXIS2_PLACEMENT_3D('',#11351,#8504,#8505);
#7514=AXIS2_PLACEMENT_3D('',#11356,#8509,#8510);
#7515=AXIS2_PLACEMENT_3D('',#11362,#8514,#8515);
#7516=AXIS2_PLACEMENT_3D('',#11368,#8519,#8520);
#7517=AXIS2_PLACEMENT_3D('',#11371,#8523,#8524);
#7518=AXIS2_PLACEMENT_3D('',#11372,#8525,#8526);
#7519=AXIS2_PLACEMENT_3D('',#11380,#8531,#8532);
#7520=AXIS2_PLACEMENT_3D('',#11386,#8536,#8537);
#7521=AXIS2_PLACEMENT_3D('',#11392,#8541,#8542);
#7522=AXIS2_PLACEMENT_3D('',#11395,#8545,#8546);
#7523=AXIS2_PLACEMENT_3D('',#11396,#8547,#8548);
#7524=AXIS2_PLACEMENT_3D('',#11397,#8549,#8550);
#7525=AXIS2_PLACEMENT_3D('',#11405,#8555,#8556);
#7526=AXIS2_PLACEMENT_3D('',#11411,#8560,#8561);
#7527=AXIS2_PLACEMENT_3D('',#11415,#8564,#8565);
#7528=AXIS2_PLACEMENT_3D('',#11419,#8568,#8569);
#7529=AXIS2_PLACEMENT_3D('',#11421,#8571,#8572);
#7530=AXIS2_PLACEMENT_3D('',#11422,#8573,#8574);
#7531=AXIS2_PLACEMENT_3D('',#11429,#8579,#8580);
#7532=AXIS2_PLACEMENT_3D('',#11433,#8583,#8584);
#7533=AXIS2_PLACEMENT_3D('',#11437,#8587,#8588);
#7534=AXIS2_PLACEMENT_3D('',#11440,#8591,#8592);
#7535=AXIS2_PLACEMENT_3D('',#11441,#8593,#8594);
#7536=AXIS2_PLACEMENT_3D('',#11443,#8596,#8597);
#7537=AXIS2_PLACEMENT_3D('',#11452,#8602,#8603);
#7538=AXIS2_PLACEMENT_3D('',#11458,#8607,#8608);
#7539=AXIS2_PLACEMENT_3D('',#11464,#8612,#8613);
#7540=AXIS2_PLACEMENT_3D('',#11467,#8616,#8617);
#7541=AXIS2_PLACEMENT_3D('',#11468,#8618,#8619);
#7542=AXIS2_PLACEMENT_3D('',#11475,#8624,#8625);
#7543=AXIS2_PLACEMENT_3D('',#11479,#8628,#8629);
#7544=AXIS2_PLACEMENT_3D('',#11483,#8632,#8633);
#7545=AXIS2_PLACEMENT_3D('',#11486,#8636,#8637);
#7546=AXIS2_PLACEMENT_3D('',#11487,#8638,#8639);
#7547=AXIS2_PLACEMENT_3D('',#11488,#8640,#8641);
#7548=AXIS2_PLACEMENT_3D('',#11490,#8643,#8644);
#7549=AXIS2_PLACEMENT_3D('',#11496,#8648,#8649);
#7550=AXIS2_PLACEMENT_3D('',#11502,#8653,#8654);
#7551=AXIS2_PLACEMENT_3D('',#11505,#8657,#8658);
#7552=AXIS2_PLACEMENT_3D('',#11507,#8660,#8661);
#7553=AXIS2_PLACEMENT_3D('',#11508,#8662,#8663);
#7554=AXIS2_PLACEMENT_3D('',#11517,#8668,#8669);
#7555=AXIS2_PLACEMENT_3D('',#11523,#8673,#8674);
#7556=AXIS2_PLACEMENT_3D('',#11529,#8678,#8679);
#7557=AXIS2_PLACEMENT_3D('',#11532,#8682,#8683);
#7558=AXIS2_PLACEMENT_3D('',#11533,#8684,#8685);
#7559=AXIS2_PLACEMENT_3D('',#11545,#8689,#8690);
#7560=AXIS2_PLACEMENT_3D('',#11553,#8693,#8694);
#7561=AXIS2_PLACEMENT_3D('',#11557,#8697,#8698);
#7562=AXIS2_PLACEMENT_3D('',#11559,#8700,#8701);
#7563=AXIS2_PLACEMENT_3D('',#11582,#8704,#8705);
#7564=AXIS2_PLACEMENT_3D('',#11588,#8709,#8710);
#7565=AXIS2_PLACEMENT_3D('',#11592,#8713,#8714);
#7566=AXIS2_PLACEMENT_3D('',#11596,#8717,#8718);
#7567=AXIS2_PLACEMENT_3D('',#11598,#8720,#8721);
#7568=AXIS2_PLACEMENT_3D('',#11599,#8722,#8723);
#7569=AXIS2_PLACEMENT_3D('',#11618,#8728,#8729);
#7570=AXIS2_PLACEMENT_3D('',#11629,#8733,#8734);
#7571=AXIS2_PLACEMENT_3D('',#11642,#8737,#8738);
#7572=AXIS2_PLACEMENT_3D('',#11646,#8741,#8742);
#7573=AXIS2_PLACEMENT_3D('',#11652,#8744,#8745);
#7574=AXIS2_PLACEMENT_3D('',#11653,#8746,#8747);
#7575=AXIS2_PLACEMENT_3D('',#11747,#8757,#8758);
#7576=AXIS2_PLACEMENT_3D('',#11837,#8766,#8767);
#7577=AXIS2_PLACEMENT_3D('',#11846,#8772,#8773);
#7578=AXIS2_PLACEMENT_3D('',#11852,#8777,#8778);
#7579=AXIS2_PLACEMENT_3D('',#11864,#8785,#8786);
#7580=AXIS2_PLACEMENT_3D('',#11868,#8789,#8790);
#7581=AXIS2_PLACEMENT_3D('',#11870,#8792,#8793);
#7582=AXIS2_PLACEMENT_3D('',#11871,#8794,#8795);
#7583=AXIS2_PLACEMENT_3D('',#11877,#8799,#8800);
#7584=AXIS2_PLACEMENT_3D('',#11883,#8804,#8805);
#7585=AXIS2_PLACEMENT_3D('',#11885,#8807,#8808);
#7586=AXIS2_PLACEMENT_3D('',#11887,#8810,#8811);
#7587=AXIS2_PLACEMENT_3D('',#11888,#8812,#8813);
#7588=AXIS2_PLACEMENT_3D('',#11897,#8818,#8819);
#7589=AXIS2_PLACEMENT_3D('',#11903,#8823,#8824);
#7590=AXIS2_PLACEMENT_3D('',#11909,#8828,#8829);
#7591=AXIS2_PLACEMENT_3D('',#11915,#8833,#8834);
#7592=AXIS2_PLACEMENT_3D('',#11921,#8838,#8839);
#7593=AXIS2_PLACEMENT_3D('',#11924,#8842,#8843);
#7594=AXIS2_PLACEMENT_3D('',#11925,#8844,#8845);
#7595=AXIS2_PLACEMENT_3D('',#11926,#8846,#8847);
#7596=AXIS2_PLACEMENT_3D('',#11935,#8852,#8853);
#7597=AXIS2_PLACEMENT_3D('',#11941,#8857,#8858);
#7598=AXIS2_PLACEMENT_3D('',#11947,#8862,#8863);
#7599=AXIS2_PLACEMENT_3D('',#11950,#8866,#8867);
#7600=AXIS2_PLACEMENT_3D('',#11951,#8868,#8869);
#7601=AXIS2_PLACEMENT_3D('',#11952,#8870,#8871);
#7602=AXIS2_PLACEMENT_3D('',#11961,#8876,#8877);
#7603=AXIS2_PLACEMENT_3D('',#11967,#8881,#8882);
#7604=AXIS2_PLACEMENT_3D('',#11973,#8886,#8887);
#7605=AXIS2_PLACEMENT_3D('',#11976,#8890,#8891);
#7606=AXIS2_PLACEMENT_3D('',#11977,#8892,#8893);
#7607=AXIS2_PLACEMENT_3D('',#11978,#8894,#8895);
#7608=AXIS2_PLACEMENT_3D('',#11987,#8900,#8901);
#7609=AXIS2_PLACEMENT_3D('',#11993,#8905,#8906);
#7610=AXIS2_PLACEMENT_3D('',#11999,#8910,#8911);
#7611=AXIS2_PLACEMENT_3D('',#12002,#8914,#8915);
#7612=AXIS2_PLACEMENT_3D('',#12003,#8916,#8917);
#7613=AXIS2_PLACEMENT_3D('',#12004,#8918,#8919);
#7614=AXIS2_PLACEMENT_3D('',#12013,#8924,#8925);
#7615=AXIS2_PLACEMENT_3D('',#12019,#8929,#8930);
#7616=AXIS2_PLACEMENT_3D('',#12025,#8934,#8935);
#7617=AXIS2_PLACEMENT_3D('',#12028,#8938,#8939);
#7618=AXIS2_PLACEMENT_3D('',#12029,#8940,#8941);
#7619=AXIS2_PLACEMENT_3D('',#12030,#8942,#8943);
#7620=AXIS2_PLACEMENT_3D('',#12043,#8950,#8951);
#7621=AXIS2_PLACEMENT_3D('',#12053,#8957,#8958);
#7622=AXIS2_PLACEMENT_3D('',#12059,#8962,#8963);
#7623=AXIS2_PLACEMENT_3D('',#12062,#8966,#8967);
#7624=AXIS2_PLACEMENT_3D('',#12063,#8968,#8969);
#7625=AXIS2_PLACEMENT_3D('',#12069,#8973,#8974);
#7626=AXIS2_PLACEMENT_3D('',#12075,#8978,#8979);
#7627=AXIS2_PLACEMENT_3D('',#12079,#8982,#8983);
#7628=AXIS2_PLACEMENT_3D('',#12083,#8986,#8987);
#7629=AXIS2_PLACEMENT_3D('',#12085,#8989,#8990);
#7630=AXIS2_PLACEMENT_3D('',#12086,#8991,#8992);
#7631=AXIS2_PLACEMENT_3D('',#12095,#8997,#8998);
#7632=AXIS2_PLACEMENT_3D('',#12101,#9002,#9003);
#7633=AXIS2_PLACEMENT_3D('',#12111,#9009,#9010);
#7634=AXIS2_PLACEMENT_3D('',#12118,#9015,#9016);
#7635=AXIS2_PLACEMENT_3D('',#12119,#9017,#9018);
#7636=AXIS2_PLACEMENT_3D('',#12125,#9022,#9023);
#7637=AXIS2_PLACEMENT_3D('',#12131,#9027,#9028);
#7638=AXIS2_PLACEMENT_3D('',#12135,#9031,#9032);
#7639=AXIS2_PLACEMENT_3D('',#12139,#9035,#9036);
#7640=AXIS2_PLACEMENT_3D('',#12141,#9038,#9039);
#7641=AXIS2_PLACEMENT_3D('',#12142,#9040,#9041);
#7642=AXIS2_PLACEMENT_3D('',#12144,#9042,#9043);
#7643=AXIS2_PLACEMENT_3D('',#12145,#9044,#9045);
#7644=AXIS2_PLACEMENT_3D('',#12147,#9046,#9047);
#7645=AXIS2_PLACEMENT_3D('',#12149,#9049,#9050);
#7646=AXIS2_PLACEMENT_3D('',#12150,#9051,#9052);
#7647=AXIS2_PLACEMENT_3D('',#12152,#9053,#9054);
#7648=AXIS2_PLACEMENT_3D('',#12153,#9055,#9056);
#7649=AXIS2_PLACEMENT_3D('',#12155,#9057,#9058);
#7650=AXIS2_PLACEMENT_3D('',#12157,#9060,#9061);
#7651=AXIS2_PLACEMENT_3D('',#12158,#9062,#9063);
#7652=AXIS2_PLACEMENT_3D('',#12167,#9068,#9069);
#7653=AXIS2_PLACEMENT_3D('',#12173,#9073,#9074);
#7654=AXIS2_PLACEMENT_3D('',#12177,#9077,#9078);
#7655=AXIS2_PLACEMENT_3D('',#12181,#9081,#9082);
#7656=AXIS2_PLACEMENT_3D('',#12183,#9084,#9085);
#7657=AXIS2_PLACEMENT_3D('',#12184,#9086,#9087);
#7658=AXIS2_PLACEMENT_3D('',#12193,#9092,#9093);
#7659=AXIS2_PLACEMENT_3D('',#12199,#9097,#9098);
#7660=AXIS2_PLACEMENT_3D('',#12203,#9101,#9102);
#7661=AXIS2_PLACEMENT_3D('',#12207,#9105,#9106);
#7662=AXIS2_PLACEMENT_3D('',#12209,#9108,#9109);
#7663=AXIS2_PLACEMENT_3D('',#12210,#9110,#9111);
#7664=AXIS2_PLACEMENT_3D('',#12219,#9116,#9117);
#7665=AXIS2_PLACEMENT_3D('',#12225,#9121,#9122);
#7666=AXIS2_PLACEMENT_3D('',#12229,#9125,#9126);
#7667=AXIS2_PLACEMENT_3D('',#12233,#9129,#9130);
#7668=AXIS2_PLACEMENT_3D('',#12235,#9132,#9133);
#7669=AXIS2_PLACEMENT_3D('',#12236,#9134,#9135);
#7670=AXIS2_PLACEMENT_3D('',#12245,#9140,#9141);
#7671=AXIS2_PLACEMENT_3D('',#12251,#9145,#9146);
#7672=AXIS2_PLACEMENT_3D('',#12255,#9149,#9150);
#7673=AXIS2_PLACEMENT_3D('',#12259,#9153,#9154);
#7674=AXIS2_PLACEMENT_3D('',#12261,#9156,#9157);
#7675=AXIS2_PLACEMENT_3D('',#12262,#9158,#9159);
#7676=AXIS2_PLACEMENT_3D('',#12271,#9164,#9165);
#7677=AXIS2_PLACEMENT_3D('',#12277,#9169,#9170);
#7678=AXIS2_PLACEMENT_3D('',#12281,#9173,#9174);
#7679=AXIS2_PLACEMENT_3D('',#12285,#9177,#9178);
#7680=AXIS2_PLACEMENT_3D('',#12287,#9180,#9181);
#7681=AXIS2_PLACEMENT_3D('',#12288,#9182,#9183);
#7682=AXIS2_PLACEMENT_3D('',#12297,#9188,#9189);
#7683=AXIS2_PLACEMENT_3D('',#12303,#9193,#9194);
#7684=AXIS2_PLACEMENT_3D('',#12307,#9197,#9198);
#7685=AXIS2_PLACEMENT_3D('',#12311,#9201,#9202);
#7686=AXIS2_PLACEMENT_3D('',#12313,#9204,#9205);
#7687=AXIS2_PLACEMENT_3D('',#12314,#9206,#9207);
#7688=AXIS2_PLACEMENT_3D('',#12323,#9212,#9213);
#7689=AXIS2_PLACEMENT_3D('',#12329,#9217,#9218);
#7690=AXIS2_PLACEMENT_3D('',#12333,#9221,#9222);
#7691=AXIS2_PLACEMENT_3D('',#12337,#9225,#9226);
#7692=AXIS2_PLACEMENT_3D('',#12339,#9228,#9229);
#7693=AXIS2_PLACEMENT_3D('',#12340,#9230,#9231);
#7694=AXIS2_PLACEMENT_3D('',#12349,#9236,#9237);
#7695=AXIS2_PLACEMENT_3D('',#12355,#9241,#9242);
#7696=AXIS2_PLACEMENT_3D('',#12359,#9245,#9246);
#7697=AXIS2_PLACEMENT_3D('',#12363,#9249,#9250);
#7698=AXIS2_PLACEMENT_3D('',#12365,#9252,#9253);
#7699=AXIS2_PLACEMENT_3D('',#12366,#9254,#9255);
#7700=AXIS2_PLACEMENT_3D('',#12375,#9260,#9261);
#7701=AXIS2_PLACEMENT_3D('',#12381,#9265,#9266);
#7702=AXIS2_PLACEMENT_3D('',#12385,#9269,#9270);
#7703=AXIS2_PLACEMENT_3D('',#12389,#9273,#9274);
#7704=AXIS2_PLACEMENT_3D('',#12391,#9276,#9277);
#7705=AXIS2_PLACEMENT_3D('',#12392,#9278,#9279);
#7706=AXIS2_PLACEMENT_3D('',#12401,#9284,#9285);
#7707=AXIS2_PLACEMENT_3D('',#12407,#9289,#9290);
#7708=AXIS2_PLACEMENT_3D('',#12411,#9293,#9294);
#7709=AXIS2_PLACEMENT_3D('',#12415,#9297,#9298);
#7710=AXIS2_PLACEMENT_3D('',#12417,#9300,#9301);
#7711=AXIS2_PLACEMENT_3D('',#12418,#9302,#9303);
#7712=AXIS2_PLACEMENT_3D('',#12420,#9304,#9305);
#7713=AXIS2_PLACEMENT_3D('',#12421,#9306,#9307);
#7714=AXIS2_PLACEMENT_3D('',#12423,#9308,#9309);
#7715=AXIS2_PLACEMENT_3D('',#12425,#9311,#9312);
#7716=AXIS2_PLACEMENT_3D('',#12426,#9313,#9314);
#7717=AXIS2_PLACEMENT_3D('',#12428,#9315,#9316);
#7718=AXIS2_PLACEMENT_3D('',#12429,#9317,#9318);
#7719=AXIS2_PLACEMENT_3D('',#12431,#9319,#9320);
#7720=AXIS2_PLACEMENT_3D('',#12433,#9322,#9323);
#7721=AXIS2_PLACEMENT_3D('',#12434,#9324,#9325);
#7722=AXIS2_PLACEMENT_3D('',#12436,#9326,#9327);
#7723=AXIS2_PLACEMENT_3D('',#12437,#9328,#9329);
#7724=AXIS2_PLACEMENT_3D('',#12439,#9330,#9331);
#7725=AXIS2_PLACEMENT_3D('',#12441,#9333,#9334);
#7726=AXIS2_PLACEMENT_3D('',#12442,#9335,#9336);
#7727=AXIS2_PLACEMENT_3D('',#12444,#9337,#9338);
#7728=AXIS2_PLACEMENT_3D('',#12445,#9339,#9340);
#7729=AXIS2_PLACEMENT_3D('',#12447,#9341,#9342);
#7730=AXIS2_PLACEMENT_3D('',#12449,#9344,#9345);
#7731=DIRECTION('axis',(0.,0.,1.));
#7732=DIRECTION('refdir',(1.,0.,0.));
#7733=DIRECTION('center_axis',(0.,0.,1.));
#7734=DIRECTION('ref_axis',(1.,0.,0.));
#7735=DIRECTION('',(1.,0.,0.));
#7736=DIRECTION('',(0.0277670672403533,-0.999614420652718,0.));
#7737=DIRECTION('',(-0.524097425664335,0.851658316704544,0.));
#7738=DIRECTION('',(-0.0434372242763069,0.99905615835506,0.));
#7739=DIRECTION('center_axis',(0.,-1.,0.));
#7740=DIRECTION('ref_axis',(1.,0.,0.));
#7741=DIRECTION('',(0.,0.,1.));
#7742=DIRECTION('',(-1.,0.,0.));
#7743=DIRECTION('',(0.,0.,-1.));
#7744=DIRECTION('center_axis',(0.99905615835506,0.0434372242763069,0.));
#7745=DIRECTION('ref_axis',(-0.0434372242763069,0.99905615835506,0.));
#7746=DIRECTION('',(0.,0.,1.));
#7747=DIRECTION('',(0.0434372242763069,-0.99905615835506,0.));
#7748=DIRECTION('center_axis',(0.851658316704544,0.524097425664335,0.));
#7749=DIRECTION('ref_axis',(-0.524097425664335,0.851658316704544,0.));
#7750=DIRECTION('',(0.,0.,1.));
#7751=DIRECTION('',(0.524097425664335,-0.851658316704544,0.));
#7752=DIRECTION('',(-0.524097425664335,0.851658316704544,0.));
#7753=DIRECTION('',(0.,0.,1.));
#7754=DIRECTION('',(0.524097425664335,-0.851658316704544,0.));
#7755=DIRECTION('',(0.,0.,-1.));
#7756=DIRECTION('center_axis',(-0.999614420652718,-0.0277670672403533,0.));
#7757=DIRECTION('ref_axis',(0.0277670672403533,-0.999614420652718,0.));
#7758=DIRECTION('',(-0.0277670672403533,0.999614420652718,0.));
#7759=DIRECTION('center_axis',(0.,0.,-1.));
#7760=DIRECTION('ref_axis',(-1.,0.,0.));
#7761=DIRECTION('center_axis',(0.,-1.,0.));
#7762=DIRECTION('ref_axis',(1.,0.,0.));
#7763=DIRECTION('',(0.,0.,1.));
#7764=DIRECTION('',(1.,0.,0.));
#7765=DIRECTION('',(0.,0.,-1.));
#7766=DIRECTION('',(-1.,0.,0.));
#7767=DIRECTION('center_axis',(0.,0.,-1.));
#7768=DIRECTION('ref_axis',(-1.,0.,0.));
#7769=DIRECTION('',(0.,-1.,0.));
#7770=DIRECTION('',(0.,1.,0.));
#7771=DIRECTION('center_axis',(1.,0.,0.));
#7772=DIRECTION('ref_axis',(0.,1.,0.));
#7773=DIRECTION('',(0.,1.,0.));
#7774=DIRECTION('center_axis',(-1.,0.,0.));
#7775=DIRECTION('ref_axis',(0.,-1.,0.));
#7776=DIRECTION('',(0.,-1.,0.));
#7777=DIRECTION('center_axis',(0.,0.,1.));
#7778=DIRECTION('ref_axis',(1.,0.,0.));
#7779=DIRECTION('center_axis',(0.,0.,1.));
#7780=DIRECTION('ref_axis',(-0.957067245176012,0.289865983190853,0.));
#7781=DIRECTION('center_axis',(0.,0.,-1.));
#7782=DIRECTION('ref_axis',(1.,0.,0.));
#7783=DIRECTION('center_axis',(0.,0.,1.));
#7784=DIRECTION('ref_axis',(1.,0.,0.));
#7785=DIRECTION('center_axis',(0.,0.,1.));
#7786=DIRECTION('ref_axis',(1.,0.,0.));
#7787=DIRECTION('center_axis',(0.,0.,1.));
#7788=DIRECTION('ref_axis',(1.,0.,0.));
#7789=DIRECTION('',(-0.29360600310208,-0.955926521727701,0.));
#7790=DIRECTION('',(0.55764763474302,0.420866139428694,0.71547243702878));
#7791=DIRECTION('',(-0.21486178267512,-0.97664446670509,0.));
#7792=DIRECTION('',(0.27488338976631,-0.503119000821203,0.819335336137321));
#7793=DIRECTION('',(-0.29360600310208,-0.955926521727701,0.));
#7794=DIRECTION('center_axis',(0.,0.,1.));
#7795=DIRECTION('ref_axis',(1.,0.,0.));
#7796=DIRECTION('center_axis',(0.,0.,-1.));
#7797=DIRECTION('ref_axis',(1.,0.,0.));
#7798=DIRECTION('center_axis',(0.,0.,1.));
#7799=DIRECTION('ref_axis',(1.,0.,0.));
#7800=DIRECTION('center_axis',(0.,0.,1.));
#7801=DIRECTION('ref_axis',(1.,0.,0.));
#7802=DIRECTION('center_axis',(0.,0.,1.));
#7803=DIRECTION('ref_axis',(1.,0.,0.));
#7804=DIRECTION('',(-0.29360600310208,0.955926521727701,0.));
#7805=DIRECTION('',(-0.0824113627390248,-0.824113627390248,0.560397266625369));
#7806=DIRECTION('',(-0.196116135138184,0.98058067569092,0.));
#7807=DIRECTION('',(-0.202450720382085,-0.80980288152834,0.550665959439271));
#7808=DIRECTION('',(-0.29360600310208,0.955926521727701,0.));
#7809=DIRECTION('center_axis',(-1.,0.,0.));
#7810=DIRECTION('ref_axis',(0.,-1.,0.));
#7811=DIRECTION('',(0.,0.,-1.));
#7812=DIRECTION('',(0.,1.,0.));
#7813=DIRECTION('',(0.,0.,1.));
#7814=DIRECTION('',(0.,-1.,0.));
#7815=DIRECTION('',(0.,0.,1.));
#7816=DIRECTION('',(0.,1.,0.));
#7817=DIRECTION('center_axis',(0.,-1.,0.));
#7818=DIRECTION('ref_axis',(1.,0.,0.));
#7819=DIRECTION('',(-1.,0.,0.));
#7820=DIRECTION('',(0.,0.,1.));
#7821=DIRECTION('',(1.,0.,0.));
#7822=DIRECTION('center_axis',(0.,1.,0.));
#7823=DIRECTION('ref_axis',(-1.,0.,0.));
#7824=DIRECTION('',(1.,0.,0.));
#7825=DIRECTION('',(-1.,0.,0.));
#7826=DIRECTION('',(0.,0.,1.));
#7827=DIRECTION('center_axis',(1.,0.,0.));
#7828=DIRECTION('ref_axis',(0.,1.,0.));
#7829=DIRECTION('',(0.,0.,1.));
#7830=DIRECTION('',(0.,-1.,0.));
#7831=DIRECTION('',(0.,1.,0.));
#7832=DIRECTION('',(0.,-1.,0.));
#7833=DIRECTION('center_axis',(0.,0.,1.));
#7834=DIRECTION('ref_axis',(1.,0.,0.));
#7835=DIRECTION('center_axis',(0.,0.,1.));
#7836=DIRECTION('ref_axis',(1.,0.,0.));
#7837=DIRECTION('',(0.717580691628316,0.69647537716866,0.));
#7838=DIRECTION('center_axis',(-0.69647537716866,0.717580691628316,0.));
#7839=DIRECTION('ref_axis',(-0.717580691628316,-0.69647537716866,0.));
#7840=DIRECTION('',(-0.717580691628316,-0.69647537716866,0.));
#7841=DIRECTION('',(0.,0.,1.));
#7842=DIRECTION('',(0.717580691628316,0.69647537716866,0.));
#7843=DIRECTION('',(0.,0.,1.));
#7844=DIRECTION('',(-0.717580691628316,-0.69647537716866,0.));
#7845=DIRECTION('center_axis',(0.,1.,0.));
#7846=DIRECTION('ref_axis',(-1.,0.,0.));
#7847=DIRECTION('',(1.,0.,0.));
#7848=DIRECTION('',(0.,0.,1.));
#7849=DIRECTION('',(-1.,0.,0.));
#7850=DIRECTION('',(0.,0.,1.));
#7851=DIRECTION('center_axis',(-1.,0.,0.));
#7852=DIRECTION('ref_axis',(0.,-1.,0.));
#7853=DIRECTION('',(0.,1.,0.));
#7854=DIRECTION('',(0.,0.,1.));
#7855=DIRECTION('',(0.,-1.,0.));
#7856=DIRECTION('center_axis',(1.,0.,0.));
#7857=DIRECTION('ref_axis',(0.,1.,0.));
#7858=DIRECTION('',(0.,-1.,0.));
#7859=DIRECTION('',(0.,1.,0.));
#7860=DIRECTION('',(0.,0.,1.));
#7861=DIRECTION('center_axis',(0.,-1.,0.));
#7862=DIRECTION('ref_axis',(1.,0.,0.));
#7863=DIRECTION('',(-1.,0.,0.));
#7864=DIRECTION('',(1.,0.,0.));
#7865=DIRECTION('center_axis',(0.,0.,1.));
#7866=DIRECTION('ref_axis',(1.,0.,0.));
#7867=DIRECTION('center_axis',(0.,-1.,0.));
#7868=DIRECTION('ref_axis',(1.,0.,0.));
#7869=DIRECTION('',(-1.,0.,0.));
#7870=DIRECTION('',(0.,0.,1.));
#7871=DIRECTION('',(1.,0.,0.));
#7872=DIRECTION('',(0.,0.,1.));
#7873=DIRECTION('center_axis',(1.,0.,0.));
#7874=DIRECTION('ref_axis',(0.,1.,0.));
#7875=DIRECTION('',(0.,-1.,0.));
#7876=DIRECTION('',(0.,0.,1.));
#7877=DIRECTION('',(0.,-1.,0.));
#7878=DIRECTION('',(0.,0.,1.));
#7879=DIRECTION('',(0.,1.,0.));
#7880=DIRECTION('center_axis',(-1.,0.,0.));
#7881=DIRECTION('ref_axis',(0.,-1.,0.));
#7882=DIRECTION('',(0.,1.,0.));
#7883=DIRECTION('',(0.,-1.,0.));
#7884=DIRECTION('',(0.,0.,1.));
#7885=DIRECTION('',(0.,1.,0.));
#7886=DIRECTION('',(0.,0.,-1.));
#7887=DIRECTION('center_axis',(0.,1.,0.));
#7888=DIRECTION('ref_axis',(-1.,0.,0.));
#7889=DIRECTION('',(1.,0.,0.));
#7890=DIRECTION('',(-1.,0.,0.));
#7891=DIRECTION('center_axis',(0.,0.,1.));
#7892=DIRECTION('ref_axis',(1.,0.,0.));
#7893=DIRECTION('center_axis',(0.,0.,1.));
#7894=DIRECTION('ref_axis',(1.,0.,0.));
#7895=DIRECTION('',(0.717580691628316,-0.69647537716866,0.));
#7896=DIRECTION('center_axis',(0.69647537716866,0.717580691628316,0.));
#7897=DIRECTION('ref_axis',(-0.717580691628316,0.69647537716866,0.));
#7898=DIRECTION('',(-0.717580691628316,0.69647537716866,0.));
#7899=DIRECTION('',(0.,0.,-1.));
#7900=DIRECTION('',(0.717580691628316,-0.69647537716866,0.));
#7901=DIRECTION('',(0.,0.,-1.));
#7902=DIRECTION('',(-0.717580691628316,0.69647537716866,0.));
#7903=DIRECTION('center_axis',(0.,1.,0.));
#7904=DIRECTION('ref_axis',(-1.,0.,0.));
#7905=DIRECTION('',(1.,0.,0.));
#7906=DIRECTION('',(0.,0.,1.));
#7907=DIRECTION('',(-1.,0.,0.));
#7908=DIRECTION('',(0.,0.,1.));
#7909=DIRECTION('center_axis',(-1.,0.,0.));
#7910=DIRECTION('ref_axis',(0.,-1.,0.));
#7911=DIRECTION('',(0.,1.,0.));
#7912=DIRECTION('',(0.,0.,1.));
#7913=DIRECTION('',(0.,-1.,0.));
#7914=DIRECTION('center_axis',(1.,0.,0.));
#7915=DIRECTION('ref_axis',(0.,1.,0.));
#7916=DIRECTION('',(0.,-1.,0.));
#7917=DIRECTION('',(0.,1.,0.));
#7918=DIRECTION('',(0.,0.,1.));
#7919=DIRECTION('center_axis',(0.,-1.,0.));
#7920=DIRECTION('ref_axis',(1.,0.,0.));
#7921=DIRECTION('',(-1.,0.,0.));
#7922=DIRECTION('',(1.,0.,0.));
#7923=DIRECTION('center_axis',(0.,0.,1.));
#7924=DIRECTION('ref_axis',(1.,0.,0.));
#7925=DIRECTION('center_axis',(1.,0.,0.));
#7926=DIRECTION('ref_axis',(0.,1.,0.));
#7927=DIRECTION('',(0.,0.,-1.));
#7928=DIRECTION('',(0.,0.,1.));
#7929=DIRECTION('',(0.,1.,0.));
#7930=DIRECTION('',(0.,0.,1.));
#7931=DIRECTION('',(0.,-1.,0.));
#7932=DIRECTION('',(0.,0.,1.));
#7933=DIRECTION('center_axis',(0.,1.,0.));
#7934=DIRECTION('ref_axis',(-1.,0.,0.));
#7935=DIRECTION('',(0.,0.,-1.));
#7936=DIRECTION('',(-1.,0.,0.));
#7937=DIRECTION('center_axis',(0.,0.,-1.));
#7938=DIRECTION('ref_axis',(-1.,0.,0.));
#7939=DIRECTION('',(1.,0.,0.));
#7940=DIRECTION('',(-1.,0.,0.));
#7941=DIRECTION('',(0.,1.,0.));
#7942=DIRECTION('center_axis',(0.,1.,0.));
#7943=DIRECTION('ref_axis',(-1.,0.,0.));
#7944=DIRECTION('center_axis',(0.,-1.,0.));
#7945=DIRECTION('ref_axis',(1.,0.,0.));
#7946=DIRECTION('',(1.,0.,0.));
#7947=DIRECTION('',(0.,0.,1.));
#7948=DIRECTION('center_axis',(-1.,0.,0.));
#7949=DIRECTION('ref_axis',(0.,-1.,0.));
#7950=DIRECTION('',(0.,-1.,0.));
#7951=DIRECTION('',(0.,0.,1.));
#7952=DIRECTION('',(0.,1.,0.));
#7953=DIRECTION('center_axis',(0.,0.,1.));
#7954=DIRECTION('ref_axis',(1.,0.,0.));
#7955=DIRECTION('',(-0.438245608788675,0.327048961782593,-0.837245342163438));
#7956=DIRECTION('',(0.0525588331227637,0.99861782933251,0.));
#7957=DIRECTION('',(0.0525588331227637,0.99861782933251,0.));
#7958=DIRECTION('',(0.0525588331227637,0.99861782933251,0.));
#7959=DIRECTION('',(0.0525588331227637,0.99861782933251,0.));
#7960=DIRECTION('',(-0.628598803169966,0.412195936504896,-0.659513498407833));
#7961=DIRECTION('',(-0.628598803169966,0.412195936504896,-0.659513498407833));
#7962=DIRECTION('',(-0.628598803169966,0.412195936504896,-0.659513498407833));
#7963=DIRECTION('',(0.376377046955938,0.926466577122309,0.));
#7964=DIRECTION('center_axis',(0.,0.,1.));
#7965=DIRECTION('ref_axis',(1.,0.,0.));
#7966=DIRECTION('center_axis',(0.,0.,-1.));
#7967=DIRECTION('ref_axis',(1.,0.,0.));
#7968=DIRECTION('',(0.,-1.,0.));
#7969=DIRECTION('',(-1.,0.,0.));
#7970=DIRECTION('center_axis',(0.,0.,-1.));
#7971=DIRECTION('ref_axis',(1.,0.,0.));
#7972=DIRECTION('center_axis',(0.,0.,1.));
#7973=DIRECTION('ref_axis',(1.,0.,0.));
#7974=DIRECTION('center_axis',(0.,0.,1.));
#7975=DIRECTION('ref_axis',(1.,0.,0.));
#7976=DIRECTION('',(0.,0.,-1.));
#7977=DIRECTION('center_axis',(0.,-1.,0.));
#7978=DIRECTION('ref_axis',(1.,0.,0.));
#7979=DIRECTION('',(1.,0.,0.));
#7980=DIRECTION('',(0.,0.,1.));
#7981=DIRECTION('',(0.,0.,1.));
#7982=DIRECTION('center_axis',(1.,0.,0.));
#7983=DIRECTION('ref_axis',(0.,1.,0.));
#7984=DIRECTION('',(0.,1.,0.));
#7985=DIRECTION('center_axis',(0.,0.,1.));
#7986=DIRECTION('ref_axis',(1.,0.,0.));
#7987=DIRECTION('center_axis',(0.,0.,1.));
#7988=DIRECTION('ref_axis',(1.,0.,0.));
#7989=DIRECTION('center_axis',(0.,0.,1.));
#7990=DIRECTION('ref_axis',(1.,0.,0.));
#7991=DIRECTION('center_axis',(0.,1.,0.));
#7992=DIRECTION('ref_axis',(-1.,0.,0.));
#7993=DIRECTION('',(0.,0.,-1.));
#7994=DIRECTION('',(0.,0.,-1.));
#7995=DIRECTION('',(-1.,0.,0.));
#7996=DIRECTION('',(0.,0.,1.));
#7997=DIRECTION('',(1.,0.,0.));
#7998=DIRECTION('',(0.,0.,-1.));
#7999=DIRECTION('center_axis',(0.,0.,-1.));
#8000=DIRECTION('ref_axis',(-1.,0.,0.));
#8001=DIRECTION('',(0.,1.,0.));
#8002=DIRECTION('',(0.,-1.,0.));
#8003=DIRECTION('',(-1.,0.,0.));
#8004=DIRECTION('center_axis',(1.,0.,0.));
#8005=DIRECTION('ref_axis',(0.,1.,0.));
#8006=DIRECTION('',(0.,1.,0.));
#8007=DIRECTION('',(0.,0.,1.));
#8008=DIRECTION('center_axis',(0.,-1.,0.));
#8009=DIRECTION('ref_axis',(1.,0.,0.));
#8010=DIRECTION('',(1.,0.,0.));
#8011=DIRECTION('',(0.,0.,1.));
#8012=DIRECTION('center_axis',(-1.,0.,0.));
#8013=DIRECTION('ref_axis',(0.,-1.,0.));
#8014=DIRECTION('',(0.,-1.,0.));
#8015=DIRECTION('center_axis',(0.,0.,1.));
#8016=DIRECTION('ref_axis',(1.,0.,0.));
#8017=DIRECTION('',(-0.535318405723779,0.428254724579023,0.728033031784339));
#8018=DIRECTION('',(1.,0.,0.));
#8019=DIRECTION('',(1.,0.,0.));
#8020=DIRECTION('',(-0.442754294184035,0.253002453819449,0.860208342986125));
#8021=DIRECTION('',(-0.442754294184035,0.253002453819449,0.860208342986125));
#8022=DIRECTION('',(0.973417168333576,-0.229039333725547,0.));
#8023=DIRECTION('center_axis',(1.,0.,0.));
#8024=DIRECTION('ref_axis',(0.,1.,0.));
#8025=DIRECTION('',(0.,-1.,0.));
#8026=DIRECTION('',(0.,0.,-1.));
#8027=DIRECTION('',(0.,0.,1.));
#8028=DIRECTION('',(0.,1.,0.));
#8029=DIRECTION('',(0.,0.,1.));
#8030=DIRECTION('',(0.,-1.,0.));
#8031=DIRECTION('center_axis',(0.,1.,0.));
#8032=DIRECTION('ref_axis',(-1.,0.,0.));
#8033=DIRECTION('',(1.,0.,0.));
#8034=DIRECTION('',(0.,0.,-1.));
#8035=DIRECTION('center_axis',(0.,1.,0.));
#8036=DIRECTION('ref_axis',(-1.,0.,0.));
#8037=DIRECTION('',(0.,0.,-1.));
#8038=DIRECTION('',(-1.,0.,0.));
#8039=DIRECTION('center_axis',(-1.,0.,0.));
#8040=DIRECTION('ref_axis',(0.,-1.,0.));
#8041=DIRECTION('',(0.,0.,1.));
#8042=DIRECTION('',(0.,1.,0.));
#8043=DIRECTION('',(0.,0.,1.));
#8044=DIRECTION('',(0.,-1.,0.));
#8045=DIRECTION('center_axis',(0.,0.,-1.));
#8046=DIRECTION('ref_axis',(-1.,0.,0.));
#8047=DIRECTION('',(-1.,0.,0.));
#8048=DIRECTION('center_axis',(0.,-1.,0.));
#8049=DIRECTION('ref_axis',(1.,0.,0.));
#8050=DIRECTION('',(1.,0.,0.));
#8051=DIRECTION('center_axis',(0.,0.,1.));
#8052=DIRECTION('ref_axis',(1.,0.,0.));
#8053=DIRECTION('center_axis',(0.,0.,1.));
#8054=DIRECTION('ref_axis',(1.,0.,0.));
#8055=DIRECTION('center_axis',(0.,0.,-1.));
#8056=DIRECTION('ref_axis',(1.,0.,0.));
#8057=DIRECTION('',(-1.,0.,0.));
#8058=DIRECTION('',(0.,1.,0.));
#8059=DIRECTION('center_axis',(0.,0.,-1.));
#8060=DIRECTION('ref_axis',(1.,0.,0.));
#8061=DIRECTION('',(0.376377046955938,-0.926466577122309,0.));
#8062=DIRECTION('',(0.628598803169966,0.412195936504896,-0.659513498407833));
#8063=DIRECTION('',(0.628598803169966,0.412195936504896,-0.659513498407833));
#8064=DIRECTION('',(0.628598803169966,0.412195936504896,-0.659513498407833));
#8065=DIRECTION('',(0.0525588331227637,-0.99861782933251,0.));
#8066=DIRECTION('',(0.0525588331227637,-0.99861782933251,0.));
#8067=DIRECTION('',(0.0525588331227637,-0.99861782933251,0.));
#8068=DIRECTION('',(0.0525588331227637,-0.99861782933251,0.));
#8069=DIRECTION('',(0.438245608788675,0.327048961782593,-0.837245342163438));
#8070=DIRECTION('center_axis',(0.,0.,1.));
#8071=DIRECTION('ref_axis',(1.,0.,0.));
#8072=DIRECTION('center_axis',(-1.,0.,0.));
#8073=DIRECTION('ref_axis',(0.,-1.,0.));
#8074=DIRECTION('',(0.,-1.,0.));
#8075=DIRECTION('',(0.,0.,1.));
#8076=DIRECTION('',(0.,0.,1.));
#8077=DIRECTION('center_axis',(0.,-1.,0.));
#8078=DIRECTION('ref_axis',(1.,0.,0.));
#8079=DIRECTION('',(1.,0.,0.));
#8080=DIRECTION('',(0.,0.,-1.));
#8081=DIRECTION('center_axis',(0.,0.,1.));
#8082=DIRECTION('ref_axis',(1.,0.,0.));
#8083=DIRECTION('center_axis',(0.,0.,1.));
#8084=DIRECTION('ref_axis',(1.,0.,0.));
#8085=DIRECTION('center_axis',(0.,0.,1.));
#8086=DIRECTION('ref_axis',(1.,0.,0.));
#8087=DIRECTION('',(0.,0.,1.));
#8088=DIRECTION('center_axis',(0.,0.,1.));
#8089=DIRECTION('ref_axis',(1.,0.,0.));
#8090=DIRECTION('center_axis',(0.,1.,0.));
#8091=DIRECTION('ref_axis',(-1.,0.,0.));
#8092=DIRECTION('',(0.,0.,1.));
#8093=DIRECTION('',(1.,0.,0.));
#8094=DIRECTION('',(0.,0.,-1.));
#8095=DIRECTION('',(-1.,0.,0.));
#8096=DIRECTION('',(0.,0.,1.));
#8097=DIRECTION('center_axis',(0.,0.,-1.));
#8098=DIRECTION('ref_axis',(-1.,0.,0.));
#8099=DIRECTION('',(0.,1.,0.));
#8100=DIRECTION('',(0.,-1.,0.));
#8101=DIRECTION('',(-1.,0.,0.));
#8102=DIRECTION('center_axis',(1.,0.,0.));
#8103=DIRECTION('ref_axis',(0.,1.,0.));
#8104=DIRECTION('',(0.,1.,0.));
#8105=DIRECTION('',(0.,0.,1.));
#8106=DIRECTION('center_axis',(0.,-1.,0.));
#8107=DIRECTION('ref_axis',(1.,0.,0.));
#8108=DIRECTION('',(1.,0.,0.));
#8109=DIRECTION('',(0.,0.,1.));
#8110=DIRECTION('center_axis',(-1.,0.,0.));
#8111=DIRECTION('ref_axis',(0.,-1.,0.));
#8112=DIRECTION('',(0.,-1.,0.));
#8113=DIRECTION('center_axis',(0.,0.,1.));
#8114=DIRECTION('ref_axis',(1.,0.,0.));
#8115=DIRECTION('',(1.,0.,0.));
#8116=DIRECTION('',(0.,0.228191322789328,-0.973616310567801));
#8117=DIRECTION('',(0.973417168333576,0.229039333725547,0.));
#8118=DIRECTION('center_axis',(0.,0.,1.));
#8119=DIRECTION('ref_axis',(1.,0.,0.));
#8120=DIRECTION('',(0.148340452930245,-0.988936352868297,0.));
#8121=DIRECTION('',(0.319734556914214,0.784624630856437,0.531162876873254));
#8122=DIRECTION('center_axis',(0.,0.,1.));
#8123=DIRECTION('ref_axis',(1.,0.,0.));
#8124=DIRECTION('',(-0.69639783161621,0.474816703374689,0.538125597157981));
#8125=DIRECTION('',(-0.69639783161621,0.474816703374689,0.538125597157981));
#8126=DIRECTION('',(0.148340452930245,0.988936352868297,0.));
#8127=DIRECTION('center_axis',(0.,0.,1.));
#8128=DIRECTION('ref_axis',(1.,0.,0.));
#8129=DIRECTION('center_axis',(0.,0.,1.));
#8130=DIRECTION('ref_axis',(1.,0.,0.));
#8131=DIRECTION('center_axis',(0.,0.,1.));
#8132=DIRECTION('ref_axis',(-0.954167850847679,-0.299271970636613,0.));
#8133=DIRECTION('center_axis',(0.,0.,-1.));
#8134=DIRECTION('ref_axis',(1.,0.,0.));
#8135=DIRECTION('center_axis',(0.,0.,1.));
#8136=DIRECTION('ref_axis',(1.,0.,0.));
#8137=DIRECTION('center_axis',(0.,0.,1.));
#8138=DIRECTION('ref_axis',(-0.957332453481512,-0.288988881293154,0.));
#8139=DIRECTION('',(0.148340452930245,-0.988936352868297,0.));
#8140=DIRECTION('',(0.69639783161621,0.474816703374689,0.538125597157981));
#8141=DIRECTION('',(0.69639783161621,0.474816703374689,0.538125597157981));
#8142=DIRECTION('center_axis',(0.,0.,1.));
#8143=DIRECTION('ref_axis',(1.,0.,0.));
#8144=DIRECTION('center_axis',(0.,0.,1.));
#8145=DIRECTION('ref_axis',(1.,0.,0.));
#8146=DIRECTION('center_axis',(0.,0.,1.));
#8147=DIRECTION('ref_axis',(1.,0.,0.));
#8148=DIRECTION('center_axis',(0.,0.,-1.));
#8149=DIRECTION('ref_axis',(1.,0.,0.));
#8150=DIRECTION('center_axis',(0.,0.,1.));
#8151=DIRECTION('ref_axis',(1.,0.,0.));
#8152=DIRECTION('center_axis',(0.,0.,1.));
#8153=DIRECTION('ref_axis',(1.,0.,0.));
#8154=DIRECTION('',(0.0222167372851469,0.99975317783161,0.));
#8155=DIRECTION('',(-0.720588349538194,-0.0840386332268125,-0.688251362973726));
#8156=DIRECTION('',(-0.720588349538193,-0.0840386332268125,-0.688251362973726));
#8157=DIRECTION('',(-0.815110748397488,-0.16869875399142,0.554197797044185));
#8158=DIRECTION('',(0.0199960011996001,0.999800059980007,0.));
#8159=DIRECTION('center_axis',(0.,1.,0.));
#8160=DIRECTION('ref_axis',(-1.,0.,0.));
#8161=DIRECTION('',(1.,0.,0.));
#8162=DIRECTION('',(-1.,0.,0.));
#8163=DIRECTION('',(0.,0.,1.));
#8164=DIRECTION('',(1.,0.,0.));
#8165=DIRECTION('',(0.,0.,1.));
#8166=DIRECTION('',(-1.,0.,0.));
#8167=DIRECTION('',(0.,0.,1.));
#8168=DIRECTION('center_axis',(1.,0.,0.));
#8169=DIRECTION('ref_axis',(0.,1.,0.));
#8170=DIRECTION('',(0.,1.,0.));
#8171=DIRECTION('',(0.,0.,1.));
#8172=DIRECTION('',(0.,-1.,0.));
#8173=DIRECTION('center_axis',(1.,0.,0.));
#8174=DIRECTION('ref_axis',(0.,1.,0.));
#8175=DIRECTION('',(0.,-1.,0.));
#8176=DIRECTION('',(0.,1.,0.));
#8177=DIRECTION('',(0.,0.,1.));
#8178=DIRECTION('center_axis',(-1.,0.,0.));
#8179=DIRECTION('ref_axis',(0.,-1.,0.));
#8180=DIRECTION('',(0.,0.,-1.));
#8181=DIRECTION('',(0.,-1.,0.));
#8182=DIRECTION('',(0.,1.,0.));
#8183=DIRECTION('',(0.,-1.,0.));
#8184=DIRECTION('',(0.,0.,-1.));
#8185=DIRECTION('',(0.,1.,0.));
#8186=DIRECTION('',(0.,0.,1.));
#8187=DIRECTION('center_axis',(0.,0.,-1.));
#8188=DIRECTION('ref_axis',(-1.,0.,0.));
#8189=DIRECTION('',(-1.,0.,0.));
#8190=DIRECTION('center_axis',(0.,-1.,0.));
#8191=DIRECTION('ref_axis',(1.,0.,0.));
#8192=DIRECTION('',(-1.,0.,0.));
#8193=DIRECTION('',(1.,0.,0.));
#8194=DIRECTION('',(1.,0.,0.));
#8195=DIRECTION('',(0.,0.,-1.));
#8196=DIRECTION('center_axis',(0.,0.,1.));
#8197=DIRECTION('ref_axis',(1.,0.,0.));
#8198=DIRECTION('center_axis',(0.,0.,1.));
#8199=DIRECTION('ref_axis',(1.,0.,0.));
#8200=DIRECTION('',(0.114624107985131,-0.993408935871131,0.));
#8201=DIRECTION('',(0.973417168333576,0.229039333725547,0.));
#8202=DIRECTION('',(0.986932880775682,0.161131898902152,0.));
#8203=DIRECTION('',(-0.012499023551926,0.999921884154081,0.));
#8204=DIRECTION('',(1.,0.,0.));
#8205=DIRECTION('',(-0.0384331221012044,-0.999261174631314,0.));
#8206=DIRECTION('',(0.,1.,0.));
#8207=DIRECTION('',(1.,0.,0.));
#8208=DIRECTION('',(0.,-1.,0.));
#8209=DIRECTION('',(-1.,0.,0.));
#8210=DIRECTION('center_axis',(0.,0.,1.));
#8211=DIRECTION('ref_axis',(1.,0.,0.));
#8212=DIRECTION('',(-0.717580691628316,-0.69647537716866,0.));
#8213=DIRECTION('',(0.114624107985131,-0.993408935871131,0.));
#8214=DIRECTION('center_axis',(-0.993408935871131,-0.114624107985131,0.));
#8215=DIRECTION('ref_axis',(0.114624107985131,-0.993408935871131,0.));
#8216=DIRECTION('',(-0.114624107985131,0.993408935871131,0.));
#8217=DIRECTION('',(0.,0.,1.));
#8218=DIRECTION('center_axis',(0.,0.,-1.));
#8219=DIRECTION('ref_axis',(-1.,0.,0.));
#8220=DIRECTION('',(0.0384331221012044,0.999261174631314,0.));
#8221=DIRECTION('',(-1.,0.,0.));
#8222=DIRECTION('',(-0.986932880775682,-0.161131898902152,0.));
#8223=DIRECTION('',(-0.973417168333576,-0.229039333725547,0.));
#8224=DIRECTION('',(0.,-1.,0.));
#8225=DIRECTION('',(1.,0.,0.));
#8226=DIRECTION('',(0.,1.,0.));
#8227=DIRECTION('',(-1.,0.,0.));
#8228=DIRECTION('center_axis',(-0.69647537716866,0.717580691628316,0.));
#8229=DIRECTION('ref_axis',(-0.717580691628316,-0.69647537716866,0.));
#8230=DIRECTION('',(0.717580691628316,0.69647537716866,0.));
#8231=DIRECTION('',(0.,0.,1.));
#8232=DIRECTION('center_axis',(0.,1.,0.));
#8233=DIRECTION('ref_axis',(-1.,0.,0.));
#8234=DIRECTION('',(-1.,0.,0.));
#8235=DIRECTION('',(1.,0.,0.));
#8236=DIRECTION('',(0.,0.,1.));
#8237=DIRECTION('',(-1.,0.,0.));
#8238=DIRECTION('',(0.,0.,1.));
#8239=DIRECTION('',(1.,0.,0.));
#8240=DIRECTION('',(0.,0.,1.));
#8241=DIRECTION('center_axis',(-1.,0.,0.));
#8242=DIRECTION('ref_axis',(0.,-1.,0.));
#8243=DIRECTION('',(0.,1.,0.));
#8244=DIRECTION('',(0.,0.,-1.));
#8245=DIRECTION('',(0.,-1.,0.));
#8246=DIRECTION('center_axis',(1.,0.,0.));
#8247=DIRECTION('ref_axis',(0.,1.,0.));
#8248=DIRECTION('',(0.,1.,0.));
#8249=DIRECTION('',(0.,0.,1.));
#8250=DIRECTION('',(0.,-1.,0.));
#8251=DIRECTION('',(0.,1.,0.));
#8252=DIRECTION('',(0.,0.,-1.));
#8253=DIRECTION('',(0.,-1.,0.));
#8254=DIRECTION('',(0.,0.,1.));
#8255=DIRECTION('center_axis',(0.,0.,-1.));
#8256=DIRECTION('ref_axis',(-1.,0.,0.));
#8257=DIRECTION('',(-1.,0.,0.));
#8258=DIRECTION('',(0.,1.,0.));
#8259=DIRECTION('center_axis',(-1.,0.,0.));
#8260=DIRECTION('ref_axis',(0.,-1.,0.));
#8261=DIRECTION('',(0.,-1.,0.));
#8262=DIRECTION('',(0.,0.,-1.));
#8263=DIRECTION('center_axis',(0.,-1.,0.));
#8264=DIRECTION('ref_axis',(1.,0.,0.));
#8265=DIRECTION('',(1.,0.,0.));
#8266=DIRECTION('',(1.,0.,0.));
#8267=DIRECTION('',(-1.,0.,0.));
#8268=DIRECTION('',(0.,0.,1.));
#8269=DIRECTION('center_axis',(0.,0.,1.));
#8270=DIRECTION('ref_axis',(1.,0.,0.));
#8271=DIRECTION('center_axis',(0.,0.,1.));
#8272=DIRECTION('ref_axis',(1.,0.,0.));
#8273=DIRECTION('',(0.114624107985131,0.993408935871131,0.));
#8274=DIRECTION('',(-0.717580691628316,0.69647537716866,0.));
#8275=DIRECTION('center_axis',(0.69647537716866,0.717580691628316,0.));
#8276=DIRECTION('ref_axis',(-0.717580691628316,0.69647537716866,0.));
#8277=DIRECTION('',(0.,0.,1.));
#8278=DIRECTION('',(0.717580691628316,-0.69647537716866,0.));
#8279=DIRECTION('center_axis',(0.993408935871131,-0.114624107985131,0.));
#8280=DIRECTION('ref_axis',(0.114624107985131,0.993408935871131,0.));
#8281=DIRECTION('',(-0.114624107985131,-0.993408935871131,0.));
#8282=DIRECTION('center_axis',(0.993408935871131,-0.114624107985131,0.));
#8283=DIRECTION('ref_axis',(0.114624107985131,0.993408935871131,0.));
#8284=DIRECTION('',(0.114624107985131,0.993408935871131,0.));
#8285=DIRECTION('',(0.,0.,1.));
#8286=DIRECTION('',(-0.114624107985131,-0.993408935871131,0.));
#8287=DIRECTION('center_axis',(0.,0.,-1.));
#8288=DIRECTION('ref_axis',(-1.,0.,0.));
#8289=DIRECTION('center_axis',(0.,0.,-1.));
#8290=DIRECTION('ref_axis',(-1.,0.,0.));
#8291=DIRECTION('',(-0.973417168333576,0.229039333725547,0.));
#8292=DIRECTION('',(-0.986932880775682,0.161131898902152,0.));
#8293=DIRECTION('',(-1.,0.,0.));
#8294=DIRECTION('',(0.0384331221012044,-0.999261174631314,0.));
#8295=DIRECTION('',(0.,-1.,0.));
#8296=DIRECTION('',(1.,0.,0.));
#8297=DIRECTION('',(0.,1.,0.));
#8298=DIRECTION('',(-1.,0.,0.));
#8299=DIRECTION('center_axis',(1.,0.,0.));
#8300=DIRECTION('ref_axis',(0.,1.,0.));
#8301=DIRECTION('',(0.,0.,1.));
#8302=DIRECTION('',(0.,0.,1.));
#8303=DIRECTION('center_axis',(0.,1.,0.));
#8304=DIRECTION('ref_axis',(-1.,0.,0.));
#8305=DIRECTION('',(0.,0.,1.));
#8306=DIRECTION('center_axis',(-1.,0.,0.));
#8307=DIRECTION('ref_axis',(0.,-1.,0.));
#8308=DIRECTION('',(0.,0.,-1.));
#8309=DIRECTION('center_axis',(0.,-1.,0.));
#8310=DIRECTION('ref_axis',(1.,0.,0.));
#8311=DIRECTION('center_axis',(1.,0.,0.));
#8312=DIRECTION('ref_axis',(0.,1.,0.));
#8313=DIRECTION('',(0.,0.,1.));
#8314=DIRECTION('',(0.,-1.,0.));
#8315=DIRECTION('',(0.,0.,1.));
#8316=DIRECTION('center_axis',(0.,1.,0.));
#8317=DIRECTION('ref_axis',(-1.,0.,0.));
#8318=DIRECTION('',(1.,0.,0.));
#8319=DIRECTION('',(0.,0.,1.));
#8320=DIRECTION('center_axis',(-1.,0.,0.));
#8321=DIRECTION('ref_axis',(0.,-1.,0.));
#8322=DIRECTION('',(0.,1.,0.));
#8323=DIRECTION('',(0.,0.,-1.));
#8324=DIRECTION('center_axis',(0.,-1.,0.));
#8325=DIRECTION('ref_axis',(1.,0.,0.));
#8326=DIRECTION('',(-1.,0.,0.));
#8327=DIRECTION('center_axis',(0.,0.,1.));
#8328=DIRECTION('ref_axis',(1.,0.,0.));
#8329=DIRECTION('',(-0.0384331221012044,0.999261174631314,0.));
#8330=DIRECTION('',(1.,0.,0.));
#8331=DIRECTION('',(-0.012499023551926,-0.999921884154081,0.));
#8332=DIRECTION('',(0.986932880775682,-0.161131898902152,0.));
#8333=DIRECTION('',(0.973417168333576,-0.229039333725547,0.));
#8334=DIRECTION('center_axis',(-0.999921884154082,0.012499023551926,0.));
#8335=DIRECTION('ref_axis',(-0.012499023551926,-0.999921884154081,0.));
#8336=DIRECTION('',(0.,0.,-1.));
#8337=DIRECTION('center_axis',(-0.229039333725547,-0.973417168333576,0.));
#8338=DIRECTION('ref_axis',(0.973417168333576,-0.229039333725547,0.));
#8339=DIRECTION('',(0.,0.,1.));
#8340=DIRECTION('center_axis',(-0.161131898902152,-0.986932880775682,0.));
#8341=DIRECTION('ref_axis',(0.986932880775682,-0.161131898902152,0.));
#8342=DIRECTION('center_axis',(0.,-1.,0.));
#8343=DIRECTION('ref_axis',(1.,0.,0.));
#8344=DIRECTION('',(0.,0.,1.));
#8345=DIRECTION('',(1.,0.,0.));
#8346=DIRECTION('center_axis',(0.,0.,-1.));
#8347=DIRECTION('ref_axis',(-1.,0.,0.));
#8348=DIRECTION('',(-0.114624107985131,0.993408935871131,0.));
#8349=DIRECTION('center_axis',(0.161131898902152,-0.986932880775682,0.));
#8350=DIRECTION('ref_axis',(0.986932880775682,0.161131898902152,0.));
#8351=DIRECTION('',(0.,0.,-1.));
#8352=DIRECTION('',(0.,0.,1.));
#8353=DIRECTION('center_axis',(0.999921884154082,0.012499023551926,0.));
#8354=DIRECTION('ref_axis',(-0.012499023551926,0.999921884154081,0.));
#8355=DIRECTION('center_axis',(0.229039333725547,-0.973417168333576,0.));
#8356=DIRECTION('ref_axis',(0.973417168333576,0.229039333725547,0.));
#8357=DIRECTION('center_axis',(-0.993408935871131,-0.114624107985131,0.));
#8358=DIRECTION('ref_axis',(0.114624107985131,-0.993408935871131,0.));
#8359=DIRECTION('center_axis',(-0.999261174631314,0.0384331221012044,0.));
#8360=DIRECTION('ref_axis',(-0.0384331221012044,-0.999261174631314,0.));
#8361=DIRECTION('',(0.,0.,1.));
#8362=DIRECTION('',(-0.0384331221012044,-0.999261174631314,0.));
#8363=DIRECTION('',(0.,0.,1.));
#8364=DIRECTION('',(0.0384331221012044,0.999261174631314,0.));
#8365=DIRECTION('',(0.,0.,1.));
#8366=DIRECTION('center_axis',(0.,-1.,0.));
#8367=DIRECTION('ref_axis',(1.,0.,0.));
#8368=DIRECTION('',(1.,0.,0.));
#8369=DIRECTION('center_axis',(0.,-1.,0.));
#8370=DIRECTION('ref_axis',(1.,0.,0.));
#8371=DIRECTION('',(-1.,0.,0.));
#8372=DIRECTION('',(0.0199960011996001,-0.999800059980007,0.));
#8373=DIRECTION('',(0.551519298259601,0.739149574987094,0.386632085377864));
#8374=DIRECTION('center_axis',(0.,0.,-1.));
#8375=DIRECTION('ref_axis',(-1.,0.,0.));
#8376=DIRECTION('',(0.,1.,0.));
#8377=DIRECTION('',(1.,0.,0.));
#8378=DIRECTION('center_axis',(0.,1.,0.));
#8379=DIRECTION('ref_axis',(-1.,0.,0.));
#8380=DIRECTION('',(0.,0.,1.));
#8381=DIRECTION('',(-1.,0.,0.));
#8382=DIRECTION('center_axis',(0.,1.,0.));
#8383=DIRECTION('ref_axis',(-1.,0.,0.));
#8384=DIRECTION('',(0.,0.,1.));
#8385=DIRECTION('center_axis',(0.,0.,1.));
#8386=DIRECTION('ref_axis',(1.,0.,0.));
#8387=DIRECTION('',(0.,-1.,0.));
#8388=DIRECTION('center_axis',(-1.,0.,0.));
#8389=DIRECTION('ref_axis',(0.,-1.,0.));
#8390=DIRECTION('center_axis',(-1.,0.,0.));
#8391=DIRECTION('ref_axis',(0.,-1.,0.));
#8392=DIRECTION('',(-0.265156483021042,-0.96420539280379,0.));
#8393=DIRECTION('',(0.353274871004372,-0.495824380357014,-0.793319008571222));
#8394=DIRECTION('',(-0.0693975017132203,-0.997589087127542,0.));
#8395=DIRECTION('',(0.494425154519621,-0.566528822887065,-0.659233539359494));
#8396=DIRECTION('',(0.494425154519621,-0.566528822887065,-0.659233539359494));
#8397=DIRECTION('center_axis',(0.,1.,0.));
#8398=DIRECTION('ref_axis',(-1.,0.,0.));
#8399=DIRECTION('',(0.,0.,1.));
#8400=DIRECTION('',(-1.,0.,0.));
#8401=DIRECTION('',(0.,0.,1.));
#8402=DIRECTION('center_axis',(-1.,0.,0.));
#8403=DIRECTION('ref_axis',(0.,-1.,0.));
#8404=DIRECTION('',(0.,-1.,0.));
#8405=DIRECTION('center_axis',(1.,0.,0.));
#8406=DIRECTION('ref_axis',(0.,1.,0.));
#8407=DIRECTION('',(0.,1.,0.));
#8408=DIRECTION('center_axis',(1.,0.,0.));
#8409=DIRECTION('ref_axis',(0.,1.,0.));
#8410=DIRECTION('',(0.,-1.,0.));
#8411=DIRECTION('',(0.,0.,1.));
#8412=DIRECTION('center_axis',(0.,0.,-1.));
#8413=DIRECTION('ref_axis',(-1.,0.,0.));
#8414=DIRECTION('',(1.,0.,0.));
#8415=DIRECTION('center_axis',(0.,1.,0.));
#8416=DIRECTION('ref_axis',(-1.,0.,0.));
#8417=DIRECTION('center_axis',(0.,0.,1.));
#8418=DIRECTION('ref_axis',(1.,0.,0.));
#8419=DIRECTION('',(-0.265156483021042,0.96420539280379,0.));
#8420=DIRECTION('',(-0.494425154519621,-0.566528822887065,-0.659233539359494));
#8421=DIRECTION('',(-0.494425154519621,-0.566528822887065,-0.659233539359494));
#8422=DIRECTION('',(-0.0693975017132203,0.997589087127542,0.));
#8423=DIRECTION('',(-0.353274871004372,-0.495824380357014,-0.793319008571222));
#8424=DIRECTION('',(-0.45622781187796,-0.73585130948058,0.500378890446794));
#8425=DIRECTION('',(-0.150441996986463,0.988618837339611,0.));
#8426=DIRECTION('',(-0.45622781187796,-0.73585130948058,0.500378890446794));
#8427=DIRECTION('center_axis',(0.,0.,1.));
#8428=DIRECTION('ref_axis',(1.,0.,0.));
#8429=DIRECTION('',(-0.0384331221012044,0.999261174631314,0.));
#8430=DIRECTION('',(-0.658504607868518,0.752576694706878,0.));
#8431=DIRECTION('center_axis',(0.,-1.,0.));
#8432=DIRECTION('ref_axis',(1.,0.,0.));
#8433=DIRECTION('',(-1.,0.,0.));
#8434=DIRECTION('',(0.,0.,1.));
#8435=DIRECTION('center_axis',(0.999261174631314,0.0384331221012044,0.));
#8436=DIRECTION('ref_axis',(-0.0384331221012044,0.999261174631314,0.));
#8437=DIRECTION('',(0.0384331221012044,-0.999261174631314,0.));
#8438=DIRECTION('',(0.,0.,1.));
#8439=DIRECTION('center_axis',(0.,0.,-1.));
#8440=DIRECTION('ref_axis',(-1.,0.,0.));
#8441=DIRECTION('',(0.658504607868518,-0.752576694706878,0.));
#8442=DIRECTION('center_axis',(0.752576694706878,0.658504607868518,0.));
#8443=DIRECTION('ref_axis',(-0.658504607868518,0.752576694706878,0.));
#8444=DIRECTION('',(-0.0896376994958906,0.995974438843229,0.));
#8445=DIRECTION('',(-0.45622781187796,-0.73585130948058,0.500378890446794));
#8446=DIRECTION('',(0.0222167372851469,0.99975317783161,0.));
#8447=DIRECTION('center_axis',(0.,0.,1.));
#8448=DIRECTION('ref_axis',(1.,0.,0.));
#8449=DIRECTION('',(-0.658504607868518,-0.752576694706878,0.));
#8450=DIRECTION('center_axis',(-0.752576694706878,0.658504607868518,0.));
#8451=DIRECTION('ref_axis',(-0.658504607868518,-0.752576694706878,0.));
#8452=DIRECTION('',(0.658504607868518,0.752576694706878,0.));
#8453=DIRECTION('center_axis',(0.,0.,-1.));
#8454=DIRECTION('ref_axis',(-1.,0.,0.));
#8455=DIRECTION('',(0.720588349538193,-0.0840386332268125,-0.688251362973726));
#8456=DIRECTION('',(0.720588349538194,-0.0840386332268125,-0.688251362973726));
#8457=DIRECTION('',(0.0222167372851469,-0.99975317783161,0.));
#8458=DIRECTION('center_axis',(0.672672793996313,0.739940073395944,0.));
#8459=DIRECTION('ref_axis',(-0.739940073395944,0.672672793996312,0.));
#8460=DIRECTION('',(0.,0.,-1.));
#8461=DIRECTION('',(-0.739940073395944,0.672672793996312,0.));
#8462=DIRECTION('',(0.,0.,1.));
#8463=DIRECTION('',(0.739940073395944,-0.672672793996312,0.));
#8464=DIRECTION('center_axis',(0.,0.,1.));
#8465=DIRECTION('ref_axis',(1.,0.,0.));
#8466=DIRECTION('',(0.837610596838614,0.546267780546922,0.));
#8467=DIRECTION('',(0.837610596838614,-0.546267780546922,0.));
#8468=DIRECTION('',(-0.739940073395944,-0.672672793996312,0.));
#8469=DIRECTION('',(0.,-1.,0.));
#8470=DIRECTION('',(0.739940073395944,-0.672672793996312,0.));
#8471=DIRECTION('',(0.739940073395944,0.672672793996312,0.));
#8472=DIRECTION('',(0.,1.,0.));
#8473=DIRECTION('center_axis',(-0.672672793996313,0.739940073395944,0.));
#8474=DIRECTION('ref_axis',(-0.739940073395944,-0.672672793996312,0.));
#8475=DIRECTION('',(0.,0.,1.));
#8476=DIRECTION('',(0.739940073395944,0.672672793996312,0.));
#8477=DIRECTION('',(0.,0.,1.));
#8478=DIRECTION('center_axis',(1.,0.,0.));
#8479=DIRECTION('ref_axis',(0.,1.,0.));
#8480=DIRECTION('',(0.,-1.,0.));
#8481=DIRECTION('',(0.,0.,1.));
#8482=DIRECTION('center_axis',(0.672672793996313,-0.739940073395944,0.));
#8483=DIRECTION('ref_axis',(0.739940073395944,0.672672793996312,0.));
#8484=DIRECTION('',(-0.739940073395944,-0.672672793996312,0.));
#8485=DIRECTION('',(0.,0.,1.));
#8486=DIRECTION('center_axis',(-0.672672793996313,-0.739940073395944,0.));
#8487=DIRECTION('ref_axis',(0.739940073395944,-0.672672793996312,0.));
#8488=DIRECTION('',(-0.739940073395944,0.672672793996312,0.));
#8489=DIRECTION('',(0.,0.,1.));
#8490=DIRECTION('center_axis',(-1.,0.,0.));
#8491=DIRECTION('ref_axis',(0.,-1.,0.));
#8492=DIRECTION('',(0.,1.,0.));
#8493=DIRECTION('center_axis',(0.957826285221151,0.287347885566345,0.));
#8494=DIRECTION('ref_axis',(-0.287347885566345,0.957826285221151,0.));
#8495=DIRECTION('',(0.287347885566345,-0.957826285221151,0.));
#8496=DIRECTION('',(0.,0.,1.));
#8497=DIRECTION('',(-0.287347885566345,0.957826285221151,0.));
#8498=DIRECTION('',(0.,0.,1.));
#8499=DIRECTION('center_axis',(0.99975317783161,0.0222167372851469,0.));
#8500=DIRECTION('ref_axis',(-0.0222167372851469,0.99975317783161,0.));
#8501=DIRECTION('',(0.0222167372851469,-0.99975317783161,0.));
#8502=DIRECTION('',(-0.0222167372851469,0.99975317783161,0.));
#8503=DIRECTION('',(0.,0.,1.));
#8504=DIRECTION('center_axis',(0.546267780546922,-0.837610596838614,0.));
#8505=DIRECTION('ref_axis',(0.837610596838614,0.546267780546922,0.));
#8506=DIRECTION('',(-0.837610596838614,-0.546267780546922,0.));
#8507=DIRECTION('',(0.837610596838614,0.546267780546922,0.));
#8508=DIRECTION('',(0.,0.,1.));
#8509=DIRECTION('center_axis',(-0.546267780546922,-0.837610596838614,0.));
#8510=DIRECTION('ref_axis',(0.837610596838614,-0.546267780546922,0.));
#8511=DIRECTION('',(0.837610596838614,-0.546267780546922,0.));
#8512=DIRECTION('',(0.,0.,1.));
#8513=DIRECTION('',(-0.837610596838614,0.546267780546922,0.));
#8514=DIRECTION('center_axis',(-0.99975317783161,0.0222167372851469,0.));
#8515=DIRECTION('ref_axis',(-0.0222167372851469,-0.99975317783161,0.));
#8516=DIRECTION('',(0.0222167372851469,0.99975317783161,0.));
#8517=DIRECTION('',(-0.0222167372851469,-0.99975317783161,0.));
#8518=DIRECTION('',(0.,0.,1.));
#8519=DIRECTION('center_axis',(-0.957826285221151,0.287347885566345,0.));
#8520=DIRECTION('ref_axis',(-0.287347885566345,-0.957826285221151,0.));
#8521=DIRECTION('',(0.287347885566345,0.957826285221151,0.));
#8522=DIRECTION('',(-0.287347885566345,-0.957826285221151,0.));
#8523=DIRECTION('center_axis',(0.,0.,1.));
#8524=DIRECTION('ref_axis',(1.,0.,0.));
#8525=DIRECTION('center_axis',(0.,1.,0.));
#8526=DIRECTION('ref_axis',(-1.,0.,0.));
#8527=DIRECTION('',(0.,0.,1.));
#8528=DIRECTION('',(1.,0.,0.));
#8529=DIRECTION('',(0.,0.,1.));
#8530=DIRECTION('',(-1.,0.,0.));
#8531=DIRECTION('center_axis',(1.,0.,0.));
#8532=DIRECTION('ref_axis',(0.,1.,0.));
#8533=DIRECTION('',(0.,1.,0.));
#8534=DIRECTION('',(0.,0.,1.));
#8535=DIRECTION('',(0.,-1.,0.));
#8536=DIRECTION('center_axis',(-1.,0.,0.));
#8537=DIRECTION('ref_axis',(0.,-1.,0.));
#8538=DIRECTION('',(0.,1.,0.));
#8539=DIRECTION('',(0.,0.,1.));
#8540=DIRECTION('',(0.,-1.,0.));
#8541=DIRECTION('center_axis',(0.,-1.,0.));
#8542=DIRECTION('ref_axis',(1.,0.,0.));
#8543=DIRECTION('',(-1.,0.,0.));
#8544=DIRECTION('',(1.,0.,0.));
#8545=DIRECTION('center_axis',(0.,0.,1.));
#8546=DIRECTION('ref_axis',(1.,0.,0.));
#8547=DIRECTION('center_axis',(0.,0.,1.));
#8548=DIRECTION('ref_axis',(1.,0.,0.));
#8549=DIRECTION('center_axis',(0.,0.,1.));
#8550=DIRECTION('ref_axis',(1.,0.,0.));
#8551=DIRECTION('',(0.,-1.,0.));
#8552=DIRECTION('',(1.,0.,0.));
#8553=DIRECTION('',(0.,1.,0.));
#8554=DIRECTION('',(-1.,0.,0.));
#8555=DIRECTION('center_axis',(-1.,0.,0.));
#8556=DIRECTION('ref_axis',(0.,-1.,0.));
#8557=DIRECTION('',(0.,0.,1.));
#8558=DIRECTION('',(0.,1.,0.));
#8559=DIRECTION('',(0.,0.,1.));
#8560=DIRECTION('center_axis',(0.,1.,0.));
#8561=DIRECTION('ref_axis',(-1.,0.,0.));
#8562=DIRECTION('',(0.,0.,1.));
#8563=DIRECTION('',(1.,0.,0.));
#8564=DIRECTION('center_axis',(1.,0.,0.));
#8565=DIRECTION('ref_axis',(0.,1.,0.));
#8566=DIRECTION('',(0.,-1.,0.));
#8567=DIRECTION('',(0.,0.,1.));
#8568=DIRECTION('center_axis',(0.,-1.,0.));
#8569=DIRECTION('ref_axis',(1.,0.,0.));
#8570=DIRECTION('',(-1.,0.,0.));
#8571=DIRECTION('center_axis',(0.,0.,1.));
#8572=DIRECTION('ref_axis',(1.,0.,0.));
#8573=DIRECTION('center_axis',(0.,1.,0.));
#8574=DIRECTION('ref_axis',(-1.,0.,0.));
#8575=DIRECTION('',(0.,0.,1.));
#8576=DIRECTION('',(-1.,0.,0.));
#8577=DIRECTION('',(0.,0.,1.));
#8578=DIRECTION('',(-1.,0.,0.));
#8579=DIRECTION('center_axis',(-1.,0.,0.));
#8580=DIRECTION('ref_axis',(0.,-1.,0.));
#8581=DIRECTION('',(0.,-1.,0.));
#8582=DIRECTION('',(0.,0.,1.));
#8583=DIRECTION('center_axis',(1.,0.,0.));
#8584=DIRECTION('ref_axis',(0.,1.,0.));
#8585=DIRECTION('',(0.,0.,1.));
#8586=DIRECTION('',(0.,1.,0.));
#8587=DIRECTION('center_axis',(0.,-1.,0.));
#8588=DIRECTION('ref_axis',(1.,0.,0.));
#8589=DIRECTION('',(1.,0.,0.));
#8590=DIRECTION('',(1.,0.,0.));
#8591=DIRECTION('center_axis',(0.,0.,1.));
#8592=DIRECTION('ref_axis',(1.,0.,0.));
#8593=DIRECTION('center_axis',(0.,0.,1.));
#8594=DIRECTION('ref_axis',(1.,0.,0.));
#8595=DIRECTION('',(1.,0.,0.));
#8596=DIRECTION('center_axis',(0.,1.,0.));
#8597=DIRECTION('ref_axis',(-1.,0.,0.));
#8598=DIRECTION('',(-1.,0.,0.));
#8599=DIRECTION('',(0.,0.,1.));
#8600=DIRECTION('',(-1.,0.,0.));
#8601=DIRECTION('',(0.,0.,1.));
#8602=DIRECTION('center_axis',(1.,0.,0.));
#8603=DIRECTION('ref_axis',(0.,1.,0.));
#8604=DIRECTION('',(0.,1.,0.));
#8605=DIRECTION('',(0.,0.,1.));
#8606=DIRECTION('',(0.,1.,0.));
#8607=DIRECTION('center_axis',(0.,-1.,0.));
#8608=DIRECTION('ref_axis',(1.,0.,0.));
#8609=DIRECTION('',(1.,0.,0.));
#8610=DIRECTION('',(0.,0.,1.));
#8611=DIRECTION('',(1.,0.,0.));
#8612=DIRECTION('center_axis',(-1.,0.,0.));
#8613=DIRECTION('ref_axis',(0.,-1.,0.));
#8614=DIRECTION('',(0.,-1.,0.));
#8615=DIRECTION('',(0.,-1.,0.));
#8616=DIRECTION('center_axis',(0.,0.,1.));
#8617=DIRECTION('ref_axis',(1.,0.,0.));
#8618=DIRECTION('center_axis',(0.,1.,0.));
#8619=DIRECTION('ref_axis',(-1.,0.,0.));
#8620=DIRECTION('',(0.,0.,1.));
#8621=DIRECTION('',(-1.,0.,0.));
#8622=DIRECTION('',(0.,0.,1.));
#8623=DIRECTION('',(-1.,0.,0.));
#8624=DIRECTION('center_axis',(-1.,0.,0.));
#8625=DIRECTION('ref_axis',(0.,-1.,0.));
#8626=DIRECTION('',(0.,-1.,0.));
#8627=DIRECTION('',(0.,0.,1.));
#8628=DIRECTION('center_axis',(1.,0.,0.));
#8629=DIRECTION('ref_axis',(0.,1.,0.));
#8630=DIRECTION('',(0.,0.,1.));
#8631=DIRECTION('',(0.,1.,0.));
#8632=DIRECTION('center_axis',(0.,-1.,0.));
#8633=DIRECTION('ref_axis',(1.,0.,0.));
#8634=DIRECTION('',(1.,0.,0.));
#8635=DIRECTION('',(1.,0.,0.));
#8636=DIRECTION('center_axis',(0.,0.,1.));
#8637=DIRECTION('ref_axis',(1.,0.,0.));
#8638=DIRECTION('center_axis',(0.,0.,1.));
#8639=DIRECTION('ref_axis',(1.,0.,0.));
#8640=DIRECTION('center_axis',(0.,0.,1.));
#8641=DIRECTION('ref_axis',(1.,0.,0.));
#8642=DIRECTION('',(1.,0.,0.));
#8643=DIRECTION('center_axis',(-1.,0.,0.));
#8644=DIRECTION('ref_axis',(0.,-1.,0.));
#8645=DIRECTION('',(0.,0.,1.));
#8646=DIRECTION('',(0.,-1.,0.));
#8647=DIRECTION('',(0.,0.,1.));
#8648=DIRECTION('center_axis',(1.,0.,0.));
#8649=DIRECTION('ref_axis',(0.,1.,0.));
#8650=DIRECTION('',(0.,0.,1.));
#8651=DIRECTION('',(0.,1.,0.));
#8652=DIRECTION('',(0.,0.,1.));
#8653=DIRECTION('center_axis',(0.,1.,0.));
#8654=DIRECTION('ref_axis',(-1.,0.,0.));
#8655=DIRECTION('',(-1.,0.,0.));
#8656=DIRECTION('',(-1.,0.,0.));
#8657=DIRECTION('center_axis',(0.,-1.,0.));
#8658=DIRECTION('ref_axis',(1.,0.,0.));
#8659=DIRECTION('',(1.,0.,0.));
#8660=DIRECTION('center_axis',(0.,0.,1.));
#8661=DIRECTION('ref_axis',(1.,0.,0.));
#8662=DIRECTION('center_axis',(0.,1.,0.));
#8663=DIRECTION('ref_axis',(-1.,0.,0.));
#8664=DIRECTION('',(-1.,0.,0.));
#8665=DIRECTION('',(0.,0.,1.));
#8666=DIRECTION('',(-1.,0.,0.));
#8667=DIRECTION('',(0.,0.,1.));
#8668=DIRECTION('center_axis',(1.,0.,0.));
#8669=DIRECTION('ref_axis',(0.,1.,0.));
#8670=DIRECTION('',(0.,1.,0.));
#8671=DIRECTION('',(0.,0.,1.));
#8672=DIRECTION('',(0.,1.,0.));
#8673=DIRECTION('center_axis',(0.,-1.,0.));
#8674=DIRECTION('ref_axis',(1.,0.,0.));
#8675=DIRECTION('',(1.,0.,0.));
#8676=DIRECTION('',(0.,0.,1.));
#8677=DIRECTION('',(1.,0.,0.));
#8678=DIRECTION('center_axis',(-1.,0.,0.));
#8679=DIRECTION('ref_axis',(0.,-1.,0.));
#8680=DIRECTION('',(0.,-1.,0.));
#8681=DIRECTION('',(0.,-1.,0.));
#8682=DIRECTION('center_axis',(0.,0.,1.));
#8683=DIRECTION('ref_axis',(1.,0.,0.));
#8684=DIRECTION('center_axis',(0.,1.,0.));
#8685=DIRECTION('ref_axis',(-1.,0.,0.));
#8686=DIRECTION('',(1.,0.,0.));
#8687=DIRECTION('',(0.,0.,1.));
#8688=DIRECTION('',(-1.,0.,0.));
#8689=DIRECTION('center_axis',(0.,0.,1.));
#8690=DIRECTION('ref_axis',(1.,0.,0.));
#8691=DIRECTION('',(0.,1.,0.));
#8692=DIRECTION('',(1.,0.,0.));
#8693=DIRECTION('center_axis',(1.,0.,0.));
#8694=DIRECTION('ref_axis',(0.,1.,0.));
#8695=DIRECTION('',(0.,-1.,0.));
#8696=DIRECTION('',(0.,0.,1.));
#8697=DIRECTION('center_axis',(0.,-1.,0.));
#8698=DIRECTION('ref_axis',(1.,0.,0.));
#8699=DIRECTION('',(-1.,0.,0.));
#8700=DIRECTION('center_axis',(0.,0.,1.));
#8701=DIRECTION('ref_axis',(1.,0.,0.));
#8702=DIRECTION('',(-0.150441996986463,-0.988618837339611,0.));
#8703=DIRECTION('',(0.0222167372851469,-0.99975317783161,0.));
#8704=DIRECTION('center_axis',(0.,1.,0.));
#8705=DIRECTION('ref_axis',(-1.,0.,0.));
#8706=DIRECTION('',(-1.,0.,0.));
#8707=DIRECTION('',(0.,0.,1.));
#8708=DIRECTION('',(1.,0.,0.));
#8709=DIRECTION('center_axis',(0.,0.,1.));
#8710=DIRECTION('ref_axis',(1.,0.,0.));
#8711=DIRECTION('',(0.,1.,0.));
#8712=DIRECTION('',(-1.,0.,0.));
#8713=DIRECTION('center_axis',(-1.,0.,0.));
#8714=DIRECTION('ref_axis',(0.,-1.,0.));
#8715=DIRECTION('',(0.,-1.,0.));
#8716=DIRECTION('',(0.,0.,1.));
#8717=DIRECTION('center_axis',(0.,-1.,0.));
#8718=DIRECTION('ref_axis',(1.,0.,0.));
#8719=DIRECTION('',(1.,0.,0.));
#8720=DIRECTION('center_axis',(0.,0.,1.));
#8721=DIRECTION('ref_axis',(1.,0.,0.));
#8722=DIRECTION('center_axis',(0.,0.,1.));
#8723=DIRECTION('ref_axis',(1.,0.,0.));
#8724=DIRECTION('',(0.,-1.,0.));
#8725=DIRECTION('',(1.,0.,0.));
#8726=DIRECTION('',(0.,1.,0.));
#8727=DIRECTION('',(-1.,0.,0.));
#8728=DIRECTION('center_axis',(1.,0.,0.));
#8729=DIRECTION('ref_axis',(0.,1.,0.));
#8730=DIRECTION('',(0.,0.,1.));
#8731=DIRECTION('',(0.,1.,0.));
#8732=DIRECTION('',(0.,0.,1.));
#8733=DIRECTION('center_axis',(0.,1.,0.));
#8734=DIRECTION('ref_axis',(-1.,0.,0.));
#8735=DIRECTION('',(-1.,0.,0.));
#8736=DIRECTION('',(0.,0.,1.));
#8737=DIRECTION('center_axis',(0.,-1.,0.));
#8738=DIRECTION('ref_axis',(1.,0.,0.));
#8739=DIRECTION('',(0.,0.,1.));
#8740=DIRECTION('',(1.,0.,0.));
#8741=DIRECTION('center_axis',(-1.,0.,0.));
#8742=DIRECTION('ref_axis',(0.,-1.,0.));
#8743=DIRECTION('',(0.,-1.,0.));
#8744=DIRECTION('center_axis',(0.,0.,1.));
#8745=DIRECTION('ref_axis',(1.,0.,0.));
#8746=DIRECTION('center_axis',(0.,0.,1.));
#8747=DIRECTION('ref_axis',(1.,0.,0.));
#8748=DIRECTION('',(-0.105293769951942,-0.994441160657234,0.));
#8749=DIRECTION('',(-0.105293769951942,-0.994441160657234,0.));
#8750=DIRECTION('',(-0.105293769951942,0.994441160657234,0.));
#8751=DIRECTION('',(-0.105293769951942,0.994441160657234,0.));
#8752=DIRECTION('',(-0.304775727103784,-0.952424147199324,0.));
#8753=DIRECTION('',(-2.19641857705677E-17,-0.76068664534764,-0.649119270696653));
#8754=DIRECTION('',(0.13768749824675,-0.680369695998387,-0.719818886660814));
#8755=DIRECTION('',(-0.13768749824675,-0.680369695998387,-0.719818886660814));
#8756=DIRECTION('',(-0.304775727103784,0.952424147199324,0.));
#8757=DIRECTION('center_axis',(0.,0.,1.));
#8758=DIRECTION('ref_axis',(1.,0.,0.));
#8759=DIRECTION('',(0.0199960011996001,0.999800059980007,0.));
#8760=DIRECTION('',(-0.21486178267512,0.97664446670509,0.));
#8761=DIRECTION('',(-0.21486178267512,-0.97664446670509,0.));
#8762=DIRECTION('',(-0.196116135138184,-0.98058067569092,0.));
#8763=DIRECTION('',(-0.0896376994958906,-0.995974438843229,0.));
#8764=DIRECTION('',(-3.58152087087588E-17,-0.826926502069528,0.562310021407279));
#8765=DIRECTION('',(0.551737259068245,0.689671573835307,0.468976670208009));
#8766=DIRECTION('center_axis',(0.,0.,1.));
#8767=DIRECTION('ref_axis',(1.,0.,0.));
#8768=DIRECTION('',(0.0277670672403533,0.999614420652718,0.));
#8769=DIRECTION('',(1.,0.,0.));
#8770=DIRECTION('',(-0.0434372242763069,-0.99905615835506,0.));
#8771=DIRECTION('',(-0.524097425664335,-0.851658316704544,0.));
#8772=DIRECTION('center_axis',(0.999614420652718,-0.0277670672403533,0.));
#8773=DIRECTION('ref_axis',(0.0277670672403533,0.999614420652718,0.));
#8774=DIRECTION('',(0.,0.,1.));
#8775=DIRECTION('',(-0.0277670672403533,-0.999614420652718,0.));
#8776=DIRECTION('',(0.,0.,-1.));
#8777=DIRECTION('center_axis',(-0.851658316704544,0.524097425664335,0.));
#8778=DIRECTION('ref_axis',(-0.524097425664335,-0.851658316704544,0.));
#8779=DIRECTION('',(0.,0.,1.));
#8780=DIRECTION('',(0.524097425664335,0.851658316704544,0.));
#8781=DIRECTION('',(-0.524097425664335,-0.851658316704544,0.));
#8782=DIRECTION('',(0.,0.,1.));
#8783=DIRECTION('',(0.524097425664335,0.851658316704544,0.));
#8784=DIRECTION('',(0.,0.,-1.));
#8785=DIRECTION('center_axis',(-0.99905615835506,0.0434372242763069,0.));
#8786=DIRECTION('ref_axis',(-0.0434372242763069,-0.99905615835506,0.));
#8787=DIRECTION('',(0.,0.,1.));
#8788=DIRECTION('',(0.0434372242763069,0.99905615835506,0.));
#8789=DIRECTION('center_axis',(0.,-1.,0.));
#8790=DIRECTION('ref_axis',(1.,0.,0.));
#8791=DIRECTION('',(-1.,0.,0.));
#8792=DIRECTION('center_axis',(0.,0.,-1.));
#8793=DIRECTION('ref_axis',(-1.,0.,0.));
#8794=DIRECTION('center_axis',(0.,0.,1.));
#8795=DIRECTION('ref_axis',(1.,0.,0.));
#8796=DIRECTION('',(0.,-1.,0.));
#8797=DIRECTION('',(1.,0.,0.));
#8798=DIRECTION('',(0.,1.,0.));
#8799=DIRECTION('center_axis',(0.,-1.,0.));
#8800=DIRECTION('ref_axis',(1.,0.,0.));
#8801=DIRECTION('',(0.,0.,1.));
#8802=DIRECTION('',(0.,0.,-1.));
#8803=DIRECTION('',(-1.,0.,0.));
#8804=DIRECTION('center_axis',(1.,0.,0.));
#8805=DIRECTION('ref_axis',(0.,1.,0.));
#8806=DIRECTION('',(0.,-1.,0.));
#8807=DIRECTION('center_axis',(-1.,0.,0.));
#8808=DIRECTION('ref_axis',(0.,-1.,0.));
#8809=DIRECTION('',(0.,1.,0.));
#8810=DIRECTION('center_axis',(0.,0.,-1.));
#8811=DIRECTION('ref_axis',(-1.,0.,0.));
#8812=DIRECTION('center_axis',(-0.966234939601246,0.257662650560332,0.));
#8813=DIRECTION('ref_axis',(-0.257662650560332,-0.966234939601246,0.));
#8814=DIRECTION('',(0.257662650560332,0.966234939601246,0.));
#8815=DIRECTION('',(0.,0.,1.));
#8816=DIRECTION('',(-0.257662650560332,-0.966234939601246,0.));
#8817=DIRECTION('',(0.,0.,1.));
#8818=DIRECTION('center_axis',(0.966234939601246,0.257662650560332,0.));
#8819=DIRECTION('ref_axis',(-0.257662650560332,0.966234939601246,0.));
#8820=DIRECTION('',(0.257662650560332,-0.966234939601246,0.));
#8821=DIRECTION('',(-0.257662650560332,0.966234939601246,0.));
#8822=DIRECTION('',(0.,0.,1.));
#8823=DIRECTION('center_axis',(0.999687646408123,0.0249921911602031,0.));
#8824=DIRECTION('ref_axis',(-0.0249921911602031,0.999687646408123,0.));
#8825=DIRECTION('',(0.0249921911602031,-0.999687646408123,0.));
#8826=DIRECTION('',(-0.0249921911602031,0.999687646408123,0.));
#8827=DIRECTION('',(0.,0.,1.));
#8828=DIRECTION('center_axis',(0.857492925712544,-0.514495755427527,0.));
#8829=DIRECTION('ref_axis',(0.514495755427527,0.857492925712544,0.));
#8830=DIRECTION('',(-0.514495755427527,-0.857492925712544,0.));
#8831=DIRECTION('',(0.514495755427527,0.857492925712544,0.));
#8832=DIRECTION('',(0.,0.,1.));
#8833=DIRECTION('center_axis',(-0.857492925712544,-0.514495755427527,0.));
#8834=DIRECTION('ref_axis',(0.514495755427527,-0.857492925712544,0.));
#8835=DIRECTION('',(-0.514495755427527,0.857492925712544,0.));
#8836=DIRECTION('',(0.514495755427527,-0.857492925712544,0.));
#8837=DIRECTION('',(0.,0.,1.));
#8838=DIRECTION('center_axis',(-0.999687646408123,0.0249921911602031,0.));
#8839=DIRECTION('ref_axis',(-0.0249921911602031,-0.999687646408123,0.));
#8840=DIRECTION('',(0.0249921911602031,0.999687646408123,0.));
#8841=DIRECTION('',(-0.0249921911602031,-0.999687646408123,0.));
#8842=DIRECTION('center_axis',(0.,0.,1.));
#8843=DIRECTION('ref_axis',(1.,0.,0.));
#8844=DIRECTION('center_axis',(0.,0.,1.));
#8845=DIRECTION('ref_axis',(1.,0.,0.));
#8846=DIRECTION('center_axis',(0.,-1.,0.));
#8847=DIRECTION('ref_axis',(1.,0.,0.));
#8848=DIRECTION('',(1.,0.,0.));
#8849=DIRECTION('',(0.,0.,1.));
#8850=DIRECTION('',(1.,0.,0.));
#8851=DIRECTION('',(0.,0.,1.));
#8852=DIRECTION('center_axis',(-0.999200958721789,0.0399680383488716,0.));
#8853=DIRECTION('ref_axis',(-0.0399680383488716,-0.999200958721789,0.));
#8854=DIRECTION('',(-0.0399680383488716,-0.999200958721789,0.));
#8855=DIRECTION('',(-0.0399680383488716,-0.999200958721789,0.));
#8856=DIRECTION('',(0.,0.,1.));
#8857=DIRECTION('center_axis',(-0.98058067569092,0.196116135138184,0.));
#8858=DIRECTION('ref_axis',(-0.196116135138184,-0.98058067569092,0.));
#8859=DIRECTION('',(-0.196116135138184,-0.98058067569092,0.));
#8860=DIRECTION('',(-0.196116135138184,-0.98058067569092,0.));
#8861=DIRECTION('',(0.,0.,1.));
#8862=DIRECTION('center_axis',(0.99975317783161,-0.0222167372851469,0.));
#8863=DIRECTION('ref_axis',(0.0222167372851469,0.99975317783161,0.));
#8864=DIRECTION('',(0.0222167372851469,0.99975317783161,0.));
#8865=DIRECTION('',(0.0222167372851469,0.99975317783161,0.));
#8866=DIRECTION('center_axis',(0.,0.,1.));
#8867=DIRECTION('ref_axis',(1.,0.,0.));
#8868=DIRECTION('center_axis',(0.,0.,1.));
#8869=DIRECTION('ref_axis',(1.,0.,0.));
#8870=DIRECTION('center_axis',(-0.99975317783161,-0.0222167372851469,0.));
#8871=DIRECTION('ref_axis',(0.0222167372851469,-0.99975317783161,0.));
#8872=DIRECTION('',(-0.0222167372851469,0.99975317783161,0.));
#8873=DIRECTION('',(0.,0.,1.));
#8874=DIRECTION('',(0.0222167372851469,-0.99975317783161,0.));
#8875=DIRECTION('',(0.,0.,1.));
#8876=DIRECTION('center_axis',(0.98058067569092,0.196116135138184,0.));
#8877=DIRECTION('ref_axis',(-0.196116135138184,0.98058067569092,0.));
#8878=DIRECTION('',(0.196116135138184,-0.98058067569092,0.));
#8879=DIRECTION('',(-0.196116135138184,0.98058067569092,0.));
#8880=DIRECTION('',(0.,0.,1.));
#8881=DIRECTION('center_axis',(0.999200958721789,0.0399680383488716,0.));
#8882=DIRECTION('ref_axis',(-0.0399680383488716,0.999200958721789,0.));
#8883=DIRECTION('',(0.0399680383488716,-0.999200958721789,0.));
#8884=DIRECTION('',(-0.0399680383488716,0.999200958721789,0.));
#8885=DIRECTION('',(0.,0.,1.));
#8886=DIRECTION('center_axis',(0.,-1.,0.));
#8887=DIRECTION('ref_axis',(1.,0.,0.));
#8888=DIRECTION('',(-1.,0.,0.));
#8889=DIRECTION('',(1.,0.,0.));
#8890=DIRECTION('center_axis',(0.,0.,1.));
#8891=DIRECTION('ref_axis',(1.,0.,0.));
#8892=DIRECTION('center_axis',(0.,0.,1.));
#8893=DIRECTION('ref_axis',(1.,0.,0.));
#8894=DIRECTION('center_axis',(0.,-1.,0.));
#8895=DIRECTION('ref_axis',(1.,0.,0.));
#8896=DIRECTION('',(1.,0.,0.));
#8897=DIRECTION('',(0.,0.,1.));
#8898=DIRECTION('',(1.,0.,0.));
#8899=DIRECTION('',(0.,0.,1.));
#8900=DIRECTION('center_axis',(-0.999938277319942,0.0111104253035549,0.));
#8901=DIRECTION('ref_axis',(-0.0111104253035549,-0.999938277319943,0.));
#8902=DIRECTION('',(-0.0111104253035549,-0.999938277319943,0.));
#8903=DIRECTION('',(-0.0111104253035549,-0.999938277319943,0.));
#8904=DIRECTION('',(0.,0.,1.));
#8905=DIRECTION('center_axis',(-0.966234939601246,0.257662650560332,0.));
#8906=DIRECTION('ref_axis',(-0.257662650560332,-0.966234939601246,0.));
#8907=DIRECTION('',(-0.257662650560332,-0.966234939601246,0.));
#8908=DIRECTION('',(-0.257662650560332,-0.966234939601246,0.));
#8909=DIRECTION('',(0.,0.,1.));
#8910=DIRECTION('center_axis',(0.9998611400396,0.0166643523339933,0.));
#8911=DIRECTION('ref_axis',(-0.0166643523339933,0.9998611400396,0.));
#8912=DIRECTION('',(-0.0166643523339933,0.9998611400396,0.));
#8913=DIRECTION('',(-0.0166643523339933,0.9998611400396,0.));
#8914=DIRECTION('center_axis',(0.,0.,1.));
#8915=DIRECTION('ref_axis',(1.,0.,0.));
#8916=DIRECTION('center_axis',(0.,0.,1.));
#8917=DIRECTION('ref_axis',(1.,0.,0.));
#8918=DIRECTION('center_axis',(-0.9998611400396,0.0166643523339933,0.));
#8919=DIRECTION('ref_axis',(-0.0166643523339933,-0.9998611400396,0.));
#8920=DIRECTION('',(0.0166643523339933,0.9998611400396,0.));
#8921=DIRECTION('',(0.,0.,1.));
#8922=DIRECTION('',(-0.0166643523339933,-0.9998611400396,0.));
#8923=DIRECTION('',(0.,0.,1.));
#8924=DIRECTION('center_axis',(0.966234939601246,0.257662650560332,0.));
#8925=DIRECTION('ref_axis',(-0.257662650560332,0.966234939601246,0.));
#8926=DIRECTION('',(0.257662650560332,-0.966234939601246,0.));
#8927=DIRECTION('',(-0.257662650560332,0.966234939601246,0.));
#8928=DIRECTION('',(0.,0.,1.));
#8929=DIRECTION('center_axis',(0.999938277319942,0.0111104253035549,0.));
#8930=DIRECTION('ref_axis',(-0.0111104253035549,0.999938277319943,0.));
#8931=DIRECTION('',(0.0111104253035549,-0.999938277319943,0.));
#8932=DIRECTION('',(-0.0111104253035549,0.999938277319943,0.));
#8933=DIRECTION('',(0.,0.,1.));
#8934=DIRECTION('center_axis',(0.,-1.,0.));
#8935=DIRECTION('ref_axis',(1.,0.,0.));
#8936=DIRECTION('',(-1.,0.,0.));
#8937=DIRECTION('',(1.,0.,0.));
#8938=DIRECTION('center_axis',(0.,0.,1.));
#8939=DIRECTION('ref_axis',(1.,0.,0.));
#8940=DIRECTION('center_axis',(0.,0.,1.));
#8941=DIRECTION('ref_axis',(1.,0.,0.));
#8942=DIRECTION('center_axis',(-1.,0.,0.));
#8943=DIRECTION('ref_axis',(0.,-1.,0.));
#8944=DIRECTION('',(0.,0.,1.));
#8945=DIRECTION('',(0.,1.,0.));
#8946=DIRECTION('',(0.,0.,1.));
#8947=DIRECTION('',(0.,-1.,0.));
#8948=DIRECTION('',(0.,0.,1.));
#8949=DIRECTION('',(0.,1.,0.));
#8950=DIRECTION('center_axis',(0.,1.,0.));
#8951=DIRECTION('ref_axis',(-1.,0.,0.));
#8952=DIRECTION('',(1.,0.,0.));
#8953=DIRECTION('',(-1.,0.,0.));
#8954=DIRECTION('',(0.,0.,1.));
#8955=DIRECTION('',(1.,0.,0.));
#8956=DIRECTION('',(0.,0.,-1.));
#8957=DIRECTION('center_axis',(1.,0.,0.));
#8958=DIRECTION('ref_axis',(0.,1.,0.));
#8959=DIRECTION('',(0.,-1.,0.));
#8960=DIRECTION('',(0.,1.,0.));
#8961=DIRECTION('',(0.,0.,1.));
#8962=DIRECTION('center_axis',(0.,-1.,0.));
#8963=DIRECTION('ref_axis',(1.,0.,0.));
#8964=DIRECTION('',(-1.,0.,0.));
#8965=DIRECTION('',(1.,0.,0.));
#8966=DIRECTION('center_axis',(0.,0.,1.));
#8967=DIRECTION('ref_axis',(1.,0.,0.));
#8968=DIRECTION('center_axis',(0.,-1.,0.));
#8969=DIRECTION('ref_axis',(1.,0.,0.));
#8970=DIRECTION('',(1.,0.,0.));
#8971=DIRECTION('',(0.,0.,1.));
#8972=DIRECTION('',(-1.,0.,0.));
#8973=DIRECTION('center_axis',(0.,0.,1.));
#8974=DIRECTION('ref_axis',(1.,0.,0.));
#8975=DIRECTION('',(0.,1.,0.));
#8976=DIRECTION('',(-1.,0.,0.));
#8977=DIRECTION('',(0.,-1.,0.));
#8978=DIRECTION('center_axis',(-1.,0.,0.));
#8979=DIRECTION('ref_axis',(0.,-1.,0.));
#8980=DIRECTION('',(0.,1.,0.));
#8981=DIRECTION('',(0.,0.,1.));
#8982=DIRECTION('center_axis',(0.,1.,0.));
#8983=DIRECTION('ref_axis',(-1.,0.,0.));
#8984=DIRECTION('',(1.,0.,0.));
#8985=DIRECTION('',(0.,0.,1.));
#8986=DIRECTION('center_axis',(1.,0.,0.));
#8987=DIRECTION('ref_axis',(0.,1.,0.));
#8988=DIRECTION('',(0.,-1.,0.));
#8989=DIRECTION('center_axis',(0.,0.,1.));
#8990=DIRECTION('ref_axis',(1.,0.,0.));
#8991=DIRECTION('center_axis',(0.,-1.,0.));
#8992=DIRECTION('ref_axis',(1.,0.,0.));
#8993=DIRECTION('',(1.,0.,0.));
#8994=DIRECTION('',(0.,0.,1.));
#8995=DIRECTION('',(1.,0.,0.));
#8996=DIRECTION('',(0.,0.,1.));
#8997=DIRECTION('center_axis',(-1.,0.,0.));
#8998=DIRECTION('ref_axis',(0.,-1.,0.));
#8999=DIRECTION('',(0.,-1.,0.));
#9000=DIRECTION('',(0.,-1.,0.));
#9001=DIRECTION('',(0.,0.,1.));
#9002=DIRECTION('center_axis',(0.,1.,0.));
#9003=DIRECTION('ref_axis',(-1.,0.,0.));
#9004=DIRECTION('',(0.,0.,1.));
#9005=DIRECTION('',(-1.,0.,0.));
#9006=DIRECTION('',(-1.,0.,0.));
#9007=DIRECTION('',(0.,0.,1.));
#9008=DIRECTION('',(1.,0.,0.));
#9009=DIRECTION('center_axis',(1.,0.,0.));
#9010=DIRECTION('ref_axis',(0.,1.,0.));
#9011=DIRECTION('',(0.,-1.,0.));
#9012=DIRECTION('',(0.,1.,0.));
#9013=DIRECTION('',(0.,1.,0.));
#9014=DIRECTION('',(0.,0.,-1.));
#9015=DIRECTION('center_axis',(0.,0.,1.));
#9016=DIRECTION('ref_axis',(1.,0.,0.));
#9017=DIRECTION('center_axis',(-1.,0.,0.));
#9018=DIRECTION('ref_axis',(0.,-1.,0.));
#9019=DIRECTION('',(0.,-1.,0.));
#9020=DIRECTION('',(0.,0.,1.));
#9021=DIRECTION('',(0.,1.,0.));
#9022=DIRECTION('center_axis',(0.,0.,1.));
#9023=DIRECTION('ref_axis',(1.,0.,0.));
#9024=DIRECTION('',(1.,0.,0.));
#9025=DIRECTION('',(0.,1.,0.));
#9026=DIRECTION('',(-1.,0.,0.));
#9027=DIRECTION('center_axis',(0.,1.,0.));
#9028=DIRECTION('ref_axis',(-1.,0.,0.));
#9029=DIRECTION('',(1.,0.,0.));
#9030=DIRECTION('',(0.,0.,1.));
#9031=DIRECTION('center_axis',(1.,0.,0.));
#9032=DIRECTION('ref_axis',(0.,1.,0.));
#9033=DIRECTION('',(0.,-1.,0.));
#9034=DIRECTION('',(0.,0.,1.));
#9035=DIRECTION('center_axis',(0.,-1.,0.));
#9036=DIRECTION('ref_axis',(1.,0.,0.));
#9037=DIRECTION('',(-1.,0.,0.));
#9038=DIRECTION('center_axis',(0.,0.,1.));
#9039=DIRECTION('ref_axis',(1.,0.,0.));
#9040=DIRECTION('center_axis',(0.,0.,1.));
#9041=DIRECTION('ref_axis',(1.,0.,0.));
#9042=DIRECTION('center_axis',(0.,0.,-1.));
#9043=DIRECTION('ref_axis',(1.,0.,0.));
#9044=DIRECTION('center_axis',(0.,0.,1.));
#9045=DIRECTION('ref_axis',(1.,0.,0.));
#9046=DIRECTION('center_axis',(0.,0.,1.));
#9047=DIRECTION('ref_axis',(1.,0.,0.));
#9048=DIRECTION('',(0.,0.,-1.));
#9049=DIRECTION('center_axis',(0.,0.,1.));
#9050=DIRECTION('ref_axis',(1.,0.,0.));
#9051=DIRECTION('center_axis',(0.,0.,1.));
#9052=DIRECTION('ref_axis',(1.,0.,0.));
#9053=DIRECTION('center_axis',(0.,0.,-1.));
#9054=DIRECTION('ref_axis',(1.,0.,0.));
#9055=DIRECTION('center_axis',(0.,0.,1.));
#9056=DIRECTION('ref_axis',(1.,0.,0.));
#9057=DIRECTION('center_axis',(0.,0.,1.));
#9058=DIRECTION('ref_axis',(1.,0.,0.));
#9059=DIRECTION('',(0.,0.,-1.));
#9060=DIRECTION('center_axis',(0.,0.,1.));
#9061=DIRECTION('ref_axis',(1.,0.,0.));
#9062=DIRECTION('center_axis',(0.,0.,-1.));
#9063=DIRECTION('ref_axis',(-1.,0.,0.));
#9064=DIRECTION('',(0.,1.,0.));
#9065=DIRECTION('',(1.,0.,0.));
#9066=DIRECTION('',(0.,-1.,0.));
#9067=DIRECTION('',(-1.,0.,0.));
#9068=DIRECTION('center_axis',(0.,1.,0.));
#9069=DIRECTION('ref_axis',(-1.,0.,0.));
#9070=DIRECTION('',(0.,0.,-1.));
#9071=DIRECTION('',(-1.,0.,0.));
#9072=DIRECTION('',(0.,0.,1.));
#9073=DIRECTION('center_axis',(1.,0.,0.));
#9074=DIRECTION('ref_axis',(0.,1.,0.));
#9075=DIRECTION('',(0.,1.,0.));
#9076=DIRECTION('',(0.,0.,1.));
#9077=DIRECTION('center_axis',(0.,-1.,0.));
#9078=DIRECTION('ref_axis',(1.,0.,0.));
#9079=DIRECTION('',(1.,0.,0.));
#9080=DIRECTION('',(0.,0.,1.));
#9081=DIRECTION('center_axis',(-1.,0.,0.));
#9082=DIRECTION('ref_axis',(0.,-1.,0.));
#9083=DIRECTION('',(0.,-1.,0.));
#9084=DIRECTION('center_axis',(0.,0.,1.));
#9085=DIRECTION('ref_axis',(1.,0.,0.));
#9086=DIRECTION('center_axis',(0.,0.,-1.));
#9087=DIRECTION('ref_axis',(-1.,0.,0.));
#9088=DIRECTION('',(0.,1.,0.));
#9089=DIRECTION('',(1.,0.,0.));
#9090=DIRECTION('',(0.,-1.,0.));
#9091=DIRECTION('',(-1.,0.,0.));
#9092=DIRECTION('center_axis',(0.,1.,0.));
#9093=DIRECTION('ref_axis',(-1.,0.,0.));
#9094=DIRECTION('',(0.,0.,-1.));
#9095=DIRECTION('',(-1.,0.,0.));
#9096=DIRECTION('',(0.,0.,1.));
#9097=DIRECTION('center_axis',(1.,0.,0.));
#9098=DIRECTION('ref_axis',(0.,1.,0.));
#9099=DIRECTION('',(0.,1.,0.));
#9100=DIRECTION('',(0.,0.,1.));
#9101=DIRECTION('center_axis',(0.,-1.,0.));
#9102=DIRECTION('ref_axis',(1.,0.,0.));
#9103=DIRECTION('',(1.,0.,0.));
#9104=DIRECTION('',(0.,0.,1.));
#9105=DIRECTION('center_axis',(-1.,0.,0.));
#9106=DIRECTION('ref_axis',(0.,-1.,0.));
#9107=DIRECTION('',(0.,-1.,0.));
#9108=DIRECTION('center_axis',(0.,0.,1.));
#9109=DIRECTION('ref_axis',(1.,0.,0.));
#9110=DIRECTION('center_axis',(0.,0.,-1.));
#9111=DIRECTION('ref_axis',(-1.,0.,0.));
#9112=DIRECTION('',(0.,1.,0.));
#9113=DIRECTION('',(1.,0.,0.));
#9114=DIRECTION('',(0.,-1.,0.));
#9115=DIRECTION('',(-1.,0.,0.));
#9116=DIRECTION('center_axis',(0.,1.,0.));
#9117=DIRECTION('ref_axis',(-1.,0.,0.));
#9118=DIRECTION('',(0.,0.,-1.));
#9119=DIRECTION('',(-1.,0.,0.));
#9120=DIRECTION('',(0.,0.,1.));
#9121=DIRECTION('center_axis',(1.,0.,0.));
#9122=DIRECTION('ref_axis',(0.,1.,0.));
#9123=DIRECTION('',(0.,1.,0.));
#9124=DIRECTION('',(0.,0.,1.));
#9125=DIRECTION('center_axis',(0.,-1.,0.));
#9126=DIRECTION('ref_axis',(1.,0.,0.));
#9127=DIRECTION('',(1.,0.,0.));
#9128=DIRECTION('',(0.,0.,1.));
#9129=DIRECTION('center_axis',(-1.,0.,0.));
#9130=DIRECTION('ref_axis',(0.,-1.,0.));
#9131=DIRECTION('',(0.,-1.,0.));
#9132=DIRECTION('center_axis',(0.,0.,1.));
#9133=DIRECTION('ref_axis',(1.,0.,0.));
#9134=DIRECTION('center_axis',(0.,0.,-1.));
#9135=DIRECTION('ref_axis',(-1.,0.,0.));
#9136=DIRECTION('',(0.,1.,0.));
#9137=DIRECTION('',(1.,0.,0.));
#9138=DIRECTION('',(0.,-1.,0.));
#9139=DIRECTION('',(-1.,0.,0.));
#9140=DIRECTION('center_axis',(0.,1.,0.));
#9141=DIRECTION('ref_axis',(-1.,0.,0.));
#9142=DIRECTION('',(0.,0.,-1.));
#9143=DIRECTION('',(-1.,0.,0.));
#9144=DIRECTION('',(0.,0.,1.));
#9145=DIRECTION('center_axis',(1.,0.,0.));
#9146=DIRECTION('ref_axis',(0.,1.,0.));
#9147=DIRECTION('',(0.,1.,0.));
#9148=DIRECTION('',(0.,0.,1.));
#9149=DIRECTION('center_axis',(0.,-1.,0.));
#9150=DIRECTION('ref_axis',(1.,0.,0.));
#9151=DIRECTION('',(1.,0.,0.));
#9152=DIRECTION('',(0.,0.,1.));
#9153=DIRECTION('center_axis',(-1.,0.,0.));
#9154=DIRECTION('ref_axis',(0.,-1.,0.));
#9155=DIRECTION('',(0.,-1.,0.));
#9156=DIRECTION('center_axis',(0.,0.,1.));
#9157=DIRECTION('ref_axis',(1.,0.,0.));
#9158=DIRECTION('center_axis',(0.,0.,-1.));
#9159=DIRECTION('ref_axis',(-1.,0.,0.));
#9160=DIRECTION('',(0.,1.,0.));
#9161=DIRECTION('',(1.,0.,0.));
#9162=DIRECTION('',(0.,-1.,0.));
#9163=DIRECTION('',(-1.,0.,0.));
#9164=DIRECTION('center_axis',(0.,1.,0.));
#9165=DIRECTION('ref_axis',(-1.,0.,0.));
#9166=DIRECTION('',(0.,0.,-1.));
#9167=DIRECTION('',(-1.,0.,0.));
#9168=DIRECTION('',(0.,0.,1.));
#9169=DIRECTION('center_axis',(1.,0.,0.));
#9170=DIRECTION('ref_axis',(0.,1.,0.));
#9171=DIRECTION('',(0.,1.,0.));
#9172=DIRECTION('',(0.,0.,1.));
#9173=DIRECTION('center_axis',(0.,-1.,0.));
#9174=DIRECTION('ref_axis',(1.,0.,0.));
#9175=DIRECTION('',(1.,0.,0.));
#9176=DIRECTION('',(0.,0.,1.));
#9177=DIRECTION('center_axis',(-1.,0.,0.));
#9178=DIRECTION('ref_axis',(0.,-1.,0.));
#9179=DIRECTION('',(0.,-1.,0.));
#9180=DIRECTION('center_axis',(0.,0.,1.));
#9181=DIRECTION('ref_axis',(1.,0.,0.));
#9182=DIRECTION('center_axis',(0.,0.,-1.));
#9183=DIRECTION('ref_axis',(-1.,0.,0.));
#9184=DIRECTION('',(0.,1.,0.));
#9185=DIRECTION('',(1.,0.,0.));
#9186=DIRECTION('',(0.,-1.,0.));
#9187=DIRECTION('',(-1.,0.,0.));
#9188=DIRECTION('center_axis',(0.,1.,0.));
#9189=DIRECTION('ref_axis',(-1.,0.,0.));
#9190=DIRECTION('',(0.,0.,-1.));
#9191=DIRECTION('',(-1.,0.,0.));
#9192=DIRECTION('',(0.,0.,1.));
#9193=DIRECTION('center_axis',(1.,0.,0.));
#9194=DIRECTION('ref_axis',(0.,1.,0.));
#9195=DIRECTION('',(0.,1.,0.));
#9196=DIRECTION('',(0.,0.,1.));
#9197=DIRECTION('center_axis',(0.,-1.,0.));
#9198=DIRECTION('ref_axis',(1.,0.,0.));
#9199=DIRECTION('',(1.,0.,0.));
#9200=DIRECTION('',(0.,0.,1.));
#9201=DIRECTION('center_axis',(-1.,0.,0.));
#9202=DIRECTION('ref_axis',(0.,-1.,0.));
#9203=DIRECTION('',(0.,-1.,0.));
#9204=DIRECTION('center_axis',(0.,0.,1.));
#9205=DIRECTION('ref_axis',(1.,0.,0.));
#9206=DIRECTION('center_axis',(0.,0.,-1.));
#9207=DIRECTION('ref_axis',(-1.,0.,0.));
#9208=DIRECTION('',(0.,1.,0.));
#9209=DIRECTION('',(1.,0.,0.));
#9210=DIRECTION('',(0.,-1.,0.));
#9211=DIRECTION('',(-1.,0.,0.));
#9212=DIRECTION('center_axis',(0.,1.,0.));
#9213=DIRECTION('ref_axis',(-1.,0.,0.));
#9214=DIRECTION('',(0.,0.,-1.));
#9215=DIRECTION('',(-1.,0.,0.));
#9216=DIRECTION('',(0.,0.,1.));
#9217=DIRECTION('center_axis',(1.,0.,0.));
#9218=DIRECTION('ref_axis',(0.,1.,0.));
#9219=DIRECTION('',(0.,1.,0.));
#9220=DIRECTION('',(0.,0.,1.));
#9221=DIRECTION('center_axis',(0.,-1.,0.));
#9222=DIRECTION('ref_axis',(1.,0.,0.));
#9223=DIRECTION('',(1.,0.,0.));
#9224=DIRECTION('',(0.,0.,1.));
#9225=DIRECTION('center_axis',(-1.,0.,0.));
#9226=DIRECTION('ref_axis',(0.,-1.,0.));
#9227=DIRECTION('',(0.,-1.,0.));
#9228=DIRECTION('center_axis',(0.,0.,1.));
#9229=DIRECTION('ref_axis',(1.,0.,0.));
#9230=DIRECTION('center_axis',(0.,0.,-1.));
#9231=DIRECTION('ref_axis',(-1.,0.,0.));
#9232=DIRECTION('',(0.,1.,0.));
#9233=DIRECTION('',(1.,0.,0.));
#9234=DIRECTION('',(0.,-1.,0.));
#9235=DIRECTION('',(-1.,0.,0.));
#9236=DIRECTION('center_axis',(0.,1.,0.));
#9237=DIRECTION('ref_axis',(-1.,0.,0.));
#9238=DIRECTION('',(0.,0.,-1.));
#9239=DIRECTION('',(-1.,0.,0.));
#9240=DIRECTION('',(0.,0.,1.));
#9241=DIRECTION('center_axis',(1.,0.,0.));
#9242=DIRECTION('ref_axis',(0.,1.,0.));
#9243=DIRECTION('',(0.,1.,0.));
#9244=DIRECTION('',(0.,0.,1.));
#9245=DIRECTION('center_axis',(0.,-1.,0.));
#9246=DIRECTION('ref_axis',(1.,0.,0.));
#9247=DIRECTION('',(1.,0.,0.));
#9248=DIRECTION('',(0.,0.,1.));
#9249=DIRECTION('center_axis',(-1.,0.,0.));
#9250=DIRECTION('ref_axis',(0.,-1.,0.));
#9251=DIRECTION('',(0.,-1.,0.));
#9252=DIRECTION('center_axis',(0.,0.,1.));
#9253=DIRECTION('ref_axis',(1.,0.,0.));
#9254=DIRECTION('center_axis',(0.,0.,-1.));
#9255=DIRECTION('ref_axis',(-1.,0.,0.));
#9256=DIRECTION('',(0.,1.,0.));
#9257=DIRECTION('',(1.,0.,0.));
#9258=DIRECTION('',(0.,-1.,0.));
#9259=DIRECTION('',(-1.,0.,0.));
#9260=DIRECTION('center_axis',(0.,1.,0.));
#9261=DIRECTION('ref_axis',(-1.,0.,0.));
#9262=DIRECTION('',(0.,0.,-1.));
#9263=DIRECTION('',(-1.,0.,0.));
#9264=DIRECTION('',(0.,0.,1.));
#9265=DIRECTION('center_axis',(1.,0.,0.));
#9266=DIRECTION('ref_axis',(0.,1.,0.));
#9267=DIRECTION('',(0.,1.,0.));
#9268=DIRECTION('',(0.,0.,1.));
#9269=DIRECTION('center_axis',(0.,-1.,0.));
#9270=DIRECTION('ref_axis',(1.,0.,0.));
#9271=DIRECTION('',(1.,0.,0.));
#9272=DIRECTION('',(0.,0.,1.));
#9273=DIRECTION('center_axis',(-1.,0.,0.));
#9274=DIRECTION('ref_axis',(0.,-1.,0.));
#9275=DIRECTION('',(0.,-1.,0.));
#9276=DIRECTION('center_axis',(0.,0.,1.));
#9277=DIRECTION('ref_axis',(1.,0.,0.));
#9278=DIRECTION('center_axis',(0.,0.,-1.));
#9279=DIRECTION('ref_axis',(-1.,0.,0.));
#9280=DIRECTION('',(0.,1.,0.));
#9281=DIRECTION('',(1.,0.,0.));
#9282=DIRECTION('',(0.,-1.,0.));
#9283=DIRECTION('',(-1.,0.,0.));
#9284=DIRECTION('center_axis',(0.,1.,0.));
#9285=DIRECTION('ref_axis',(-1.,0.,0.));
#9286=DIRECTION('',(0.,0.,-1.));
#9287=DIRECTION('',(-1.,0.,0.));
#9288=DIRECTION('',(0.,0.,1.));
#9289=DIRECTION('center_axis',(1.,0.,0.));
#9290=DIRECTION('ref_axis',(0.,1.,0.));
#9291=DIRECTION('',(0.,1.,0.));
#9292=DIRECTION('',(0.,0.,1.));
#9293=DIRECTION('center_axis',(0.,-1.,0.));
#9294=DIRECTION('ref_axis',(1.,0.,0.));
#9295=DIRECTION('',(1.,0.,0.));
#9296=DIRECTION('',(0.,0.,1.));
#9297=DIRECTION('center_axis',(-1.,0.,0.));
#9298=DIRECTION('ref_axis',(0.,-1.,0.));
#9299=DIRECTION('',(0.,-1.,0.));
#9300=DIRECTION('center_axis',(0.,0.,1.));
#9301=DIRECTION('ref_axis',(1.,0.,0.));
#9302=DIRECTION('center_axis',(0.,0.,1.));
#9303=DIRECTION('ref_axis',(1.,0.,0.));
#9304=DIRECTION('center_axis',(0.,0.,-1.));
#9305=DIRECTION('ref_axis',(1.,0.,0.));
#9306=DIRECTION('center_axis',(0.,0.,1.));
#9307=DIRECTION('ref_axis',(1.,0.,0.));
#9308=DIRECTION('center_axis',(0.,0.,1.));
#9309=DIRECTION('ref_axis',(1.,0.,0.));
#9310=DIRECTION('',(0.,0.,-1.));
#9311=DIRECTION('center_axis',(0.,0.,1.));
#9312=DIRECTION('ref_axis',(1.,0.,0.));
#9313=DIRECTION('center_axis',(0.,0.,1.));
#9314=DIRECTION('ref_axis',(1.,0.,0.));
#9315=DIRECTION('center_axis',(0.,0.,-1.));
#9316=DIRECTION('ref_axis',(1.,0.,0.));
#9317=DIRECTION('center_axis',(0.,0.,1.));
#9318=DIRECTION('ref_axis',(1.,0.,0.));
#9319=DIRECTION('center_axis',(0.,0.,1.));
#9320=DIRECTION('ref_axis',(1.,0.,0.));
#9321=DIRECTION('',(0.,0.,-1.));
#9322=DIRECTION('center_axis',(0.,0.,1.));
#9323=DIRECTION('ref_axis',(1.,0.,0.));
#9324=DIRECTION('center_axis',(0.,0.,1.));
#9325=DIRECTION('ref_axis',(1.,0.,0.));
#9326=DIRECTION('center_axis',(0.,0.,-1.));
#9327=DIRECTION('ref_axis',(1.,0.,0.));
#9328=DIRECTION('center_axis',(0.,0.,1.));
#9329=DIRECTION('ref_axis',(1.,0.,0.));
#9330=DIRECTION('center_axis',(0.,0.,1.));
#9331=DIRECTION('ref_axis',(1.,0.,0.));
#9332=DIRECTION('',(0.,0.,-1.));
#9333=DIRECTION('center_axis',(0.,0.,1.));
#9334=DIRECTION('ref_axis',(1.,0.,0.));
#9335=DIRECTION('center_axis',(0.,0.,1.));
#9336=DIRECTION('ref_axis',(1.,0.,0.));
#9337=DIRECTION('center_axis',(0.,0.,-1.));
#9338=DIRECTION('ref_axis',(1.,0.,0.));
#9339=DIRECTION('center_axis',(0.,0.,1.));
#9340=DIRECTION('ref_axis',(1.,0.,0.));
#9341=DIRECTION('center_axis',(0.,0.,1.));
#9342=DIRECTION('ref_axis',(1.,0.,0.));
#9343=DIRECTION('',(0.,0.,-1.));
#9344=DIRECTION('center_axis',(0.,0.,1.));
#9345=DIRECTION('ref_axis',(1.,0.,0.));
#9346=CARTESIAN_POINT('',(0.,0.,0.));
#9347=CARTESIAN_POINT('Origin',(1225.,600.,90.));
#9348=CARTESIAN_POINT('',(1050.,-300.,90.));
#9349=CARTESIAN_POINT('',(1450.,-300.,90.));
#9350=CARTESIAN_POINT('',(1450.,-300.,90.));
#9351=CARTESIAN_POINT('',(1000.,1500.,90.));
#9352=CARTESIAN_POINT('',(1050.,-300.,90.));
#9353=CARTESIAN_POINT('',(1400.,850.,90.));
#9354=CARTESIAN_POINT('',(1000.,1500.,90.));
#9355=CARTESIAN_POINT('',(1400.,850.,90.));
#9356=CARTESIAN_POINT('Origin',(1050.,-300.,0.));
#9357=CARTESIAN_POINT('',(1450.,-300.,-90.));
#9358=CARTESIAN_POINT('',(1450.,-300.,0.));
#9359=CARTESIAN_POINT('',(1050.,-300.,-90.));
#9360=CARTESIAN_POINT('',(1450.,-300.,-90.));
#9361=CARTESIAN_POINT('',(1050.,-300.,0.));
#9362=CARTESIAN_POINT('Origin',(1450.,-300.,0.));
#9363=CARTESIAN_POINT('',(1400.,850.,-90.));
#9364=CARTESIAN_POINT('',(1400.,850.,0.));
#9365=CARTESIAN_POINT('',(1400.,850.,-90.));
#9366=CARTESIAN_POINT('Origin',(1400.,850.,0.));
#9367=CARTESIAN_POINT('',(1000.,1500.,-90.));
#9368=CARTESIAN_POINT('',(1000.,1500.,0.));
#9369=CARTESIAN_POINT('',(1000.,1500.,-90.));
#9370=CARTESIAN_POINT('',(1240.,1110.,-80.));
#9371=CARTESIAN_POINT('',(1200.,1175.,-80.));
#9372=CARTESIAN_POINT('',(1431.07296137339,799.50643776824,-80.));
#9373=CARTESIAN_POINT('',(1200.,1175.,80.));
#9374=CARTESIAN_POINT('',(1200.,1175.,0.));
#9375=CARTESIAN_POINT('',(1240.,1110.,80.));
#9376=CARTESIAN_POINT('',(1431.07296137339,799.50643776824,80.));
#9377=CARTESIAN_POINT('',(1240.,1110.,0.));
#9378=CARTESIAN_POINT('Origin',(1000.,1500.,0.));
#9379=CARTESIAN_POINT('',(1050.,-300.,-90.));
#9380=CARTESIAN_POINT('Origin',(1225.,600.,-90.));
#9381=CARTESIAN_POINT('Origin',(1200.,-200.,0.));
#9382=CARTESIAN_POINT('',(1240.,-200.,-80.));
#9383=CARTESIAN_POINT('',(1240.,-200.,80.));
#9384=CARTESIAN_POINT('',(1240.,-200.,0.));
#9385=CARTESIAN_POINT('',(1200.,-200.,80.));
#9386=CARTESIAN_POINT('',(1240.,-200.,80.));
#9387=CARTESIAN_POINT('',(1200.,-200.,-80.));
#9388=CARTESIAN_POINT('',(1200.,-200.,0.));
#9389=CARTESIAN_POINT('',(1240.,-200.,-80.));
#9390=CARTESIAN_POINT('Origin',(1220.,600.,-80.));
#9391=CARTESIAN_POINT('',(1240.,1400.,-80.));
#9392=CARTESIAN_POINT('',(1200.,-200.,-80.));
#9393=CARTESIAN_POINT('Origin',(1240.,-200.,0.));
#9394=CARTESIAN_POINT('',(1240.,1400.,80.));
#9395=CARTESIAN_POINT('Origin',(1200.,1400.,0.));
#9396=CARTESIAN_POINT('',(1200.,-200.,80.));
#9397=CARTESIAN_POINT('Origin',(1220.,600.,80.));
#9398=CARTESIAN_POINT('Origin',(-360.,4600.,0.));
#9399=CARTESIAN_POINT('',(-356.875885890787,4679.93897616953,0.));
#9400=CARTESIAN_POINT('',(-320.40882415303,4669.51646420133,75.));
#9401=CARTESIAN_POINT('Ctrl Pts',(-356.875885890787,4679.93897616953,4.88498130835069E-14));
#9402=CARTESIAN_POINT('Ctrl Pts',(-343.988363608612,4679.43531585107,24.584766464708));
#9403=CARTESIAN_POINT('Ctrl Pts',(-331.491118929708,4675.82807809499,50.3257345910963));
#9404=CARTESIAN_POINT('Ctrl Pts',(-320.40882415303,4669.51646420133,74.9999999999998));
#9405=CARTESIAN_POINT('',(-323.025992505531,4670.94309529333,-75.));
#9406=CARTESIAN_POINT('Ctrl Pts',(-323.025992505531,4670.94309529333,-74.9999999999999));
#9407=CARTESIAN_POINT('Ctrl Pts',(-333.327623052513,4676.31208241568,-50.2114239413318));
#9408=CARTESIAN_POINT('Ctrl Pts',(-344.8624817259,4679.46947746878,-24.5636938137218));
#9409=CARTESIAN_POINT('Ctrl Pts',(-356.875885890787,4679.93897616953,2.66453525910038E-14));
#9410=CARTESIAN_POINT('',(-367.986833146233,4520.39968281285,-75.));
#9411=CARTESIAN_POINT('Origin',(-360.,4600.,-75.));
#9412=CARTESIAN_POINT('',(-402.286779035316,4532.0895566292,0.));
#9413=CARTESIAN_POINT('Ctrl Pts',(-402.286779035317,4532.0895566292,1.11022302462516E-13));
#9414=CARTESIAN_POINT('Ctrl Pts',(-391.733272618606,4525.51805198662,-24.5840821432978));
#9415=CARTESIAN_POINT('Ctrl Pts',(-379.973828857467,4521.60241840554,-50.1883406152666));
#9416=CARTESIAN_POINT('Ctrl Pts',(-367.986833146233,4520.39968281285,-75.0000000000001));
#9417=CARTESIAN_POINT('',(-365.632593648904,4520.19853454487,75.));
#9418=CARTESIAN_POINT('Ctrl Pts',(-365.632593648904,4520.19853454487,75.));
#9419=CARTESIAN_POINT('Ctrl Pts',(-378.577865369506,4521.11224527513,50.318798775339));
#9420=CARTESIAN_POINT('Ctrl Pts',(-391.169056428166,4525.16672332214,24.599649902211));
#9421=CARTESIAN_POINT('Ctrl Pts',(-402.286779035316,4532.0895566292,3.5527136788005E-14));
#9422=CARTESIAN_POINT('Origin',(-360.,4600.,75.));
#9423=CARTESIAN_POINT('Origin',(-360.,4600.,-75.));
#9424=CARTESIAN_POINT('Ctrl Pts',(-367.986833146233,4520.39968281285,-75.));
#9425=CARTESIAN_POINT('Ctrl Pts',(-352.999886265999,4570.58082030635,-75.));
#9426=CARTESIAN_POINT('Ctrl Pts',(-338.012939385765,4620.76195779984,-75.));
#9427=CARTESIAN_POINT('Ctrl Pts',(-323.025992505531,4670.94309529333,-75.));
#9428=CARTESIAN_POINT('Origin',(-360.,4600.,75.));
#9429=CARTESIAN_POINT('Ctrl Pts',(-320.40882415303,4669.51646420133,75.));
#9430=CARTESIAN_POINT('Ctrl Pts',(-335.483413984988,4619.74382098251,75.));
#9431=CARTESIAN_POINT('Ctrl Pts',(-350.558003816946,4569.97117776369,75.));
#9432=CARTESIAN_POINT('Ctrl Pts',(-365.632593648904,4520.19853454487,75.));
#9433=CARTESIAN_POINT('Ctrl Pts',(-320.,4800.,0.));
#9434=CARTESIAN_POINT('Ctrl Pts',(-243.954333552726,4660.8136353664,226.666666666667));
#9435=CARTESIAN_POINT('Ctrl Pts',(-167.908667105453,4521.62727073279,453.333333333333));
#9436=CARTESIAN_POINT('Ctrl Pts',(-91.8630006581789,4382.44090609919,680.));
#9437=CARTESIAN_POINT('Ctrl Pts',(-463.333333333333,4333.33333333333,0.));
#9438=CARTESIAN_POINT('Ctrl Pts',(-353.747333479595,4284.98686802204,226.666666666667));
#9439=CARTESIAN_POINT('Ctrl Pts',(-244.161333625857,4236.64040271075,453.333333333333));
#9440=CARTESIAN_POINT('Ctrl Pts',(-134.575333772119,4188.29393739946,680.));
#9441=CARTESIAN_POINT('Ctrl Pts',(-606.666666666667,3866.66666666667,0.));
#9442=CARTESIAN_POINT('Ctrl Pts',(-463.540333406464,3909.16010067769,226.666666666667));
#9443=CARTESIAN_POINT('Ctrl Pts',(-320.414000146262,3951.65353468871,453.333333333333));
#9444=CARTESIAN_POINT('Ctrl Pts',(-177.28766688606,3994.14696869973,680.));
#9445=CARTESIAN_POINT('Ctrl Pts',(-750.,3400.,0.));
#9446=CARTESIAN_POINT('Ctrl Pts',(-573.333333333333,3533.33333333333,226.666666666667));
#9447=CARTESIAN_POINT('Ctrl Pts',(-396.666666666667,3666.66666666667,453.333333333333));
#9448=CARTESIAN_POINT('Ctrl Pts',(-220.,3800.,680.));
#9449=CARTESIAN_POINT('',(-750.,3400.,0.));
#9450=CARTESIAN_POINT('',(-320.,4800.,0.));
#9451=CARTESIAN_POINT('',(-220.,3800.,680.));
#9452=CARTESIAN_POINT('',(-750.,3400.,0.));
#9453=CARTESIAN_POINT('',(-91.8630006581789,4382.44090609919,680.));
#9454=CARTESIAN_POINT('',(0.,4800.,680.));
#9455=CARTESIAN_POINT('',(-320.,4800.,0.));
#9456=CARTESIAN_POINT('',(-320.,4800.,0.));
#9457=CARTESIAN_POINT('',(-320.,4800.,0.));
#9458=CARTESIAN_POINT('Origin',(360.,4600.,0.));
#9459=CARTESIAN_POINT('',(402.286779035316,4532.0895566292,0.));
#9460=CARTESIAN_POINT('',(359.087548106154,4520.00520372211,75.));
#9461=CARTESIAN_POINT('Ctrl Pts',(402.286779035316,4532.0895566292,-2.66453525910038E-14));
#9462=CARTESIAN_POINT('Ctrl Pts',(389.160235185683,4523.91586151377,24.3965682198717));
#9463=CARTESIAN_POINT('Ctrl Pts',(374.140194703846,4519.83350735516,50.3298045493725));
#9464=CARTESIAN_POINT('Ctrl Pts',(359.087548106154,4520.00520372211,75.));
#9465=CARTESIAN_POINT('',(367.986833146233,4520.39968281285,-75.));
#9466=CARTESIAN_POINT('Ctrl Pts',(367.986833146233,4520.39968281285,-75.));
#9467=CARTESIAN_POINT('Ctrl Pts',(379.973828857467,4521.60241840554,-50.1883406152664));
#9468=CARTESIAN_POINT('Ctrl Pts',(391.733272618606,4525.51805198662,-24.5840821432978));
#9469=CARTESIAN_POINT('Ctrl Pts',(402.286779035316,4532.0895566292,5.32907051820075E-14));
#9470=CARTESIAN_POINT('',(323.025992505531,4670.94309529333,-75.));
#9471=CARTESIAN_POINT('Origin',(360.,4600.,-75.));
#9472=CARTESIAN_POINT('',(356.875885890787,4679.93897616953,0.));
#9473=CARTESIAN_POINT('Ctrl Pts',(356.875885890787,4679.93897616953,8.88178419700125E-14));
#9474=CARTESIAN_POINT('Ctrl Pts',(344.862481725899,4679.46947746878,-24.5636938137241));
#9475=CARTESIAN_POINT('Ctrl Pts',(333.327623052511,4676.31208241568,-50.2114239413372));
#9476=CARTESIAN_POINT('Ctrl Pts',(323.025992505531,4670.94309529333,-75.));
#9477=CARTESIAN_POINT('',(315.775261473745,4666.66462706927,75.));
#9478=CARTESIAN_POINT('Ctrl Pts',(315.775261473745,4666.66462706927,75.0000000000002));
#9479=CARTESIAN_POINT('Ctrl Pts',(327.821316918965,4674.6558763383,50.3738781421235));
#9480=CARTESIAN_POINT('Ctrl Pts',(342.005034984682,4679.35780491418,24.3652406609338));
#9481=CARTESIAN_POINT('Ctrl Pts',(356.875885890787,4679.93897616953,-6.21724893790088E-14));
#9482=CARTESIAN_POINT('Origin',(360.,4600.,75.));
#9483=CARTESIAN_POINT('Origin',(360.,4600.,-75.));
#9484=CARTESIAN_POINT('Ctrl Pts',(323.025992505531,4670.94309529333,-75.));
#9485=CARTESIAN_POINT('Ctrl Pts',(338.012939385765,4620.76195779984,-75.));
#9486=CARTESIAN_POINT('Ctrl Pts',(352.999886265999,4570.58082030635,-75.));
#9487=CARTESIAN_POINT('Ctrl Pts',(367.986833146233,4520.39968281285,-75.));
#9488=CARTESIAN_POINT('Origin',(360.,4600.,75.));
#9489=CARTESIAN_POINT('Ctrl Pts',(359.087548106154,4520.00520372211,75.));
#9490=CARTESIAN_POINT('Ctrl Pts',(344.650119228684,4568.89167817116,75.));
#9491=CARTESIAN_POINT('Ctrl Pts',(330.212690351215,4617.77815262021,75.));
#9492=CARTESIAN_POINT('Ctrl Pts',(315.775261473745,4666.66462706927,75.));
#9493=CARTESIAN_POINT('Ctrl Pts',(750.,3400.,0.));
#9494=CARTESIAN_POINT('Ctrl Pts',(666.666666666667,3066.66666666667,226.666666666667));
#9495=CARTESIAN_POINT('Ctrl Pts',(583.333333333333,2733.33333333333,453.333333333333));
#9496=CARTESIAN_POINT('Ctrl Pts',(500.,2400.,680.));
#9497=CARTESIAN_POINT('Ctrl Pts',(606.666666666667,3866.66666666667,0.));
#9498=CARTESIAN_POINT('Ctrl Pts',(540.,3533.33333333333,226.666666666667));
#9499=CARTESIAN_POINT('Ctrl Pts',(473.333333333333,3200.,453.333333333333));
#9500=CARTESIAN_POINT('Ctrl Pts',(406.666666666667,2866.66666666667,680.));
#9501=CARTESIAN_POINT('Ctrl Pts',(463.333333333333,4333.33333333333,0.));
#9502=CARTESIAN_POINT('Ctrl Pts',(413.333333333333,4000.,226.666666666667));
#9503=CARTESIAN_POINT('Ctrl Pts',(363.333333333333,3666.66666666667,453.333333333333));
#9504=CARTESIAN_POINT('Ctrl Pts',(313.333333333333,3333.33333333333,680.));
#9505=CARTESIAN_POINT('Ctrl Pts',(320.,4800.,0.));
#9506=CARTESIAN_POINT('Ctrl Pts',(286.666666666667,4466.66666666667,226.666666666667));
#9507=CARTESIAN_POINT('Ctrl Pts',(253.333333333333,4133.33333333333,453.333333333333));
#9508=CARTESIAN_POINT('Ctrl Pts',(220.,3800.,680.));
#9509=CARTESIAN_POINT('',(320.,4800.,0.));
#9510=CARTESIAN_POINT('',(320.,4800.,0.));
#9511=CARTESIAN_POINT('',(220.,3800.,680.));
#9512=CARTESIAN_POINT('',(320.,4800.,0.));
#9513=CARTESIAN_POINT('',(500.,2400.,680.));
#9514=CARTESIAN_POINT('',(220.,3800.,680.));
#9515=CARTESIAN_POINT('',(750.,3400.,0.));
#9516=CARTESIAN_POINT('',(750.,3400.,0.));
#9517=CARTESIAN_POINT('',(320.,4800.,0.));
#9518=CARTESIAN_POINT('Origin',(-3750.,-1100.,0.));
#9519=CARTESIAN_POINT('',(-3750.,-1383.82352941176,40.));
#9520=CARTESIAN_POINT('',(-3750.,-1383.82352941176,0.));
#9521=CARTESIAN_POINT('',(-3750.,-1383.82352941176,0.));
#9522=CARTESIAN_POINT('',(-3750.,-2900.,40.));
#9523=CARTESIAN_POINT('',(-3750.,-1300.,40.));
#9524=CARTESIAN_POINT('',(-3750.,-2900.,260.));
#9525=CARTESIAN_POINT('',(-3750.,-2900.,0.));
#9526=CARTESIAN_POINT('',(-3750.,-1100.,260.));
#9527=CARTESIAN_POINT('',(-3750.,-2900.,260.));
#9528=CARTESIAN_POINT('',(-3750.,-1100.,0.));
#9529=CARTESIAN_POINT('',(-3750.,-1100.,0.));
#9530=CARTESIAN_POINT('',(-3750.,-2900.,0.));
#9531=CARTESIAN_POINT('Origin',(-3750.,-2900.,0.));
#9532=CARTESIAN_POINT('',(-3650.,-2900.,40.));
#9533=CARTESIAN_POINT('',(-3462.5,-2900.,40.));
#9534=CARTESIAN_POINT('',(-3650.,-2900.,260.));
#9535=CARTESIAN_POINT('',(-3650.,-2900.,0.));
#9536=CARTESIAN_POINT('',(-3650.,-2900.,260.));
#9537=CARTESIAN_POINT('Origin',(-3650.,-1100.,0.));
#9538=CARTESIAN_POINT('',(-3650.,-1100.,0.));
#9539=CARTESIAN_POINT('',(-3750.,-1100.,0.));
#9540=CARTESIAN_POINT('',(-3650.,-1100.,260.));
#9541=CARTESIAN_POINT('',(-3750.,-1100.,260.));
#9542=CARTESIAN_POINT('',(-3650.,-1100.,0.));
#9543=CARTESIAN_POINT('Origin',(-3650.,-2900.,0.));
#9544=CARTESIAN_POINT('',(-3650.,-1286.76470588235,0.));
#9545=CARTESIAN_POINT('',(-3650.,-1286.76470588235,40.));
#9546=CARTESIAN_POINT('',(-3650.,-1286.76470588235,0.));
#9547=CARTESIAN_POINT('',(-3650.,-1100.,0.));
#9548=CARTESIAN_POINT('',(-3650.,-1100.,260.));
#9549=CARTESIAN_POINT('',(-3650.,-2200.,40.));
#9550=CARTESIAN_POINT('Origin',(-3700.,-2000.,260.));
#9551=CARTESIAN_POINT('Origin',(-3700.,-2000.,0.));
#9552=CARTESIAN_POINT('',(-2766.10244988864,-428.864142538976,0.));
#9553=CARTESIAN_POINT('Origin',(-1500.,800.,0.));
#9554=CARTESIAN_POINT('',(-1551.93889541716,749.588719153937,40.));
#9555=CARTESIAN_POINT('',(-1500.,800.,40.));
#9556=CARTESIAN_POINT('',(-1551.93889541716,749.588719153937,-40.));
#9557=CARTESIAN_POINT('',(-1551.93889541716,749.588719153937,0.));
#9558=CARTESIAN_POINT('',(-4796.9696969697,-2400.,-40.));
#9559=CARTESIAN_POINT('',(-1500.,800.,-40.));
#9560=CARTESIAN_POINT('',(-4796.9696969697,-2400.,40.));
#9561=CARTESIAN_POINT('',(-4796.9696969697,-2400.,0.));
#9562=CARTESIAN_POINT('',(-1500.,800.,40.));
#9563=CARTESIAN_POINT('Origin',(-2650.,-1100.,0.));
#9564=CARTESIAN_POINT('',(-2750.,-1100.,40.));
#9565=CARTESIAN_POINT('',(-2650.,-1100.,40.));
#9566=CARTESIAN_POINT('',(-2912.5,-1100.,40.));
#9567=CARTESIAN_POINT('',(-2750.,-1100.,260.));
#9568=CARTESIAN_POINT('',(-2750.,-1100.,0.));
#9569=CARTESIAN_POINT('',(-2650.,-1100.,260.));
#9570=CARTESIAN_POINT('',(-2750.,-1100.,260.));
#9571=CARTESIAN_POINT('',(-2650.,-1100.,0.));
#9572=CARTESIAN_POINT('Origin',(-2750.,-1100.,0.));
#9573=CARTESIAN_POINT('',(-2750.,-2900.,40.));
#9574=CARTESIAN_POINT('',(-2750.,-1300.,40.));
#9575=CARTESIAN_POINT('',(-2750.,-2900.,260.));
#9576=CARTESIAN_POINT('',(-2750.,-2900.,0.));
#9577=CARTESIAN_POINT('',(-2750.,-2900.,260.));
#9578=CARTESIAN_POINT('Origin',(-2650.,-2900.,0.));
#9579=CARTESIAN_POINT('',(-2650.,-2900.,40.));
#9580=CARTESIAN_POINT('',(-2650.,-2200.,40.));
#9581=CARTESIAN_POINT('',(-2650.,-2900.,260.));
#9582=CARTESIAN_POINT('',(-2650.,-1100.,260.));
#9583=CARTESIAN_POINT('',(-2650.,-2900.,0.));
#9584=CARTESIAN_POINT('Origin',(-2750.,-2900.,0.));
#9585=CARTESIAN_POINT('',(-2962.5,-2900.,40.));
#9586=CARTESIAN_POINT('',(-2650.,-2900.,260.));
#9587=CARTESIAN_POINT('Origin',(-2700.,-2000.,260.));
#9588=CARTESIAN_POINT('Origin',(3650.,-2900.,0.));
#9589=CARTESIAN_POINT('',(3750.,-2900.,40.));
#9590=CARTESIAN_POINT('',(3650.,-2900.,40.));
#9591=CARTESIAN_POINT('',(3412.5,-2900.,40.));
#9592=CARTESIAN_POINT('',(3750.,-2900.,260.));
#9593=CARTESIAN_POINT('',(3750.,-2900.,0.));
#9594=CARTESIAN_POINT('',(3650.,-2900.,260.));
#9595=CARTESIAN_POINT('',(3750.,-2900.,260.));
#9596=CARTESIAN_POINT('',(3650.,-2900.,0.));
#9597=CARTESIAN_POINT('Origin',(3750.,-2900.,0.));
#9598=CARTESIAN_POINT('',(3750.,-1383.82352941176,40.));
#9599=CARTESIAN_POINT('',(3750.,-2200.,40.));
#9600=CARTESIAN_POINT('',(3750.,-1383.82352941176,0.));
#9601=CARTESIAN_POINT('',(3750.,-1383.82352941176,0.));
#9602=CARTESIAN_POINT('',(3750.,-1100.,0.));
#9603=CARTESIAN_POINT('',(3750.,-1100.,0.));
#9604=CARTESIAN_POINT('',(3750.,-1100.,260.));
#9605=CARTESIAN_POINT('',(3750.,-1100.,0.));
#9606=CARTESIAN_POINT('',(3750.,-1100.,260.));
#9607=CARTESIAN_POINT('Origin',(3650.,-1100.,0.));
#9608=CARTESIAN_POINT('',(3650.,-1286.76470588235,40.));
#9609=CARTESIAN_POINT('',(3650.,-1300.,40.));
#9610=CARTESIAN_POINT('',(3650.,-1100.,260.));
#9611=CARTESIAN_POINT('',(3650.,-2900.,260.));
#9612=CARTESIAN_POINT('',(3650.,-1100.,0.));
#9613=CARTESIAN_POINT('',(3650.,-1100.,0.));
#9614=CARTESIAN_POINT('',(3650.,-1286.76470588235,0.));
#9615=CARTESIAN_POINT('',(3650.,-2900.,0.));
#9616=CARTESIAN_POINT('',(3650.,-1286.76470588235,0.));
#9617=CARTESIAN_POINT('Origin',(3750.,-1100.,0.));
#9618=CARTESIAN_POINT('',(3650.,-1100.,0.));
#9619=CARTESIAN_POINT('',(3650.,-1100.,260.));
#9620=CARTESIAN_POINT('Origin',(3700.,-2000.,260.));
#9621=CARTESIAN_POINT('Origin',(3700.,-2000.,0.));
#9622=CARTESIAN_POINT('',(4466.10244988864,-2078.86414253898,0.));
#9623=CARTESIAN_POINT('Origin',(4900.,-2500.,0.));
#9624=CARTESIAN_POINT('',(4796.9696969697,-2400.,40.));
#9625=CARTESIAN_POINT('',(1500.,800.,40.));
#9626=CARTESIAN_POINT('',(4796.9696969697,-2400.,-40.));
#9627=CARTESIAN_POINT('',(4796.9696969697,-2400.,0.));
#9628=CARTESIAN_POINT('',(1551.93889541716,749.588719153937,-40.));
#9629=CARTESIAN_POINT('',(1500.,800.,-40.));
#9630=CARTESIAN_POINT('',(1551.93889541716,749.588719153937,40.));
#9631=CARTESIAN_POINT('',(1551.93889541716,749.588719153936,0.));
#9632=CARTESIAN_POINT('',(1500.,800.,40.));
#9633=CARTESIAN_POINT('Origin',(2750.,-1100.,0.));
#9634=CARTESIAN_POINT('',(2650.,-1100.,40.));
#9635=CARTESIAN_POINT('',(2750.,-1100.,40.));
#9636=CARTESIAN_POINT('',(2962.5,-1100.,40.));
#9637=CARTESIAN_POINT('',(2650.,-1100.,260.));
#9638=CARTESIAN_POINT('',(2650.,-1100.,0.));
#9639=CARTESIAN_POINT('',(2750.,-1100.,260.));
#9640=CARTESIAN_POINT('',(2650.,-1100.,260.));
#9641=CARTESIAN_POINT('',(2750.,-1100.,0.));
#9642=CARTESIAN_POINT('Origin',(2650.,-1100.,0.));
#9643=CARTESIAN_POINT('',(2650.,-2900.,40.));
#9644=CARTESIAN_POINT('',(2650.,-1300.,40.));
#9645=CARTESIAN_POINT('',(2650.,-2900.,260.));
#9646=CARTESIAN_POINT('',(2650.,-2900.,0.));
#9647=CARTESIAN_POINT('',(2650.,-2900.,260.));
#9648=CARTESIAN_POINT('Origin',(2750.,-2900.,0.));
#9649=CARTESIAN_POINT('',(2750.,-2900.,40.));
#9650=CARTESIAN_POINT('',(2750.,-2200.,40.));
#9651=CARTESIAN_POINT('',(2750.,-2900.,260.));
#9652=CARTESIAN_POINT('',(2750.,-1100.,260.));
#9653=CARTESIAN_POINT('',(2750.,-2900.,0.));
#9654=CARTESIAN_POINT('Origin',(2650.,-2900.,0.));
#9655=CARTESIAN_POINT('',(2912.5,-2900.,40.));
#9656=CARTESIAN_POINT('',(2750.,-2900.,260.));
#9657=CARTESIAN_POINT('Origin',(2700.,-2000.,260.));
#9658=CARTESIAN_POINT('Origin',(990.,-4410.,0.));
#9659=CARTESIAN_POINT('',(989.999999999961,-4392.22912360002,-31.6262955477658));
#9660=CARTESIAN_POINT('',(990.,-4330.,-61.5842479057756));
#9661=CARTESIAN_POINT('Ctrl Pts',(990.,-4392.22912359999,-31.6262955476875));
#9662=CARTESIAN_POINT('Ctrl Pts',(990.,-4371.56258402038,-41.7702478197461));
#9663=CARTESIAN_POINT('Ctrl Pts',(990.,-4350.81820451102,-51.7547347685221));
#9664=CARTESIAN_POINT('Ctrl Pts',(990.,-4330.,-61.5842479057756));
#9665=CARTESIAN_POINT('',(989.999999999786,-4392.22912359999,22.4895116926722));
#9666=CARTESIAN_POINT('',(990.,-4392.22912360003,0.));
#9667=CARTESIAN_POINT('',(990.,-4330.,43.8711362319019));
#9668=CARTESIAN_POINT('Ctrl Pts',(990.,-4330.,43.8711362319015));
#9669=CARTESIAN_POINT('Ctrl Pts',(990.000000000075,-4350.7804854145,36.8558092283077));
#9670=CARTESIAN_POINT('Ctrl Pts',(990.000000098545,-4371.52514329337,29.7296294336521));
#9671=CARTESIAN_POINT('Ctrl Pts',(989.999999999698,-4392.22912359995,22.4895116925727));
#9672=CARTESIAN_POINT('',(990.,-4330.,140.));
#9673=CARTESIAN_POINT('',(990.,-4330.,0.));
#9674=CARTESIAN_POINT('',(990.,-4410.,140.));
#9675=CARTESIAN_POINT('',(990.,-4410.,140.));
#9676=CARTESIAN_POINT('',(990.,-4410.,-140.));
#9677=CARTESIAN_POINT('',(990.,-4410.,0.));
#9678=CARTESIAN_POINT('',(990.,-4330.,-140.));
#9679=CARTESIAN_POINT('',(990.,-4410.,-140.));
#9680=CARTESIAN_POINT('',(990.,-4330.,0.));
#9681=CARTESIAN_POINT('Origin',(990.,-4330.,0.));
#9682=CARTESIAN_POINT('',(910.,-4330.,114.718031570619));
#9683=CARTESIAN_POINT('Ctrl Pts',(909.999999999991,-4329.99999999999,114.718031570631));
#9684=CARTESIAN_POINT('Ctrl Pts',(936.464544226471,-4329.99999999889,90.8743110214712));
#9685=CARTESIAN_POINT('Ctrl Pts',(963.132646115378,-4329.99999999999,67.260014906132));
#9686=CARTESIAN_POINT('Ctrl Pts',(990.,-4330.,43.871136231902));
#9687=CARTESIAN_POINT('',(910.,-4330.,140.));
#9688=CARTESIAN_POINT('',(910.,-4330.,0.));
#9689=CARTESIAN_POINT('',(990.,-4330.,140.));
#9690=CARTESIAN_POINT('Origin',(950.,-4370.,-140.));
#9691=CARTESIAN_POINT('',(926.747906698565,-4330.,-140.));
#9692=CARTESIAN_POINT('',(910.,-4376.36175496689,-140.));
#9693=CARTESIAN_POINT('Ctrl Pts',(926.747906698565,-4330.,-140.));
#9694=CARTESIAN_POINT('Ctrl Pts',(921.165271132376,-4345.4539183223,-140.));
#9695=CARTESIAN_POINT('Ctrl Pts',(915.582635566188,-4360.90783664459,-140.));
#9696=CARTESIAN_POINT('Ctrl Pts',(910.,-4376.36175496689,-140.));
#9697=CARTESIAN_POINT('',(990.,-4330.,-140.));
#9698=CARTESIAN_POINT('',(910.,-4410.,-140.));
#9699=CARTESIAN_POINT('',(910.,-4410.,-140.));
#9700=CARTESIAN_POINT('',(910.,-4330.,-140.));
#9701=CARTESIAN_POINT('Origin',(990.,-4330.,0.));
#9702=CARTESIAN_POINT('Ctrl Pts',(990.,-4330.,-61.584247905776));
#9703=CARTESIAN_POINT('Ctrl Pts',(968.736647739316,-4329.99999999997,-87.5785269071629));
#9704=CARTESIAN_POINT('Ctrl Pts',(947.653000571826,-4330.,-113.71673158985));
#9705=CARTESIAN_POINT('Ctrl Pts',(926.747906698565,-4330.,-140.));
#9706=CARTESIAN_POINT('Origin',(910.,-4410.,0.));
#9707=CARTESIAN_POINT('',(910.,-4410.,140.));
#9708=CARTESIAN_POINT('',(910.,-4410.,140.));
#9709=CARTESIAN_POINT('',(910.,-4410.,0.));
#9710=CARTESIAN_POINT('Origin',(910.,-4330.,0.));
#9711=CARTESIAN_POINT('',(910.,-4397.82647107166,-130.));
#9712=CARTESIAN_POINT('Ctrl Pts',(910.,-4376.36175496689,-140.));
#9713=CARTESIAN_POINT('Ctrl Pts',(910.,-4383.52544143781,-136.685538408459));
#9714=CARTESIAN_POINT('Ctrl Pts',(910.,-4390.68041009462,-133.352269562525));
#9715=CARTESIAN_POINT('Ctrl Pts',(910.,-4397.82647107166,-130.));
#9716=CARTESIAN_POINT('',(910.,-4330.,140.));
#9717=CARTESIAN_POINT('',(909.999999999941,-4392.22912360005,94.2448096048039));
#9718=CARTESIAN_POINT('Ctrl Pts',(910.,-4392.22912360002,94.2448096047075));
#9719=CARTESIAN_POINT('Ctrl Pts',(910.,-4371.52315529765,101.181076750613));
#9720=CARTESIAN_POINT('Ctrl Pts',(910.,-4350.77831483724,108.004438180314));
#9721=CARTESIAN_POINT('Ctrl Pts',(910.,-4330.,114.718031570619));
#9722=CARTESIAN_POINT('',(910.,-4392.22912360003,-130.));
#9723=CARTESIAN_POINT('',(910.,-4392.22912360003,0.));
#9724=CARTESIAN_POINT('',(910.,-4540.,-130.));
#9725=CARTESIAN_POINT('Origin',(950.,-4370.,140.));
#9726=CARTESIAN_POINT('Ctrl Pts',(850.,-4800.,0.));
#9727=CARTESIAN_POINT('Ctrl Pts',(626.666666666667,-4633.33333333333,-426.666666666667));
#9728=CARTESIAN_POINT('Ctrl Pts',(403.333333333333,-4466.66666666667,-853.333333333333));
#9729=CARTESIAN_POINT('Ctrl Pts',(180.,-4300.,-1280.));
#9730=CARTESIAN_POINT('Ctrl Pts',(1066.66666666667,-4266.66666666667,0.));
#9731=CARTESIAN_POINT('Ctrl Pts',(782.222222222222,-4066.66666666667,-426.666666666666));
#9732=CARTESIAN_POINT('Ctrl Pts',(497.777777777778,-3866.66666666667,-853.333333333334));
#9733=CARTESIAN_POINT('Ctrl Pts',(213.333333333333,-3666.66666666667,-1280.));
#9734=CARTESIAN_POINT('Ctrl Pts',(1283.33333333333,-3733.33333333333,0.));
#9735=CARTESIAN_POINT('Ctrl Pts',(937.777777777778,-3500.,-426.666666666667));
#9736=CARTESIAN_POINT('Ctrl Pts',(592.222222222222,-3266.66666666667,-853.333333333333));
#9737=CARTESIAN_POINT('Ctrl Pts',(246.666666666667,-3033.33333333333,-1280.));
#9738=CARTESIAN_POINT('Ctrl Pts',(1500.,-3200.,0.));
#9739=CARTESIAN_POINT('Ctrl Pts',(1093.33333333333,-2933.33333333333,-426.666666666667));
#9740=CARTESIAN_POINT('Ctrl Pts',(686.666666666667,-2666.66666666667,-853.333333333333));
#9741=CARTESIAN_POINT('Ctrl Pts',(280.,-2400.,-1280.));
#9742=CARTESIAN_POINT('',(781.953125,-4749.21875,-130.));
#9743=CARTESIAN_POINT('Ctrl Pts',(910.,-4397.82647107166,-130.));
#9744=CARTESIAN_POINT('Ctrl Pts',(867.317708333333,-4514.95723071444,-130.));
#9745=CARTESIAN_POINT('Ctrl Pts',(824.635416666667,-4632.08799035722,-130.));
#9746=CARTESIAN_POINT('Ctrl Pts',(781.953125,-4749.21875,-130.));
#9747=CARTESIAN_POINT('',(180.,-4300.,-1280.));
#9748=CARTESIAN_POINT('',(850.,-4800.,0.));
#9749=CARTESIAN_POINT('',(204.210526315789,-3840.,-1280.));
#9750=CARTESIAN_POINT('',(280.,-2400.,-1280.));
#9751=CARTESIAN_POINT('',(240.,-3840.,-1225.50294793103));
#9752=CARTESIAN_POINT('Ctrl Pts',(204.210526315789,-3840.,-1280.));
#9753=CARTESIAN_POINT('Ctrl Pts',(216.067715313481,-3840.,-1261.78655045524));
#9754=CARTESIAN_POINT('Ctrl Pts',(227.99738047458,-3839.99999999996,-1243.62087353108));
#9755=CARTESIAN_POINT('Ctrl Pts',(240.,-3840.,-1225.50294793103));
#9756=CARTESIAN_POINT('',(240.,-3760.,-1233.19088679404));
#9757=CARTESIAN_POINT('Ctrl Pts',(240.000000000051,-3840.00000000002,-1225.50294793095));
#9758=CARTESIAN_POINT('Ctrl Pts',(240.000000005392,-3813.34435815646,-1228.1342536701));
#9759=CARTESIAN_POINT('Ctrl Pts',(240.00000000005,-3786.66856196178,-1230.69598129972));
#9760=CARTESIAN_POINT('Ctrl Pts',(240.,-3760.,-1233.19088679404));
#9761=CARTESIAN_POINT('',(208.421052631579,-3760.,-1280.));
#9762=CARTESIAN_POINT('Ctrl Pts',(240.,-3760.,-1233.19088679404));
#9763=CARTESIAN_POINT('Ctrl Pts',(229.419781722409,-3759.99999999998,-1248.75759248485));
#9764=CARTESIAN_POINT('Ctrl Pts',(218.893562596108,-3760.,-1264.36061856244));
#9765=CARTESIAN_POINT('Ctrl Pts',(208.421052631579,-3760.,-1280.));
#9766=CARTESIAN_POINT('',(220.,-3540.,-1280.));
#9767=CARTESIAN_POINT('',(280.,-2400.,-1280.));
#9768=CARTESIAN_POINT('',(240.,-3540.,-1252.37301047325));
#9769=CARTESIAN_POINT('Ctrl Pts',(220.,-3540.,-1280.));
#9770=CARTESIAN_POINT('Ctrl Pts',(226.647768722959,-3540.,-1270.7773111613));
#9771=CARTESIAN_POINT('Ctrl Pts',(233.314418157393,-3540.,-1261.56832091182));
#9772=CARTESIAN_POINT('Ctrl Pts',(240.,-3540.,-1252.37301047325));
#9773=CARTESIAN_POINT('',(240.,-3460.,-1258.71668767089));
#9774=CARTESIAN_POINT('Ctrl Pts',(240.000000000032,-3540.00000000001,-1252.3730104732));
#9775=CARTESIAN_POINT('Ctrl Pts',(240.000000003395,-3513.34117757659,-1254.53929018669));
#9776=CARTESIAN_POINT('Ctrl Pts',(240.000000000031,-3486.66683090899,-1256.65321924484));
#9777=CARTESIAN_POINT('Ctrl Pts',(240.,-3460.,-1258.71668767089));
#9778=CARTESIAN_POINT('',(224.210526315789,-3460.,-1280.));
#9779=CARTESIAN_POINT('Ctrl Pts',(240.,-3460.,-1258.71668767089));
#9780=CARTESIAN_POINT('Ctrl Pts',(234.725596450939,-3460.,-1265.80278547475));
#9781=CARTESIAN_POINT('Ctrl Pts',(229.462445966796,-3460.,-1272.89721944468));
#9782=CARTESIAN_POINT('Ctrl Pts',(224.210526315789,-3460.,-1280.));
#9783=CARTESIAN_POINT('',(235.789473684211,-3240.,-1280.));
#9784=CARTESIAN_POINT('',(280.,-2400.,-1280.));
#9785=CARTESIAN_POINT('',(240.,-3240.,-1274.67860555633));
#9786=CARTESIAN_POINT('Ctrl Pts',(235.789473684211,-3240.,-1280.));
#9787=CARTESIAN_POINT('Ctrl Pts',(237.19227774373,-3240.,-1278.22564409334));
#9788=CARTESIAN_POINT('Ctrl Pts',(238.595786421024,-3240.,-1276.45184602479));
#9789=CARTESIAN_POINT('Ctrl Pts',(240.,-3240.,-1274.67860555633));
#9790=CARTESIAN_POINT('',(240.,-3160.,-1280.));
#9791=CARTESIAN_POINT('Ctrl Pts',(240.00000000002,-3240.00000000001,-1274.6786055563));
#9792=CARTESIAN_POINT('Ctrl Pts',(240.000000002175,-3213.33911969752,-1276.49227859611));
#9793=CARTESIAN_POINT('Ctrl Pts',(240.,-3186.6659232029,-1278.26563101119));
#9794=CARTESIAN_POINT('Ctrl Pts',(240.,-3160.,-1280.));
#9795=CARTESIAN_POINT('',(280.,-2400.,-1280.));
#9796=CARTESIAN_POINT('',(280.,-2400.,-1280.));
#9797=CARTESIAN_POINT('',(380.,-2465.5737704918,-1175.08196721311));
#9798=CARTESIAN_POINT('',(1500.,-3200.,0.));
#9799=CARTESIAN_POINT('',(380.,-2877.33231707317,-1140.));
#9800=CARTESIAN_POINT('Ctrl Pts',(380.,-2465.5737704918,-1175.08196721311));
#9801=CARTESIAN_POINT('Ctrl Pts',(380.,-2602.56542536728,-1164.4998831313));
#9802=CARTESIAN_POINT('Ctrl Pts',(380.,-2740.46400233215,-1152.86088224344));
#9803=CARTESIAN_POINT('Ctrl Pts',(380.,-2877.33231707317,-1140.));
#9804=CARTESIAN_POINT('',(413.4375,-2487.5,-1140.));
#9805=CARTESIAN_POINT('Ctrl Pts',(380.,-2877.33231707317,-1140.));
#9806=CARTESIAN_POINT('Ctrl Pts',(391.145833333333,-2747.38821138212,-1140.));
#9807=CARTESIAN_POINT('Ctrl Pts',(402.291666666667,-2617.44410569106,-1140.));
#9808=CARTESIAN_POINT('Ctrl Pts',(413.4375,-2487.5,-1140.));
#9809=CARTESIAN_POINT('',(1347.5,-3100.,-160.));
#9810=CARTESIAN_POINT('',(1500.,-3200.,0.));
#9811=CARTESIAN_POINT('',(1178.54159522903,-3575.9903446236,-160.));
#9812=CARTESIAN_POINT('Ctrl Pts',(1347.5,-3100.,-160.));
#9813=CARTESIAN_POINT('Ctrl Pts',(1291.18053174301,-3258.66344820786,-160.));
#9814=CARTESIAN_POINT('Ctrl Pts',(1234.86106348602,-3417.32689641573,-160.));
#9815=CARTESIAN_POINT('Ctrl Pts',(1178.54159522903,-3575.9903446236,-160.));
#9816=CARTESIAN_POINT('',(1383.29360127497,-3123.4712139508,-122.446057678716));
#9817=CARTESIAN_POINT('Ctrl Pts',(1178.54159522903,-3575.9903446236,-160.));
#9818=CARTESIAN_POINT('Ctrl Pts',(1211.92523408867,-3555.69846695006,-134.479946013815));
#9819=CARTESIAN_POINT('Ctrl Pts',(1244.36495711502,-3529.90748979238,-112.629694468975));
#9820=CARTESIAN_POINT('Ctrl Pts',(1273.79814261759,-3497.91737585679,-96.3856148254898));
#9821=CARTESIAN_POINT('Ctrl Pts',(1282.71727606983,-3488.22341679419,-91.463173992965));
#9822=CARTESIAN_POINT('Ctrl Pts',(1291.36672279315,-3477.93983568308,-87.0537942507197));
#9823=CARTESIAN_POINT('Ctrl Pts',(1299.5554582031,-3467.22833240587,-83.2610594047096));
#9824=CARTESIAN_POINT('Ctrl Pts',(1317.77542555227,-3443.39519698252,-74.8222099854943));
#9825=CARTESIAN_POINT('Ctrl Pts',(1333.87568175615,-3417.28880823967,-69.34215107771));
#9826=CARTESIAN_POINT('Ctrl Pts',(1347.29473236673,-3389.09493814919,-67.0373500031339));
#9827=CARTESIAN_POINT('Ctrl Pts',(1351.96505309335,-3379.28243951063,-66.2351948774327));
#9828=CARTESIAN_POINT('Ctrl Pts',(1356.27172396265,-3369.29384918506,-65.825547644602));
#9829=CARTESIAN_POINT('Ctrl Pts',(1360.18753000427,-3359.2048687352,-65.7964526885253));
#9830=CARTESIAN_POINT('Ctrl Pts',(1368.88829777103,-3336.78754904054,-65.7318048348481));
#9831=CARTESIAN_POINT('Ctrl Pts',(1375.69790704128,-3313.79249674828,-67.5380041379081));
#9832=CARTESIAN_POINT('Ctrl Pts',(1380.59640412253,-3290.4805877343,-71.0482346314052));
#9833=CARTESIAN_POINT('Ctrl Pts',(1384.21958095557,-3273.23791773325,-73.6445791002632));
#9834=CARTESIAN_POINT('Ctrl Pts',(1386.79645656841,-3255.76393781823,-77.1929484702673));
#9835=CARTESIAN_POINT('Ctrl Pts',(1388.31344741481,-3238.48794376616,-81.5349075301565));
#9836=CARTESIAN_POINT('Ctrl Pts',(1391.77885505752,-3199.0227340942,-91.4536609268761));
#9837=CARTESIAN_POINT('Ctrl Pts',(1389.80105976443,-3160.31539075811,-105.51269993862));
#9838=CARTESIAN_POINT('Ctrl Pts',(1383.29360127497,-3123.4712139508,-122.446057678716));
#9839=CARTESIAN_POINT('',(1461.875,-3175.,-40.));
#9840=CARTESIAN_POINT('',(1500.,-3200.,0.));
#9841=CARTESIAN_POINT('',(1451.92154626699,-3200.31372183951,-40.));
#9842=CARTESIAN_POINT('Ctrl Pts',(1461.875,-3175.,-40.));
#9843=CARTESIAN_POINT('Ctrl Pts',(1458.557182089,-3183.43790727984,-40.));
#9844=CARTESIAN_POINT('Ctrl Pts',(1455.23936417799,-3191.87581455967,-40.));
#9845=CARTESIAN_POINT('Ctrl Pts',(1451.92154626699,-3200.31372183951,-40.));
#9846=CARTESIAN_POINT('',(1496.88995215311,-3207.65550239234,0.));
#9847=CARTESIAN_POINT('Ctrl Pts',(1451.92154626699,-3200.31372183951,-40.));
#9848=CARTESIAN_POINT('Ctrl Pts',(1466.87978752312,-3202.75588367724,-26.6306221687393));
#9849=CARTESIAN_POINT('Ctrl Pts',(1481.86929995601,-3205.20315101323,-13.2973493139468));
#9850=CARTESIAN_POINT('Ctrl Pts',(1496.88995215311,-3207.65550239234,0.));
#9851=CARTESIAN_POINT('',(1014.21688829722,-4395.77381342224,0.));
#9852=CARTESIAN_POINT('',(1500.,-3200.,0.));
#9853=CARTESIAN_POINT('Ctrl Pts',(1014.21688829722,-4395.77381342224,6.66133814775094E-15));
#9854=CARTESIAN_POINT('Ctrl Pts',(1006.21221061119,-4394.32266296443,-10.5483927639161));
#9855=CARTESIAN_POINT('Ctrl Pts',(998.13505260984,-4393.13865013184,-21.0945430109019));
#9856=CARTESIAN_POINT('Ctrl Pts',(989.999999999922,-4392.22912360003,-31.6262955477656));
#9857=CARTESIAN_POINT('Origin',(950.,-4750.,-130.));
#9858=CARTESIAN_POINT('',(721.299423149112,-4471.97833511025,-130.));
#9859=CARTESIAN_POINT('Origin',(950.,-4750.,-130.));
#9860=CARTESIAN_POINT('',(721.299423149112,-4521.29942314911,-130.));
#9861=CARTESIAN_POINT('',(721.299423149112,-4635.64971157456,-130.));
#9862=CARTESIAN_POINT('',(671.978335110245,-4521.29942314911,-130.));
#9863=CARTESIAN_POINT('',(795.649711574556,-4521.29942314911,-130.));
#9864=CARTESIAN_POINT('',(592.731503043916,-4705.73691060556,-130.));
#9865=CARTESIAN_POINT('Origin',(950.,-4750.,-130.));
#9866=CARTESIAN_POINT('Ctrl Pts',(781.953125,-4749.21875,-130.));
#9867=CARTESIAN_POINT('Ctrl Pts',(718.879251014639,-4734.72480353518,-130.));
#9868=CARTESIAN_POINT('Ctrl Pts',(655.805377029276,-4720.23085707037,-130.));
#9869=CARTESIAN_POINT('Ctrl Pts',(592.731503043916,-4705.73691060556,-130.));
#9870=CARTESIAN_POINT('Origin',(950.,-4750.,0.));
#9871=CARTESIAN_POINT('',(868.675827487322,-4399.30586123357,130.));
#9872=CARTESIAN_POINT('Ctrl Pts',(868.675827487322,-4399.30586123357,130.));
#9873=CARTESIAN_POINT('Ctrl Pts',(882.414037922096,-4396.12004067967,118.250632548917));
#9874=CARTESIAN_POINT('Ctrl Pts',(896.210441939071,-4393.77084306023,106.31595239858));
#9875=CARTESIAN_POINT('Ctrl Pts',(909.999999999883,-4392.22912360005,94.244809604804));
#9876=CARTESIAN_POINT('',(721.299423149112,-4471.97833511025,130.));
#9877=CARTESIAN_POINT('Origin',(950.,-4750.,130.));
#9878=CARTESIAN_POINT('',(721.299423149112,-4471.97833511025,0.));
#9879=CARTESIAN_POINT('Origin',(641.299423149112,-4521.29942314911,0.));
#9880=CARTESIAN_POINT('',(671.978335110245,-4521.29942314911,130.));
#9881=CARTESIAN_POINT('',(721.299423149112,-4521.29942314911,130.));
#9882=CARTESIAN_POINT('',(795.649711574556,-4521.29942314911,130.));
#9883=CARTESIAN_POINT('',(671.978335110245,-4521.29942314911,0.));
#9884=CARTESIAN_POINT('',(721.299423149112,-4521.29942314911,0.));
#9885=CARTESIAN_POINT('Origin',(721.299423149112,-4521.29942314911,0.));
#9886=CARTESIAN_POINT('',(721.299423149112,-4635.64971157456,130.));
#9887=CARTESIAN_POINT('Origin',(950.,-4750.,130.));
#9888=CARTESIAN_POINT('',(754.411764705882,-4723.52941176471,130.));
#9889=CARTESIAN_POINT('Ctrl Pts',(754.411764705882,-4723.52941176471,130.));
#9890=CARTESIAN_POINT('Ctrl Pts',(792.499785633029,-4615.45489492099,130.));
#9891=CARTESIAN_POINT('Ctrl Pts',(830.587806560175,-4507.38037807728,130.));
#9892=CARTESIAN_POINT('Ctrl Pts',(868.675827487322,-4399.30586123357,130.));
#9893=CARTESIAN_POINT('',(594.691279469801,-4692.07148271194,130.));
#9894=CARTESIAN_POINT('Ctrl Pts',(594.691279469801,-4692.07148271194,130.));
#9895=CARTESIAN_POINT('Ctrl Pts',(647.931441215161,-4702.55745906286,130.));
#9896=CARTESIAN_POINT('Ctrl Pts',(701.171602960522,-4713.04343541378,130.));
#9897=CARTESIAN_POINT('Ctrl Pts',(754.411764705882,-4723.52941176471,130.));
#9898=CARTESIAN_POINT('Origin',(950.,-4750.,130.));
#9899=CARTESIAN_POINT('Origin',(950.,-4750.,0.));
#9900=CARTESIAN_POINT('Ctrl Pts',(989.999999999686,-4392.2291236,22.4895116925661));
#9901=CARTESIAN_POINT('Ctrl Pts',(998.127985434323,-4393.13785999759,15.0077831809579));
#9902=CARTESIAN_POINT('Ctrl Pts',(1006.20533480259,-4394.32141646418,7.50815090769529));
#9903=CARTESIAN_POINT('Ctrl Pts',(1014.21688829722,-4395.77381342224,-2.39808173319034E-13));
#9904=CARTESIAN_POINT('Origin',(610.,-4710.,0.));
#9905=CARTESIAN_POINT('',(592.229123600034,-4710.,-113.244152087638));
#9906=CARTESIAN_POINT('',(530.,-4710.,-57.4978999181337));
#9907=CARTESIAN_POINT('Ctrl Pts',(592.229123600034,-4710.,-113.244152087638));
#9908=CARTESIAN_POINT('Ctrl Pts',(577.691537649379,-4710.00000261411,-100.403042761219));
#9909=CARTESIAN_POINT('Ctrl Pts',(563.215181723221,-4710.00000127411,-87.4860945011009));
#9910=CARTESIAN_POINT('Ctrl Pts',(548.803256371666,-4710.00000040378,-74.504398779145));
#9911=CARTESIAN_POINT('Ctrl Pts',(542.52318160417,-4710.00000002454,-68.8475543427443));
#9912=CARTESIAN_POINT('Ctrl Pts',(536.255341961362,-4709.99999999327,-63.1784154771834));
#9913=CARTESIAN_POINT('Ctrl Pts',(530.,-4710.,-57.4978999181338));
#9914=CARTESIAN_POINT('',(592.229123600111,-4709.99999999965,82.0381566970571));
#9915=CARTESIAN_POINT('',(592.229123600034,-4710.,0.));
#9916=CARTESIAN_POINT('',(530.,-4710.,44.2471487890859));
#9917=CARTESIAN_POINT('Ctrl Pts',(530.,-4710.,44.2471487890853));
#9918=CARTESIAN_POINT('Ctrl Pts',(550.321099176199,-4710.,57.5176456450969));
#9919=CARTESIAN_POINT('Ctrl Pts',(571.098539477128,-4710.,70.0953968404824));
#9920=CARTESIAN_POINT('Ctrl Pts',(592.229123600903,-4710.,82.0381566956554));
#9921=CARTESIAN_POINT('',(530.,-4710.,140.));
#9922=CARTESIAN_POINT('',(530.,-4710.,0.));
#9923=CARTESIAN_POINT('',(610.,-4710.,140.));
#9924=CARTESIAN_POINT('',(610.,-4710.,140.));
#9925=CARTESIAN_POINT('',(610.,-4710.,-140.));
#9926=CARTESIAN_POINT('',(610.,-4710.,0.));
#9927=CARTESIAN_POINT('',(530.,-4710.,-140.));
#9928=CARTESIAN_POINT('',(610.,-4710.,-140.));
#9929=CARTESIAN_POINT('',(530.,-4710.,0.));
#9930=CARTESIAN_POINT('Origin',(570.,-4750.,-140.));
#9931=CARTESIAN_POINT('',(530.,-4790.,-140.));
#9932=CARTESIAN_POINT('',(530.,-4710.,-140.));
#9933=CARTESIAN_POINT('',(610.,-4790.,-140.));
#9934=CARTESIAN_POINT('',(610.,-4790.,-140.));
#9935=CARTESIAN_POINT('',(530.,-4790.,-140.));
#9936=CARTESIAN_POINT('Origin',(610.,-4790.,0.));
#9937=CARTESIAN_POINT('',(610.,-4790.,140.));
#9938=CARTESIAN_POINT('',(610.,-4790.,140.));
#9939=CARTESIAN_POINT('',(610.,-4790.,0.));
#9940=CARTESIAN_POINT('Origin',(530.,-4790.,0.));
#9941=CARTESIAN_POINT('',(530.,-4790.,140.));
#9942=CARTESIAN_POINT('',(530.,-4790.,140.));
#9943=CARTESIAN_POINT('',(530.,-4790.,0.));
#9944=CARTESIAN_POINT('Origin',(530.,-4710.,0.));
#9945=CARTESIAN_POINT('',(530.,-4724.70588235294,0.));
#9946=CARTESIAN_POINT('Ctrl Pts',(530.,-4710.,-57.4978999181338));
#9947=CARTESIAN_POINT('Ctrl Pts',(530.000000350865,-4714.9147130076,-38.3408813160106));
#9948=CARTESIAN_POINT('Ctrl Pts',(530.,-4719.81931621593,-19.1625169126615));
#9949=CARTESIAN_POINT('Ctrl Pts',(530.,-4724.70588235294,0.));
#9950=CARTESIAN_POINT('',(530.,-4710.,140.));
#9951=CARTESIAN_POINT('Ctrl Pts',(530.,-4724.70588235294,0.));
#9952=CARTESIAN_POINT('Ctrl Pts',(530.,-4719.91471322769,14.7858127590205));
#9953=CARTESIAN_POINT('Ctrl Pts',(530.000000002691,-4715.01342936301,29.5352531928918));
#9954=CARTESIAN_POINT('Ctrl Pts',(530.000000000134,-4710.00000000004,44.2471487890401));
#9955=CARTESIAN_POINT('Origin',(570.,-4750.,140.));
#9956=CARTESIAN_POINT('Ctrl Pts',(0.,-4600.,0.));
#9957=CARTESIAN_POINT('Ctrl Pts',(-116.666666666667,-4533.33333333333,226.666666666667));
#9958=CARTESIAN_POINT('Ctrl Pts',(-233.333333333333,-4466.66666666667,453.333333333333));
#9959=CARTESIAN_POINT('Ctrl Pts',(-350.,-4400.,680.));
#9960=CARTESIAN_POINT('Ctrl Pts',(283.333333333333,-4666.66666666667,0.));
#9961=CARTESIAN_POINT('Ctrl Pts',(150.,-4577.77777777778,226.666666666667));
#9962=CARTESIAN_POINT('Ctrl Pts',(16.6666666666665,-4488.88888888889,453.333333333333));
#9963=CARTESIAN_POINT('Ctrl Pts',(-116.666666666667,-4400.,680.));
#9964=CARTESIAN_POINT('Ctrl Pts',(566.666666666667,-4733.33333333333,0.));
#9965=CARTESIAN_POINT('Ctrl Pts',(416.666666666667,-4622.22222222222,226.666666666667));
#9966=CARTESIAN_POINT('Ctrl Pts',(266.666666666667,-4511.11111111111,453.333333333333));
#9967=CARTESIAN_POINT('Ctrl Pts',(116.666666666667,-4400.,680.));
#9968=CARTESIAN_POINT('Ctrl Pts',(850.,-4800.,0.));
#9969=CARTESIAN_POINT('Ctrl Pts',(683.333333333333,-4666.66666666667,226.666666666667));
#9970=CARTESIAN_POINT('Ctrl Pts',(516.666666666667,-4533.33333333333,453.333333333333));
#9971=CARTESIAN_POINT('Ctrl Pts',(350.,-4400.,680.));
#9972=CARTESIAN_POINT('Ctrl Pts',(592.229123600088,-4709.9999999993,82.0381566970643));
#9973=CARTESIAN_POINT('Ctrl Pts',(592.505906423958,-4707.524356625,88.8130914876452));
#9974=CARTESIAN_POINT('Ctrl Pts',(592.81092063086,-4705.02888954347,95.577705589082));
#9975=CARTESIAN_POINT('Ctrl Pts',(593.145567272461,-4702.51403966616,102.329711498081));
#9976=CARTESIAN_POINT('Ctrl Pts',(593.475016419134,-4700.03824865831,108.976850027242));
#9977=CARTESIAN_POINT('Ctrl Pts',(593.833184651716,-4697.54367220991,115.611768965657));
#9978=CARTESIAN_POINT('Ctrl Pts',(594.2214390625,-4695.03077142262,122.232285746871));
#9979=CARTESIAN_POINT('Ctrl Pts',(594.373414631776,-4694.04713925497,124.823774159564));
#9980=CARTESIAN_POINT('Ctrl Pts',(594.530000332363,-4693.06069988259,127.41305587727));
#9981=CARTESIAN_POINT('Ctrl Pts',(594.691279469801,-4692.07148271194,130.));
#9982=CARTESIAN_POINT('',(350.,-4400.,680.));
#9983=CARTESIAN_POINT('',(850.,-4800.,0.));
#9984=CARTESIAN_POINT('',(0.,-4400.,680.));
#9985=CARTESIAN_POINT('',(-350.,-4400.,680.));
#9986=CARTESIAN_POINT('',(-350.,-4400.,680.));
#9987=CARTESIAN_POINT('',(-350.,-4400.,680.));
#9988=CARTESIAN_POINT('',(-127.033828883788,-4527.40924063784,246.80858183136));
#9989=CARTESIAN_POINT('',(0.,-4600.,0.));
#9990=CARTESIAN_POINT('',(0.,-4600.,0.));
#9991=CARTESIAN_POINT('',(0.,-4600.,0.));
#9992=CARTESIAN_POINT('',(850.,-4800.,0.));
#9993=CARTESIAN_POINT('Origin',(-910.,-4410.,0.));
#9994=CARTESIAN_POINT('',(-910.,-4397.82647107166,-130.));
#9995=CARTESIAN_POINT('',(-910.,-4376.36175496689,-140.));
#9996=CARTESIAN_POINT('Ctrl Pts',(-910.,-4397.82647107166,-130.));
#9997=CARTESIAN_POINT('Ctrl Pts',(-910.,-4390.68041009462,-133.352269562522));
#9998=CARTESIAN_POINT('Ctrl Pts',(-910.,-4383.52544143782,-136.685538408454));
#9999=CARTESIAN_POINT('Ctrl Pts',(-910.,-4376.36175496689,-140.));
#10000=CARTESIAN_POINT('',(-910.,-4392.22912360003,-130.));
#10001=CARTESIAN_POINT('',(-910.,-4580.,-130.));
#10002=CARTESIAN_POINT('',(-909.999999999999,-4392.22912360003,82.2090299964837));
#10003=CARTESIAN_POINT('',(-910.,-4392.22912360003,0.));
#10004=CARTESIAN_POINT('',(-910.,-4330.,101.040175775493));
#10005=CARTESIAN_POINT('Ctrl Pts',(-910.000000000051,-4329.99999999995,
101.040175775469));
#10006=CARTESIAN_POINT('Ctrl Pts',(-910.000000004182,-4350.75919334897,
94.8137071307582));
#10007=CARTESIAN_POINT('Ctrl Pts',(-910.000000028513,-4371.50135969587,
88.5365849904688));
#10008=CARTESIAN_POINT('Ctrl Pts',(-909.999999999999,-4392.22912360003,
82.2090299964835));
#10009=CARTESIAN_POINT('',(-910.,-4330.,140.));
#10010=CARTESIAN_POINT('',(-910.,-4330.,0.));
#10011=CARTESIAN_POINT('',(-910.,-4410.,140.));
#10012=CARTESIAN_POINT('',(-910.,-4410.,140.));
#10013=CARTESIAN_POINT('',(-910.,-4410.,-140.));
#10014=CARTESIAN_POINT('',(-910.,-4410.,0.));
#10015=CARTESIAN_POINT('',(-910.,-4410.,-140.));
#10016=CARTESIAN_POINT('Origin',(-910.,-4330.,0.));
#10017=CARTESIAN_POINT('',(-926.747906698565,-4330.,-140.));
#10018=CARTESIAN_POINT('',(-990.,-4330.,-61.5842479057755));
#10019=CARTESIAN_POINT('Ctrl Pts',(-926.747906698565,-4330.,-140.));
#10020=CARTESIAN_POINT('Ctrl Pts',(-947.653000571838,-4330.,-113.716731589835));
#10021=CARTESIAN_POINT('Ctrl Pts',(-968.736647739322,-4329.99999999997,
-87.5785269071555));
#10022=CARTESIAN_POINT('Ctrl Pts',(-990.,-4330.,-61.5842479057758));
#10023=CARTESIAN_POINT('',(-990.,-4330.,-140.));
#10024=CARTESIAN_POINT('',(-910.,-4330.,-140.));
#10025=CARTESIAN_POINT('',(-990.,-4330.,0.));
#10026=CARTESIAN_POINT('Origin',(-910.,-4330.,0.));
#10027=CARTESIAN_POINT('',(-990.,-4330.,38.5878721379259));
#10028=CARTESIAN_POINT('Ctrl Pts',(-990.,-4330.,38.5878721379258));
#10029=CARTESIAN_POINT('Ctrl Pts',(-963.161076047584,-4330.,59.1466512016068));
#10030=CARTESIAN_POINT('Ctrl Pts',(-936.448562707124,-4330.,79.9805846449709));
#10031=CARTESIAN_POINT('Ctrl Pts',(-910.,-4330.,101.040175775493));
#10032=CARTESIAN_POINT('',(-990.,-4330.,140.));
#10033=CARTESIAN_POINT('',(-990.,-4330.,0.));
#10034=CARTESIAN_POINT('',(-910.,-4330.,140.));
#10035=CARTESIAN_POINT('Origin',(-990.,-4330.,0.));
#10036=CARTESIAN_POINT('',(-989.999999999996,-4392.22912360003,19.5927937070641));
#10037=CARTESIAN_POINT('Ctrl Pts',(-989.999999999994,-4392.22912360003,
19.5927937070623));
#10038=CARTESIAN_POINT('Ctrl Pts',(-990.000000024432,-4371.50047309852,
25.9716440210035));
#10039=CARTESIAN_POINT('Ctrl Pts',(-990.000000003505,-4350.7581741775,32.3034187211578));
#10040=CARTESIAN_POINT('Ctrl Pts',(-990.000000000042,-4329.99999999997,
38.5878721379015));
#10041=CARTESIAN_POINT('',(-989.999999999961,-4392.22912360003,-31.6262955477658));
#10042=CARTESIAN_POINT('',(-990.,-4392.22912360003,0.));
#10043=CARTESIAN_POINT('Ctrl Pts',(-990.000000000001,-4330.,-61.5842479057745));
#10044=CARTESIAN_POINT('Ctrl Pts',(-990.000000000079,-4350.81820450093,
-51.7547347731886));
#10045=CARTESIAN_POINT('Ctrl Pts',(-990.000000105387,-4371.56258401505,
-41.7702476917107));
#10046=CARTESIAN_POINT('Ctrl Pts',(-989.999999999939,-4392.22912360002,
-31.6262955477481));
#10047=CARTESIAN_POINT('',(-990.,-4410.,-140.));
#10048=CARTESIAN_POINT('',(-990.,-4330.,-140.));
#10049=CARTESIAN_POINT('',(-990.,-4410.,140.));
#10050=CARTESIAN_POINT('',(-990.,-4410.,0.));
#10051=CARTESIAN_POINT('',(-990.,-4330.,140.));
#10052=CARTESIAN_POINT('Origin',(-950.,-4370.,-140.));
#10053=CARTESIAN_POINT('Ctrl Pts',(-910.,-4376.36175496689,-140.));
#10054=CARTESIAN_POINT('Ctrl Pts',(-915.582635566189,-4360.90783664459,
-140.));
#10055=CARTESIAN_POINT('Ctrl Pts',(-921.165271132376,-4345.4539183223,-140.));
#10056=CARTESIAN_POINT('Ctrl Pts',(-926.747906698565,-4330.,-140.));
#10057=CARTESIAN_POINT('',(-990.,-4410.,-140.));
#10058=CARTESIAN_POINT('Origin',(-990.,-4410.,0.));
#10059=CARTESIAN_POINT('',(-990.,-4410.,140.));
#10060=CARTESIAN_POINT('Origin',(-950.,-4370.,140.));
#10061=CARTESIAN_POINT('Origin',(-950.,-4750.,-130.));
#10062=CARTESIAN_POINT('',(-781.953125,-4749.21875,-130.));
#10063=CARTESIAN_POINT('Ctrl Pts',(-781.953125,-4749.21875,-130.));
#10064=CARTESIAN_POINT('Ctrl Pts',(-824.635416666666,-4632.08799035722,
-130.));
#10065=CARTESIAN_POINT('Ctrl Pts',(-867.317708333334,-4514.95723071444,
-130.));
#10066=CARTESIAN_POINT('Ctrl Pts',(-910.,-4397.82647107166,-130.));
#10067=CARTESIAN_POINT('',(-592.731503043916,-4705.73691060556,-130.));
#10068=CARTESIAN_POINT('Ctrl Pts',(-592.731503043916,-4705.73691060556,
-130.));
#10069=CARTESIAN_POINT('Ctrl Pts',(-655.805377029277,-4720.23085707037,
-130.));
#10070=CARTESIAN_POINT('Ctrl Pts',(-718.879251014639,-4734.72480353518,
-130.));
#10071=CARTESIAN_POINT('Ctrl Pts',(-781.953125,-4749.21875,-130.));
#10072=CARTESIAN_POINT('',(-671.978335110245,-4521.29942314911,-130.));
#10073=CARTESIAN_POINT('Origin',(-950.,-4750.,-130.));
#10074=CARTESIAN_POINT('',(-721.299423149112,-4521.29942314911,-130.));
#10075=CARTESIAN_POINT('',(-835.649711574556,-4521.29942314911,-130.));
#10076=CARTESIAN_POINT('',(-721.299423149112,-4471.97833511025,-130.));
#10077=CARTESIAN_POINT('',(-721.299423149112,-4595.64971157456,-130.));
#10078=CARTESIAN_POINT('Origin',(-950.,-4750.,-130.));
#10079=CARTESIAN_POINT('Ctrl Pts',(-1500.,-3200.,0.));
#10080=CARTESIAN_POINT('Ctrl Pts',(-1093.33333333333,-2933.33333333333,
-426.666666666667));
#10081=CARTESIAN_POINT('Ctrl Pts',(-686.666666666667,-2666.66666666667,
-853.333333333333));
#10082=CARTESIAN_POINT('Ctrl Pts',(-280.,-2400.,-1280.));
#10083=CARTESIAN_POINT('Ctrl Pts',(-1283.33333333333,-3733.33333333333,
0.));
#10084=CARTESIAN_POINT('Ctrl Pts',(-937.777777777778,-3500.,-426.666666666666));
#10085=CARTESIAN_POINT('Ctrl Pts',(-592.222222222222,-3266.66666666667,
-853.333333333334));
#10086=CARTESIAN_POINT('Ctrl Pts',(-246.666666666667,-3033.33333333333,
-1280.));
#10087=CARTESIAN_POINT('Ctrl Pts',(-1066.66666666667,-4266.66666666667,
0.));
#10088=CARTESIAN_POINT('Ctrl Pts',(-782.222222222222,-4066.66666666667,
-426.666666666667));
#10089=CARTESIAN_POINT('Ctrl Pts',(-497.777777777778,-3866.66666666667,
-853.333333333333));
#10090=CARTESIAN_POINT('Ctrl Pts',(-213.333333333333,-3666.66666666667,
-1280.));
#10091=CARTESIAN_POINT('Ctrl Pts',(-850.,-4800.,0.));
#10092=CARTESIAN_POINT('Ctrl Pts',(-626.666666666667,-4633.33333333333,
-426.666666666667));
#10093=CARTESIAN_POINT('Ctrl Pts',(-403.333333333333,-4466.66666666667,
-853.333333333333));
#10094=CARTESIAN_POINT('Ctrl Pts',(-180.,-4300.,-1280.));
#10095=CARTESIAN_POINT('',(-1014.21688829722,-4395.77381342224,0.));
#10096=CARTESIAN_POINT('Ctrl Pts',(-989.999999999922,-4392.22912360003,
-31.6262955477658));
#10097=CARTESIAN_POINT('Ctrl Pts',(-998.135052609841,-4393.13865013184,
-21.0945430109011));
#10098=CARTESIAN_POINT('Ctrl Pts',(-1006.21221061119,-4394.32266296443,
-10.5483927639151));
#10099=CARTESIAN_POINT('Ctrl Pts',(-1014.21688829722,-4395.77381342224,
3.61932706027801E-13));
#10100=CARTESIAN_POINT('',(-1496.88995215311,-3207.65550239234,0.));
#10101=CARTESIAN_POINT('',(-1500.,-3200.,0.));
#10102=CARTESIAN_POINT('',(-1451.92154626699,-3200.31372183951,-40.));
#10103=CARTESIAN_POINT('Ctrl Pts',(-1496.88995215311,-3207.65550239234,
0.));
#10104=CARTESIAN_POINT('Ctrl Pts',(-1481.86929995535,-3205.20315101312,
-13.297349314537));
#10105=CARTESIAN_POINT('Ctrl Pts',(-1466.87978752371,-3202.75588367734,
-26.6306221682044));
#10106=CARTESIAN_POINT('Ctrl Pts',(-1451.92154626699,-3200.31372183951,
-40.));
#10107=CARTESIAN_POINT('',(-1461.875,-3175.,-40.));
#10108=CARTESIAN_POINT('Ctrl Pts',(-1451.92154626699,-3200.31372183951,
-40.));
#10109=CARTESIAN_POINT('Ctrl Pts',(-1455.23936417799,-3191.87581455967,
-40.));
#10110=CARTESIAN_POINT('Ctrl Pts',(-1458.557182089,-3183.43790727984,-40.));
#10111=CARTESIAN_POINT('Ctrl Pts',(-1461.875,-3175.,-40.));
#10112=CARTESIAN_POINT('',(-1383.29360127497,-3123.4712139508,-122.446057678716));
#10113=CARTESIAN_POINT('',(-1500.,-3200.,0.));
#10114=CARTESIAN_POINT('',(-1178.54159522903,-3575.9903446236,-160.));
#10115=CARTESIAN_POINT('Ctrl Pts',(-1383.29360127497,-3123.4712139508,-122.446057678716));
#10116=CARTESIAN_POINT('Ctrl Pts',(-1390.67914825388,-3165.28698567644,
-103.227785398901));
#10117=CARTESIAN_POINT('Ctrl Pts',(-1392.23340170402,-3209.51831075995,
-87.695588740622));
#10118=CARTESIAN_POINT('Ctrl Pts',(-1386.60344122968,-3254.56587859097,
-77.7363148823665));
#10119=CARTESIAN_POINT('Ctrl Pts',(-1384.98805754798,-3267.49121018187,
-74.8787373655201));
#10120=CARTESIAN_POINT('Ctrl Pts',(-1382.78831970635,-3280.41182387153,
-72.5004060920439));
#10121=CARTESIAN_POINT('Ctrl Pts',(-1380.01140663756,-3293.22118944525,
-70.643215752336));
#10122=CARTESIAN_POINT('Ctrl Pts',(-1376.48555854947,-3309.48524813162,
-68.2851401315779));
#10123=CARTESIAN_POINT('Ctrl Pts',(-1372.02545757703,-3325.60133292389,
-66.7599674250104));
#10124=CARTESIAN_POINT('Ctrl Pts',(-1366.63365769341,-3341.47931042031,
-66.1277058330577));
#10125=CARTESIAN_POINT('Ctrl Pts',(-1362.94912576675,-3352.32966026251,
-65.695644541497));
#10126=CARTESIAN_POINT('Ctrl Pts',(-1358.82957953734,-3363.06887055121,
-65.6806123609411));
#10127=CARTESIAN_POINT('Ctrl Pts',(-1354.27627085488,-3373.66835297104,
-66.1029835383861));
#10128=CARTESIAN_POINT('Ctrl Pts',(-1350.46399455189,-3382.54281294533,
-66.4566155328607));
#10129=CARTESIAN_POINT('Ctrl Pts',(-1346.35174091323,-3391.30342453469,
-67.1187881849752));
#10130=CARTESIAN_POINT('Ctrl Pts',(-1342.00253457267,-3399.8349641294,-68.0799453967963));
#10131=CARTESIAN_POINT('Ctrl Pts',(-1331.31658669365,-3420.79685471315,
-70.4414971524089));
#10132=CARTESIAN_POINT('Ctrl Pts',(-1319.12600924811,-3440.55847877343,
-74.6123937378576));
#10133=CARTESIAN_POINT('Ctrl Pts',(-1305.67043307849,-3459.03386464661,
-80.5049517661817));
#10134=CARTESIAN_POINT('Ctrl Pts',(-1298.63555216451,-3468.69321611691,
-83.5857149743452));
#10135=CARTESIAN_POINT('Ctrl Pts',(-1291.25466590552,-3478.00075331845,
-87.137148960007));
#10136=CARTESIAN_POINT('Ctrl Pts',(-1283.56140206094,-3486.94388136905,
-91.1456188025454));
#10137=CARTESIAN_POINT('Ctrl Pts',(-1276.65006760647,-3494.97804609753,
-94.7466750372158));
#10138=CARTESIAN_POINT('Ctrl Pts',(-1269.54367804306,-3502.65179967492,
-98.686925789966));
#10139=CARTESIAN_POINT('Ctrl Pts',(-1262.28131008552,-3509.96835866145,
-102.93542358527));
#10140=CARTESIAN_POINT('Ctrl Pts',(-1235.98566842726,-3536.46021564337,
-118.318419360812));
#10141=CARTESIAN_POINT('Ctrl Pts',(-1207.62128131126,-3558.31457730397,
-137.770093852254));
#10142=CARTESIAN_POINT('Ctrl Pts',(-1178.54159522903,-3575.9903446236,-160.));
#10143=CARTESIAN_POINT('',(-1347.5,-3100.,-160.));
#10144=CARTESIAN_POINT('Ctrl Pts',(-1178.54159522903,-3575.9903446236,-160.));
#10145=CARTESIAN_POINT('Ctrl Pts',(-1234.86106348602,-3417.32689641573,
-160.));
#10146=CARTESIAN_POINT('Ctrl Pts',(-1291.18053174301,-3258.66344820787,
-160.));
#10147=CARTESIAN_POINT('Ctrl Pts',(-1347.5,-3100.,-160.));
#10148=CARTESIAN_POINT('',(-413.4375,-2487.5,-1140.));
#10149=CARTESIAN_POINT('',(-1500.,-3200.,0.));
#10150=CARTESIAN_POINT('',(-380.,-2877.33231707317,-1140.));
#10151=CARTESIAN_POINT('Ctrl Pts',(-413.4375,-2487.5,-1140.));
#10152=CARTESIAN_POINT('Ctrl Pts',(-402.291666666666,-2617.44410569106,
-1140.));
#10153=CARTESIAN_POINT('Ctrl Pts',(-391.145833333333,-2747.38821138211,
-1140.));
#10154=CARTESIAN_POINT('Ctrl Pts',(-380.,-2877.33231707317,-1140.));
#10155=CARTESIAN_POINT('',(-380.,-2465.5737704918,-1175.08196721311));
#10156=CARTESIAN_POINT('Ctrl Pts',(-380.,-2877.33231707317,-1140.));
#10157=CARTESIAN_POINT('Ctrl Pts',(-380.,-2740.46400233215,-1152.86088224344));
#10158=CARTESIAN_POINT('Ctrl Pts',(-380.,-2602.56542536728,-1164.4998831313));
#10159=CARTESIAN_POINT('Ctrl Pts',(-380.,-2465.5737704918,-1175.08196721311));
#10160=CARTESIAN_POINT('',(-280.,-2400.,-1280.));
#10161=CARTESIAN_POINT('',(-1500.,-3200.,0.));
#10162=CARTESIAN_POINT('',(-240.,-3160.,-1280.));
#10163=CARTESIAN_POINT('',(-280.,-2400.,-1280.));
#10164=CARTESIAN_POINT('',(-240.,-3240.,-1274.67860555633));
#10165=CARTESIAN_POINT('Ctrl Pts',(-240.,-3160.,-1280.));
#10166=CARTESIAN_POINT('Ctrl Pts',(-240.,-3186.6659232029,-1278.26563101119));
#10167=CARTESIAN_POINT('Ctrl Pts',(-240.000000002175,-3213.33911969752,
-1276.49227859611));
#10168=CARTESIAN_POINT('Ctrl Pts',(-240.00000000002,-3240.00000000001,-1274.6786055563));
#10169=CARTESIAN_POINT('',(-235.789473684211,-3240.,-1280.));
#10170=CARTESIAN_POINT('Ctrl Pts',(-240.,-3240.,-1274.67860555633));
#10171=CARTESIAN_POINT('Ctrl Pts',(-238.595786421036,-3240.,-1276.45184602477));
#10172=CARTESIAN_POINT('Ctrl Pts',(-237.192277743667,-3240.,-1278.22564409342));
#10173=CARTESIAN_POINT('Ctrl Pts',(-235.789473684211,-3240.,-1280.));
#10174=CARTESIAN_POINT('',(-224.210526315789,-3460.,-1280.));
#10175=CARTESIAN_POINT('',(-280.,-2400.,-1280.));
#10176=CARTESIAN_POINT('',(-240.,-3460.,-1258.71668767089));
#10177=CARTESIAN_POINT('Ctrl Pts',(-224.210526315789,-3460.,-1280.));
#10178=CARTESIAN_POINT('Ctrl Pts',(-229.46244596681,-3460.,-1272.89721944466));
#10179=CARTESIAN_POINT('Ctrl Pts',(-234.725596450926,-3460.,-1265.80278547477));
#10180=CARTESIAN_POINT('Ctrl Pts',(-240.,-3460.,-1258.71668767089));
#10181=CARTESIAN_POINT('',(-240.,-3540.,-1252.37301047325));
#10182=CARTESIAN_POINT('Ctrl Pts',(-240.,-3460.,-1258.71668767089));
#10183=CARTESIAN_POINT('Ctrl Pts',(-240.000000000031,-3486.66683090899,
-1256.65321924484));
#10184=CARTESIAN_POINT('Ctrl Pts',(-240.000000003395,-3513.34117757659,
-1254.53929018669));
#10185=CARTESIAN_POINT('Ctrl Pts',(-240.000000000032,-3540.00000000001,
-1252.3730104732));
#10186=CARTESIAN_POINT('',(-220.,-3540.,-1280.));
#10187=CARTESIAN_POINT('Ctrl Pts',(-240.,-3540.,-1252.37301047325));
#10188=CARTESIAN_POINT('Ctrl Pts',(-233.31441815745,-3540.,-1261.56832091174));
#10189=CARTESIAN_POINT('Ctrl Pts',(-226.647768722917,-3540.,-1270.77731116136));
#10190=CARTESIAN_POINT('Ctrl Pts',(-220.,-3540.,-1280.));
#10191=CARTESIAN_POINT('',(-208.421052631579,-3760.,-1280.));
#10192=CARTESIAN_POINT('',(-280.,-2400.,-1280.));
#10193=CARTESIAN_POINT('',(-240.,-3760.,-1233.19088679404));
#10194=CARTESIAN_POINT('Ctrl Pts',(-208.421052631579,-3760.,-1280.));
#10195=CARTESIAN_POINT('Ctrl Pts',(-218.893562596108,-3760.,-1264.36061856244));
#10196=CARTESIAN_POINT('Ctrl Pts',(-229.419781722409,-3759.99999999998,
-1248.75759248485));
#10197=CARTESIAN_POINT('Ctrl Pts',(-240.,-3760.,-1233.19088679404));
#10198=CARTESIAN_POINT('',(-240.,-3840.,-1225.50294793103));
#10199=CARTESIAN_POINT('Ctrl Pts',(-240.,-3760.,-1233.19088679404));
#10200=CARTESIAN_POINT('Ctrl Pts',(-240.00000000005,-3786.66856196176,-1230.69598129972));
#10201=CARTESIAN_POINT('Ctrl Pts',(-240.000000005392,-3813.34435815645,
-1228.1342536701));
#10202=CARTESIAN_POINT('Ctrl Pts',(-240.000000000051,-3840.00000000002,
-1225.50294793095));
#10203=CARTESIAN_POINT('',(-204.210526315789,-3840.,-1280.));
#10204=CARTESIAN_POINT('Ctrl Pts',(-240.,-3840.,-1225.50294793103));
#10205=CARTESIAN_POINT('Ctrl Pts',(-227.997380474579,-3839.99999999996,
-1243.62087353109));
#10206=CARTESIAN_POINT('Ctrl Pts',(-216.067715313478,-3840.,-1261.78655045525));
#10207=CARTESIAN_POINT('Ctrl Pts',(-204.210526315789,-3840.,-1280.));
#10208=CARTESIAN_POINT('',(-180.,-4300.,-1280.));
#10209=CARTESIAN_POINT('',(-280.,-2400.,-1280.));
#10210=CARTESIAN_POINT('',(-850.,-4800.,0.));
#10211=CARTESIAN_POINT('Origin',(-950.,-4750.,0.));
#10212=CARTESIAN_POINT('Ctrl Pts',(-1014.21688829722,-4395.77381342224,
5.99520433297585E-14));
#10213=CARTESIAN_POINT('Ctrl Pts',(-1006.19884107618,-4394.32023923076,
6.54207434628787));
#10214=CARTESIAN_POINT('Ctrl Pts',(-998.121813312333,-4393.13716993338,
13.0758256320168));
#10215=CARTESIAN_POINT('Ctrl Pts',(-989.999999999992,-4392.22912360003,
19.592793707064));
#10216=CARTESIAN_POINT('Origin',(-721.299423149112,-4441.29942314911,0.));
#10217=CARTESIAN_POINT('',(-721.299423149112,-4471.97833511025,130.));
#10218=CARTESIAN_POINT('',(-721.299423149112,-4521.29942314911,130.));
#10219=CARTESIAN_POINT('',(-721.299423149112,-4595.64971157456,130.));
#10220=CARTESIAN_POINT('',(-721.299423149112,-4471.97833511025,0.));
#10221=CARTESIAN_POINT('',(-721.299423149112,-4521.29942314911,0.));
#10222=CARTESIAN_POINT('Origin',(-721.299423149112,-4521.29942314911,0.));
#10223=CARTESIAN_POINT('',(-671.978335110245,-4521.29942314911,130.));
#10224=CARTESIAN_POINT('',(-835.649711574556,-4521.29942314911,130.));
#10225=CARTESIAN_POINT('',(-671.978335110245,-4521.29942314911,0.));
#10226=CARTESIAN_POINT('Origin',(-950.,-4750.,0.));
#10227=CARTESIAN_POINT('',(-846.299135500944,-4405.25932833193,130.));
#10228=CARTESIAN_POINT('Origin',(-950.,-4750.,130.));
#10229=CARTESIAN_POINT('Ctrl Pts',(-909.999999999999,-4392.22912360003,
82.2090299964835));
#10230=CARTESIAN_POINT('Ctrl Pts',(-888.685293506649,-4394.61218023201,
98.4982913494632));
#10231=CARTESIAN_POINT('Ctrl Pts',(-867.356609868138,-4398.92506470856,
114.500191588571));
#10232=CARTESIAN_POINT('Ctrl Pts',(-846.299135500944,-4405.25932833193,
130.));
#10233=CARTESIAN_POINT('Origin',(-950.,-4750.,0.));
#10234=CARTESIAN_POINT('',(-592.229123600034,-4710.,-113.244152087638));
#10235=CARTESIAN_POINT('Ctrl Pts',(-592.229123600034,-4710.,-113.244152087638));
#10236=CARTESIAN_POINT('Ctrl Pts',(-592.388072901804,-4708.57831422506,
-118.831313385407));
#10237=CARTESIAN_POINT('Ctrl Pts',(-592.555531442119,-4707.15726129823,
-124.416780629748));
#10238=CARTESIAN_POINT('Ctrl Pts',(-592.731503043916,-4705.73691060556,
-130.));
#10239=CARTESIAN_POINT('',(-592.229123600034,-4710.,27.5670617812463));
#10240=CARTESIAN_POINT('',(-592.229123600034,-4710.,0.));
#10241=CARTESIAN_POINT('',(-623.545601532335,-4598.25176863925,130.));
#10242=CARTESIAN_POINT('Ctrl Pts',(-623.545601532335,-4598.25176863925,
130.));
#10243=CARTESIAN_POINT('Ctrl Pts',(-613.887724308788,-4619.02865988349,
112.222967047898));
#10244=CARTESIAN_POINT('Ctrl Pts',(-606.52438668914,-4640.05003430959,93.228358455928));
#10245=CARTESIAN_POINT('Ctrl Pts',(-597.035376334427,-4677.21089638322,
58.7281556229265));
#10246=CARTESIAN_POINT('Ctrl Pts',(-594.061788417448,-4693.60814755316,
43.1917405729638));
#10247=CARTESIAN_POINT('Ctrl Pts',(-592.229123600034,-4710.,27.5670617812463));
#10248=CARTESIAN_POINT('Origin',(-950.,-4750.,130.));
#10249=CARTESIAN_POINT('Origin',(-530.,-4710.,0.));
#10250=CARTESIAN_POINT('',(-530.,-4710.,14.8238088979583));
#10251=CARTESIAN_POINT('Ctrl Pts',(-592.229123600034,-4710.,27.5670617812453));
#10252=CARTESIAN_POINT('Ctrl Pts',(-571.431713844188,-4710.,23.6069818971037));
#10253=CARTESIAN_POINT('Ctrl Pts',(-550.667254342422,-4710.,19.370780434826));
#10254=CARTESIAN_POINT('Ctrl Pts',(-530.,-4710.,14.8238088979585));
#10255=CARTESIAN_POINT('',(-530.,-4710.,-57.4978999181358));
#10256=CARTESIAN_POINT('Ctrl Pts',(-530.000000000088,-4710.00000000002,
-57.4978999181242));
#10257=CARTESIAN_POINT('Ctrl Pts',(-543.314174840733,-4710.00000000187,
-69.5885861525121));
#10258=CARTESIAN_POINT('Ctrl Pts',(-556.684972141832,-4710.0000014459,-81.6277326654287));
#10259=CARTESIAN_POINT('Ctrl Pts',(-570.109841611525,-4710.00000178053,
-93.6064901532029));
#10260=CARTESIAN_POINT('Ctrl Pts',(-577.466837703907,-4710.00000196391,
-100.170998823331));
#10261=CARTESIAN_POINT('Ctrl Pts',(-584.840071005953,-4710.00000133088,
-106.717371601241));
#10262=CARTESIAN_POINT('Ctrl Pts',(-592.229123600034,-4710.,-113.244152087638));
#10263=CARTESIAN_POINT('',(-530.,-4710.,-140.));
#10264=CARTESIAN_POINT('',(-530.,-4710.,0.));
#10265=CARTESIAN_POINT('',(-610.,-4710.,-140.));
#10266=CARTESIAN_POINT('',(-530.,-4710.,-140.));
#10267=CARTESIAN_POINT('',(-610.,-4710.,140.));
#10268=CARTESIAN_POINT('',(-610.,-4710.,0.));
#10269=CARTESIAN_POINT('',(-530.,-4710.,140.));
#10270=CARTESIAN_POINT('',(-530.,-4710.,140.));
#10271=CARTESIAN_POINT('',(-530.,-4710.,0.));
#10272=CARTESIAN_POINT('Origin',(-570.,-4750.,-140.));
#10273=CARTESIAN_POINT('',(-610.,-4790.,-140.));
#10274=CARTESIAN_POINT('',(-610.,-4710.,-140.));
#10275=CARTESIAN_POINT('',(-530.,-4790.,-140.));
#10276=CARTESIAN_POINT('',(-530.,-4790.,-140.));
#10277=CARTESIAN_POINT('',(-610.,-4790.,-140.));
#10278=CARTESIAN_POINT('Origin',(-530.,-4790.,0.));
#10279=CARTESIAN_POINT('',(-530.,-4724.70588235294,0.));
#10280=CARTESIAN_POINT('Ctrl Pts',(-530.,-4710.,14.8238088979586));
#10281=CARTESIAN_POINT('Ctrl Pts',(-530.,-4714.90922518021,9.89029017946988));
#10282=CARTESIAN_POINT('Ctrl Pts',(-530.,-4719.8116792359,4.94827397771506));
#10283=CARTESIAN_POINT('Ctrl Pts',(-530.,-4724.70588235294,-6.10622663543836E-14));
#10284=CARTESIAN_POINT('',(-530.,-4790.,140.));
#10285=CARTESIAN_POINT('',(-530.,-4790.,140.));
#10286=CARTESIAN_POINT('',(-530.,-4790.,0.));
#10287=CARTESIAN_POINT('Ctrl Pts',(-530.,-4724.70588235294,0.));
#10288=CARTESIAN_POINT('Ctrl Pts',(-530.,-4719.81931621589,-19.1625169127803));
#10289=CARTESIAN_POINT('Ctrl Pts',(-530.000000350865,-4714.91471300759,
-38.3408813160676));
#10290=CARTESIAN_POINT('Ctrl Pts',(-530.,-4710.,-57.4978999181356));
#10291=CARTESIAN_POINT('Origin',(-610.,-4790.,0.));
#10292=CARTESIAN_POINT('',(-610.,-4790.,140.));
#10293=CARTESIAN_POINT('',(-610.,-4790.,140.));
#10294=CARTESIAN_POINT('',(-610.,-4790.,0.));
#10295=CARTESIAN_POINT('Origin',(-610.,-4710.,0.));
#10296=CARTESIAN_POINT('',(-610.,-4710.,140.));
#10297=CARTESIAN_POINT('Origin',(-570.,-4750.,140.));
#10298=CARTESIAN_POINT('Ctrl Pts',(-850.,-4800.,0.));
#10299=CARTESIAN_POINT('Ctrl Pts',(-626.666666666667,-4633.33333333333,
-426.666666666667));
#10300=CARTESIAN_POINT('Ctrl Pts',(-403.333333333333,-4466.66666666667,
-853.333333333333));
#10301=CARTESIAN_POINT('Ctrl Pts',(-180.,-4300.,-1280.));
#10302=CARTESIAN_POINT('Ctrl Pts',(-566.666666666667,-4733.33333333333,
0.));
#10303=CARTESIAN_POINT('Ctrl Pts',(-417.777777777778,-4588.88888888889,
-426.666666666666));
#10304=CARTESIAN_POINT('Ctrl Pts',(-268.888888888889,-4444.44444444444,
-853.333333333334));
#10305=CARTESIAN_POINT('Ctrl Pts',(-120.,-4300.,-1280.));
#10306=CARTESIAN_POINT('Ctrl Pts',(-283.333333333333,-4666.66666666667,
0.));
#10307=CARTESIAN_POINT('Ctrl Pts',(-208.888888888889,-4544.44444444444,
-426.666666666667));
#10308=CARTESIAN_POINT('Ctrl Pts',(-134.444444444445,-4422.22222222222,
-853.333333333333));
#10309=CARTESIAN_POINT('Ctrl Pts',(-60.,-4300.,-1280.));
#10310=CARTESIAN_POINT('Ctrl Pts',(-1.4210854715202E-13,-4600.,0.));
#10311=CARTESIAN_POINT('Ctrl Pts',(-9.473903143468E-14,-4500.,-426.666666666667));
#10312=CARTESIAN_POINT('Ctrl Pts',(-4.736951571734E-14,-4400.,-853.333333333333));
#10313=CARTESIAN_POINT('Ctrl Pts',(0.,-4300.,-1280.));
#10314=CARTESIAN_POINT('',(0.,-4300.,-1280.));
#10315=CARTESIAN_POINT('',(-180.,-4300.,-1280.));
#10316=CARTESIAN_POINT('',(0.,-4600.,0.));
#10317=CARTESIAN_POINT('',(-850.,-4800.,0.));
#10318=CARTESIAN_POINT('Origin',(-950.,-4750.,130.));
#10319=CARTESIAN_POINT('',(-771.746239790839,-4607.96624453166,130.));
#10320=CARTESIAN_POINT('Ctrl Pts',(-771.746239790839,-4607.96624453166,
130.));
#10321=CARTESIAN_POINT('Ctrl Pts',(-722.346027038004,-4604.72808590086,
130.));
#10322=CARTESIAN_POINT('Ctrl Pts',(-672.94581428517,-4601.48992727005,130.));
#10323=CARTESIAN_POINT('Ctrl Pts',(-623.545601532335,-4598.25176863925,
130.));
#10324=CARTESIAN_POINT('Ctrl Pts',(-846.299135500944,-4405.25932833193,
130.));
#10325=CARTESIAN_POINT('Ctrl Pts',(-821.448170264242,-4472.82830039851,
130.));
#10326=CARTESIAN_POINT('Ctrl Pts',(-796.597205027541,-4540.39727246509,
130.));
#10327=CARTESIAN_POINT('Ctrl Pts',(-771.746239790839,-4607.96624453166,
130.));
#10328=CARTESIAN_POINT('Ctrl Pts',(-850.,-4800.,0.));
#10329=CARTESIAN_POINT('Ctrl Pts',(-713.557546301975,-4465.17191354239,
226.666666666667));
#10330=CARTESIAN_POINT('Ctrl Pts',(-577.115092603951,-4130.34382708477,
453.333333333333));
#10331=CARTESIAN_POINT('Ctrl Pts',(-440.672638905926,-3795.51574062716,
680.));
#10332=CARTESIAN_POINT('Ctrl Pts',(-566.666666666667,-4733.33333333333,
0.));
#10333=CARTESIAN_POINT('Ctrl Pts',(-514.593919756873,-4487.89238680604,
226.666666666667));
#10334=CARTESIAN_POINT('Ctrl Pts',(-462.521172847078,-4242.45144027874,
453.333333333333));
#10335=CARTESIAN_POINT('Ctrl Pts',(-410.448425937284,-3997.01049375144,
680.));
#10336=CARTESIAN_POINT('Ctrl Pts',(-283.333333333333,-4666.66666666667,
0.));
#10337=CARTESIAN_POINT('Ctrl Pts',(-315.63029321177,-4510.61286006968,226.666666666667));
#10338=CARTESIAN_POINT('Ctrl Pts',(-347.927253090206,-4354.5590534727,453.333333333333));
#10339=CARTESIAN_POINT('Ctrl Pts',(-380.224212968642,-4198.50524687572,
680.));
#10340=CARTESIAN_POINT('Ctrl Pts',(-1.4210854715202E-13,-4600.,0.));
#10341=CARTESIAN_POINT('Ctrl Pts',(-116.666666666667,-4533.33333333333,
226.666666666667));
#10342=CARTESIAN_POINT('Ctrl Pts',(-233.333333333333,-4466.66666666667,
453.333333333333));
#10343=CARTESIAN_POINT('Ctrl Pts',(-350.,-4400.,680.));
#10344=CARTESIAN_POINT('',(-440.672638905926,-3795.51574062716,680.));
#10345=CARTESIAN_POINT('',(-620.,-2600.,680.));
#10346=CARTESIAN_POINT('',(-850.,-4800.,0.));
#10347=CARTESIAN_POINT('Origin',(950.,-4750.,0.));
#10348=CARTESIAN_POINT('Ctrl Pts',(592.731503043916,-4705.73691060556,-130.));
#10349=CARTESIAN_POINT('Ctrl Pts',(592.555531442119,-4707.15726129823,-124.416780629749));
#10350=CARTESIAN_POINT('Ctrl Pts',(592.388072901804,-4708.57831422506,-118.831313385407));
#10351=CARTESIAN_POINT('Ctrl Pts',(592.229123600034,-4710.,-113.244152087639));
#10352=CARTESIAN_POINT('Ctrl Pts',(850.,-4800.,0.));
#10353=CARTESIAN_POINT('Ctrl Pts',(683.333333333333,-4666.66666666667,226.666666666667));
#10354=CARTESIAN_POINT('Ctrl Pts',(516.666666666667,-4533.33333333333,453.333333333333));
#10355=CARTESIAN_POINT('Ctrl Pts',(350.,-4400.,680.));
#10356=CARTESIAN_POINT('Ctrl Pts',(1066.66666666667,-4266.66666666667,0.));
#10357=CARTESIAN_POINT('Ctrl Pts',(857.777777777778,-4111.11111111111,226.666666666667));
#10358=CARTESIAN_POINT('Ctrl Pts',(648.888888888889,-3955.55555555556,453.333333333333));
#10359=CARTESIAN_POINT('Ctrl Pts',(440.,-3800.,680.));
#10360=CARTESIAN_POINT('Ctrl Pts',(1283.33333333333,-3733.33333333333,0.));
#10361=CARTESIAN_POINT('Ctrl Pts',(1032.22222222222,-3555.55555555555,226.666666666667));
#10362=CARTESIAN_POINT('Ctrl Pts',(781.111111111111,-3377.77777777778,453.333333333333));
#10363=CARTESIAN_POINT('Ctrl Pts',(530.,-3200.,680.));
#10364=CARTESIAN_POINT('Ctrl Pts',(1500.,-3200.,0.));
#10365=CARTESIAN_POINT('Ctrl Pts',(1206.66666666667,-3000.,226.666666666667));
#10366=CARTESIAN_POINT('Ctrl Pts',(913.333333333333,-2800.,453.333333333333));
#10367=CARTESIAN_POINT('Ctrl Pts',(620.,-2600.,680.));
#10368=CARTESIAN_POINT('',(1450.,-3200.,30.4647496797264));
#10369=CARTESIAN_POINT('Ctrl Pts',(1496.88995215311,-3207.65550239234,0.));
#10370=CARTESIAN_POINT('Ctrl Pts',(1481.23764998619,-3205.10002448754,10.11955459154));
#10371=CARTESIAN_POINT('Ctrl Pts',(1465.60750633095,-3202.54816429893,20.2744072953661));
#10372=CARTESIAN_POINT('Ctrl Pts',(1450.,-3200.,30.4647496797264));
#10373=CARTESIAN_POINT('',(1450.42253521127,-3166.19718309859,38.3098591549296));
#10374=CARTESIAN_POINT('Ctrl Pts',(1450.,-3200.,30.4647496797249));
#10375=CARTESIAN_POINT('Ctrl Pts',(1450.14079432448,-3188.73645404986,33.0969173018445));
#10376=CARTESIAN_POINT('Ctrl Pts',(1450.28164178484,-3177.46865721279,35.7118927086476));
#10377=CARTESIAN_POINT('Ctrl Pts',(1450.42253521127,-3166.19718309859,38.3098591549298));
#10378=CARTESIAN_POINT('',(1382.66607896498,-3119.9995992943,90.6671207997901));
#10379=CARTESIAN_POINT('',(1500.,-3200.,0.));
#10380=CARTESIAN_POINT('',(1104.69432029833,-3611.909780495,160.));
#10381=CARTESIAN_POINT('Ctrl Pts',(1382.66607896498,-3119.9995992943,90.6671207997907));
#10382=CARTESIAN_POINT('Ctrl Pts',(1386.84500740328,-3142.60049336142,82.9435848259781));
#10383=CARTESIAN_POINT('Ctrl Pts',(1389.296236138,-3165.76592127658,76.0641765535885));
#10384=CARTESIAN_POINT('Ctrl Pts',(1390.41156567725,-3211.52305283746,64.6284534076122));
#10385=CARTESIAN_POINT('Ctrl Pts',(1389.26999245645,-3233.98416563009,59.9907772318324));
#10386=CARTESIAN_POINT('Ctrl Pts',(1382.02641270313,-3289.9801432131,51.0592763547211));
#10387=CARTESIAN_POINT('Ctrl Pts',(1373.80629635357,-3323.12412707277,48.1222542281011));
#10388=CARTESIAN_POINT('Ctrl Pts',(1349.29885903964,-3388.16193321975,47.7331177261906));
#10389=CARTESIAN_POINT('Ctrl Pts',(1333.01767219018,-3419.33965763963,50.4598578789473));
#10390=CARTESIAN_POINT('Ctrl Pts',(1288.15722161218,-3485.04629385978,63.532945680301));
#10391=CARTESIAN_POINT('Ctrl Pts',(1258.15543532875,-3516.9227941061,75.6164244982688));
#10392=CARTESIAN_POINT('Ctrl Pts',(1187.29238396485,-3573.67254858312,110.20944270721));
#10393=CARTESIAN_POINT('Ctrl Pts',(1146.41594621136,-3596.24106159592,133.500112124797));
#10394=CARTESIAN_POINT('Ctrl Pts',(1104.69432029833,-3611.909780495,160.));
#10395=CARTESIAN_POINT('',(1292.94117647059,-3058.82352941176,160.));
#10396=CARTESIAN_POINT('Ctrl Pts',(1104.69432029833,-3611.909780495,160.));
#10397=CARTESIAN_POINT('Ctrl Pts',(1167.44327235575,-3427.54769680059,160.));
#10398=CARTESIAN_POINT('Ctrl Pts',(1230.19222441317,-3243.18561310617,160.));
#10399=CARTESIAN_POINT('Ctrl Pts',(1292.94117647059,-3058.82352941176,160.));
#10400=CARTESIAN_POINT('',(620.,-2600.,680.));
#10401=CARTESIAN_POINT('',(1500.,-3200.,0.));
#10402=CARTESIAN_POINT('',(620.,-2600.,680.));
#10403=CARTESIAN_POINT('Origin',(-950.,-3200.,160.));
#10404=CARTESIAN_POINT('',(-1292.94117647059,-3058.82352941176,160.));
#10405=CARTESIAN_POINT('',(-1093.26983894445,-3616.02133749224,160.));
#10406=CARTESIAN_POINT('Ctrl Pts',(-1292.94117647059,-3058.82352941176,
160.));
#10407=CARTESIAN_POINT('Ctrl Pts',(-1226.38406396188,-3244.55613210525,
160.));
#10408=CARTESIAN_POINT('Ctrl Pts',(-1159.82695145316,-3430.28873479875,
160.));
#10409=CARTESIAN_POINT('Ctrl Pts',(-1093.26983894445,-3616.02133749224,
160.));
#10410=CARTESIAN_POINT('',(-1299.53122406401,-2932.73997043269,160.));
#10411=CARTESIAN_POINT('Ctrl Pts',(-1299.53122406401,-2932.73997043269,
160.));
#10412=CARTESIAN_POINT('Ctrl Pts',(-1297.33454153287,-2974.76782342572,
160.));
#10413=CARTESIAN_POINT('Ctrl Pts',(-1295.13785900173,-3016.79567641874,
160.));
#10414=CARTESIAN_POINT('Ctrl Pts',(-1292.94117647059,-3058.82352941176,
160.));
#10415=CARTESIAN_POINT('Origin',(-950.,-3200.,160.));
#10416=CARTESIAN_POINT('Origin',(-950.,-3200.,0.));
#10417=CARTESIAN_POINT('',(-1352.33589468363,-3021.88254479382,-160.));
#10418=CARTESIAN_POINT('Ctrl Pts',(-1352.33589468363,-3021.88254479383,
-160.));
#10419=CARTESIAN_POINT('Ctrl Pts',(-1354.00484378637,-3025.65240625774,
-158.085271535209));
#10420=CARTESIAN_POINT('Ctrl Pts',(-1355.62836445515,-3029.46269651784,
-156.213417069439));
#10421=CARTESIAN_POINT('Ctrl Pts',(-1357.20441032457,-3033.31276406152,
-154.386537730037));
#10422=CARTESIAN_POINT('Ctrl Pts',(-1358.75025741671,-3037.08906006434,
-152.594663413873));
#10423=CARTESIAN_POINT('Ctrl Pts',(-1360.25043161333,-3040.90362364093,
-150.846057190539));
#10424=CARTESIAN_POINT('Ctrl Pts',(-1361.70300818795,-3044.75579029453,
-149.14270170712));
#10425=CARTESIAN_POINT('Ctrl Pts',(-1363.14026899094,-3048.56734022209,
-147.457306174353));
#10426=CARTESIAN_POINT('Ctrl Pts',(-1364.53093059337,-3052.41570454558,
-145.816212176758));
#10427=CARTESIAN_POINT('Ctrl Pts',(-1365.87313483094,-3056.30018926277,
-144.221340306059));
#10428=CARTESIAN_POINT('Ctrl Pts',(-1367.19572028597,-3060.12789509426,
-142.649780419892));
#10429=CARTESIAN_POINT('Ctrl Pts',(-1368.47125460285,-3063.99067316226,
-141.123101293342));
#10430=CARTESIAN_POINT('Ctrl Pts',(-1369.69796622353,-3067.88780922803,
-139.64314052421));
#10431=CARTESIAN_POINT('Ctrl Pts',(-1370.16856831123,-3069.38286343447,
-139.075384732284));
#10432=CARTESIAN_POINT('Ctrl Pts',(-1370.63198517294,-3070.88297361194,
-138.514504535643));
#10433=CARTESIAN_POINT('Ctrl Pts',(-1371.08811704348,-3072.38809740196,
-137.960603683444));
#10434=CARTESIAN_POINT('Ctrl Pts',(-1372.2691400887,-3076.28518505737,-136.526435817821));
#10435=CARTESIAN_POINT('Ctrl Pts',(-1373.40026600709,-3080.21243646044,
-135.140339828565));
#10436=CARTESIAN_POINT('Ctrl Pts',(-1374.47994115273,-3084.16896938936,
-133.803950263727));
#10437=CARTESIAN_POINT('Ctrl Pts',(-1375.54538451837,-3088.0733491253,-132.485176370014));
#10438=CARTESIAN_POINT('Ctrl Pts',(-1376.56072456877,-3092.00624355153,
-131.214807123016));
#10439=CARTESIAN_POINT('Ctrl Pts',(-1377.524474616,-3095.9667545221,-129.994413281486));
#10440=CARTESIAN_POINT('Ctrl Pts',(-1378.48108460538,-3099.897923572,-128.783060874147));
#10441=CARTESIAN_POINT('Ctrl Pts',(-1379.38686617235,-3103.85630155297,
-127.620946117734));
#10442=CARTESIAN_POINT('Ctrl Pts',(-1380.24037180389,-3107.84095938029,
-126.509605117543));
#10443=CARTESIAN_POINT('Ctrl Pts',(-1381.08512924829,-3111.7847756114,-125.409655042833));
#10444=CARTESIAN_POINT('Ctrl Pts',(-1381.87867688655,-3115.75433577059,
-124.35944322568));
#10445=CARTESIAN_POINT('Ctrl Pts',(-1382.6196176321,-3119.74868833516,-123.360459019947));
#10446=CARTESIAN_POINT('Ctrl Pts',(-1382.84934995159,-3120.98715697797,
-123.050719057471));
#10447=CARTESIAN_POINT('Ctrl Pts',(-1383.07402500429,-3122.22800864216,
-122.745903812753));
#10448=CARTESIAN_POINT('Ctrl Pts',(-1383.29360127497,-3123.4712139508,-122.446057678716));
#10449=CARTESIAN_POINT('Origin',(-950.,-3200.,-160.));
#10450=CARTESIAN_POINT('Origin',(-950.,-3200.,-160.));
#10451=CARTESIAN_POINT('Ctrl Pts',(-1347.5,-3100.,-160.));
#10452=CARTESIAN_POINT('Ctrl Pts',(-1349.11196489454,-3073.96084826461,
-160.));
#10453=CARTESIAN_POINT('Ctrl Pts',(-1350.72392978909,-3047.92169652922,
-160.));
#10454=CARTESIAN_POINT('Ctrl Pts',(-1352.33589468363,-3021.88254479382,
-160.));
#10455=CARTESIAN_POINT('Origin',(-950.,-3200.,0.));
#10456=CARTESIAN_POINT('',(-1382.66607896498,-3119.9995992943,90.6671207997901));
#10457=CARTESIAN_POINT('Ctrl Pts',(-1093.26983894445,-3616.02133749224,
160.));
#10458=CARTESIAN_POINT('Ctrl Pts',(-1132.93512990436,-3602.36136542983,
135.735088028157));
#10459=CARTESIAN_POINT('Ctrl Pts',(-1171.91632374722,-3582.59778862133,
114.144356672289));
#10460=CARTESIAN_POINT('Ctrl Pts',(-1248.08212237486,-3527.34437127574,
77.1478544190846));
#10461=CARTESIAN_POINT('Ctrl Pts',(-1283.89634999952,-3491.23268849273,
62.9063964282773));
#10462=CARTESIAN_POINT('Ctrl Pts',(-1334.17622819956,-3417.68136293761,
49.0125694964585));
#10463=CARTESIAN_POINT('Ctrl Pts',(-1351.28136998408,-3384.34244301837,
46.496787607285));
#10464=CARTESIAN_POINT('Ctrl Pts',(-1375.93770774851,-3315.84709579253,
47.911799108167));
#10465=CARTESIAN_POINT('Ctrl Pts',(-1383.76430095204,-3281.58677528654,
51.4457302560839));
#10466=CARTESIAN_POINT('Ctrl Pts',(-1392.12047147338,-3203.85898975175,
65.0762874745882));
#10467=CARTESIAN_POINT('Ctrl Pts',(-1390.25928317507,-3161.06591725499,
76.4328051151887));
#10468=CARTESIAN_POINT('Ctrl Pts',(-1382.66607896498,-3119.9995992943,90.6671207997902));
#10469=CARTESIAN_POINT('Ctrl Pts',(-1382.66607896498,-3119.9995992943,90.6671207997902));
#10470=CARTESIAN_POINT('Ctrl Pts',(-1377.44605596408,-3091.76815465174,
95.7584822512094));
#10471=CARTESIAN_POINT('Ctrl Pts',(-1369.5537421319,-3064.535847821,102.770906527133));
#10472=CARTESIAN_POINT('Ctrl Pts',(-1343.97691786183,-2999.65972838473,
124.432474607737));
#10473=CARTESIAN_POINT('Ctrl Pts',(-1323.5690376065,-2964.17739265005,140.973666039377));
#10474=CARTESIAN_POINT('Ctrl Pts',(-1299.53122406401,-2932.73997043269,
160.));
#10475=CARTESIAN_POINT('Ctrl Pts',(-1500.,-3200.,0.));
#10476=CARTESIAN_POINT('Ctrl Pts',(-1206.66666666667,-3000.,226.666666666667));
#10477=CARTESIAN_POINT('Ctrl Pts',(-913.333333333333,-2800.,453.333333333333));
#10478=CARTESIAN_POINT('Ctrl Pts',(-620.,-2600.,680.));
#10479=CARTESIAN_POINT('Ctrl Pts',(-1283.33333333333,-3733.33333333333,
0.));
#10480=CARTESIAN_POINT('Ctrl Pts',(-1042.29695987844,-3488.39063784746,
226.666666666667));
#10481=CARTESIAN_POINT('Ctrl Pts',(-801.260586423539,-3243.44794236159,
453.333333333333));
#10482=CARTESIAN_POINT('Ctrl Pts',(-560.224212968642,-2998.50524687572,
680.));
#10483=CARTESIAN_POINT('Ctrl Pts',(-1066.66666666667,-4266.66666666667,
0.));
#10484=CARTESIAN_POINT('Ctrl Pts',(-877.927253090205,-3976.78127569492,
226.666666666667));
#10485=CARTESIAN_POINT('Ctrl Pts',(-689.187839513745,-3686.89588472318,
453.333333333333));
#10486=CARTESIAN_POINT('Ctrl Pts',(-500.448425937284,-3397.01049375144,
680.));
#10487=CARTESIAN_POINT('Ctrl Pts',(-850.,-4800.,0.));
#10488=CARTESIAN_POINT('Ctrl Pts',(-713.557546301975,-4465.17191354239,
226.666666666667));
#10489=CARTESIAN_POINT('Ctrl Pts',(-577.115092603951,-4130.34382708477,
453.333333333333));
#10490=CARTESIAN_POINT('Ctrl Pts',(-440.672638905926,-3795.51574062716,
680.));
#10491=CARTESIAN_POINT('',(-620.,-2600.,680.));
#10492=CARTESIAN_POINT('',(-620.,-2600.,680.));
#10493=CARTESIAN_POINT('',(-1500.,-3200.,0.));
#10494=CARTESIAN_POINT('',(-1450.42253521127,-3166.19718309859,38.3098591549296));
#10495=CARTESIAN_POINT('',(-1500.,-3200.,0.));
#10496=CARTESIAN_POINT('',(-1450.,-3200.,30.3963312421645));
#10497=CARTESIAN_POINT('Ctrl Pts',(-1450.42253521127,-3166.19718309859,
38.3098591549297));
#10498=CARTESIAN_POINT('Ctrl Pts',(-1450.28165488626,-3177.46760909901,
35.6838002730319));
#10499=CARTESIAN_POINT('Ctrl Pts',(-1450.1408112209,-3188.73510232776,33.0459840719716));
#10500=CARTESIAN_POINT('Ctrl Pts',(-1450.,-3200.,30.3963312421645));
#10501=CARTESIAN_POINT('Ctrl Pts',(-1449.99999999996,-3200.00000000004,
30.3963312421781));
#10502=CARTESIAN_POINT('Ctrl Pts',(-1465.61334270747,-3202.54911717991,
20.2407274662812));
#10503=CARTESIAN_POINT('Ctrl Pts',(-1481.24626055733,-3205.10143029507,
10.1073085048751));
#10504=CARTESIAN_POINT('Ctrl Pts',(-1496.88995215311,-3207.65550239234,
0.));
#10505=CARTESIAN_POINT('Origin',(950.,-3200.,160.));
#10506=CARTESIAN_POINT('',(1300.16680617128,-2933.57325987093,160.));
#10507=CARTESIAN_POINT('Ctrl Pts',(1292.94117647059,-3058.82352941176,160.));
#10508=CARTESIAN_POINT('Ctrl Pts',(1295.34971970415,-3017.07343956482,160.));
#10509=CARTESIAN_POINT('Ctrl Pts',(1297.75826293772,-2975.32334971787,160.));
#10510=CARTESIAN_POINT('Ctrl Pts',(1300.16680617128,-2933.57325987093,160.));
#10511=CARTESIAN_POINT('Origin',(950.,-3200.,160.));
#10512=CARTESIAN_POINT('Origin',(950.,-3200.,0.));
#10513=CARTESIAN_POINT('',(1352.33589468363,-3021.88254479382,-160.));
#10514=CARTESIAN_POINT('Ctrl Pts',(1383.29360127497,-3123.4712139508,-122.446057678716));
#10515=CARTESIAN_POINT('Ctrl Pts',(1380.31493697121,-3106.60649872667,-126.513623692497));
#10516=CARTESIAN_POINT('Ctrl Pts',(1376.39754007001,-3090.17488385558,-131.495983014729));
#10517=CARTESIAN_POINT('Ctrl Pts',(1366.21672526704,-3056.04014443467,-143.89372550997));
#10518=CARTESIAN_POINT('Ctrl Pts',(1359.72144600896,-3038.56520173371,-151.52680850028));
#10519=CARTESIAN_POINT('Ctrl Pts',(1352.33589468363,-3021.88254479382,-160.));
#10520=CARTESIAN_POINT('Origin',(950.,-3200.,-160.));
#10521=CARTESIAN_POINT('Origin',(950.,-3200.,-160.));
#10522=CARTESIAN_POINT('Ctrl Pts',(1352.33589468363,-3021.88254479382,-160.));
#10523=CARTESIAN_POINT('Ctrl Pts',(1350.72392978909,-3047.92169652922,-160.));
#10524=CARTESIAN_POINT('Ctrl Pts',(1349.11196489454,-3073.96084826461,-160.));
#10525=CARTESIAN_POINT('Ctrl Pts',(1347.5,-3100.,-160.));
#10526=CARTESIAN_POINT('Origin',(950.,-3200.,0.));
#10527=CARTESIAN_POINT('Ctrl Pts',(1300.16680617128,-2933.57325987093,160.));
#10528=CARTESIAN_POINT('Ctrl Pts',(1322.23813126224,-2962.58177985403,142.430034702517));
#10529=CARTESIAN_POINT('Ctrl Pts',(1341.23421928852,-2995.02988437036,126.957463732377));
#10530=CARTESIAN_POINT('Ctrl Pts',(1367.85818143059,-3058.80601471151,104.409225662921));
#10531=CARTESIAN_POINT('Ctrl Pts',(1376.89345781437,-3088.77953868773,96.3646766054512));
#10532=CARTESIAN_POINT('Ctrl Pts',(1382.66607896498,-3119.9995992943,90.6671207997902));
#10533=CARTESIAN_POINT('Ctrl Pts',(1461.87500001574,-3175.00000001032,-39.9999999834852));
#10534=CARTESIAN_POINT('Ctrl Pts',(1067.91666667716,-2916.66666667355,-453.333333322323));
#10535=CARTESIAN_POINT('Ctrl Pts',(673.95833333858,-2658.33333333677,-866.666666661162));
#10536=CARTESIAN_POINT('Ctrl Pts',(280.,-2400.,-1280.));
#10537=CARTESIAN_POINT('Ctrl Pts',(1510.62354310813,-2418.29472753838,-39.9999999834852));
#10538=CARTESIAN_POINT('Ctrl Pts',(1103.73348838545,-2262.89580092435,-453.333333322323));
#10539=CARTESIAN_POINT('Ctrl Pts',(696.843433662766,-2107.49687431032,-866.666666661162));
#10540=CARTESIAN_POINT('Ctrl Pts',(289.953378940082,-1952.09794769629,-1280.));
#10541=CARTESIAN_POINT('Ctrl Pts',(1559.37208620053,-1661.58945506645,-39.9999999834852));
#10542=CARTESIAN_POINT('Ctrl Pts',(1139.55031009374,-1609.12493517516,-453.333333322324));
#10543=CARTESIAN_POINT('Ctrl Pts',(719.728533986953,-1556.66041528387,-866.666666661161));
#10544=CARTESIAN_POINT('Ctrl Pts',(299.906757880165,-1504.19589539258,-1280.));
#10545=CARTESIAN_POINT('Ctrl Pts',(1608.12062929292,-904.884182594511,-39.9999999834852));
#10546=CARTESIAN_POINT('Ctrl Pts',(1175.36713180203,-955.354069425965,-453.333333322323));
#10547=CARTESIAN_POINT('Ctrl Pts',(742.613634311139,-1005.82395625742,-866.666666661162));
#10548=CARTESIAN_POINT('Ctrl Pts',(309.860136820247,-1056.29384308888,-1280.));
#10549=CARTESIAN_POINT('',(416.035398182825,-2400.,-1140.));
#10550=CARTESIAN_POINT('Ctrl Pts',(413.4375,-2487.5,-1140.));
#10551=CARTESIAN_POINT('Ctrl Pts',(414.303466060941,-2458.33333333333,-1140.));
#10552=CARTESIAN_POINT('Ctrl Pts',(415.169432121883,-2429.16666666667,-1140.));
#10553=CARTESIAN_POINT('Ctrl Pts',(416.035398182825,-2400.,-1140.));
#10554=CARTESIAN_POINT('',(380.,-2400.,-1176.96201712751));
#10555=CARTESIAN_POINT('Ctrl Pts',(416.035398182824,-2400.,-1140.));
#10556=CARTESIAN_POINT('Ctrl Pts',(404.018073487456,-2400.0000000003,-1152.31268307533));
#10557=CARTESIAN_POINT('Ctrl Pts',(392.003571224778,-2400.00000001566,-1164.63584712041));
#10558=CARTESIAN_POINT('Ctrl Pts',(379.999999999976,-2400.00000000033,-1176.96201712753));
#10559=CARTESIAN_POINT('Ctrl Pts',(380.,-2400.,-1176.96201712751));
#10560=CARTESIAN_POINT('Ctrl Pts',(380.,-2421.85797393309,-1176.3374638977));
#10561=CARTESIAN_POINT('Ctrl Pts',(380.,-2443.71591899646,-1175.71078499183));
#10562=CARTESIAN_POINT('Ctrl Pts',(380.,-2465.5737704918,-1175.08196721311));
#10563=CARTESIAN_POINT('',(309.860136820247,-1056.29384308888,-1280.));
#10564=CARTESIAN_POINT('',(340.,300.,-1280.));
#10565=CARTESIAN_POINT('',(393.618878268982,-1046.52547789582,-1200.));
#10566=CARTESIAN_POINT('',(1650.,-900.,0.));
#10567=CARTESIAN_POINT('',(365.569091432123,-2100.,-1200.));
#10568=CARTESIAN_POINT('Ctrl Pts',(393.618878268981,-1046.52547789582,-1200.));
#10569=CARTESIAN_POINT('Ctrl Pts',(384.268949323362,-1397.68365193055,-1200.));
#10570=CARTESIAN_POINT('Ctrl Pts',(374.919020377743,-1748.84182596527,-1200.));
#10571=CARTESIAN_POINT('Ctrl Pts',(365.569091432123,-2100.,-1200.));
#10572=CARTESIAN_POINT('',(504.340517900651,-2100.,-1060.));
#10573=CARTESIAN_POINT('Ctrl Pts',(365.569091432123,-2100.,-1200.));
#10574=CARTESIAN_POINT('Ctrl Pts',(411.691486466267,-2100.,-1153.32743698876));
#10575=CARTESIAN_POINT('Ctrl Pts',(458.088116103567,-2100.,-1106.53028761035));
#10576=CARTESIAN_POINT('Ctrl Pts',(504.340517900651,-2100.,-1060.));
#10577=CARTESIAN_POINT('',(540.196675804267,-1029.43083880797,-1060.));
#10578=CARTESIAN_POINT('Ctrl Pts',(504.340517900651,-2100.,-1060.));
#10579=CARTESIAN_POINT('Ctrl Pts',(516.29257053519,-1743.14361293599,-1060.));
#10580=CARTESIAN_POINT('Ctrl Pts',(528.244623169728,-1386.28722587198,-1060.));
#10581=CARTESIAN_POINT('Ctrl Pts',(540.196675804267,-1029.43083880797,-1060.));
#10582=CARTESIAN_POINT('',(1513.89204514581,-915.873593438714,-130.));
#10583=CARTESIAN_POINT('',(1650.,-900.,0.));
#10584=CARTESIAN_POINT('',(1458.5865767343,-1800.,-130.));
#10585=CARTESIAN_POINT('Ctrl Pts',(1513.89204514581,-915.873593438714,-130.));
#10586=CARTESIAN_POINT('Ctrl Pts',(1495.45688900864,-1210.58239562581,-130.));
#10587=CARTESIAN_POINT('Ctrl Pts',(1477.02173287147,-1505.29119781291,-130.));
#10588=CARTESIAN_POINT('Ctrl Pts',(1458.5865767343,-1800.,-130.));
#10589=CARTESIAN_POINT('',(1550.45538816816,-1800.,-39.9999999917426));
#10590=CARTESIAN_POINT('Ctrl Pts',(1458.58657673424,-1800.0000000006,-130.000000000019));
#10591=CARTESIAN_POINT('Ctrl Pts',(1489.18851936339,-1800.00000007171,-100.010811102691));
#10592=CARTESIAN_POINT('Ctrl Pts',(1519.82578724723,-1800.00000108464,-69.9970583043595));
#10593=CARTESIAN_POINT('Ctrl Pts',(1550.45538816816,-1800.,-39.9999999834852));
#10594=CARTESIAN_POINT('Ctrl Pts',(1550.45538816816,-1800.,-39.9999999917426));
#10595=CARTESIAN_POINT('Ctrl Pts',(1545.30286366364,-1879.98069709978,-39.9999999917426));
#10596=CARTESIAN_POINT('Ctrl Pts',(1540.15033914233,-1959.96139419848,-40.));
#10597=CARTESIAN_POINT('Ctrl Pts',(1510.62354309188,-2418.29472753218,-40.));
#10598=CARTESIAN_POINT('Ctrl Pts',(1486.24927154594,-2796.64736376609,-40.));
#10599=CARTESIAN_POINT('Ctrl Pts',(1461.875,-3175.,-40.));
#10600=CARTESIAN_POINT('Ctrl Pts',(1450.42253521127,-3166.19718309859,38.3098591549297));
#10601=CARTESIAN_POINT('Ctrl Pts',(1173.61502347418,-2977.46478873239,252.206572769953));
#10602=CARTESIAN_POINT('Ctrl Pts',(896.807511737089,-2788.7323943662,466.103286384977));
#10603=CARTESIAN_POINT('Ctrl Pts',(620.,-2600.,680.));
#10604=CARTESIAN_POINT('Ctrl Pts',(1498.16638754592,-2414.68531753967,38.3098591549297));
#10605=CARTESIAN_POINT('Ctrl Pts',(1208.76205134397,-2310.56722935841,252.206572769953));
#10606=CARTESIAN_POINT('Ctrl Pts',(919.357715142028,-2206.44914117714,466.103286384977));
#10607=CARTESIAN_POINT('Ctrl Pts',(629.953378940082,-2102.33105299588,680.));
#10608=CARTESIAN_POINT('Ctrl Pts',(1545.91023988057,-1663.17345198076,38.3098591549297));
#10609=CARTESIAN_POINT('Ctrl Pts',(1243.90907921377,-1643.66966998442,252.206572769953));
#10610=CARTESIAN_POINT('Ctrl Pts',(941.907918546968,-1624.16588798809,466.103286384977));
#10611=CARTESIAN_POINT('Ctrl Pts',(639.906757880165,-1604.66210599176,680.));
#10612=CARTESIAN_POINT('Ctrl Pts',(1593.65409221522,-911.661586421838,38.3098591549297));
#10613=CARTESIAN_POINT('Ctrl Pts',(1279.05610708357,-976.772110610438,252.206572769953));
#10614=CARTESIAN_POINT('Ctrl Pts',(964.458121951906,-1041.88263479904,466.103286384977));
#10615=CARTESIAN_POINT('Ctrl Pts',(649.860136820247,-1106.99315898764,680.));
#10616=CARTESIAN_POINT('',(1450.98231765319,-3121.41458774516,40.));
#10617=CARTESIAN_POINT('Ctrl Pts',(1450.42253521127,-3166.19718309859,38.3098591549297));
#10618=CARTESIAN_POINT('Ctrl Pts',(1450.60912907363,-3151.26967410941,38.8740507902226));
#10619=CARTESIAN_POINT('Ctrl Pts',(1450.7957231181,-3136.34215055223,39.4374303564831));
#10620=CARTESIAN_POINT('Ctrl Pts',(1450.98231765319,-3121.41458774516,40.));
#10621=CARTESIAN_POINT('',(1534.83190001442,-1800.,40.));
#10622=CARTESIAN_POINT('Ctrl Pts',(1450.98231765319,-3121.41458774516,40.));
#10623=CARTESIAN_POINT('Ctrl Pts',(1473.88880134546,-2760.42338358488,40.));
#10624=CARTESIAN_POINT('Ctrl Pts',(1496.79528503773,-2399.43217942461,40.));
#10625=CARTESIAN_POINT('Ctrl Pts',(1524.74514582481,-1958.96065017623,40.));
#10626=CARTESIAN_POINT('Ctrl Pts',(1529.78852291961,-1879.48032508811,40.));
#10627=CARTESIAN_POINT('Ctrl Pts',(1534.83190001442,-1800.,40.));
#10628=CARTESIAN_POINT('',(1407.85732155462,-1800.,130.));
#10629=CARTESIAN_POINT('Ctrl Pts',(1534.83190001442,-1800.,39.9999999999999));
#10630=CARTESIAN_POINT('Ctrl Pts',(1492.49371944457,-1800.,69.9946754750757));
#10631=CARTESIAN_POINT('Ctrl Pts',(1450.11702007556,-1800.,100.030697831033));
#10632=CARTESIAN_POINT('Ctrl Pts',(1407.85732155462,-1800.,130.));
#10633=CARTESIAN_POINT('',(1458.79679086269,-939.572221571166,130.));
#10634=CARTESIAN_POINT('Ctrl Pts',(1407.85732155462,-1800.,130.));
#10635=CARTESIAN_POINT('Ctrl Pts',(1424.83714465731,-1513.19074052372,130.));
#10636=CARTESIAN_POINT('Ctrl Pts',(1441.81696776,-1226.38148104744,130.));
#10637=CARTESIAN_POINT('Ctrl Pts',(1458.79679086269,-939.572221571166,130.));
#10638=CARTESIAN_POINT('',(649.860136820247,-1106.99315898764,680.));
#10639=CARTESIAN_POINT('',(1650.,-900.,0.));
#10640=CARTESIAN_POINT('',(680.,400.,680.));
#10641=CARTESIAN_POINT('Origin',(-4750.,-2400.,0.));
#10642=CARTESIAN_POINT('',(-4750.,-2400.,40.));
#10643=CARTESIAN_POINT('',(-3962.5,-2400.,40.));
#10644=CARTESIAN_POINT('',(-4750.,-2400.,-40.));
#10645=CARTESIAN_POINT('',(-3962.5,-2400.,-40.));
#10646=CARTESIAN_POINT('',(-4750.,-2400.,-210.));
#10647=CARTESIAN_POINT('',(-4750.,-2400.,0.));
#10648=CARTESIAN_POINT('',(-4870.,-2400.,-210.));
#10649=CARTESIAN_POINT('',(-4870.,-2400.,-210.));
#10650=CARTESIAN_POINT('',(-4870.,-2400.,210.));
#10651=CARTESIAN_POINT('',(-4870.,-2400.,0.));
#10652=CARTESIAN_POINT('',(-4750.,-2400.,210.));
#10653=CARTESIAN_POINT('',(-4870.,-2400.,210.));
#10654=CARTESIAN_POINT('',(-4750.,-2400.,0.));
#10655=CARTESIAN_POINT('Origin',(-4750.,-3700.,0.));
#10656=CARTESIAN_POINT('',(-4750.,-3700.,-40.));
#10657=CARTESIAN_POINT('',(-4750.,-2600.,-40.));
#10658=CARTESIAN_POINT('',(-4750.,-3700.,-210.));
#10659=CARTESIAN_POINT('',(-4750.,-3700.,0.));
#10660=CARTESIAN_POINT('',(-4750.,-2400.,-210.));
#10661=CARTESIAN_POINT('Origin',(-4750.,-3700.,0.));
#10662=CARTESIAN_POINT('',(-4750.,-3700.,40.));
#10663=CARTESIAN_POINT('',(-4750.,-2600.,40.));
#10664=CARTESIAN_POINT('',(-4750.,-3700.,210.));
#10665=CARTESIAN_POINT('',(-4750.,-2400.,210.));
#10666=CARTESIAN_POINT('',(-4750.,-3700.,0.));
#10667=CARTESIAN_POINT('Origin',(-4870.,-2400.,0.));
#10668=CARTESIAN_POINT('',(-4870.,-3700.,210.));
#10669=CARTESIAN_POINT('',(-4870.,-3700.,-210.));
#10670=CARTESIAN_POINT('',(-4870.,-3700.,0.));
#10671=CARTESIAN_POINT('',(-4870.,-3700.,210.));
#10672=CARTESIAN_POINT('',(-4870.,-3700.,-210.));
#10673=CARTESIAN_POINT('',(-4870.,-2470.88235294118,-40.));
#10674=CARTESIAN_POINT('',(-4870.,-2760.,-40.));
#10675=CARTESIAN_POINT('',(-4870.,-1950.,-40.));
#10676=CARTESIAN_POINT('',(-4870.,-2470.88235294118,40.));
#10677=CARTESIAN_POINT('',(-4870.,-2470.88235294118,0.));
#10678=CARTESIAN_POINT('',(-4870.,-2760.,40.));
#10679=CARTESIAN_POINT('',(-4870.,-1950.,40.));
#10680=CARTESIAN_POINT('',(-4870.,-2760.,0.));
#10681=CARTESIAN_POINT('Origin',(-4810.,-3050.,-210.));
#10682=CARTESIAN_POINT('',(-4750.,-3700.,-210.));
#10683=CARTESIAN_POINT('Origin',(-4870.,-3700.,0.));
#10684=CARTESIAN_POINT('',(-4761.53846153846,-3700.,40.));
#10685=CARTESIAN_POINT('',(-4022.5,-3700.,40.));
#10686=CARTESIAN_POINT('',(-4750.,-3700.,210.));
#10687=CARTESIAN_POINT('',(-4761.53846153846,-3700.,-40.));
#10688=CARTESIAN_POINT('',(-4022.5,-3700.,-40.));
#10689=CARTESIAN_POINT('',(-4761.53846153846,-3700.,0.));
#10690=CARTESIAN_POINT('Origin',(-4810.,-3050.,210.));
#10691=CARTESIAN_POINT('Origin',(-3175.,-1500.,40.));
#10692=CARTESIAN_POINT('',(-4750.,-3800.,40.));
#10693=CARTESIAN_POINT('',(-4900.,-2500.,40.));
#10694=CARTESIAN_POINT('',(-3900.,-3600.,40.));
#10695=CARTESIAN_POINT('',(-4750.,-3800.,40.));
#10696=CARTESIAN_POINT('',(-1450.,-3200.,40.));
#10697=CARTESIAN_POINT('',(-3900.,-3600.,40.));
#10698=CARTESIAN_POINT('',(-1451.00037467216,-3119.97002622705,40.));
#10699=CARTESIAN_POINT('',(-1450.,-3200.,40.));
#10700=CARTESIAN_POINT('',(-1532.58646172037,-1800.,40.));
#10701=CARTESIAN_POINT('Ctrl Pts',(-1532.58646172037,-1800.,40.));
#10702=CARTESIAN_POINT('Ctrl Pts',(-1529.00862153907,-1857.88538179499,
40.));
#10703=CARTESIAN_POINT('Ctrl Pts',(-1525.43078135777,-1915.77076358999,
39.9999999999999));
#10704=CARTESIAN_POINT('Ctrl Pts',(-1498.23541900837,-2355.76077233234,
39.9999999999999));
#10705=CARTESIAN_POINT('Ctrl Pts',(-1474.61789684027,-2737.86539927969,
40.));
#10706=CARTESIAN_POINT('Ctrl Pts',(-1451.00037467216,-3119.97002622705,
40.));
#10707=CARTESIAN_POINT('',(-1650.,-1800.,40.));
#10708=CARTESIAN_POINT('',(-2412.5,-1800.,40.));
#10709=CARTESIAN_POINT('',(-1595.36558345643,-379.505169867061,40.));
#10710=CARTESIAN_POINT('',(-4400.,-3075.,40.));
#10711=CARTESIAN_POINT('',(-4400.,-3050.,40.));
#10712=CARTESIAN_POINT('',(-4400.,-2275.,40.));
#10713=CARTESIAN_POINT('',(-1600.,-3050.,40.));
#10714=CARTESIAN_POINT('',(-2387.5,-3050.,40.));
#10715=CARTESIAN_POINT('',(-1600.,-3075.,40.));
#10716=CARTESIAN_POINT('',(-1600.,-2287.5,40.));
#10717=CARTESIAN_POINT('',(-3787.5,-3075.,40.));
#10718=CARTESIAN_POINT('Origin',(-3175.,-1500.,40.));
#10719=CARTESIAN_POINT('',(-4900.,-2500.,40.));
#10720=CARTESIAN_POINT('',(-1500.,800.,40.));
#10721=CARTESIAN_POINT('',(-4900.,-2500.,40.));
#10722=CARTESIAN_POINT('Origin',(-4900.,-2500.,0.));
#10723=CARTESIAN_POINT('',(-4750.,-3800.,-40.));
#10724=CARTESIAN_POINT('',(-4900.,-2500.,-40.));
#10725=CARTESIAN_POINT('',(-4750.,-3800.,0.));
#10726=CARTESIAN_POINT('Origin',(-3175.,-1500.,-40.));
#10727=CARTESIAN_POINT('',(-1650.,-1800.,-40.));
#10728=CARTESIAN_POINT('',(-1595.36558345643,-379.505169867061,-40.));
#10729=CARTESIAN_POINT('',(-1550.45538816816,-1800.,-39.9999999917425));
#10730=CARTESIAN_POINT('',(-2412.5,-1800.,-40.));
#10731=CARTESIAN_POINT('Ctrl Pts',(-1461.875,-3175.,-40.));
#10732=CARTESIAN_POINT('Ctrl Pts',(-1486.24927154594,-2796.64736376609,
-40.));
#10733=CARTESIAN_POINT('Ctrl Pts',(-1510.62354309188,-2418.29472753218,
-40.0000000000001));
#10734=CARTESIAN_POINT('Ctrl Pts',(-1540.15033914233,-1959.96139419848,
-40.0000000000001));
#10735=CARTESIAN_POINT('Ctrl Pts',(-1545.30286366364,-1879.98069709978,
-39.9999999917425));
#10736=CARTESIAN_POINT('Ctrl Pts',(-1550.45538816816,-1800.,-39.9999999917425));
#10737=CARTESIAN_POINT('',(-3900.,-3600.,-40.));
#10738=CARTESIAN_POINT('',(-3900.,-3600.,-40.));
#10739=CARTESIAN_POINT('',(-4750.,-3800.,-40.));
#10740=CARTESIAN_POINT('',(-4400.,-3050.,-40.));
#10741=CARTESIAN_POINT('',(-4400.,-3075.,-40.));
#10742=CARTESIAN_POINT('',(-4400.,-2275.,-40.));
#10743=CARTESIAN_POINT('',(-1600.,-3075.,-40.));
#10744=CARTESIAN_POINT('',(-3787.5,-3075.,-40.));
#10745=CARTESIAN_POINT('',(-1600.,-3050.,-40.));
#10746=CARTESIAN_POINT('',(-1600.,-2287.5,-40.));
#10747=CARTESIAN_POINT('',(-2387.5,-3050.,-40.));
#10748=CARTESIAN_POINT('Origin',(-1500.,800.,0.));
#10749=CARTESIAN_POINT('',(-4900.,-2500.,-40.));
#10750=CARTESIAN_POINT('',(-1500.,800.,-40.));
#10751=CARTESIAN_POINT('',(-4900.,-2500.,0.));
#10752=CARTESIAN_POINT('Origin',(4870.,-2400.,0.));
#10753=CARTESIAN_POINT('',(4750.,-2400.,-40.));
#10754=CARTESIAN_POINT('',(4022.5,-2400.,-40.));
#10755=CARTESIAN_POINT('',(4750.,-2400.,40.));
#10756=CARTESIAN_POINT('',(4022.5,-2400.,40.));
#10757=CARTESIAN_POINT('',(4750.,-2400.,210.));
#10758=CARTESIAN_POINT('',(4750.,-2400.,0.));
#10759=CARTESIAN_POINT('',(4870.,-2400.,210.));
#10760=CARTESIAN_POINT('',(4750.,-2400.,210.));
#10761=CARTESIAN_POINT('',(4870.,-2400.,-210.));
#10762=CARTESIAN_POINT('',(4870.,-2400.,0.));
#10763=CARTESIAN_POINT('',(4750.,-2400.,-210.));
#10764=CARTESIAN_POINT('',(4750.,-2400.,-210.));
#10765=CARTESIAN_POINT('',(4750.,-2400.,0.));
#10766=CARTESIAN_POINT('Origin',(4750.,-2400.,0.));
#10767=CARTESIAN_POINT('',(4750.,-3700.,40.));
#10768=CARTESIAN_POINT('',(4750.,-1950.,40.));
#10769=CARTESIAN_POINT('',(4750.,-3700.,210.));
#10770=CARTESIAN_POINT('',(4750.,-3700.,0.));
#10771=CARTESIAN_POINT('',(4750.,-3700.,210.));
#10772=CARTESIAN_POINT('Origin',(4870.,-3700.,0.));
#10773=CARTESIAN_POINT('',(4870.,-3700.,210.));
#10774=CARTESIAN_POINT('',(4870.,-2400.,210.));
#10775=CARTESIAN_POINT('',(4870.,-3700.,-210.));
#10776=CARTESIAN_POINT('',(4870.,-3700.,0.));
#10777=CARTESIAN_POINT('',(4870.,-2400.,-210.));
#10778=CARTESIAN_POINT('',(4870.,-2760.,-40.));
#10779=CARTESIAN_POINT('',(4870.,-2470.88235294118,-40.));
#10780=CARTESIAN_POINT('',(4870.,-2600.,-40.));
#10781=CARTESIAN_POINT('',(4870.,-2760.,40.));
#10782=CARTESIAN_POINT('',(4870.,-2760.,0.));
#10783=CARTESIAN_POINT('',(4870.,-2470.88235294118,40.));
#10784=CARTESIAN_POINT('',(4870.,-2600.,40.));
#10785=CARTESIAN_POINT('',(4870.,-2470.88235294118,0.));
#10786=CARTESIAN_POINT('Origin',(4810.,-3050.,-210.));
#10787=CARTESIAN_POINT('',(4750.,-3700.,-210.));
#10788=CARTESIAN_POINT('',(4870.,-3700.,-210.));
#10789=CARTESIAN_POINT('',(4750.,-3700.,-210.));
#10790=CARTESIAN_POINT('Origin',(4750.,-2400.,0.));
#10791=CARTESIAN_POINT('',(4750.,-3700.,-40.));
#10792=CARTESIAN_POINT('',(4750.,-1950.,-40.));
#10793=CARTESIAN_POINT('',(4750.,-3700.,0.));
#10794=CARTESIAN_POINT('Origin',(4750.,-3700.,0.));
#10795=CARTESIAN_POINT('',(4761.53846153846,-3700.,-40.));
#10796=CARTESIAN_POINT('',(3962.5,-3700.,-40.));
#10797=CARTESIAN_POINT('',(4870.,-3700.,210.));
#10798=CARTESIAN_POINT('',(4761.53846153846,-3700.,40.));
#10799=CARTESIAN_POINT('',(3962.5,-3700.,40.));
#10800=CARTESIAN_POINT('',(4761.53846153846,-3700.,0.));
#10801=CARTESIAN_POINT('Origin',(4810.,-3050.,210.));
#10802=CARTESIAN_POINT('Origin',(3175.,-1500.,40.));
#10803=CARTESIAN_POINT('',(4900.,-2500.,40.));
#10804=CARTESIAN_POINT('',(4900.,-2500.,40.));
#10805=CARTESIAN_POINT('',(1500.,800.,40.));
#10806=CARTESIAN_POINT('Origin',(4900.,-2500.,0.));
#10807=CARTESIAN_POINT('',(4900.,-2500.,-40.));
#10808=CARTESIAN_POINT('',(4900.,-2500.,0.));
#10809=CARTESIAN_POINT('',(1500.,800.,-40.));
#10810=CARTESIAN_POINT('Origin',(4750.,-3800.,0.));
#10811=CARTESIAN_POINT('',(4900.,-2500.,-40.));
#10812=CARTESIAN_POINT('Origin',(4750.,-3800.,0.));
#10813=CARTESIAN_POINT('',(4750.,-3800.,40.));
#10814=CARTESIAN_POINT('',(4900.,-2500.,40.));
#10815=CARTESIAN_POINT('',(4750.,-3800.,-40.));
#10816=CARTESIAN_POINT('',(4750.,-3800.,0.));
#10817=CARTESIAN_POINT('',(4900.,-2500.,-40.));
#10818=CARTESIAN_POINT('Origin',(3175.,-1500.,-40.));
#10819=CARTESIAN_POINT('Origin',(3175.,-1500.,-40.));
#10820=CARTESIAN_POINT('',(3900.,-3600.,-40.));
#10821=CARTESIAN_POINT('',(4750.,-3800.,-40.));
#10822=CARTESIAN_POINT('',(3900.,-3600.,-40.));
#10823=CARTESIAN_POINT('',(1650.,-1800.,-40.));
#10824=CARTESIAN_POINT('',(2062.5,-1800.,-40.));
#10825=CARTESIAN_POINT('',(1645.36558345643,-1679.50516986706,-40.));
#10826=CARTESIAN_POINT('',(1600.,-3050.,-40.));
#10827=CARTESIAN_POINT('',(1600.,-3075.,-40.));
#10828=CARTESIAN_POINT('',(1600.,-2275.,-40.));
#10829=CARTESIAN_POINT('',(4400.,-3075.,-40.));
#10830=CARTESIAN_POINT('',(2387.5,-3075.,-40.));
#10831=CARTESIAN_POINT('',(4400.,-3050.,-40.));
#10832=CARTESIAN_POINT('',(4400.,-2287.5,-40.));
#10833=CARTESIAN_POINT('',(3787.5,-3050.,-40.));
#10834=CARTESIAN_POINT('Origin',(-1600.,-3075.,0.));
#10835=CARTESIAN_POINT('',(-1600.,-3075.,0.));
#10836=CARTESIAN_POINT('',(-1600.,-3050.,0.));
#10837=CARTESIAN_POINT('Origin',(-1600.,-3050.,0.));
#10838=CARTESIAN_POINT('',(-4400.,-3050.,0.));
#10839=CARTESIAN_POINT('Origin',(-4400.,-3050.,0.));
#10840=CARTESIAN_POINT('',(-4400.,-3075.,0.));
#10841=CARTESIAN_POINT('Origin',(-4400.,-3075.,0.));
#10842=CARTESIAN_POINT('Origin',(4400.,-3075.,0.));
#10843=CARTESIAN_POINT('',(4400.,-3075.,40.));
#10844=CARTESIAN_POINT('',(4400.,-3075.,0.));
#10845=CARTESIAN_POINT('',(4400.,-3050.,40.));
#10846=CARTESIAN_POINT('',(4400.,-2287.5,40.));
#10847=CARTESIAN_POINT('',(4400.,-3050.,0.));
#10848=CARTESIAN_POINT('Origin',(4400.,-3050.,0.));
#10849=CARTESIAN_POINT('',(1600.,-3050.,40.));
#10850=CARTESIAN_POINT('',(3787.5,-3050.,40.));
#10851=CARTESIAN_POINT('',(1600.,-3050.,0.));
#10852=CARTESIAN_POINT('Origin',(1600.,-3050.,0.));
#10853=CARTESIAN_POINT('',(1600.,-3075.,40.));
#10854=CARTESIAN_POINT('',(1600.,-2275.,40.));
#10855=CARTESIAN_POINT('',(1600.,-3075.,0.));
#10856=CARTESIAN_POINT('Origin',(1600.,-3075.,0.));
#10857=CARTESIAN_POINT('',(2387.5,-3075.,40.));
#10858=CARTESIAN_POINT('Origin',(3175.,-1500.,40.));
#10859=CARTESIAN_POINT('',(1650.,-1800.,40.));
#10860=CARTESIAN_POINT('',(1645.36558345643,-1679.50516986706,40.));
#10861=CARTESIAN_POINT('',(2062.5,-1800.,40.));
#10862=CARTESIAN_POINT('',(1450.,-3200.,40.));
#10863=CARTESIAN_POINT('',(1450.,-3200.,40.));
#10864=CARTESIAN_POINT('',(3900.,-3600.,40.));
#10865=CARTESIAN_POINT('',(3900.,-3600.,40.));
#10866=CARTESIAN_POINT('',(4750.,-3800.,40.));
#10867=CARTESIAN_POINT('Origin',(1500.,800.,0.));
#10868=CARTESIAN_POINT('',(1450.,-3200.,0.));
#10869=CARTESIAN_POINT('Origin',(3900.,-3600.,0.));
#10870=CARTESIAN_POINT('',(3900.,-3600.,0.));
#10871=CARTESIAN_POINT('Origin',(1450.,-3200.,0.));
#10872=CARTESIAN_POINT('Origin',(950.,-1800.,0.));
#10873=CARTESIAN_POINT('',(1650.,-1800.,130.));
#10874=CARTESIAN_POINT('',(1650.,-1800.,0.));
#10875=CARTESIAN_POINT('',(1650.,-1800.,130.));
#10876=CARTESIAN_POINT('Origin',(-3175.,-1500.,-40.));
#10877=CARTESIAN_POINT('',(-4900.,-2500.,-40.));
#10878=CARTESIAN_POINT('Origin',(-3900.,-3600.,0.));
#10879=CARTESIAN_POINT('',(-1450.,-3200.,0.));
#10880=CARTESIAN_POINT('',(-3900.,-3600.,0.));
#10881=CARTESIAN_POINT('Origin',(-1450.,-3200.,0.));
#10882=CARTESIAN_POINT('Ctrl Pts',(-1451.00037467216,-3119.97002622705,
40.));
#10883=CARTESIAN_POINT('Ctrl Pts',(-1450.80776087928,-3135.37912965782,
39.4381778718662));
#10884=CARTESIAN_POINT('Ctrl Pts',(-1450.61514642835,-3150.78828573196,
38.8747991249096));
#10885=CARTESIAN_POINT('Ctrl Pts',(-1450.42253521127,-3166.19718309859,
38.3098591549297));
#10886=CARTESIAN_POINT('Origin',(-4750.,-3800.,0.));
#10887=CARTESIAN_POINT('Origin',(-4900.,-2500.,0.));
#10888=CARTESIAN_POINT('Origin',(-1550.,800.,0.));
#10889=CARTESIAN_POINT('',(-1650.,-1800.,130.));
#10890=CARTESIAN_POINT('',(-1650.,-1800.,0.));
#10891=CARTESIAN_POINT('',(-1550.,800.,130.));
#10892=CARTESIAN_POINT('',(-1550.,800.,130.));
#10893=CARTESIAN_POINT('',(-1550.,800.,-130.));
#10894=CARTESIAN_POINT('',(-1550.,800.,0.));
#10895=CARTESIAN_POINT('',(-1650.,-1800.,-130.));
#10896=CARTESIAN_POINT('',(-1550.,800.,-130.));
#10897=CARTESIAN_POINT('',(-1650.,-1800.,0.));
#10898=CARTESIAN_POINT('Origin',(-1650.,-1800.,0.));
#10899=CARTESIAN_POINT('',(-1401.89283810201,-1800.,130.));
#10900=CARTESIAN_POINT('Ctrl Pts',(-1401.89283810201,-1799.99999999996,
130.000000000003));
#10901=CARTESIAN_POINT('Ctrl Pts',(-1425.86188282919,-1799.99999999644,
113.375807975848));
#10902=CARTESIAN_POINT('Ctrl Pts',(-1449.87045071415,-1799.99999845844,
96.7877178819162));
#10903=CARTESIAN_POINT('Ctrl Pts',(-1473.91253673605,-1799.99999524278,
80.2430911802373));
#10904=CARTESIAN_POINT('Ctrl Pts',(-1493.44945177495,-1799.9999926297,66.7987101092006));
#10905=CARTESIAN_POINT('Ctrl Pts',(-1513.00850064198,-1799.99999246832,
53.3830296596872));
#10906=CARTESIAN_POINT('Ctrl Pts',(-1532.58646172037,-1800.,40.0000000000002));
#10907=CARTESIAN_POINT('',(-1650.,-1800.,130.));
#10908=CARTESIAN_POINT('Origin',(-1650.,-1800.,0.));
#10909=CARTESIAN_POINT('',(-1458.5865767343,-1800.,-130.));
#10910=CARTESIAN_POINT('',(-1650.,-1800.,-130.));
#10911=CARTESIAN_POINT('Ctrl Pts',(-1550.45538816816,-1800.,-39.999999983485));
#10912=CARTESIAN_POINT('Ctrl Pts',(-1519.82578724722,-1800.00000108464,
-69.9970583043633));
#10913=CARTESIAN_POINT('Ctrl Pts',(-1489.18851936338,-1800.00000007171,
-100.010811102701));
#10914=CARTESIAN_POINT('Ctrl Pts',(-1458.58657673424,-1800.0000000006,-130.000000000019));
#10915=CARTESIAN_POINT('Ctrl Pts',(-1595.35211267606,-826.760563380281,
38.3098591549297));
#10916=CARTESIAN_POINT('Ctrl Pts',(-1290.23474178404,-417.840375586854,
252.206572769953));
#10917=CARTESIAN_POINT('Ctrl Pts',(-985.117370892019,-8.92018779342713,
466.103286384977));
#10918=CARTESIAN_POINT('Ctrl Pts',(-680.,400.,680.));
#10919=CARTESIAN_POINT('Ctrl Pts',(-1547.04225352113,-1606.57276995305,
38.3098591549297));
#10920=CARTESIAN_POINT('Ctrl Pts',(-1251.36150234742,-1271.04851330203,
252.206572769953));
#10921=CARTESIAN_POINT('Ctrl Pts',(-955.680751173709,-935.524256651017,
466.103286384977));
#10922=CARTESIAN_POINT('Ctrl Pts',(-660.,-600.,680.));
#10923=CARTESIAN_POINT('Ctrl Pts',(-1498.7323943662,-2386.38497652582,38.3098591549297));
#10924=CARTESIAN_POINT('Ctrl Pts',(-1212.4882629108,-2124.25665101721,252.206572769953));
#10925=CARTESIAN_POINT('Ctrl Pts',(-926.244131455399,-1862.12832550861,
466.103286384977));
#10926=CARTESIAN_POINT('Ctrl Pts',(-640.,-1600.,680.));
#10927=CARTESIAN_POINT('Ctrl Pts',(-1450.42253521127,-3166.19718309859,
38.3098591549297));
#10928=CARTESIAN_POINT('Ctrl Pts',(-1173.61502347418,-2977.46478873239,
252.206572769953));
#10929=CARTESIAN_POINT('Ctrl Pts',(-896.807511737089,-2788.7323943662,466.103286384977));
#10930=CARTESIAN_POINT('Ctrl Pts',(-620.,-2600.,680.));
#10931=CARTESIAN_POINT('',(-680.,400.,680.));
#10932=CARTESIAN_POINT('',(-680.,400.,680.));
#10933=CARTESIAN_POINT('',(-1464.55882352941,-651.470588235294,130.));
#10934=CARTESIAN_POINT('',(-1650.,-900.,0.));
#10935=CARTESIAN_POINT('Ctrl Pts',(-1464.55882352941,-651.470588235294,
130.));
#10936=CARTESIAN_POINT('Ctrl Pts',(-1443.67016172028,-1034.3137254902,130.));
#10937=CARTESIAN_POINT('Ctrl Pts',(-1422.78149991114,-1417.1568627451,130.));
#10938=CARTESIAN_POINT('Ctrl Pts',(-1401.89283810201,-1800.,130.));
#10939=CARTESIAN_POINT('Origin',(-1220.,600.,-80.));
#10940=CARTESIAN_POINT('',(-1240.,1331.25,-80.));
#10941=CARTESIAN_POINT('',(-1222.09945820433,1400.,-80.));
#10942=CARTESIAN_POINT('Ctrl Pts',(-1240.,1331.25,-80.));
#10943=CARTESIAN_POINT('Ctrl Pts',(-1234.03315273478,1354.16666666667,-80.));
#10944=CARTESIAN_POINT('Ctrl Pts',(-1228.06630546956,1377.08333333333,-80.));
#10945=CARTESIAN_POINT('Ctrl Pts',(-1222.09945820433,1400.,-80.));
#10946=CARTESIAN_POINT('',(-1240.,1400.,-80.));
#10947=CARTESIAN_POINT('',(-1240.,-200.,-80.));
#10948=CARTESIAN_POINT('',(-1240.,1400.,-80.));
#10949=CARTESIAN_POINT('Origin',(-1200.,1400.,0.));
#10950=CARTESIAN_POINT('',(-1240.,1400.,62.4947255328049));
#10951=CARTESIAN_POINT('',(-1223.02521008403,1400.,80.));
#10952=CARTESIAN_POINT('Ctrl Pts',(-1240.,1400.,62.4947255328049));
#10953=CARTESIAN_POINT('Ctrl Pts',(-1234.34814597778,1400.,68.3360345049616));
#10954=CARTESIAN_POINT('Ctrl Pts',(-1228.68989329746,1400.,74.1711313676002));
#10955=CARTESIAN_POINT('Ctrl Pts',(-1223.02521008403,1400.,80.));
#10956=CARTESIAN_POINT('',(-1240.,1400.,80.));
#10957=CARTESIAN_POINT('',(-1240.,1400.,0.));
#10958=CARTESIAN_POINT('',(-1240.,1400.,80.));
#10959=CARTESIAN_POINT('Origin',(-1200.,1400.,0.));
#10960=CARTESIAN_POINT('',(-1240.,1400.,-61.4342834240238));
#10961=CARTESIAN_POINT('Ctrl Pts',(-1222.09945820433,1400.,-80.));
#10962=CARTESIAN_POINT('Ctrl Pts',(-1228.05708955828,1400.,-73.8025404836459));
#10963=CARTESIAN_POINT('Ctrl Pts',(-1234.02394181916,1400.,-67.6139762592359));
#10964=CARTESIAN_POINT('Ctrl Pts',(-1240.,1400.,-61.4342834240238));
#10965=CARTESIAN_POINT('',(-1240.,1400.,0.));
#10966=CARTESIAN_POINT('Origin',(-1220.,600.,80.));
#10967=CARTESIAN_POINT('',(-1240.,1283.50634371396,80.));
#10968=CARTESIAN_POINT('Ctrl Pts',(-1223.02521008403,1400.,80.));
#10969=CARTESIAN_POINT('Ctrl Pts',(-1228.68347338936,1361.16878123799,80.));
#10970=CARTESIAN_POINT('Ctrl Pts',(-1234.34173669468,1322.33756247597,80.));
#10971=CARTESIAN_POINT('Ctrl Pts',(-1240.,1283.50634371396,80.));
#10972=CARTESIAN_POINT('',(-1240.,-200.,80.));
#10973=CARTESIAN_POINT('Origin',(-1240.,1400.,0.));
#10974=CARTESIAN_POINT('Ctrl Pts',(-1240.,1400.,-61.4342834240204));
#10975=CARTESIAN_POINT('Ctrl Pts',(-1240.00000000028,1377.09905142658,-67.6800393749285));
#10976=CARTESIAN_POINT('Ctrl Pts',(-1240.,1354.18173648626,-73.8683137453162));
#10977=CARTESIAN_POINT('Ctrl Pts',(-1240.,1331.25,-80.));
#10978=CARTESIAN_POINT('Origin',(-1240.,1400.,0.));
#10979=CARTESIAN_POINT('Ctrl Pts',(-1240.00000000001,1283.50634371395,79.9999999999959));
#10980=CARTESIAN_POINT('Ctrl Pts',(-1240.00000000019,1322.34696983059,74.2330151075018));
#10981=CARTESIAN_POINT('Ctrl Pts',(-1240.00000000069,1361.18000833181,68.3983660931592));
#10982=CARTESIAN_POINT('Ctrl Pts',(-1240.,1399.99999999999,62.4947255328017));
#10983=CARTESIAN_POINT('Ctrl Pts',(-750.,3400.,0.));
#10984=CARTESIAN_POINT('Ctrl Pts',(-560.,3133.33333333333,-426.666666666667));
#10985=CARTESIAN_POINT('Ctrl Pts',(-370.,2866.66666666667,-853.333333333333));
#10986=CARTESIAN_POINT('Ctrl Pts',(-180.,2600.,-1280.));
#10987=CARTESIAN_POINT('Ctrl Pts',(-933.333333333333,2733.33333333333,0.));
#10988=CARTESIAN_POINT('Ctrl Pts',(-700.,2433.33333333333,-426.666666666666));
#10989=CARTESIAN_POINT('Ctrl Pts',(-466.666666666667,2133.33333333333,-853.333333333334));
#10990=CARTESIAN_POINT('Ctrl Pts',(-233.333333333333,1833.33333333333,-1280.));
#10991=CARTESIAN_POINT('Ctrl Pts',(-1116.66666666667,2066.66666666667,0.));
#10992=CARTESIAN_POINT('Ctrl Pts',(-840.,1733.33333333333,-426.666666666667));
#10993=CARTESIAN_POINT('Ctrl Pts',(-563.333333333334,1400.,-853.333333333333));
#10994=CARTESIAN_POINT('Ctrl Pts',(-286.666666666667,1066.66666666667,-1280.));
#10995=CARTESIAN_POINT('Ctrl Pts',(-1300.,1400.,0.));
#10996=CARTESIAN_POINT('Ctrl Pts',(-980.,1033.33333333333,-426.666666666667));
#10997=CARTESIAN_POINT('Ctrl Pts',(-660.,666.666666666667,-853.333333333333));
#10998=CARTESIAN_POINT('Ctrl Pts',(-340.,300.,-1280.));
#10999=CARTESIAN_POINT('',(-1300.,1400.,0.));
#11000=CARTESIAN_POINT('',(-750.,3400.,0.));
#11001=CARTESIAN_POINT('',(-180.,2600.,-1280.));
#11002=CARTESIAN_POINT('',(-750.,3400.,0.));
#11003=CARTESIAN_POINT('',(-340.,300.,-1280.));
#11004=CARTESIAN_POINT('',(-180.,2600.,-1280.));
#11005=CARTESIAN_POINT('',(-1300.,1400.,0.));
#11006=CARTESIAN_POINT('',(-1300.,1400.,0.));
#11007=CARTESIAN_POINT('Origin',(1240.,1400.,0.));
#11008=CARTESIAN_POINT('',(1200.,1400.,77.8184463689212));
#11009=CARTESIAN_POINT('',(1240.,1400.,46.2364352104493));
#11010=CARTESIAN_POINT('Ctrl Pts',(1199.99999999999,1400.,77.8184463689285));
#11011=CARTESIAN_POINT('Ctrl Pts',(1213.2813096063,1400.,67.2265154159957));
#11012=CARTESIAN_POINT('Ctrl Pts',(1226.61653037661,1400.,56.6989789542149));
#11013=CARTESIAN_POINT('Ctrl Pts',(1240.,1400.,46.2364352104493));
#11014=CARTESIAN_POINT('',(1200.,1400.,80.));
#11015=CARTESIAN_POINT('',(1200.,1400.,0.));
#11016=CARTESIAN_POINT('',(1240.,1400.,80.));
#11017=CARTESIAN_POINT('',(1200.,1400.,80.));
#11018=CARTESIAN_POINT('',(1240.,1400.,0.));
#11019=CARTESIAN_POINT('Origin',(1200.,1400.,0.));
#11020=CARTESIAN_POINT('',(1200.,1389.20543827287,80.));
#11021=CARTESIAN_POINT('Ctrl Pts',(1200.,1389.20543827287,80.));
#11022=CARTESIAN_POINT('Ctrl Pts',(1200.,1392.80385786087,79.2739643941854));
#11023=CARTESIAN_POINT('Ctrl Pts',(1200.,1396.40204434638,78.5467809851474));
#11024=CARTESIAN_POINT('Ctrl Pts',(1200.,1400.,77.8184463689212));
#11025=CARTESIAN_POINT('',(1200.,-200.,80.));
#11026=CARTESIAN_POINT('Origin',(1240.,-200.,0.));
#11027=CARTESIAN_POINT('',(1240.,1303.22580645161,65.8064516129032));
#11028=CARTESIAN_POINT('',(1240.,1188.80741435454,80.));
#11029=CARTESIAN_POINT('Ctrl Pts',(1240.,1303.22580645161,65.8064516129032));
#11030=CARTESIAN_POINT('Ctrl Pts',(1240.,1265.09341918959,70.6074970961043));
#11031=CARTESIAN_POINT('Ctrl Pts',(1240.00000000041,1226.95671706457,75.3380728238794));
#11032=CARTESIAN_POINT('Ctrl Pts',(1240.00000000001,1188.80741435451,79.9999999999911));
#11033=CARTESIAN_POINT('Ctrl Pts',(1240.00000000001,1400.,46.2364352104408));
#11034=CARTESIAN_POINT('Ctrl Pts',(1240.00000000147,1367.75992211274,52.8504199370741));
#11035=CARTESIAN_POINT('Ctrl Pts',(1240.,1335.50237365462,59.3729803509166));
#11036=CARTESIAN_POINT('Ctrl Pts',(1240.,1303.22580645161,65.8064516129033));
#11037=CARTESIAN_POINT('',(1240.,1400.,80.));
#11038=CARTESIAN_POINT('Origin',(1240.,-200.,0.));
#11039=CARTESIAN_POINT('',(1240.,1331.25,-80.));
#11040=CARTESIAN_POINT('',(1240.,1400.,-61.4342834240238));
#11041=CARTESIAN_POINT('Ctrl Pts',(1240.,1331.25,-80.));
#11042=CARTESIAN_POINT('Ctrl Pts',(1240.,1354.18173648628,-73.8683137453102));
#11043=CARTESIAN_POINT('Ctrl Pts',(1240.00000000028,1377.0990514266,-67.6800393749253));
#11044=CARTESIAN_POINT('Ctrl Pts',(1240.,1400.,-61.4342834240202));
#11045=CARTESIAN_POINT('',(1240.,1400.,-80.));
#11046=CARTESIAN_POINT('',(1240.,1400.,-80.));
#11047=CARTESIAN_POINT('',(1240.,1400.,0.));
#11048=CARTESIAN_POINT('Origin',(1220.,600.,-80.));
#11049=CARTESIAN_POINT('',(1222.09945820433,1400.,-80.));
#11050=CARTESIAN_POINT('Ctrl Pts',(1222.09945820433,1400.,-80.));
#11051=CARTESIAN_POINT('Ctrl Pts',(1228.06630546956,1377.08333333333,-80.));
#11052=CARTESIAN_POINT('Ctrl Pts',(1234.03315273478,1354.16666666667,-80.));
#11053=CARTESIAN_POINT('Ctrl Pts',(1240.,1331.25,-80.));
#11054=CARTESIAN_POINT('',(1200.,1400.,-80.));
#11055=CARTESIAN_POINT('Origin',(1240.,1400.,0.));
#11056=CARTESIAN_POINT('Ctrl Pts',(1240.,1400.,-61.4342834240238));
#11057=CARTESIAN_POINT('Ctrl Pts',(1234.02394181914,1400.,-67.6139762592563));
#11058=CARTESIAN_POINT('Ctrl Pts',(1228.05708955827,1400.,-73.8025404836559));
#11059=CARTESIAN_POINT('Ctrl Pts',(1222.09945820433,1400.,-80.));
#11060=CARTESIAN_POINT('Origin',(1220.,600.,80.));
#11061=CARTESIAN_POINT('',(1227.05882352941,1282.35294117647,80.));
#11062=CARTESIAN_POINT('Ctrl Pts',(1240.,1188.80741435454,80.));
#11063=CARTESIAN_POINT('Ctrl Pts',(1235.6862745098,1219.98925662852,80.));
#11064=CARTESIAN_POINT('Ctrl Pts',(1231.37254901961,1251.17109890249,80.));
#11065=CARTESIAN_POINT('Ctrl Pts',(1227.05882352941,1282.35294117647,80.));
#11066=CARTESIAN_POINT('Ctrl Pts',(1227.05882352941,1282.35294117647,79.9999999999999));
#11067=CARTESIAN_POINT('Ctrl Pts',(1218.03921568627,1317.9704402086,79.9999999999999));
#11068=CARTESIAN_POINT('Ctrl Pts',(1209.01960784314,1353.58793924074,80.));
#11069=CARTESIAN_POINT('Ctrl Pts',(1200.,1389.20543827287,80.));
#11070=CARTESIAN_POINT('Ctrl Pts',(1300.,1400.,0.));
#11071=CARTESIAN_POINT('Ctrl Pts',(980.,1033.33333333333,-426.666666666667));
#11072=CARTESIAN_POINT('Ctrl Pts',(660.,666.666666666667,-853.333333333333));
#11073=CARTESIAN_POINT('Ctrl Pts',(340.,300.,-1280.));
#11074=CARTESIAN_POINT('Ctrl Pts',(1116.66666666667,2066.66666666667,0.));
#11075=CARTESIAN_POINT('Ctrl Pts',(840.,1733.33333333333,-426.666666666666));
#11076=CARTESIAN_POINT('Ctrl Pts',(563.333333333333,1400.,-853.333333333334));
#11077=CARTESIAN_POINT('Ctrl Pts',(286.666666666667,1066.66666666667,-1280.));
#11078=CARTESIAN_POINT('Ctrl Pts',(933.333333333333,2733.33333333333,0.));
#11079=CARTESIAN_POINT('Ctrl Pts',(700.,2433.33333333333,-426.666666666667));
#11080=CARTESIAN_POINT('Ctrl Pts',(466.666666666667,2133.33333333333,-853.333333333333));
#11081=CARTESIAN_POINT('Ctrl Pts',(233.333333333333,1833.33333333333,-1280.));
#11082=CARTESIAN_POINT('Ctrl Pts',(750.,3400.,0.));
#11083=CARTESIAN_POINT('Ctrl Pts',(560.,3133.33333333333,-426.666666666667));
#11084=CARTESIAN_POINT('Ctrl Pts',(370.,2866.66666666667,-853.333333333333));
#11085=CARTESIAN_POINT('Ctrl Pts',(180.,2600.,-1280.));
#11086=CARTESIAN_POINT('',(1300.,1400.,0.));
#11087=CARTESIAN_POINT('',(750.,3400.,0.));
#11088=CARTESIAN_POINT('',(1300.,1400.,0.));
#11089=CARTESIAN_POINT('',(340.,300.,-1280.));
#11090=CARTESIAN_POINT('',(1300.,1400.,0.));
#11091=CARTESIAN_POINT('',(180.,2600.,-1280.));
#11092=CARTESIAN_POINT('',(180.,2600.,-1280.));
#11093=CARTESIAN_POINT('',(750.,3400.,0.));
#11094=CARTESIAN_POINT('Ctrl Pts',(1357.89473684211,1019.54887218045,0.));
#11095=CARTESIAN_POINT('Ctrl Pts',(1316.02359381357,966.276378887226,41.6945373467112));
#11096=CARTESIAN_POINT('Ctrl Pts',(1274.15245078503,913.003885594001,83.3890746934225));
#11097=CARTESIAN_POINT('Ctrl Pts',(1232.28130775649,859.731392300776,125.083612040134));
#11098=CARTESIAN_POINT('Ctrl Pts',(1338.59649122807,1146.36591478697,0.));
#11099=CARTESIAN_POINT('Ctrl Pts',(1298.0105266821,1090.41242055878,41.6945373467113));
#11100=CARTESIAN_POINT('Ctrl Pts',(1257.42456213614,1034.4589263306,83.3890746934224));
#11101=CARTESIAN_POINT('Ctrl Pts',(1216.83859759017,978.505432102412,125.083612040134));
#11102=CARTESIAN_POINT('Ctrl Pts',(1319.29824561404,1273.18295739348,0.));
#11103=CARTESIAN_POINT('Ctrl Pts',(1279.99745955064,1214.54846223034,41.6945373467112));
#11104=CARTESIAN_POINT('Ctrl Pts',(1240.69667348724,1155.91396706719,83.3890746934226));
#11105=CARTESIAN_POINT('Ctrl Pts',(1201.39588742385,1097.27947190405,125.083612040134));
#11106=CARTESIAN_POINT('Ctrl Pts',(1300.,1400.,0.));
#11107=CARTESIAN_POINT('Ctrl Pts',(1261.98439241918,1338.6845039019,41.6945373467112));
#11108=CARTESIAN_POINT('Ctrl Pts',(1223.96878483835,1277.36900780379,83.3890746934225));
#11109=CARTESIAN_POINT('Ctrl Pts',(1185.95317725752,1216.05351170569,125.083612040134));
#11110=CARTESIAN_POINT('',(1185.95317725753,1216.05351170569,125.083612040134));
#11111=CARTESIAN_POINT('',(1300.,1400.,0.));
#11112=CARTESIAN_POINT('',(1357.89473684211,1019.54887218045,0.));
#11113=CARTESIAN_POINT('Ctrl Pts',(1185.95317725752,1216.05351170569,125.083612040134));
#11114=CARTESIAN_POINT('Ctrl Pts',(1242.34027198233,1151.61111773448,81.5569674210733));
#11115=CARTESIAN_POINT('Ctrl Pts',(1300.30804319845,1085.36223634463,39.6871306274432));
#11116=CARTESIAN_POINT('Ctrl Pts',(1357.89473684211,1019.54887218045,0.));
#11117=CARTESIAN_POINT('',(1300.,1400.,0.));
#11118=CARTESIAN_POINT('',(1300.,1400.,0.));
#11119=CARTESIAN_POINT('Origin',(1250.,-100.,130.));
#11120=CARTESIAN_POINT('',(1181.47058823529,1208.82352941176,130.));
#11121=CARTESIAN_POINT('',(1177.39398183761,1225.83544932844,130.));
#11122=CARTESIAN_POINT('Ctrl Pts',(1181.47058823529,1208.82352941176,130.));
#11123=CARTESIAN_POINT('Ctrl Pts',(1180.11171943607,1214.49416938399,130.));
#11124=CARTESIAN_POINT('Ctrl Pts',(1178.75285063684,1220.16480935622,130.));
#11125=CARTESIAN_POINT('Ctrl Pts',(1177.39398183761,1225.83544932844,130.));
#11126=CARTESIAN_POINT('Ctrl Pts',(1458.79679086269,-939.572221571166,130.));
#11127=CARTESIAN_POINT('Ctrl Pts',(1412.57575709146,-581.506263074011,130.));
#11128=CARTESIAN_POINT('Ctrl Pts',(1366.35472332023,-223.440304576856,130.));
#11129=CARTESIAN_POINT('Ctrl Pts',(1273.91265577776,492.691612417454,130.));
#11130=CARTESIAN_POINT('Ctrl Pts',(1227.69162200653,850.75757091461,130.));
#11131=CARTESIAN_POINT('Ctrl Pts',(1181.47058823529,1208.82352941176,130.));
#11132=CARTESIAN_POINT('',(1550.,800.,130.));
#11133=CARTESIAN_POINT('',(1550.,800.,130.));
#11134=CARTESIAN_POINT('',(850.,1600.,130.));
#11135=CARTESIAN_POINT('Origin',(950.,-1800.,0.));
#11136=CARTESIAN_POINT('',(1650.,-1800.,-130.));
#11137=CARTESIAN_POINT('',(1650.,-1800.,-130.));
#11138=CARTESIAN_POINT('',(1650.,-1800.,0.));
#11139=CARTESIAN_POINT('Origin',(1650.,-1800.,0.));
#11140=CARTESIAN_POINT('',(1550.,800.,-130.));
#11141=CARTESIAN_POINT('',(1550.,800.,-130.));
#11142=CARTESIAN_POINT('',(1550.,800.,0.));
#11143=CARTESIAN_POINT('Origin',(1250.,-100.,-130.));
#11144=CARTESIAN_POINT('',(1217.85470700765,1179.59462056269,-130.));
#11145=CARTESIAN_POINT('Ctrl Pts',(1217.85470700765,1179.59462056269,-130.));
#11146=CARTESIAN_POINT('Ctrl Pts',(1264.6351455294,848.464356468673,-130.));
#11147=CARTESIAN_POINT('Ctrl Pts',(1311.41558405115,517.334092374658,-130.));
#11148=CARTESIAN_POINT('Ctrl Pts',(1410.09469676387,-181.155312292476,-130.));
#11149=CARTESIAN_POINT('Ctrl Pts',(1461.99337095484,-548.514452865595,-130.));
#11150=CARTESIAN_POINT('Ctrl Pts',(1513.89204514581,-915.873593438714,-130.));
#11151=CARTESIAN_POINT('',(850.,1600.,-130.));
#11152=CARTESIAN_POINT('Origin',(1550.,800.,0.));
#11153=CARTESIAN_POINT('Ctrl Pts',(1177.39398183761,1225.83544932844,130.));
#11154=CARTESIAN_POINT('Ctrl Pts',(1180.24572404294,1222.5763153795,128.35594484468));
#11155=CARTESIAN_POINT('Ctrl Pts',(1183.09882632227,1219.31562706026,126.717153400792));
#11156=CARTESIAN_POINT('Ctrl Pts',(1185.95317725752,1216.05351170569,125.083612040134));
#11157=CARTESIAN_POINT('Ctrl Pts',(1357.89473684211,1019.54887218045,-8.88178419700125E-15));
#11158=CARTESIAN_POINT('Ctrl Pts',(1310.97186930582,1073.17500650763,-42.5333137760895));
#11159=CARTESIAN_POINT('Ctrl Pts',(1264.15953437883,1126.67481785276,-85.9225175202139));
#11160=CARTESIAN_POINT('Ctrl Pts',(1217.85470700765,1179.59462056269,-130.));
#11161=CARTESIAN_POINT('Ctrl Pts',(1300.,1400.,0.));
#11162=CARTESIAN_POINT('Ctrl Pts',(1093.33333333333,1066.66666666667,226.666666666667));
#11163=CARTESIAN_POINT('Ctrl Pts',(886.666666666667,733.333333333333,453.333333333333));
#11164=CARTESIAN_POINT('Ctrl Pts',(680.,400.,680.));
#11165=CARTESIAN_POINT('Ctrl Pts',(1116.66666666667,2066.66666666667,0.));
#11166=CARTESIAN_POINT('Ctrl Pts',(951.111111111111,1733.33333333333,226.666666666667));
#11167=CARTESIAN_POINT('Ctrl Pts',(785.555555555555,1400.,453.333333333333));
#11168=CARTESIAN_POINT('Ctrl Pts',(620.,1066.66666666667,680.));
#11169=CARTESIAN_POINT('Ctrl Pts',(933.333333333333,2733.33333333333,0.));
#11170=CARTESIAN_POINT('Ctrl Pts',(808.888888888889,2400.,226.666666666667));
#11171=CARTESIAN_POINT('Ctrl Pts',(684.444444444445,2066.66666666667,453.333333333333));
#11172=CARTESIAN_POINT('Ctrl Pts',(560.,1733.33333333333,680.));
#11173=CARTESIAN_POINT('Ctrl Pts',(750.,3400.,0.));
#11174=CARTESIAN_POINT('Ctrl Pts',(666.666666666667,3066.66666666667,226.666666666667));
#11175=CARTESIAN_POINT('Ctrl Pts',(583.333333333333,2733.33333333333,453.333333333333));
#11176=CARTESIAN_POINT('Ctrl Pts',(500.,2400.,680.));
#11177=CARTESIAN_POINT('',(680.,400.,680.));
#11178=CARTESIAN_POINT('',(500.,2400.,680.));
#11179=CARTESIAN_POINT('',(1300.,1400.,0.));
#11180=CARTESIAN_POINT('Ctrl Pts',(1650.,-900.,0.));
#11181=CARTESIAN_POINT('Ctrl Pts',(1203.28671227342,-952.097947696292,-426.666666666667));
#11182=CARTESIAN_POINT('Ctrl Pts',(756.573424546831,-1004.19589539258,-853.333333333333));
#11183=CARTESIAN_POINT('Ctrl Pts',(309.860136820247,-1056.29384308888,-1280.));
#11184=CARTESIAN_POINT('Ctrl Pts',(1533.33333333333,-133.333333333333,0.));
#11185=CARTESIAN_POINT('Ctrl Pts',(1128.85780818228,-290.287520686417,-426.666666666666));
#11186=CARTESIAN_POINT('Ctrl Pts',(724.382283031221,-447.2417080395,-853.333333333334));
#11187=CARTESIAN_POINT('Ctrl Pts',(319.906757880165,-604.195895392584,-1280.));
#11188=CARTESIAN_POINT('Ctrl Pts',(1416.66666666667,633.333333333333,0.));
#11189=CARTESIAN_POINT('Ctrl Pts',(1054.42890409114,371.522906323458,-426.666666666667));
#11190=CARTESIAN_POINT('Ctrl Pts',(692.191141515611,109.712479313584,-853.333333333333));
#11191=CARTESIAN_POINT('Ctrl Pts',(329.953378940082,-152.097947696292,-1280.));
#11192=CARTESIAN_POINT('Ctrl Pts',(1300.,1400.,0.));
#11193=CARTESIAN_POINT('Ctrl Pts',(980.,1033.33333333333,-426.666666666667));
#11194=CARTESIAN_POINT('Ctrl Pts',(660.,666.666666666667,-853.333333333333));
#11195=CARTESIAN_POINT('Ctrl Pts',(340.,300.,-1280.));
#11196=CARTESIAN_POINT('',(532.560902806702,-700.,-1060.));
#11197=CARTESIAN_POINT('Ctrl Pts',(540.196675804267,-1029.43083880797,-1060.));
#11198=CARTESIAN_POINT('Ctrl Pts',(537.651418138412,-919.620559205317,-1060.));
#11199=CARTESIAN_POINT('Ctrl Pts',(535.106160472557,-809.810279602658,-1060.));
#11200=CARTESIAN_POINT('Ctrl Pts',(532.560902806702,-700.,-1060.));
#11201=CARTESIAN_POINT('',(395.1812746306,-700.,-1200.));
#11202=CARTESIAN_POINT('Ctrl Pts',(532.560902806702,-700.,-1060.));
#11203=CARTESIAN_POINT('Ctrl Pts',(486.661789904899,-700.,-1106.40528489859));
#11204=CARTESIAN_POINT('Ctrl Pts',(440.702913825955,-700.,-1153.21056412458));
#11205=CARTESIAN_POINT('Ctrl Pts',(395.1812746306,-700.,-1200.));
#11206=CARTESIAN_POINT('Ctrl Pts',(395.1812746306,-700.,-1200.));
#11207=CARTESIAN_POINT('Ctrl Pts',(394.660475843394,-815.50849263194,-1200.));
#11208=CARTESIAN_POINT('Ctrl Pts',(394.139677056188,-931.01698526388,-1200.));
#11209=CARTESIAN_POINT('Ctrl Pts',(393.618878268981,-1046.52547789582,-1200.));
#11210=CARTESIAN_POINT('',(340.,300.,-1280.));
#11211=CARTESIAN_POINT('Origin',(-1250.,-100.,130.));
#11212=CARTESIAN_POINT('',(-1202.90998247351,1196.67430574456,130.));
#11213=CARTESIAN_POINT('Ctrl Pts',(-1202.90998247351,1196.67430574456,130.));
#11214=CARTESIAN_POINT('Ctrl Pts',(-1237.20959615881,954.400517555197,130.));
#11215=CARTESIAN_POINT('Ctrl Pts',(-1271.50920984411,712.126729365834,130.));
#11216=CARTESIAN_POINT('Ctrl Pts',(-1358.72549019608,96.0784313725491,130.));
#11217=CARTESIAN_POINT('Ctrl Pts',(-1411.64215686275,-277.696078431372,
130.));
#11218=CARTESIAN_POINT('Ctrl Pts',(-1464.55882352941,-651.470588235294,
130.));
#11219=CARTESIAN_POINT('',(-850.,1600.,130.));
#11220=CARTESIAN_POINT('Origin',(-850.,1600.,0.));
#11221=CARTESIAN_POINT('',(-1357.89473684211,1019.54887218045,0.));
#11222=CARTESIAN_POINT('Ctrl Pts',(-1357.89473684211,1019.54887218045,0.));
#11223=CARTESIAN_POINT('Ctrl Pts',(-1306.25732469195,1078.56305749491,43.3976306317727));
#11224=CARTESIAN_POINT('Ctrl Pts',(-1254.59474522244,1137.60600545985,86.7324513326853));
#11225=CARTESIAN_POINT('Ctrl Pts',(-1202.90998247351,1196.67430574456,129.999999999999));
#11226=CARTESIAN_POINT('',(-1217.85470700765,1179.59462056269,-130.));
#11227=CARTESIAN_POINT('Ctrl Pts',(-1217.85470700765,1179.59462056269,-130.));
#11228=CARTESIAN_POINT('Ctrl Pts',(-1264.15953437882,1126.67481785277,-85.9225175202203));
#11229=CARTESIAN_POINT('Ctrl Pts',(-1310.97186930581,1073.17500650765,-42.5333137761035));
#11230=CARTESIAN_POINT('Ctrl Pts',(-1357.89473684211,1019.54887218045,-5.32907051820075E-14));
#11231=CARTESIAN_POINT('',(-850.,1600.,-130.));
#11232=CARTESIAN_POINT('Origin',(-1250.,-100.,-130.));
#11233=CARTESIAN_POINT('',(-1513.89204514581,-915.873593438714,-130.));
#11234=CARTESIAN_POINT('Ctrl Pts',(-1458.5865767343,-1800.,-130.));
#11235=CARTESIAN_POINT('Ctrl Pts',(-1477.02173287147,-1505.2911978129,-130.));
#11236=CARTESIAN_POINT('Ctrl Pts',(-1495.45688900864,-1210.58239562581,
-130.));
#11237=CARTESIAN_POINT('Ctrl Pts',(-1513.89204514581,-915.873593438714,
-130.));
#11238=CARTESIAN_POINT('Ctrl Pts',(-1513.89204514581,-915.873593438714,
-130.));
#11239=CARTESIAN_POINT('Ctrl Pts',(-1461.99337095484,-548.514452865595,
-130.));
#11240=CARTESIAN_POINT('Ctrl Pts',(-1410.09469676387,-181.155312292476,
-130.));
#11241=CARTESIAN_POINT('Ctrl Pts',(-1311.41558405115,517.334092374658,-130.));
#11242=CARTESIAN_POINT('Ctrl Pts',(-1264.6351455294,848.464356468673,-130.));
#11243=CARTESIAN_POINT('Ctrl Pts',(-1217.85470700765,1179.59462056269,-130.));
#11244=CARTESIAN_POINT('Ctrl Pts',(-1608.12062929292,-904.884182594511,
-39.999999983485));
#11245=CARTESIAN_POINT('Ctrl Pts',(-1175.36713180203,-955.354069425966,
-453.333333322323));
#11246=CARTESIAN_POINT('Ctrl Pts',(-742.613634311139,-1005.82395625742,
-866.666666661162));
#11247=CARTESIAN_POINT('Ctrl Pts',(-309.860136820247,-1056.29384308888,
-1280.));
#11248=CARTESIAN_POINT('Ctrl Pts',(-1559.37208620053,-1661.58945506645,
-39.999999983485));
#11249=CARTESIAN_POINT('Ctrl Pts',(-1139.55031009374,-1609.12493517516,
-453.333333322323));
#11250=CARTESIAN_POINT('Ctrl Pts',(-719.728533986954,-1556.66041528387,
-866.666666661162));
#11251=CARTESIAN_POINT('Ctrl Pts',(-299.906757880165,-1504.19589539258,
-1280.));
#11252=CARTESIAN_POINT('Ctrl Pts',(-1510.62354310813,-2418.29472753839,
-39.999999983485));
#11253=CARTESIAN_POINT('Ctrl Pts',(-1103.73348838545,-2262.89580092435,
-453.333333322324));
#11254=CARTESIAN_POINT('Ctrl Pts',(-696.843433662766,-2107.49687431032,
-866.666666661161));
#11255=CARTESIAN_POINT('Ctrl Pts',(-289.953378940082,-1952.09794769629,
-1280.));
#11256=CARTESIAN_POINT('Ctrl Pts',(-1461.87500001574,-3175.00000001032,
-39.999999983485));
#11257=CARTESIAN_POINT('Ctrl Pts',(-1067.91666667716,-2916.66666667355,
-453.333333322323));
#11258=CARTESIAN_POINT('Ctrl Pts',(-673.95833333858,-2658.33333333677,-866.666666661162));
#11259=CARTESIAN_POINT('Ctrl Pts',(-280.,-2400.,-1280.));
#11260=CARTESIAN_POINT('',(-540.196675804267,-1029.43083880797,-1060.));
#11261=CARTESIAN_POINT('',(-1650.,-900.,0.));
#11262=CARTESIAN_POINT('',(-504.340517900651,-2100.,-1060.));
#11263=CARTESIAN_POINT('Ctrl Pts',(-540.196675804267,-1029.43083880797,
-1060.));
#11264=CARTESIAN_POINT('Ctrl Pts',(-528.244623169728,-1386.28722587198,
-1060.));
#11265=CARTESIAN_POINT('Ctrl Pts',(-516.29257053519,-1743.14361293599,-1060.));
#11266=CARTESIAN_POINT('Ctrl Pts',(-504.340517900651,-2100.,-1060.));
#11267=CARTESIAN_POINT('',(-365.569091432123,-2100.,-1200.));
#11268=CARTESIAN_POINT('Ctrl Pts',(-504.340517900651,-2100.,-1060.));
#11269=CARTESIAN_POINT('Ctrl Pts',(-458.088116103593,-2100.,-1106.53028761033));
#11270=CARTESIAN_POINT('Ctrl Pts',(-411.691486466272,-2100.,-1153.32743698875));
#11271=CARTESIAN_POINT('Ctrl Pts',(-365.569091432123,-2100.,-1200.));
#11272=CARTESIAN_POINT('',(-393.618878268982,-1046.52547789582,-1200.));
#11273=CARTESIAN_POINT('Ctrl Pts',(-365.569091432123,-2100.,-1200.));
#11274=CARTESIAN_POINT('Ctrl Pts',(-374.919020377743,-1748.84182596527,
-1200.));
#11275=CARTESIAN_POINT('Ctrl Pts',(-384.268949323362,-1397.68365193055,
-1200.));
#11276=CARTESIAN_POINT('Ctrl Pts',(-393.618878268981,-1046.52547789582,
-1200.));
#11277=CARTESIAN_POINT('',(-309.860136820247,-1056.29384308888,-1280.));
#11278=CARTESIAN_POINT('',(-1650.,-900.,0.));
#11279=CARTESIAN_POINT('',(-340.,300.,-1280.));
#11280=CARTESIAN_POINT('',(-380.,-2400.,-1176.96201712751));
#11281=CARTESIAN_POINT('Ctrl Pts',(-380.,-2465.5737704918,-1175.08196721311));
#11282=CARTESIAN_POINT('Ctrl Pts',(-380.,-2443.71591899639,-1175.71078499183));
#11283=CARTESIAN_POINT('Ctrl Pts',(-380.,-2421.85797393316,-1176.3374638977));
#11284=CARTESIAN_POINT('Ctrl Pts',(-380.,-2400.,-1176.96201712751));
#11285=CARTESIAN_POINT('',(-416.035398182825,-2400.,-1140.));
#11286=CARTESIAN_POINT('Ctrl Pts',(-379.999999999975,-2400.00000000033,
-1176.96201712753));
#11287=CARTESIAN_POINT('Ctrl Pts',(-392.003571224776,-2400.00000001566,
-1164.63584712041));
#11288=CARTESIAN_POINT('Ctrl Pts',(-404.018073487452,-2400.0000000003,-1152.31268307534));
#11289=CARTESIAN_POINT('Ctrl Pts',(-416.035398182824,-2400.,-1140.));
#11290=CARTESIAN_POINT('Ctrl Pts',(-416.035398182825,-2400.,-1140.));
#11291=CARTESIAN_POINT('Ctrl Pts',(-415.169432121883,-2429.16666666667,
-1140.));
#11292=CARTESIAN_POINT('Ctrl Pts',(-414.303466060941,-2458.33333333333,
-1140.));
#11293=CARTESIAN_POINT('Ctrl Pts',(-413.4375,-2487.5,-1140.));
#11294=CARTESIAN_POINT('Origin',(220.,100.,680.));
#11295=CARTESIAN_POINT('',(128.101265822785,183.544303797468,840.));
#11296=CARTESIAN_POINT('',(128.101265822785,183.544303797468,680.));
#11297=CARTESIAN_POINT('',(128.101265822785,183.544303797468,680.));
#11298=CARTESIAN_POINT('',(220.,100.,840.));
#11299=CARTESIAN_POINT('',(0.,300.,840.));
#11300=CARTESIAN_POINT('',(220.,100.,680.));
#11301=CARTESIAN_POINT('',(220.,100.,680.));
#11302=CARTESIAN_POINT('',(173.575627241114,142.203975235351,680.));
#11303=CARTESIAN_POINT('Origin',(0.,-2050.,840.));
#11304=CARTESIAN_POINT('',(0.,100.,840.));
#11305=CARTESIAN_POINT('',(-491.876657824934,-220.789124668435,840.));
#11306=CARTESIAN_POINT('',(-128.101265822785,183.544303797468,840.));
#11307=CARTESIAN_POINT('',(261.876657824934,-70.7891246684351,840.));
#11308=CARTESIAN_POINT('',(-220.,100.,840.));
#11309=CARTESIAN_POINT('',(0.,300.,840.));
#11310=CARTESIAN_POINT('',(-220.,-4200.,840.));
#11311=CARTESIAN_POINT('',(-220.,100.,840.));
#11312=CARTESIAN_POINT('',(0.,-4400.,840.));
#11313=CARTESIAN_POINT('',(-220.,-4200.,840.));
#11314=CARTESIAN_POINT('',(220.,-4200.,840.));
#11315=CARTESIAN_POINT('',(220.,-4200.,840.));
#11316=CARTESIAN_POINT('',(220.,100.,840.));
#11317=CARTESIAN_POINT('Origin',(0.,300.,680.));
#11318=CARTESIAN_POINT('',(-128.101265822785,183.544303797468,680.));
#11319=CARTESIAN_POINT('',(-128.101265822785,183.544303797468,680.));
#11320=CARTESIAN_POINT('',(-220.,100.,680.));
#11321=CARTESIAN_POINT('',(-63.5756272411145,242.203975235351,680.));
#11322=CARTESIAN_POINT('',(-220.,100.,680.));
#11323=CARTESIAN_POINT('Origin',(220.,-4200.,680.));
#11324=CARTESIAN_POINT('',(220.,-4200.,680.));
#11325=CARTESIAN_POINT('',(220.,-2077.72921472988,680.));
#11326=CARTESIAN_POINT('',(220.,-4200.,680.));
#11327=CARTESIAN_POINT('Origin',(0.,-4400.,680.));
#11328=CARTESIAN_POINT('',(1106.10763067744,-3394.44760847506,680.));
#11329=CARTESIAN_POINT('',(0.,-4400.,680.));
#11330=CARTESIAN_POINT('Origin',(-220.,-4200.,680.));
#11331=CARTESIAN_POINT('',(-220.,-4200.,680.));
#11332=CARTESIAN_POINT('',(-1216.10763067744,-3294.44760847506,680.));
#11333=CARTESIAN_POINT('',(-220.,-4200.,680.));
#11334=CARTESIAN_POINT('Origin',(-220.,100.,680.));
#11335=CARTESIAN_POINT('',(-220.,72.2707852701246,680.));
#11336=CARTESIAN_POINT('Origin',(420.,2200.,680.));
#11337=CARTESIAN_POINT('',(0.,3600.,680.));
#11338=CARTESIAN_POINT('',(420.,2200.,680.));
#11339=CARTESIAN_POINT('',(699.28327010914,1269.05576630287,680.));
#11340=CARTESIAN_POINT('',(0.,3600.,960.));
#11341=CARTESIAN_POINT('',(0.,3600.,680.));
#11342=CARTESIAN_POINT('',(420.,2200.,960.));
#11343=CARTESIAN_POINT('',(0.,3600.,960.));
#11344=CARTESIAN_POINT('',(420.,2200.,680.));
#11345=CARTESIAN_POINT('Origin',(460.,400.,680.));
#11346=CARTESIAN_POINT('',(460.,400.,680.));
#11347=CARTESIAN_POINT('',(463.834064493013,227.467097814414,680.));
#11348=CARTESIAN_POINT('',(460.,400.,960.));
#11349=CARTESIAN_POINT('',(420.,2200.,960.));
#11350=CARTESIAN_POINT('',(460.,400.,680.));
#11351=CARTESIAN_POINT('Origin',(0.,100.,680.));
#11352=CARTESIAN_POINT('',(-12.6877706655265,91.7253669572653,680.));
#11353=CARTESIAN_POINT('',(0.,100.,960.));
#11354=CARTESIAN_POINT('',(460.,400.,960.));
#11355=CARTESIAN_POINT('',(0.,100.,680.));
#11356=CARTESIAN_POINT('Origin',(-460.,400.,680.));
#11357=CARTESIAN_POINT('',(-460.,400.,960.));
#11358=CARTESIAN_POINT('',(-460.,400.,960.));
#11359=CARTESIAN_POINT('',(-460.,400.,680.));
#11360=CARTESIAN_POINT('',(-460.,400.,680.));
#11361=CARTESIAN_POINT('',(-217.312229334473,241.725366957265,680.));
#11362=CARTESIAN_POINT('Origin',(-420.,2200.,680.));
#11363=CARTESIAN_POINT('',(-420.,2200.,680.));
#11364=CARTESIAN_POINT('',(-443.834064493013,1127.46709781441,680.));
#11365=CARTESIAN_POINT('',(-420.,2200.,960.));
#11366=CARTESIAN_POINT('',(-420.,2200.,960.));
#11367=CARTESIAN_POINT('',(-420.,2200.,680.));
#11368=CARTESIAN_POINT('Origin',(0.,3600.,680.));
#11369=CARTESIAN_POINT('',(-489.28327010914,1969.05576630287,680.));
#11370=CARTESIAN_POINT('',(0.,3600.,960.));
#11371=CARTESIAN_POINT('Origin',(0.,1850.,960.));
#11372=CARTESIAN_POINT('Origin',(-380.,-2400.,-1280.));
#11373=CARTESIAN_POINT('',(-380.,-2400.,-1280.));
#11374=CARTESIAN_POINT('',(-380.,-2400.,-1280.));
#11375=CARTESIAN_POINT('',(-440.,-2400.,-1280.));
#11376=CARTESIAN_POINT('',(-440.,-2400.,-1280.));
#11377=CARTESIAN_POINT('',(-440.,-2400.,-1140.));
#11378=CARTESIAN_POINT('',(-440.,-2400.,-1280.));
#11379=CARTESIAN_POINT('',(-440.,-2400.,-1140.));
#11380=CARTESIAN_POINT('Origin',(-380.,-4200.,-1280.));
#11381=CARTESIAN_POINT('',(-380.,-4200.,-1140.));
#11382=CARTESIAN_POINT('',(-380.,-2400.,-1140.));
#11383=CARTESIAN_POINT('',(-380.,-4200.,-1280.));
#11384=CARTESIAN_POINT('',(-380.,-4200.,-1280.));
#11385=CARTESIAN_POINT('',(-380.,-2400.,-1280.));
#11386=CARTESIAN_POINT('Origin',(-440.,-2400.,-1280.));
#11387=CARTESIAN_POINT('',(-440.,-4200.,-1280.));
#11388=CARTESIAN_POINT('',(-440.,-4200.,-1280.));
#11389=CARTESIAN_POINT('',(-440.,-4200.,-1140.));
#11390=CARTESIAN_POINT('',(-440.,-4200.,-1280.));
#11391=CARTESIAN_POINT('',(-440.,-4200.,-1140.));
#11392=CARTESIAN_POINT('Origin',(-440.,-4200.,-1280.));
#11393=CARTESIAN_POINT('',(-380.,-4200.,-1280.));
#11394=CARTESIAN_POINT('',(-380.,-4200.,-1140.));
#11395=CARTESIAN_POINT('Origin',(-410.,-3300.,-1140.));
#11396=CARTESIAN_POINT('Origin',(-410.,-3300.,-1280.));
#11397=CARTESIAN_POINT('Origin',(410.,-3300.,-1140.));
#11398=CARTESIAN_POINT('',(380.,-4200.,-1140.));
#11399=CARTESIAN_POINT('',(380.,-4200.,-1140.));
#11400=CARTESIAN_POINT('',(440.,-4200.,-1140.));
#11401=CARTESIAN_POINT('',(440.,-4200.,-1140.));
#11402=CARTESIAN_POINT('',(440.,-2400.,-1140.));
#11403=CARTESIAN_POINT('',(440.,-2400.,-1140.));
#11404=CARTESIAN_POINT('',(380.,-2400.,-1140.));
#11405=CARTESIAN_POINT('Origin',(380.,-2400.,-1280.));
#11406=CARTESIAN_POINT('',(380.,-2400.,-1280.));
#11407=CARTESIAN_POINT('',(380.,-2400.,-1280.));
#11408=CARTESIAN_POINT('',(380.,-4200.,-1280.));
#11409=CARTESIAN_POINT('',(380.,-4200.,-1280.));
#11410=CARTESIAN_POINT('',(380.,-4200.,-1280.));
#11411=CARTESIAN_POINT('Origin',(440.,-2400.,-1280.));
#11412=CARTESIAN_POINT('',(440.,-2400.,-1280.));
#11413=CARTESIAN_POINT('',(440.,-2400.,-1280.));
#11414=CARTESIAN_POINT('',(380.,-2400.,-1280.));
#11415=CARTESIAN_POINT('Origin',(440.,-4200.,-1280.));
#11416=CARTESIAN_POINT('',(440.,-4200.,-1280.));
#11417=CARTESIAN_POINT('',(440.,-2400.,-1280.));
#11418=CARTESIAN_POINT('',(440.,-4200.,-1280.));
#11419=CARTESIAN_POINT('Origin',(380.,-4200.,-1280.));
#11420=CARTESIAN_POINT('',(440.,-4200.,-1280.));
#11421=CARTESIAN_POINT('Origin',(410.,-3300.,-1280.));
#11422=CARTESIAN_POINT('Origin',(240.,-3760.,-1280.));
#11423=CARTESIAN_POINT('',(240.,-3760.,-1180.));
#11424=CARTESIAN_POINT('',(240.,-3760.,-1280.));
#11425=CARTESIAN_POINT('',(-240.,-3760.,-1180.));
#11426=CARTESIAN_POINT('',(240.,-3760.,-1180.));
#11427=CARTESIAN_POINT('',(-240.,-3760.,-1280.));
#11428=CARTESIAN_POINT('',(120.,-3760.,-1280.));
#11429=CARTESIAN_POINT('Origin',(-240.,-3760.,-1280.));
#11430=CARTESIAN_POINT('',(-240.,-3840.,-1180.));
#11431=CARTESIAN_POINT('',(-240.,-3760.,-1180.));
#11432=CARTESIAN_POINT('',(-240.,-3840.,-1280.));
#11433=CARTESIAN_POINT('Origin',(240.,-3840.,-1280.));
#11434=CARTESIAN_POINT('',(240.,-3840.,-1180.));
#11435=CARTESIAN_POINT('',(240.,-3840.,-1280.));
#11436=CARTESIAN_POINT('',(240.,-3840.,-1180.));
#11437=CARTESIAN_POINT('Origin',(-240.,-3840.,-1280.));
#11438=CARTESIAN_POINT('',(-120.,-3840.,-1280.));
#11439=CARTESIAN_POINT('',(-240.,-3840.,-1180.));
#11440=CARTESIAN_POINT('Origin',(0.,-3800.,-1180.));
#11441=CARTESIAN_POINT('Origin',(4.44089209850063E-15,-84.4094963757578,
-1280.));
#11442=CARTESIAN_POINT('',(-180.,-4300.,-1280.));
#11443=CARTESIAN_POINT('Origin',(240.,-2860.,-1280.));
#11444=CARTESIAN_POINT('',(240.,-2860.,-1280.));
#11445=CARTESIAN_POINT('',(-240.,-2860.,-1280.));
#11446=CARTESIAN_POINT('',(120.,-2860.,-1280.));
#11447=CARTESIAN_POINT('',(240.,-2860.,-1180.));
#11448=CARTESIAN_POINT('',(240.,-2860.,-1280.));
#11449=CARTESIAN_POINT('',(-240.,-2860.,-1180.));
#11450=CARTESIAN_POINT('',(240.,-2860.,-1180.));
#11451=CARTESIAN_POINT('',(-240.,-2860.,-1280.));
#11452=CARTESIAN_POINT('Origin',(240.,-2940.,-1280.));
#11453=CARTESIAN_POINT('',(240.,-2940.,-1280.));
#11454=CARTESIAN_POINT('',(240.,-1512.20474818788,-1280.));
#11455=CARTESIAN_POINT('',(240.,-2940.,-1180.));
#11456=CARTESIAN_POINT('',(240.,-2940.,-1280.));
#11457=CARTESIAN_POINT('',(240.,-2940.,-1180.));
#11458=CARTESIAN_POINT('Origin',(-240.,-2940.,-1280.));
#11459=CARTESIAN_POINT('',(-240.,-2940.,-1280.));
#11460=CARTESIAN_POINT('',(-120.,-2940.,-1280.));
#11461=CARTESIAN_POINT('',(-240.,-2940.,-1180.));
#11462=CARTESIAN_POINT('',(-240.,-2940.,-1280.));
#11463=CARTESIAN_POINT('',(-240.,-2940.,-1180.));
#11464=CARTESIAN_POINT('Origin',(-240.,-2860.,-1280.));
#11465=CARTESIAN_POINT('',(-240.,-1472.20474818788,-1280.));
#11466=CARTESIAN_POINT('',(-240.,-2860.,-1180.));
#11467=CARTESIAN_POINT('Origin',(0.,-2900.,-1180.));
#11468=CARTESIAN_POINT('Origin',(240.,-3460.,-1280.));
#11469=CARTESIAN_POINT('',(240.,-3460.,-1180.));
#11470=CARTESIAN_POINT('',(240.,-3460.,-1280.));
#11471=CARTESIAN_POINT('',(-240.,-3460.,-1180.));
#11472=CARTESIAN_POINT('',(240.,-3460.,-1180.));
#11473=CARTESIAN_POINT('',(-240.,-3460.,-1280.));
#11474=CARTESIAN_POINT('',(120.,-3460.,-1280.));
#11475=CARTESIAN_POINT('Origin',(-240.,-3460.,-1280.));
#11476=CARTESIAN_POINT('',(-240.,-3540.,-1180.));
#11477=CARTESIAN_POINT('',(-240.,-3460.,-1180.));
#11478=CARTESIAN_POINT('',(-240.,-3540.,-1280.));
#11479=CARTESIAN_POINT('Origin',(240.,-3540.,-1280.));
#11480=CARTESIAN_POINT('',(240.,-3540.,-1180.));
#11481=CARTESIAN_POINT('',(240.,-3540.,-1280.));
#11482=CARTESIAN_POINT('',(240.,-3540.,-1180.));
#11483=CARTESIAN_POINT('Origin',(-240.,-3540.,-1280.));
#11484=CARTESIAN_POINT('',(-120.,-3540.,-1280.));
#11485=CARTESIAN_POINT('',(-240.,-3540.,-1180.));
#11486=CARTESIAN_POINT('Origin',(0.,-3500.,-1180.));
#11487=CARTESIAN_POINT('Origin',(4.44089209850063E-15,-84.4094963757578,
-1280.));
#11488=CARTESIAN_POINT('Origin',(4.44089209850063E-15,-84.4094963757578,
-1280.));
#11489=CARTESIAN_POINT('',(-120.,-3240.,-1280.));
#11490=CARTESIAN_POINT('Origin',(-240.,-3160.,-1280.));
#11491=CARTESIAN_POINT('',(-240.,-3160.,-1180.));
#11492=CARTESIAN_POINT('',(-240.,-3160.,-1280.));
#11493=CARTESIAN_POINT('',(-240.,-3240.,-1180.));
#11494=CARTESIAN_POINT('',(-240.,-3160.,-1180.));
#11495=CARTESIAN_POINT('',(-240.,-3240.,-1280.));
#11496=CARTESIAN_POINT('Origin',(240.,-3240.,-1280.));
#11497=CARTESIAN_POINT('',(240.,-3240.,-1180.));
#11498=CARTESIAN_POINT('',(240.,-3240.,-1280.));
#11499=CARTESIAN_POINT('',(240.,-3160.,-1180.));
#11500=CARTESIAN_POINT('',(240.,-3240.,-1180.));
#11501=CARTESIAN_POINT('',(240.,-3160.,-1280.));
#11502=CARTESIAN_POINT('Origin',(240.,-3160.,-1280.));
#11503=CARTESIAN_POINT('',(120.,-3160.,-1280.));
#11504=CARTESIAN_POINT('',(240.,-3160.,-1180.));
#11505=CARTESIAN_POINT('Origin',(-240.,-3240.,-1280.));
#11506=CARTESIAN_POINT('',(-240.,-3240.,-1180.));
#11507=CARTESIAN_POINT('Origin',(0.,-3200.,-1180.));
#11508=CARTESIAN_POINT('Origin',(240.,-2560.,-1280.));
#11509=CARTESIAN_POINT('',(240.,-2560.,-1280.));
#11510=CARTESIAN_POINT('',(-240.,-2560.,-1280.));
#11511=CARTESIAN_POINT('',(120.,-2560.,-1280.));
#11512=CARTESIAN_POINT('',(240.,-2560.,-1180.));
#11513=CARTESIAN_POINT('',(240.,-2560.,-1280.));
#11514=CARTESIAN_POINT('',(-240.,-2560.,-1180.));
#11515=CARTESIAN_POINT('',(240.,-2560.,-1180.));
#11516=CARTESIAN_POINT('',(-240.,-2560.,-1280.));
#11517=CARTESIAN_POINT('Origin',(240.,-2640.,-1280.));
#11518=CARTESIAN_POINT('',(240.,-2640.,-1280.));
#11519=CARTESIAN_POINT('',(240.,-1362.20474818788,-1280.));
#11520=CARTESIAN_POINT('',(240.,-2640.,-1180.));
#11521=CARTESIAN_POINT('',(240.,-2640.,-1280.));
#11522=CARTESIAN_POINT('',(240.,-2640.,-1180.));
#11523=CARTESIAN_POINT('Origin',(-240.,-2640.,-1280.));
#11524=CARTESIAN_POINT('',(-240.,-2640.,-1280.));
#11525=CARTESIAN_POINT('',(-120.,-2640.,-1280.));
#11526=CARTESIAN_POINT('',(-240.,-2640.,-1180.));
#11527=CARTESIAN_POINT('',(-240.,-2640.,-1280.));
#11528=CARTESIAN_POINT('',(-240.,-2640.,-1180.));
#11529=CARTESIAN_POINT('Origin',(-240.,-2560.,-1280.));
#11530=CARTESIAN_POINT('',(-240.,-1322.20474818788,-1280.));
#11531=CARTESIAN_POINT('',(-240.,-2560.,-1180.));
#11532=CARTESIAN_POINT('Origin',(0.,-2600.,-1180.));
#11533=CARTESIAN_POINT('Origin',(-360.,-700.,-1200.));
#11534=CARTESIAN_POINT('',(-395.1812746306,-700.,-1200.));
#11535=CARTESIAN_POINT('',(-532.560902806702,-700.,-1060.));
#11536=CARTESIAN_POINT('Ctrl Pts',(-395.1812746306,-700.,-1200.));
#11537=CARTESIAN_POINT('Ctrl Pts',(-440.702913825955,-700.,-1153.21056412458));
#11538=CARTESIAN_POINT('Ctrl Pts',(-486.661789904882,-700.,-1106.40528489861));
#11539=CARTESIAN_POINT('Ctrl Pts',(-532.560902806702,-700.,-1060.));
#11540=CARTESIAN_POINT('',(-360.,-700.,-1200.));
#11541=CARTESIAN_POINT('',(-740.,-700.,-1200.));
#11542=CARTESIAN_POINT('',(-360.,-700.,-1060.));
#11543=CARTESIAN_POINT('',(-360.,-700.,-1200.));
#11544=CARTESIAN_POINT('',(-740.,-700.,-1060.));
#11545=CARTESIAN_POINT('Origin',(-550.,-1400.,-1060.));
#11546=CARTESIAN_POINT('Ctrl Pts',(-532.560902806702,-700.,-1060.));
#11547=CARTESIAN_POINT('Ctrl Pts',(-535.106160472557,-809.810279602658,
-1060.));
#11548=CARTESIAN_POINT('Ctrl Pts',(-537.651418138412,-919.620559205316,
-1060.));
#11549=CARTESIAN_POINT('Ctrl Pts',(-540.196675804267,-1029.43083880797,
-1060.));
#11550=CARTESIAN_POINT('',(-360.,-2100.,-1060.));
#11551=CARTESIAN_POINT('',(-360.,-700.,-1060.));
#11552=CARTESIAN_POINT('',(-360.,-2100.,-1060.));
#11553=CARTESIAN_POINT('Origin',(-360.,-2100.,-1200.));
#11554=CARTESIAN_POINT('',(-360.,-2100.,-1200.));
#11555=CARTESIAN_POINT('',(-360.,-700.,-1200.));
#11556=CARTESIAN_POINT('',(-360.,-2100.,-1200.));
#11557=CARTESIAN_POINT('Origin',(-740.,-2100.,-1200.));
#11558=CARTESIAN_POINT('',(-360.,-2100.,-1200.));
#11559=CARTESIAN_POINT('Origin',(-550.,-1400.,-1200.));
#11560=CARTESIAN_POINT('Ctrl Pts',(-393.618878268981,-1046.52547789582,
-1200.));
#11561=CARTESIAN_POINT('Ctrl Pts',(-394.139677056188,-931.016985263881,
-1200.));
#11562=CARTESIAN_POINT('Ctrl Pts',(-394.660475843394,-815.50849263194,-1200.));
#11563=CARTESIAN_POINT('Ctrl Pts',(-395.1812746306,-700.,-1200.));
#11564=CARTESIAN_POINT('Ctrl Pts',(-1300.,1400.,0.));
#11565=CARTESIAN_POINT('Ctrl Pts',(-980.,1033.33333333333,-426.666666666667));
#11566=CARTESIAN_POINT('Ctrl Pts',(-660.,666.666666666667,-853.333333333333));
#11567=CARTESIAN_POINT('Ctrl Pts',(-340.,300.,-1280.));
#11568=CARTESIAN_POINT('Ctrl Pts',(-1416.66666666667,633.333333333333,0.));
#11569=CARTESIAN_POINT('Ctrl Pts',(-1054.42890409114,371.522906323459,-426.666666666666));
#11570=CARTESIAN_POINT('Ctrl Pts',(-692.191141515611,109.712479313583,-853.333333333334));
#11571=CARTESIAN_POINT('Ctrl Pts',(-329.953378940082,-152.097947696292,
-1280.));
#11572=CARTESIAN_POINT('Ctrl Pts',(-1533.33333333333,-133.333333333333,
0.));
#11573=CARTESIAN_POINT('Ctrl Pts',(-1128.85780818228,-290.287520686417,
-426.666666666667));
#11574=CARTESIAN_POINT('Ctrl Pts',(-724.382283031221,-447.2417080395,-853.333333333333));
#11575=CARTESIAN_POINT('Ctrl Pts',(-319.906757880165,-604.195895392584,
-1280.));
#11576=CARTESIAN_POINT('Ctrl Pts',(-1650.,-900.,0.));
#11577=CARTESIAN_POINT('Ctrl Pts',(-1203.28671227342,-952.097947696292,
-426.666666666667));
#11578=CARTESIAN_POINT('Ctrl Pts',(-756.573424546831,-1004.19589539258,
-853.333333333333));
#11579=CARTESIAN_POINT('Ctrl Pts',(-309.860136820247,-1056.29384308888,
-1280.));
#11580=CARTESIAN_POINT('',(-1300.,1400.,0.));
#11581=CARTESIAN_POINT('',(-340.,300.,-1280.));
#11582=CARTESIAN_POINT('Origin',(740.,-700.,-1200.));
#11583=CARTESIAN_POINT('',(360.,-700.,-1060.));
#11584=CARTESIAN_POINT('',(360.,-700.,-1060.));
#11585=CARTESIAN_POINT('',(360.,-700.,-1200.));
#11586=CARTESIAN_POINT('',(360.,-700.,-1200.));
#11587=CARTESIAN_POINT('',(360.,-700.,-1200.));
#11588=CARTESIAN_POINT('Origin',(550.,-1400.,-1200.));
#11589=CARTESIAN_POINT('',(360.,-2100.,-1200.));
#11590=CARTESIAN_POINT('',(360.,-2100.,-1200.));
#11591=CARTESIAN_POINT('',(740.,-2100.,-1200.));
#11592=CARTESIAN_POINT('Origin',(360.,-700.,-1200.));
#11593=CARTESIAN_POINT('',(360.,-2100.,-1060.));
#11594=CARTESIAN_POINT('',(360.,-2100.,-1060.));
#11595=CARTESIAN_POINT('',(360.,-2100.,-1200.));
#11596=CARTESIAN_POINT('Origin',(360.,-2100.,-1200.));
#11597=CARTESIAN_POINT('',(740.,-2100.,-1060.));
#11598=CARTESIAN_POINT('Origin',(550.,-1400.,-1060.));
#11599=CARTESIAN_POINT('Origin',(0.,2650.,-1200.));
#11600=CARTESIAN_POINT('',(-160.,3101.4308077019,-1200.));
#11601=CARTESIAN_POINT('',(-147.85437053024,3200.,-1200.));
#11602=CARTESIAN_POINT('Ctrl Pts',(-160.,3101.4308077019,-1200.));
#11603=CARTESIAN_POINT('Ctrl Pts',(-155.951456843413,3134.2872051346,-1200.));
#11604=CARTESIAN_POINT('Ctrl Pts',(-151.902913686826,3167.1436025673,-1200.));
#11605=CARTESIAN_POINT('Ctrl Pts',(-147.85437053024,3200.,-1200.));
#11606=CARTESIAN_POINT('',(-160.,2100.,-1200.));
#11607=CARTESIAN_POINT('',(-160.,3200.,-1200.));
#11608=CARTESIAN_POINT('',(160.,2100.,-1200.));
#11609=CARTESIAN_POINT('',(-160.,2100.,-1200.));
#11610=CARTESIAN_POINT('',(160.,3101.4308077019,-1200.));
#11611=CARTESIAN_POINT('',(160.,2100.,-1200.));
#11612=CARTESIAN_POINT('',(147.85437053024,3200.,-1200.));
#11613=CARTESIAN_POINT('Ctrl Pts',(147.85437053024,3200.,-1200.));
#11614=CARTESIAN_POINT('Ctrl Pts',(151.902913686827,3167.1436025673,-1200.));
#11615=CARTESIAN_POINT('Ctrl Pts',(155.951456843413,3134.2872051346,-1200.));
#11616=CARTESIAN_POINT('Ctrl Pts',(160.,3101.4308077019,-1200.));
#11617=CARTESIAN_POINT('',(160.,3200.,-1200.));
#11618=CARTESIAN_POINT('Origin',(160.,2100.,-1200.));
#11619=CARTESIAN_POINT('',(160.,3200.,-1170.45403519093));
#11620=CARTESIAN_POINT('Ctrl Pts',(160.,3101.4308077019,-1200.));
#11621=CARTESIAN_POINT('Ctrl Pts',(160.,3134.39363745331,-1190.48705515604));
#11622=CARTESIAN_POINT('Ctrl Pts',(160.,3167.23964039957,-1180.64545364448));
#11623=CARTESIAN_POINT('Ctrl Pts',(160.,3200.,-1170.45403519093));
#11624=CARTESIAN_POINT('',(160.,2100.,-1060.));
#11625=CARTESIAN_POINT('',(160.,2100.,-1200.));
#11626=CARTESIAN_POINT('',(160.,3200.,-1060.));
#11627=CARTESIAN_POINT('',(160.,2100.,-1060.));
#11628=CARTESIAN_POINT('',(160.,3200.,-1200.));
#11629=CARTESIAN_POINT('Origin',(160.,3200.,-1200.));
#11630=CARTESIAN_POINT('',(-160.,3200.,-1170.45403519093));
#11631=CARTESIAN_POINT('Ctrl Pts',(-147.854370530229,3200.00000000005,-1200.00000000001));
#11632=CARTESIAN_POINT('Ctrl Pts',(-151.861054355872,3200.00000000185,-1190.13469022078));
#11633=CARTESIAN_POINT('Ctrl Pts',(-155.91049112369,3200.00000000025,-1180.28535918871));
#11634=CARTESIAN_POINT('Ctrl Pts',(-159.999999999998,3200.00000000001,-1170.45403519094));
#11635=CARTESIAN_POINT('Ctrl Pts',(159.999999999998,3200.00000000001,-1170.45403519094));
#11636=CARTESIAN_POINT('Ctrl Pts',(155.910491123684,3200.00000000025,-1180.28535918873));
#11637=CARTESIAN_POINT('Ctrl Pts',(151.861054355869,3200.00000000185,-1190.13469022078));
#11638=CARTESIAN_POINT('Ctrl Pts',(147.854370530229,3200.00000000005,-1200.00000000001));
#11639=CARTESIAN_POINT('',(-160.,3200.,-1060.));
#11640=CARTESIAN_POINT('',(160.,3200.,-1060.));
#11641=CARTESIAN_POINT('',(-160.,3200.,-1200.));
#11642=CARTESIAN_POINT('Origin',(-160.,2100.,-1200.));
#11643=CARTESIAN_POINT('',(-160.,2100.,-1060.));
#11644=CARTESIAN_POINT('',(-160.,2100.,-1200.));
#11645=CARTESIAN_POINT('',(-160.,2100.,-1060.));
#11646=CARTESIAN_POINT('Origin',(-160.,3200.,-1200.));
#11647=CARTESIAN_POINT('Ctrl Pts',(-160.,3200.,-1170.45403519093));
#11648=CARTESIAN_POINT('Ctrl Pts',(-160.,3167.23964039956,-1180.64545364449));
#11649=CARTESIAN_POINT('Ctrl Pts',(-160.,3134.39363745333,-1190.48705515604));
#11650=CARTESIAN_POINT('Ctrl Pts',(-160.,3101.4308077019,-1200.));
#11651=CARTESIAN_POINT('',(-160.,3200.,-1060.));
#11652=CARTESIAN_POINT('Origin',(0.,2650.,-1060.));
#11653=CARTESIAN_POINT('Origin',(4.44089209850063E-15,-84.4094963757578,
-1280.));
#11654=CARTESIAN_POINT('',(-75.1606369021464,3590.14954036862,-1280.));
#11655=CARTESIAN_POINT('',(0.,4300.,-1280.));
#11656=CARTESIAN_POINT('',(0.,4300.,-1280.));
#11657=CARTESIAN_POINT('',(0.,4300.,-1280.));
#11658=CARTESIAN_POINT('',(75.1606369021464,3590.14954036862,-1280.));
#11659=CARTESIAN_POINT('',(0.,4300.,-1280.));
#11660=CARTESIAN_POINT('',(0.,4300.,-1280.));
#11661=CARTESIAN_POINT('Ctrl Pts',(0.,5800.,0.));
#11662=CARTESIAN_POINT('Ctrl Pts',(0.,5300.,-426.666666666667));
#11663=CARTESIAN_POINT('Ctrl Pts',(0.,4800.,-853.333333333333));
#11664=CARTESIAN_POINT('Ctrl Pts',(0.,4300.,-1280.));
#11665=CARTESIAN_POINT('Ctrl Pts',(-106.666666666667,5466.66666666667,0.));
#11666=CARTESIAN_POINT('Ctrl Pts',(-79.4622929891274,4998.9055044854,-426.666666666666));
#11667=CARTESIAN_POINT('Ctrl Pts',(-52.2579193115881,4531.14434230414,-853.333333333334));
#11668=CARTESIAN_POINT('Ctrl Pts',(-25.0535456340488,4063.38318012287,-1280.));
#11669=CARTESIAN_POINT('Ctrl Pts',(-213.333333333333,5133.33333333333,0.));
#11670=CARTESIAN_POINT('Ctrl Pts',(-158.924585978255,4697.8110089708,-426.666666666667));
#11671=CARTESIAN_POINT('Ctrl Pts',(-104.515838623176,4262.28868460828,-853.333333333333));
#11672=CARTESIAN_POINT('Ctrl Pts',(-50.1070912680976,3826.76636024575,-1280.));
#11673=CARTESIAN_POINT('Ctrl Pts',(-320.,4800.,0.));
#11674=CARTESIAN_POINT('Ctrl Pts',(-238.386878967382,4396.71651345621,-426.666666666667));
#11675=CARTESIAN_POINT('Ctrl Pts',(-156.773757934764,3993.43302691241,-853.333333333333));
#11676=CARTESIAN_POINT('Ctrl Pts',(-75.1606369021464,3590.14954036862,-1280.));
#11677=CARTESIAN_POINT('',(4.33112357859192E-14,5800.,0.));
#11678=CARTESIAN_POINT('',(0.,5800.,0.));
#11679=CARTESIAN_POINT('',(4.33112357859192E-14,5800.,0.));
#11680=CARTESIAN_POINT('',(-320.,4800.,0.));
#11681=CARTESIAN_POINT('Ctrl Pts',(-320.,4800.,0.));
#11682=CARTESIAN_POINT('Ctrl Pts',(-238.386878967382,4396.71651345621,-426.666666666667));
#11683=CARTESIAN_POINT('Ctrl Pts',(-156.773757934764,3993.43302691241,-853.333333333333));
#11684=CARTESIAN_POINT('Ctrl Pts',(-75.1606369021464,3590.14954036862,-1280.));
#11685=CARTESIAN_POINT('Ctrl Pts',(-463.333333333333,4333.33333333333,0.));
#11686=CARTESIAN_POINT('Ctrl Pts',(-345.591252644921,3975.58878674858,-426.666666666666));
#11687=CARTESIAN_POINT('Ctrl Pts',(-227.849171956509,3617.84424016383,-853.333333333334));
#11688=CARTESIAN_POINT('Ctrl Pts',(-110.107091268098,3260.09969357908,-1280.));
#11689=CARTESIAN_POINT('Ctrl Pts',(-606.666666666667,3866.66666666667,0.));
#11690=CARTESIAN_POINT('Ctrl Pts',(-452.795626322461,3554.46106004096,-426.666666666667));
#11691=CARTESIAN_POINT('Ctrl Pts',(-298.924585978255,3242.25545341525,-853.333333333333));
#11692=CARTESIAN_POINT('Ctrl Pts',(-145.053545634049,2930.04984678954,-1280.));
#11693=CARTESIAN_POINT('Ctrl Pts',(-750.,3400.,0.));
#11694=CARTESIAN_POINT('Ctrl Pts',(-560.,3133.33333333333,-426.666666666667));
#11695=CARTESIAN_POINT('Ctrl Pts',(-370.,2866.66666666667,-853.333333333333));
#11696=CARTESIAN_POINT('Ctrl Pts',(-180.,2600.,-1280.));
#11697=CARTESIAN_POINT('Ctrl Pts',(0.,-4600.,0.));
#11698=CARTESIAN_POINT('Ctrl Pts',(0.,-4500.,-426.666666666667));
#11699=CARTESIAN_POINT('Ctrl Pts',(0.,-4400.,-853.333333333333));
#11700=CARTESIAN_POINT('Ctrl Pts',(0.,-4300.,-1280.));
#11701=CARTESIAN_POINT('Ctrl Pts',(283.333333333333,-4666.66666666667,0.));
#11702=CARTESIAN_POINT('Ctrl Pts',(208.888888888889,-4544.44444444444,-426.666666666666));
#11703=CARTESIAN_POINT('Ctrl Pts',(134.444444444444,-4422.22222222222,-853.333333333334));
#11704=CARTESIAN_POINT('Ctrl Pts',(60.,-4300.,-1280.));
#11705=CARTESIAN_POINT('Ctrl Pts',(566.666666666667,-4733.33333333333,0.));
#11706=CARTESIAN_POINT('Ctrl Pts',(417.777777777778,-4588.88888888889,-426.666666666667));
#11707=CARTESIAN_POINT('Ctrl Pts',(268.888888888889,-4444.44444444444,-853.333333333333));
#11708=CARTESIAN_POINT('Ctrl Pts',(120.,-4300.,-1280.));
#11709=CARTESIAN_POINT('Ctrl Pts',(850.,-4800.,0.));
#11710=CARTESIAN_POINT('Ctrl Pts',(626.666666666667,-4633.33333333333,-426.666666666667));
#11711=CARTESIAN_POINT('Ctrl Pts',(403.333333333333,-4466.66666666667,-853.333333333333));
#11712=CARTESIAN_POINT('Ctrl Pts',(180.,-4300.,-1280.));
#11713=CARTESIAN_POINT('Ctrl Pts',(750.,3400.,0.));
#11714=CARTESIAN_POINT('Ctrl Pts',(560.,3133.33333333333,-426.666666666667));
#11715=CARTESIAN_POINT('Ctrl Pts',(370.,2866.66666666667,-853.333333333333));
#11716=CARTESIAN_POINT('Ctrl Pts',(180.,2600.,-1280.));
#11717=CARTESIAN_POINT('Ctrl Pts',(606.666666666667,3866.66666666667,0.));
#11718=CARTESIAN_POINT('Ctrl Pts',(452.795626322461,3554.46106004096,-426.666666666666));
#11719=CARTESIAN_POINT('Ctrl Pts',(298.924585978254,3242.25545341525,-853.333333333334));
#11720=CARTESIAN_POINT('Ctrl Pts',(145.053545634049,2930.04984678954,-1280.));
#11721=CARTESIAN_POINT('Ctrl Pts',(463.333333333333,4333.33333333333,0.));
#11722=CARTESIAN_POINT('Ctrl Pts',(345.591252644921,3975.58878674858,-426.666666666667));
#11723=CARTESIAN_POINT('Ctrl Pts',(227.84917195651,3617.84424016383,-853.333333333333));
#11724=CARTESIAN_POINT('Ctrl Pts',(110.107091268098,3260.09969357908,-1280.));
#11725=CARTESIAN_POINT('Ctrl Pts',(320.,4800.,0.));
#11726=CARTESIAN_POINT('Ctrl Pts',(238.386878967382,4396.71651345621,-426.666666666667));
#11727=CARTESIAN_POINT('Ctrl Pts',(156.773757934764,3993.43302691241,-853.333333333333));
#11728=CARTESIAN_POINT('Ctrl Pts',(75.1606369021464,3590.14954036862,-1280.));
#11729=CARTESIAN_POINT('',(320.,4800.,0.));
#11730=CARTESIAN_POINT('Ctrl Pts',(320.,4800.,0.));
#11731=CARTESIAN_POINT('Ctrl Pts',(238.386878967382,4396.71651345621,-426.666666666667));
#11732=CARTESIAN_POINT('Ctrl Pts',(156.773757934764,3993.43302691241,-853.333333333333));
#11733=CARTESIAN_POINT('Ctrl Pts',(75.1606369021464,3590.14954036862,-1280.));
#11734=CARTESIAN_POINT('Ctrl Pts',(213.333333333333,5133.33333333333,0.));
#11735=CARTESIAN_POINT('Ctrl Pts',(158.924585978255,4697.8110089708,-426.666666666666));
#11736=CARTESIAN_POINT('Ctrl Pts',(104.515838623176,4262.28868460827,-853.333333333334));
#11737=CARTESIAN_POINT('Ctrl Pts',(50.1070912680976,3826.76636024575,-1280.));
#11738=CARTESIAN_POINT('Ctrl Pts',(106.666666666667,5466.66666666667,0.));
#11739=CARTESIAN_POINT('Ctrl Pts',(79.4622929891272,4998.9055044854,-426.666666666667));
#11740=CARTESIAN_POINT('Ctrl Pts',(52.2579193115882,4531.14434230414,-853.333333333333));
#11741=CARTESIAN_POINT('Ctrl Pts',(25.0535456340488,4063.38318012287,-1280.));
#11742=CARTESIAN_POINT('Ctrl Pts',(4.33112357859192E-14,5800.,0.));
#11743=CARTESIAN_POINT('Ctrl Pts',(2.88741571906128E-14,5300.,-426.666666666667));
#11744=CARTESIAN_POINT('Ctrl Pts',(1.44370785953064E-14,4800.,-853.333333333333));
#11745=CARTESIAN_POINT('Ctrl Pts',(0.,4300.,-1280.));
#11746=CARTESIAN_POINT('',(0.,5800.,0.));
#11747=CARTESIAN_POINT('Origin',(1.4432899320127E-14,44.5415705402492,680.));
#11748=CARTESIAN_POINT('',(680.,400.,680.));
#11749=CARTESIAN_POINT('',(0.,4800.,680.));
#11750=CARTESIAN_POINT('',(0.,4800.,680.));
#11751=CARTESIAN_POINT('',(0.,4800.,680.));
#11752=CARTESIAN_POINT('',(-500.,2400.,680.));
#11753=CARTESIAN_POINT('',(-220.,3800.,680.));
#11754=CARTESIAN_POINT('',(-500.,2400.,680.));
#11755=CARTESIAN_POINT('Ctrl Pts',(0.,5800.,0.));
#11756=CARTESIAN_POINT('Ctrl Pts',(0.,5466.66666666667,226.666666666667));
#11757=CARTESIAN_POINT('Ctrl Pts',(0.,5133.33333333333,453.333333333333));
#11758=CARTESIAN_POINT('Ctrl Pts',(0.,4800.,680.));
#11759=CARTESIAN_POINT('Ctrl Pts',(-106.666666666667,5466.66666666667,0.));
#11760=CARTESIAN_POINT('Ctrl Pts',(-81.3181111842421,5198.04898956658,226.666666666667));
#11761=CARTESIAN_POINT('Ctrl Pts',(-55.9695557018176,4929.43131246649,453.333333333333));
#11762=CARTESIAN_POINT('Ctrl Pts',(-30.621000219393,4660.8136353664,680.));
#11763=CARTESIAN_POINT('Ctrl Pts',(-213.333333333333,5133.33333333333,0.));
#11764=CARTESIAN_POINT('Ctrl Pts',(-162.636222368484,4929.43131246648,226.666666666667));
#11765=CARTESIAN_POINT('Ctrl Pts',(-111.939111403635,4725.52929159964,453.333333333333));
#11766=CARTESIAN_POINT('Ctrl Pts',(-61.242000438786,4521.62727073279,680.));
#11767=CARTESIAN_POINT('Ctrl Pts',(-320.,4800.,0.));
#11768=CARTESIAN_POINT('Ctrl Pts',(-243.954333552726,4660.81363536639,226.666666666667));
#11769=CARTESIAN_POINT('Ctrl Pts',(-167.908667105453,4521.62727073279,453.333333333333));
#11770=CARTESIAN_POINT('Ctrl Pts',(-91.863000658179,4382.44090609919,680.));
#11771=CARTESIAN_POINT('',(4.33112357859192E-14,5800.,0.));
#11772=CARTESIAN_POINT('Ctrl Pts',(-750.,3400.,0.));
#11773=CARTESIAN_POINT('Ctrl Pts',(-573.333333333333,3533.33333333333,226.666666666667));
#11774=CARTESIAN_POINT('Ctrl Pts',(-396.666666666667,3666.66666666667,453.333333333333));
#11775=CARTESIAN_POINT('Ctrl Pts',(-220.,3800.,680.));
#11776=CARTESIAN_POINT('Ctrl Pts',(-933.333333333333,2733.33333333333,0.));
#11777=CARTESIAN_POINT('Ctrl Pts',(-726.666666666667,2933.33333333333,226.666666666667));
#11778=CARTESIAN_POINT('Ctrl Pts',(-520.,3133.33333333333,453.333333333333));
#11779=CARTESIAN_POINT('Ctrl Pts',(-313.333333333333,3333.33333333333,680.));
#11780=CARTESIAN_POINT('Ctrl Pts',(-1116.66666666667,2066.66666666667,0.));
#11781=CARTESIAN_POINT('Ctrl Pts',(-880.,2333.33333333333,226.666666666667));
#11782=CARTESIAN_POINT('Ctrl Pts',(-643.333333333333,2600.,453.333333333333));
#11783=CARTESIAN_POINT('Ctrl Pts',(-406.666666666667,2866.66666666667,680.));
#11784=CARTESIAN_POINT('Ctrl Pts',(-1300.,1400.,0.));
#11785=CARTESIAN_POINT('Ctrl Pts',(-1033.33333333333,1733.33333333333,226.666666666667));
#11786=CARTESIAN_POINT('Ctrl Pts',(-766.666666666667,2066.66666666667,453.333333333333));
#11787=CARTESIAN_POINT('Ctrl Pts',(-500.,2400.,680.));
#11788=CARTESIAN_POINT('',(-1300.,1400.,0.));
#11789=CARTESIAN_POINT('Ctrl Pts',(-1300.,1400.,0.));
#11790=CARTESIAN_POINT('Ctrl Pts',(-1033.33333333333,1733.33333333333,226.666666666667));
#11791=CARTESIAN_POINT('Ctrl Pts',(-766.666666666667,2066.66666666667,453.333333333333));
#11792=CARTESIAN_POINT('Ctrl Pts',(-500.,2400.,680.));
#11793=CARTESIAN_POINT('Ctrl Pts',(-1416.66666666667,633.333333333333,0.));
#11794=CARTESIAN_POINT('Ctrl Pts',(-1131.11111111111,1000.,226.666666666667));
#11795=CARTESIAN_POINT('Ctrl Pts',(-845.555555555555,1366.66666666667,453.333333333333));
#11796=CARTESIAN_POINT('Ctrl Pts',(-560.,1733.33333333333,680.));
#11797=CARTESIAN_POINT('Ctrl Pts',(-1533.33333333333,-133.333333333333,
0.));
#11798=CARTESIAN_POINT('Ctrl Pts',(-1228.88888888889,266.666666666667,226.666666666667));
#11799=CARTESIAN_POINT('Ctrl Pts',(-924.444444444445,666.666666666666,453.333333333333));
#11800=CARTESIAN_POINT('Ctrl Pts',(-620.,1066.66666666667,680.));
#11801=CARTESIAN_POINT('Ctrl Pts',(-1650.,-900.,0.));
#11802=CARTESIAN_POINT('Ctrl Pts',(-1326.66666666667,-466.666666666667,
226.666666666667));
#11803=CARTESIAN_POINT('Ctrl Pts',(-1003.33333333333,-33.3333333333332,
453.333333333333));
#11804=CARTESIAN_POINT('Ctrl Pts',(-680.,400.,680.));
#11805=CARTESIAN_POINT('Ctrl Pts',(1458.79679086269,-939.572221571166,130.));
#11806=CARTESIAN_POINT('Ctrl Pts',(1189.15123951521,-995.37920070999,313.333333333333));
#11807=CARTESIAN_POINT('Ctrl Pts',(919.50568816773,-1051.18617984881,496.666666666667));
#11808=CARTESIAN_POINT('Ctrl Pts',(649.860136820247,-1106.99315898764,680.));
#11809=CARTESIAN_POINT('Ctrl Pts',(1366.35472332023,-223.440304576856,130.));
#11810=CARTESIAN_POINT('Ctrl Pts',(1130.87206817354,-350.514238381824,313.333333333333));
#11811=CARTESIAN_POINT('Ctrl Pts',(895.389413026852,-477.588172186791,496.666666666667));
#11812=CARTESIAN_POINT('Ctrl Pts',(659.906757880165,-604.662105991759,680.));
#11813=CARTESIAN_POINT('Ctrl Pts',(1273.91265577776,492.691612417455,130.));
#11814=CARTESIAN_POINT('Ctrl Pts',(1072.59289683187,294.350723946343,313.333333333333));
#11815=CARTESIAN_POINT('Ctrl Pts',(871.273137885975,96.0098354752319,496.666666666667));
#11816=CARTESIAN_POINT('Ctrl Pts',(669.953378940082,-102.331052995879,680.));
#11817=CARTESIAN_POINT('Ctrl Pts',(1181.47058823529,1208.82352941176,130.));
#11818=CARTESIAN_POINT('Ctrl Pts',(1014.3137254902,939.21568627451,313.333333333333));
#11819=CARTESIAN_POINT('Ctrl Pts',(847.156862745098,669.607843137255,496.666666666667));
#11820=CARTESIAN_POINT('Ctrl Pts',(680.,400.,680.));
#11821=CARTESIAN_POINT('Ctrl Pts',(320.,4800.,0.));
#11822=CARTESIAN_POINT('Ctrl Pts',(286.666666666667,4466.66666666667,226.666666666667));
#11823=CARTESIAN_POINT('Ctrl Pts',(253.333333333333,4133.33333333333,453.333333333333));
#11824=CARTESIAN_POINT('Ctrl Pts',(220.,3800.,680.));
#11825=CARTESIAN_POINT('Ctrl Pts',(213.333333333333,5133.33333333333,0.));
#11826=CARTESIAN_POINT('Ctrl Pts',(191.111111111111,4800.,226.666666666667));
#11827=CARTESIAN_POINT('Ctrl Pts',(168.888888888889,4466.66666666667,453.333333333333));
#11828=CARTESIAN_POINT('Ctrl Pts',(146.666666666667,4133.33333333333,680.));
#11829=CARTESIAN_POINT('Ctrl Pts',(106.666666666667,5466.66666666667,0.));
#11830=CARTESIAN_POINT('Ctrl Pts',(95.5555555555555,5133.33333333333,226.666666666667));
#11831=CARTESIAN_POINT('Ctrl Pts',(84.4444444444445,4800.,453.333333333333));
#11832=CARTESIAN_POINT('Ctrl Pts',(73.3333333333333,4466.66666666667,680.));
#11833=CARTESIAN_POINT('Ctrl Pts',(4.33112357859192E-14,5800.,0.));
#11834=CARTESIAN_POINT('Ctrl Pts',(2.88741571906128E-14,5466.66666666667,
226.666666666667));
#11835=CARTESIAN_POINT('Ctrl Pts',(1.44370785953064E-14,5133.33333333333,
453.333333333333));
#11836=CARTESIAN_POINT('Ctrl Pts',(0.,4800.,680.));
#11837=CARTESIAN_POINT('Origin',(-1225.,600.,90.));
#11838=CARTESIAN_POINT('',(-1050.,-300.,90.));
#11839=CARTESIAN_POINT('',(-1000.,1500.,90.));
#11840=CARTESIAN_POINT('',(-1050.,-300.,90.));
#11841=CARTESIAN_POINT('',(-1450.,-300.,90.));
#11842=CARTESIAN_POINT('',(-1450.,-300.,90.));
#11843=CARTESIAN_POINT('',(-1400.,850.,90.));
#11844=CARTESIAN_POINT('',(-1400.,850.,90.));
#11845=CARTESIAN_POINT('',(-1000.,1500.,90.));
#11846=CARTESIAN_POINT('Origin',(-1050.,-300.,0.));
#11847=CARTESIAN_POINT('',(-1000.,1500.,-90.));
#11848=CARTESIAN_POINT('',(-1000.,1500.,0.));
#11849=CARTESIAN_POINT('',(-1050.,-300.,-90.));
#11850=CARTESIAN_POINT('',(-1050.,-300.,-90.));
#11851=CARTESIAN_POINT('',(-1050.,-300.,0.));
#11852=CARTESIAN_POINT('Origin',(-1000.,1500.,0.));
#11853=CARTESIAN_POINT('',(-1400.,850.,-90.));
#11854=CARTESIAN_POINT('',(-1400.,850.,0.));
#11855=CARTESIAN_POINT('',(-1000.,1500.,-90.));
#11856=CARTESIAN_POINT('',(-1200.,1175.,-80.));
#11857=CARTESIAN_POINT('',(-1240.,1110.,-80.));
#11858=CARTESIAN_POINT('',(-1231.07296137339,1124.50643776824,-80.));
#11859=CARTESIAN_POINT('',(-1240.,1110.,80.));
#11860=CARTESIAN_POINT('',(-1240.,1110.,0.));
#11861=CARTESIAN_POINT('',(-1200.,1175.,80.));
#11862=CARTESIAN_POINT('',(-1231.07296137339,1124.50643776824,80.));
#11863=CARTESIAN_POINT('',(-1200.,1175.,0.));
#11864=CARTESIAN_POINT('Origin',(-1400.,850.,0.));
#11865=CARTESIAN_POINT('',(-1450.,-300.,-90.));
#11866=CARTESIAN_POINT('',(-1450.,-300.,0.));
#11867=CARTESIAN_POINT('',(-1400.,850.,-90.));
#11868=CARTESIAN_POINT('Origin',(-1450.,-300.,0.));
#11869=CARTESIAN_POINT('',(-1450.,-300.,-90.));
#11870=CARTESIAN_POINT('Origin',(-1225.,600.,-90.));
#11871=CARTESIAN_POINT('Origin',(-1220.,600.,80.));
#11872=CARTESIAN_POINT('',(-1240.,-200.,80.));
#11873=CARTESIAN_POINT('',(-1240.,-200.,80.));
#11874=CARTESIAN_POINT('',(-1200.,-200.,80.));
#11875=CARTESIAN_POINT('',(-1200.,-200.,80.));
#11876=CARTESIAN_POINT('',(-1200.,1400.,80.));
#11877=CARTESIAN_POINT('Origin',(-1240.,-200.,0.));
#11878=CARTESIAN_POINT('',(-1200.,-200.,-80.));
#11879=CARTESIAN_POINT('',(-1200.,-200.,0.));
#11880=CARTESIAN_POINT('',(-1240.,-200.,-80.));
#11881=CARTESIAN_POINT('',(-1240.,-200.,0.));
#11882=CARTESIAN_POINT('',(-1200.,-200.,-80.));
#11883=CARTESIAN_POINT('Origin',(-1200.,-200.,0.));
#11884=CARTESIAN_POINT('',(-1200.,1400.,-80.));
#11885=CARTESIAN_POINT('Origin',(-1240.,1400.,0.));
#11886=CARTESIAN_POINT('',(-1240.,-200.,-80.));
#11887=CARTESIAN_POINT('Origin',(-1220.,600.,-80.));
#11888=CARTESIAN_POINT('Origin',(-1.77635683940025E-14,3800.,-1280.));
#11889=CARTESIAN_POINT('',(-160.,3200.,-1280.));
#11890=CARTESIAN_POINT('',(0.,3800.,-1280.));
#11891=CARTESIAN_POINT('',(-160.,3200.,-1280.));
#11892=CARTESIAN_POINT('',(-160.,3200.,-1120.));
#11893=CARTESIAN_POINT('',(-160.,3200.,-1280.));
#11894=CARTESIAN_POINT('',(0.,3800.,-1120.));
#11895=CARTESIAN_POINT('',(-160.,3200.,-1120.));
#11896=CARTESIAN_POINT('',(0.,3800.,-1280.));
#11897=CARTESIAN_POINT('Origin',(160.,3200.,-1280.));
#11898=CARTESIAN_POINT('',(160.,3200.,-1280.));
#11899=CARTESIAN_POINT('',(0.,3800.,-1280.));
#11900=CARTESIAN_POINT('',(160.,3200.,-1120.));
#11901=CARTESIAN_POINT('',(0.,3800.,-1120.));
#11902=CARTESIAN_POINT('',(160.,3200.,-1280.));
#11903=CARTESIAN_POINT('Origin',(180.,2400.,-1280.));
#11904=CARTESIAN_POINT('',(180.,2400.,-1280.));
#11905=CARTESIAN_POINT('',(160.,3200.,-1280.));
#11906=CARTESIAN_POINT('',(180.,2400.,-1120.));
#11907=CARTESIAN_POINT('',(160.,3200.,-1120.));
#11908=CARTESIAN_POINT('',(180.,2400.,-1280.));
#11909=CARTESIAN_POINT('Origin',(0.,2100.,-1280.));
#11910=CARTESIAN_POINT('',(0.,2100.,-1280.));
#11911=CARTESIAN_POINT('',(180.,2400.,-1280.));
#11912=CARTESIAN_POINT('',(0.,2100.,-1120.));
#11913=CARTESIAN_POINT('',(180.,2400.,-1120.));
#11914=CARTESIAN_POINT('',(0.,2100.,-1280.));
#11915=CARTESIAN_POINT('Origin',(-180.,2400.,-1280.));
#11916=CARTESIAN_POINT('',(-180.,2400.,-1280.));
#11917=CARTESIAN_POINT('',(0.,2100.,-1280.));
#11918=CARTESIAN_POINT('',(-180.,2400.,-1120.));
#11919=CARTESIAN_POINT('',(0.,2100.,-1120.));
#11920=CARTESIAN_POINT('',(-180.,2400.,-1280.));
#11921=CARTESIAN_POINT('Origin',(-160.,3200.,-1280.));
#11922=CARTESIAN_POINT('',(-180.,2400.,-1280.));
#11923=CARTESIAN_POINT('',(-180.,2400.,-1120.));
#11924=CARTESIAN_POINT('Origin',(0.,2950.,-1120.));
#11925=CARTESIAN_POINT('Origin',(0.,2950.,-1280.));
#11926=CARTESIAN_POINT('Origin',(-320.,2600.,680.));
#11927=CARTESIAN_POINT('',(-320.,2600.,680.));
#11928=CARTESIAN_POINT('',(-160.,2600.,680.));
#11929=CARTESIAN_POINT('',(-320.,2600.,680.));
#11930=CARTESIAN_POINT('',(-160.,2600.,720.));
#11931=CARTESIAN_POINT('',(-160.,2600.,680.));
#11932=CARTESIAN_POINT('',(-320.,2600.,720.));
#11933=CARTESIAN_POINT('',(-320.,2600.,720.));
#11934=CARTESIAN_POINT('',(-320.,2600.,680.));
#11935=CARTESIAN_POINT('Origin',(-280.,3600.,680.));
#11936=CARTESIAN_POINT('',(-280.,3600.,680.));
#11937=CARTESIAN_POINT('',(-280.,3600.,680.));
#11938=CARTESIAN_POINT('',(-280.,3600.,720.));
#11939=CARTESIAN_POINT('',(-280.,3600.,720.));
#11940=CARTESIAN_POINT('',(-280.,3600.,680.));
#11941=CARTESIAN_POINT('Origin',(-120.,4400.,680.));
#11942=CARTESIAN_POINT('',(-120.,4400.,680.));
#11943=CARTESIAN_POINT('',(-120.,4400.,680.));
#11944=CARTESIAN_POINT('',(-120.,4400.,720.));
#11945=CARTESIAN_POINT('',(-120.,4400.,720.));
#11946=CARTESIAN_POINT('',(-120.,4400.,680.));
#11947=CARTESIAN_POINT('Origin',(-160.,2600.,680.));
#11948=CARTESIAN_POINT('',(-160.,2600.,680.));
#11949=CARTESIAN_POINT('',(-160.,2600.,720.));
#11950=CARTESIAN_POINT('Origin',(-220.,3500.,720.));
#11951=CARTESIAN_POINT('Origin',(-220.,3500.,680.));
#11952=CARTESIAN_POINT('Origin',(120.,4400.,680.));
#11953=CARTESIAN_POINT('',(160.,2600.,680.));
#11954=CARTESIAN_POINT('',(120.,4400.,680.));
#11955=CARTESIAN_POINT('',(160.,2600.,680.));
#11956=CARTESIAN_POINT('',(160.,2600.,720.));
#11957=CARTESIAN_POINT('',(160.,2600.,680.));
#11958=CARTESIAN_POINT('',(120.,4400.,720.));
#11959=CARTESIAN_POINT('',(160.,2600.,720.));
#11960=CARTESIAN_POINT('',(120.,4400.,680.));
#11961=CARTESIAN_POINT('Origin',(280.,3600.,680.));
#11962=CARTESIAN_POINT('',(280.,3600.,680.));
#11963=CARTESIAN_POINT('',(120.,4400.,680.));
#11964=CARTESIAN_POINT('',(280.,3600.,720.));
#11965=CARTESIAN_POINT('',(120.,4400.,720.));
#11966=CARTESIAN_POINT('',(280.,3600.,680.));
#11967=CARTESIAN_POINT('Origin',(320.,2600.,680.));
#11968=CARTESIAN_POINT('',(320.,2600.,680.));
#11969=CARTESIAN_POINT('',(280.,3600.,680.));
#11970=CARTESIAN_POINT('',(320.,2600.,720.));
#11971=CARTESIAN_POINT('',(280.,3600.,720.));
#11972=CARTESIAN_POINT('',(320.,2600.,680.));
#11973=CARTESIAN_POINT('Origin',(160.,2600.,680.));
#11974=CARTESIAN_POINT('',(320.,2600.,680.));
#11975=CARTESIAN_POINT('',(320.,2600.,720.));
#11976=CARTESIAN_POINT('Origin',(220.,3500.,720.));
#11977=CARTESIAN_POINT('Origin',(220.,3500.,680.));
#11978=CARTESIAN_POINT('Origin',(-660.,-600.,680.));
#11979=CARTESIAN_POINT('',(-660.,-600.,680.));
#11980=CARTESIAN_POINT('',(-440.,-600.,680.));
#11981=CARTESIAN_POINT('',(-660.,-600.,680.));
#11982=CARTESIAN_POINT('',(-440.,-600.,730.));
#11983=CARTESIAN_POINT('',(-440.,-600.,680.));
#11984=CARTESIAN_POINT('',(-660.,-600.,730.));
#11985=CARTESIAN_POINT('',(-660.,-600.,730.));
#11986=CARTESIAN_POINT('',(-660.,-600.,680.));
#11987=CARTESIAN_POINT('Origin',(-640.,1200.,680.));
#11988=CARTESIAN_POINT('',(-640.,1200.,680.));
#11989=CARTESIAN_POINT('',(-640.,1200.,680.));
#11990=CARTESIAN_POINT('',(-640.,1200.,730.));
#11991=CARTESIAN_POINT('',(-640.,1200.,730.));
#11992=CARTESIAN_POINT('',(-640.,1200.,680.));
#11993=CARTESIAN_POINT('Origin',(-480.,1800.,680.));
#11994=CARTESIAN_POINT('',(-480.,1800.,680.));
#11995=CARTESIAN_POINT('',(-480.,1800.,680.));
#11996=CARTESIAN_POINT('',(-480.,1800.,730.));
#11997=CARTESIAN_POINT('',(-480.,1800.,730.));
#11998=CARTESIAN_POINT('',(-480.,1800.,680.));
#11999=CARTESIAN_POINT('Origin',(-440.,-600.,680.));
#12000=CARTESIAN_POINT('',(-440.,-600.,680.));
#12001=CARTESIAN_POINT('',(-440.,-600.,730.));
#12002=CARTESIAN_POINT('Origin',(-550.,600.,730.));
#12003=CARTESIAN_POINT('Origin',(-550.,600.,680.));
#12004=CARTESIAN_POINT('Origin',(480.,1800.,680.));
#12005=CARTESIAN_POINT('',(440.,-600.,680.));
#12006=CARTESIAN_POINT('',(480.,1800.,680.));
#12007=CARTESIAN_POINT('',(440.,-600.,680.));
#12008=CARTESIAN_POINT('',(440.,-600.,730.));
#12009=CARTESIAN_POINT('',(440.,-600.,680.));
#12010=CARTESIAN_POINT('',(480.,1800.,730.));
#12011=CARTESIAN_POINT('',(440.,-600.,730.));
#12012=CARTESIAN_POINT('',(480.,1800.,680.));
#12013=CARTESIAN_POINT('Origin',(640.,1200.,680.));
#12014=CARTESIAN_POINT('',(640.,1200.,680.));
#12015=CARTESIAN_POINT('',(480.,1800.,680.));
#12016=CARTESIAN_POINT('',(640.,1200.,730.));
#12017=CARTESIAN_POINT('',(480.,1800.,730.));
#12018=CARTESIAN_POINT('',(640.,1200.,680.));
#12019=CARTESIAN_POINT('Origin',(660.,-600.,680.));
#12020=CARTESIAN_POINT('',(660.,-600.,680.));
#12021=CARTESIAN_POINT('',(640.,1200.,680.));
#12022=CARTESIAN_POINT('',(660.,-600.,730.));
#12023=CARTESIAN_POINT('',(640.,1200.,730.));
#12024=CARTESIAN_POINT('',(660.,-600.,680.));
#12025=CARTESIAN_POINT('Origin',(440.,-600.,680.));
#12026=CARTESIAN_POINT('',(660.,-600.,680.));
#12027=CARTESIAN_POINT('',(660.,-600.,730.));
#12028=CARTESIAN_POINT('Origin',(550.,600.,730.));
#12029=CARTESIAN_POINT('Origin',(550.,600.,680.));
#12030=CARTESIAN_POINT('Origin',(1050.,-1800.,680.));
#12031=CARTESIAN_POINT('',(1050.,-3600.,680.));
#12032=CARTESIAN_POINT('',(1050.,-3600.,720.));
#12033=CARTESIAN_POINT('',(1050.,-3600.,680.));
#12034=CARTESIAN_POINT('',(1050.,-4400.,680.));
#12035=CARTESIAN_POINT('',(1050.,-4400.,680.));
#12036=CARTESIAN_POINT('',(1050.,-4400.,1630.));
#12037=CARTESIAN_POINT('',(1050.,-4400.,680.));
#12038=CARTESIAN_POINT('',(1050.,-1800.,1630.));
#12039=CARTESIAN_POINT('',(1050.,-4400.,1630.));
#12040=CARTESIAN_POINT('',(1050.,-1800.,720.));
#12041=CARTESIAN_POINT('',(1050.,-1800.,680.));
#12042=CARTESIAN_POINT('',(1050.,-2200.,720.));
#12043=CARTESIAN_POINT('Origin',(1160.,-1800.,680.));
#12044=CARTESIAN_POINT('',(1150.,-1800.,720.));
#12045=CARTESIAN_POINT('',(1055.,-1800.,720.));
#12046=CARTESIAN_POINT('',(1160.,-1800.,1630.));
#12047=CARTESIAN_POINT('',(1050.,-1800.,1630.));
#12048=CARTESIAN_POINT('',(1160.,-1800.,680.));
#12049=CARTESIAN_POINT('',(1160.,-1800.,680.));
#12050=CARTESIAN_POINT('',(1150.,-1800.,680.));
#12051=CARTESIAN_POINT('',(1050.,-1800.,680.));
#12052=CARTESIAN_POINT('',(1150.,-1800.,680.));
#12053=CARTESIAN_POINT('Origin',(1160.,-4400.,680.));
#12054=CARTESIAN_POINT('',(1160.,-4400.,680.));
#12055=CARTESIAN_POINT('',(1160.,-1800.,680.));
#12056=CARTESIAN_POINT('',(1160.,-4400.,1630.));
#12057=CARTESIAN_POINT('',(1160.,-1800.,1630.));
#12058=CARTESIAN_POINT('',(1160.,-4400.,680.));
#12059=CARTESIAN_POINT('Origin',(1050.,-4400.,680.));
#12060=CARTESIAN_POINT('',(1160.,-4400.,680.));
#12061=CARTESIAN_POINT('',(1160.,-4400.,1630.));
#12062=CARTESIAN_POINT('Origin',(1105.,-3100.,1630.));
#12063=CARTESIAN_POINT('Origin',(750.,-3600.,680.));
#12064=CARTESIAN_POINT('',(750.,-3600.,720.));
#12065=CARTESIAN_POINT('',(1150.,-3600.,720.));
#12066=CARTESIAN_POINT('',(750.,-3600.,680.));
#12067=CARTESIAN_POINT('',(750.,-3600.,680.));
#12068=CARTESIAN_POINT('',(1150.,-3600.,680.));
#12069=CARTESIAN_POINT('Origin',(950.,-2600.,720.));
#12070=CARTESIAN_POINT('',(1150.,-1600.,720.));
#12071=CARTESIAN_POINT('',(1150.,-1600.,720.));
#12072=CARTESIAN_POINT('',(750.,-1600.,720.));
#12073=CARTESIAN_POINT('',(750.,-1600.,720.));
#12074=CARTESIAN_POINT('',(750.,-3600.,720.));
#12075=CARTESIAN_POINT('Origin',(750.,-1600.,680.));
#12076=CARTESIAN_POINT('',(750.,-1600.,680.));
#12077=CARTESIAN_POINT('',(750.,-3600.,680.));
#12078=CARTESIAN_POINT('',(750.,-1600.,680.));
#12079=CARTESIAN_POINT('Origin',(1150.,-1600.,680.));
#12080=CARTESIAN_POINT('',(1150.,-1600.,680.));
#12081=CARTESIAN_POINT('',(750.,-1600.,680.));
#12082=CARTESIAN_POINT('',(1150.,-1600.,680.));
#12083=CARTESIAN_POINT('Origin',(1150.,-3600.,680.));
#12084=CARTESIAN_POINT('',(1150.,-1600.,680.));
#12085=CARTESIAN_POINT('Origin',(950.,-2600.,680.));
#12086=CARTESIAN_POINT('Origin',(-1160.,-4400.,680.));
#12087=CARTESIAN_POINT('',(-1160.,-4400.,680.));
#12088=CARTESIAN_POINT('',(-1050.,-4400.,680.));
#12089=CARTESIAN_POINT('',(-1160.,-4400.,680.));
#12090=CARTESIAN_POINT('',(-1050.,-4400.,1630.));
#12091=CARTESIAN_POINT('',(-1050.,-4400.,680.));
#12092=CARTESIAN_POINT('',(-1160.,-4400.,1630.));
#12093=CARTESIAN_POINT('',(-1160.,-4400.,1630.));
#12094=CARTESIAN_POINT('',(-1160.,-4400.,680.));
#12095=CARTESIAN_POINT('Origin',(-1160.,-1800.,680.));
#12096=CARTESIAN_POINT('',(-1160.,-1800.,680.));
#12097=CARTESIAN_POINT('',(-1160.,-1800.,680.));
#12098=CARTESIAN_POINT('',(-1160.,-1800.,1630.));
#12099=CARTESIAN_POINT('',(-1160.,-1800.,1630.));
#12100=CARTESIAN_POINT('',(-1160.,-1800.,680.));
#12101=CARTESIAN_POINT('Origin',(-1050.,-1800.,680.));
#12102=CARTESIAN_POINT('',(-1150.,-1800.,680.));
#12103=CARTESIAN_POINT('',(-1150.,-1800.,720.));
#12104=CARTESIAN_POINT('',(-1150.,-1800.,680.));
#12105=CARTESIAN_POINT('',(-1050.,-1800.,680.));
#12106=CARTESIAN_POINT('',(-1050.,-1800.,1630.));
#12107=CARTESIAN_POINT('',(-1050.,-1800.,1630.));
#12108=CARTESIAN_POINT('',(-1050.,-1800.,720.));
#12109=CARTESIAN_POINT('',(-1050.,-1800.,680.));
#12110=CARTESIAN_POINT('',(-1000.,-1800.,720.));
#12111=CARTESIAN_POINT('Origin',(-1050.,-4400.,680.));
#12112=CARTESIAN_POINT('',(-1050.,-3600.,720.));
#12113=CARTESIAN_POINT('',(-1050.,-3500.,720.));
#12114=CARTESIAN_POINT('',(-1050.,-4400.,1630.));
#12115=CARTESIAN_POINT('',(-1050.,-3600.,680.));
#12116=CARTESIAN_POINT('',(-1050.,-4400.,680.));
#12117=CARTESIAN_POINT('',(-1050.,-3600.,680.));
#12118=CARTESIAN_POINT('Origin',(-1105.,-3100.,1630.));
#12119=CARTESIAN_POINT('Origin',(-1150.,-1600.,680.));
#12120=CARTESIAN_POINT('',(-1150.,-1600.,720.));
#12121=CARTESIAN_POINT('',(-1150.,-3600.,720.));
#12122=CARTESIAN_POINT('',(-1150.,-1600.,680.));
#12123=CARTESIAN_POINT('',(-1150.,-1600.,680.));
#12124=CARTESIAN_POINT('',(-1150.,-3600.,680.));
#12125=CARTESIAN_POINT('Origin',(-950.,-2600.,720.));
#12126=CARTESIAN_POINT('',(-750.,-3600.,720.));
#12127=CARTESIAN_POINT('',(-750.,-3600.,720.));
#12128=CARTESIAN_POINT('',(-750.,-1600.,720.));
#12129=CARTESIAN_POINT('',(-750.,-1600.,720.));
#12130=CARTESIAN_POINT('',(-1150.,-1600.,720.));
#12131=CARTESIAN_POINT('Origin',(-750.,-1600.,680.));
#12132=CARTESIAN_POINT('',(-750.,-1600.,680.));
#12133=CARTESIAN_POINT('',(-1150.,-1600.,680.));
#12134=CARTESIAN_POINT('',(-750.,-1600.,680.));
#12135=CARTESIAN_POINT('Origin',(-750.,-3600.,680.));
#12136=CARTESIAN_POINT('',(-750.,-3600.,680.));
#12137=CARTESIAN_POINT('',(-750.,-1600.,680.));
#12138=CARTESIAN_POINT('',(-750.,-3600.,680.));
#12139=CARTESIAN_POINT('Origin',(-1150.,-3600.,680.));
#12140=CARTESIAN_POINT('',(-750.,-3600.,680.));
#12141=CARTESIAN_POINT('Origin',(-950.,-2600.,680.));
#12142=CARTESIAN_POINT('Origin',(950.,-4750.,-100.));
#12143=CARTESIAN_POINT('',(790.,-4750.,-100.));
#12144=CARTESIAN_POINT('Origin',(950.,-4750.,-100.));
#12145=CARTESIAN_POINT('Origin',(950.,-4750.,0.));
#12146=CARTESIAN_POINT('',(790.,-4750.,100.));
#12147=CARTESIAN_POINT('Origin',(950.,-4750.,100.));
#12148=CARTESIAN_POINT('',(790.,-4750.,0.));
#12149=CARTESIAN_POINT('Origin',(950.,-4750.,100.));
#12150=CARTESIAN_POINT('Origin',(-950.,-4750.,-100.));
#12151=CARTESIAN_POINT('',(-1110.,-4750.,-100.));
#12152=CARTESIAN_POINT('Origin',(-950.,-4750.,-100.));
#12153=CARTESIAN_POINT('Origin',(-950.,-4750.,0.));
#12154=CARTESIAN_POINT('',(-1110.,-4750.,100.));
#12155=CARTESIAN_POINT('Origin',(-950.,-4750.,100.));
#12156=CARTESIAN_POINT('',(-1110.,-4750.,0.));
#12157=CARTESIAN_POINT('Origin',(-950.,-4750.,100.));
#12158=CARTESIAN_POINT('Origin',(1330.,-4750.,-140.));
#12159=CARTESIAN_POINT('',(1290.,-4790.,-140.));
#12160=CARTESIAN_POINT('',(1290.,-4710.,-140.));
#12161=CARTESIAN_POINT('',(1290.,-4710.,-140.));
#12162=CARTESIAN_POINT('',(1370.,-4710.,-140.));
#12163=CARTESIAN_POINT('',(1370.,-4710.,-140.));
#12164=CARTESIAN_POINT('',(1370.,-4790.,-140.));
#12165=CARTESIAN_POINT('',(1370.,-4790.,-140.));
#12166=CARTESIAN_POINT('',(1290.,-4790.,-140.));
#12167=CARTESIAN_POINT('Origin',(1370.,-4710.,0.));
#12168=CARTESIAN_POINT('',(1290.,-4710.,140.));
#12169=CARTESIAN_POINT('',(1290.,-4710.,0.));
#12170=CARTESIAN_POINT('',(1370.,-4710.,140.));
#12171=CARTESIAN_POINT('',(1370.,-4710.,140.));
#12172=CARTESIAN_POINT('',(1370.,-4710.,0.));
#12173=CARTESIAN_POINT('Origin',(1370.,-4790.,0.));
#12174=CARTESIAN_POINT('',(1370.,-4790.,140.));
#12175=CARTESIAN_POINT('',(1370.,-4790.,140.));
#12176=CARTESIAN_POINT('',(1370.,-4790.,0.));
#12177=CARTESIAN_POINT('Origin',(1290.,-4790.,0.));
#12178=CARTESIAN_POINT('',(1290.,-4790.,140.));
#12179=CARTESIAN_POINT('',(1290.,-4790.,140.));
#12180=CARTESIAN_POINT('',(1290.,-4790.,0.));
#12181=CARTESIAN_POINT('Origin',(1290.,-4710.,0.));
#12182=CARTESIAN_POINT('',(1290.,-4710.,140.));
#12183=CARTESIAN_POINT('Origin',(1330.,-4750.,140.));
#12184=CARTESIAN_POINT('Origin',(1218.70057685089,-5018.70057685089,-140.));
#12185=CARTESIAN_POINT('',(1178.70057685089,-5058.70057685089,-140.));
#12186=CARTESIAN_POINT('',(1178.70057685089,-4978.70057685089,-140.));
#12187=CARTESIAN_POINT('',(1178.70057685089,-4978.70057685089,-140.));
#12188=CARTESIAN_POINT('',(1258.70057685089,-4978.70057685089,-140.));
#12189=CARTESIAN_POINT('',(1258.70057685089,-4978.70057685089,-140.));
#12190=CARTESIAN_POINT('',(1258.70057685089,-5058.70057685089,-140.));
#12191=CARTESIAN_POINT('',(1258.70057685089,-5058.70057685089,-140.));
#12192=CARTESIAN_POINT('',(1178.70057685089,-5058.70057685089,-140.));
#12193=CARTESIAN_POINT('Origin',(1258.70057685089,-4978.70057685089,0.));
#12194=CARTESIAN_POINT('',(1178.70057685089,-4978.70057685089,140.));
#12195=CARTESIAN_POINT('',(1178.70057685089,-4978.70057685089,0.));
#12196=CARTESIAN_POINT('',(1258.70057685089,-4978.70057685089,140.));
#12197=CARTESIAN_POINT('',(1258.70057685089,-4978.70057685089,140.));
#12198=CARTESIAN_POINT('',(1258.70057685089,-4978.70057685089,0.));
#12199=CARTESIAN_POINT('Origin',(1258.70057685089,-5058.70057685089,0.));
#12200=CARTESIAN_POINT('',(1258.70057685089,-5058.70057685089,140.));
#12201=CARTESIAN_POINT('',(1258.70057685089,-5058.70057685089,140.));
#12202=CARTESIAN_POINT('',(1258.70057685089,-5058.70057685089,0.));
#12203=CARTESIAN_POINT('Origin',(1178.70057685089,-5058.70057685089,0.));
#12204=CARTESIAN_POINT('',(1178.70057685089,-5058.70057685089,140.));
#12205=CARTESIAN_POINT('',(1178.70057685089,-5058.70057685089,140.));
#12206=CARTESIAN_POINT('',(1178.70057685089,-5058.70057685089,0.));
#12207=CARTESIAN_POINT('Origin',(1178.70057685089,-4978.70057685089,0.));
#12208=CARTESIAN_POINT('',(1178.70057685089,-4978.70057685089,140.));
#12209=CARTESIAN_POINT('Origin',(1218.70057685089,-5018.70057685089,140.));
#12210=CARTESIAN_POINT('Origin',(950.,-5130.,-140.));
#12211=CARTESIAN_POINT('',(910.,-5170.,-140.));
#12212=CARTESIAN_POINT('',(910.,-5090.,-140.));
#12213=CARTESIAN_POINT('',(910.,-5090.,-140.));
#12214=CARTESIAN_POINT('',(990.,-5090.,-140.));
#12215=CARTESIAN_POINT('',(990.,-5090.,-140.));
#12216=CARTESIAN_POINT('',(990.,-5170.,-140.));
#12217=CARTESIAN_POINT('',(990.,-5170.,-140.));
#12218=CARTESIAN_POINT('',(910.,-5170.,-140.));
#12219=CARTESIAN_POINT('Origin',(990.,-5090.,0.));
#12220=CARTESIAN_POINT('',(910.,-5090.,140.));
#12221=CARTESIAN_POINT('',(910.,-5090.,0.));
#12222=CARTESIAN_POINT('',(990.,-5090.,140.));
#12223=CARTESIAN_POINT('',(990.,-5090.,140.));
#12224=CARTESIAN_POINT('',(990.,-5090.,0.));
#12225=CARTESIAN_POINT('Origin',(990.,-5170.,0.));
#12226=CARTESIAN_POINT('',(990.,-5170.,140.));
#12227=CARTESIAN_POINT('',(990.,-5170.,140.));
#12228=CARTESIAN_POINT('',(990.,-5170.,0.));
#12229=CARTESIAN_POINT('Origin',(910.,-5170.,0.));
#12230=CARTESIAN_POINT('',(910.,-5170.,140.));
#12231=CARTESIAN_POINT('',(910.,-5170.,140.));
#12232=CARTESIAN_POINT('',(910.,-5170.,0.));
#12233=CARTESIAN_POINT('Origin',(910.,-5090.,0.));
#12234=CARTESIAN_POINT('',(910.,-5090.,140.));
#12235=CARTESIAN_POINT('Origin',(950.,-5130.,140.));
#12236=CARTESIAN_POINT('Origin',(681.299423149112,-5018.70057685089,-140.));
#12237=CARTESIAN_POINT('',(641.299423149112,-5058.70057685089,-140.));
#12238=CARTESIAN_POINT('',(641.299423149112,-4978.70057685089,-140.));
#12239=CARTESIAN_POINT('',(641.299423149112,-4978.70057685089,-140.));
#12240=CARTESIAN_POINT('',(721.299423149112,-4978.70057685089,-140.));
#12241=CARTESIAN_POINT('',(721.299423149112,-4978.70057685089,-140.));
#12242=CARTESIAN_POINT('',(721.299423149112,-5058.70057685089,-140.));
#12243=CARTESIAN_POINT('',(721.299423149112,-5058.70057685089,-140.));
#12244=CARTESIAN_POINT('',(641.299423149112,-5058.70057685089,-140.));
#12245=CARTESIAN_POINT('Origin',(721.299423149112,-4978.70057685089,0.));
#12246=CARTESIAN_POINT('',(641.299423149112,-4978.70057685089,140.));
#12247=CARTESIAN_POINT('',(641.299423149112,-4978.70057685089,0.));
#12248=CARTESIAN_POINT('',(721.299423149112,-4978.70057685089,140.));
#12249=CARTESIAN_POINT('',(721.299423149112,-4978.70057685089,140.));
#12250=CARTESIAN_POINT('',(721.299423149112,-4978.70057685089,0.));
#12251=CARTESIAN_POINT('Origin',(721.299423149112,-5058.70057685089,0.));
#12252=CARTESIAN_POINT('',(721.299423149112,-5058.70057685089,140.));
#12253=CARTESIAN_POINT('',(721.299423149112,-5058.70057685089,140.));
#12254=CARTESIAN_POINT('',(721.299423149112,-5058.70057685089,0.));
#12255=CARTESIAN_POINT('Origin',(641.299423149112,-5058.70057685089,0.));
#12256=CARTESIAN_POINT('',(641.299423149112,-5058.70057685089,140.));
#12257=CARTESIAN_POINT('',(641.299423149112,-5058.70057685089,140.));
#12258=CARTESIAN_POINT('',(641.299423149112,-5058.70057685089,0.));
#12259=CARTESIAN_POINT('Origin',(641.299423149112,-4978.70057685089,0.));
#12260=CARTESIAN_POINT('',(641.299423149112,-4978.70057685089,140.));
#12261=CARTESIAN_POINT('Origin',(681.299423149112,-5018.70057685089,140.));
#12262=CARTESIAN_POINT('Origin',(-1218.70057685089,-4481.29942314911,-140.));
#12263=CARTESIAN_POINT('',(-1258.70057685089,-4521.29942314911,-140.));
#12264=CARTESIAN_POINT('',(-1258.70057685089,-4441.29942314911,-140.));
#12265=CARTESIAN_POINT('',(-1258.70057685089,-4441.29942314911,-140.));
#12266=CARTESIAN_POINT('',(-1178.70057685089,-4441.29942314911,-140.));
#12267=CARTESIAN_POINT('',(-1178.70057685089,-4441.29942314911,-140.));
#12268=CARTESIAN_POINT('',(-1178.70057685089,-4521.29942314911,-140.));
#12269=CARTESIAN_POINT('',(-1178.70057685089,-4521.29942314911,-140.));
#12270=CARTESIAN_POINT('',(-1258.70057685089,-4521.29942314911,-140.));
#12271=CARTESIAN_POINT('Origin',(-1178.70057685089,-4441.29942314911,0.));
#12272=CARTESIAN_POINT('',(-1258.70057685089,-4441.29942314911,140.));
#12273=CARTESIAN_POINT('',(-1258.70057685089,-4441.29942314911,0.));
#12274=CARTESIAN_POINT('',(-1178.70057685089,-4441.29942314911,140.));
#12275=CARTESIAN_POINT('',(-1178.70057685089,-4441.29942314911,140.));
#12276=CARTESIAN_POINT('',(-1178.70057685089,-4441.29942314911,0.));
#12277=CARTESIAN_POINT('Origin',(-1178.70057685089,-4521.29942314911,0.));
#12278=CARTESIAN_POINT('',(-1178.70057685089,-4521.29942314911,140.));
#12279=CARTESIAN_POINT('',(-1178.70057685089,-4521.29942314911,140.));
#12280=CARTESIAN_POINT('',(-1178.70057685089,-4521.29942314911,0.));
#12281=CARTESIAN_POINT('Origin',(-1258.70057685089,-4521.29942314911,0.));
#12282=CARTESIAN_POINT('',(-1258.70057685089,-4521.29942314911,140.));
#12283=CARTESIAN_POINT('',(-1258.70057685089,-4521.29942314911,140.));
#12284=CARTESIAN_POINT('',(-1258.70057685089,-4521.29942314911,0.));
#12285=CARTESIAN_POINT('Origin',(-1258.70057685089,-4441.29942314911,0.));
#12286=CARTESIAN_POINT('',(-1258.70057685089,-4441.29942314911,140.));
#12287=CARTESIAN_POINT('Origin',(-1218.70057685089,-4481.29942314911,140.));
#12288=CARTESIAN_POINT('Origin',(-1330.,-4750.,-140.));
#12289=CARTESIAN_POINT('',(-1370.,-4790.,-140.));
#12290=CARTESIAN_POINT('',(-1370.,-4710.,-140.));
#12291=CARTESIAN_POINT('',(-1370.,-4710.,-140.));
#12292=CARTESIAN_POINT('',(-1290.,-4710.,-140.));
#12293=CARTESIAN_POINT('',(-1290.,-4710.,-140.));
#12294=CARTESIAN_POINT('',(-1290.,-4790.,-140.));
#12295=CARTESIAN_POINT('',(-1290.,-4790.,-140.));
#12296=CARTESIAN_POINT('',(-1370.,-4790.,-140.));
#12297=CARTESIAN_POINT('Origin',(-1290.,-4710.,0.));
#12298=CARTESIAN_POINT('',(-1370.,-4710.,140.));
#12299=CARTESIAN_POINT('',(-1370.,-4710.,0.));
#12300=CARTESIAN_POINT('',(-1290.,-4710.,140.));
#12301=CARTESIAN_POINT('',(-1290.,-4710.,140.));
#12302=CARTESIAN_POINT('',(-1290.,-4710.,0.));
#12303=CARTESIAN_POINT('Origin',(-1290.,-4790.,0.));
#12304=CARTESIAN_POINT('',(-1290.,-4790.,140.));
#12305=CARTESIAN_POINT('',(-1290.,-4790.,140.));
#12306=CARTESIAN_POINT('',(-1290.,-4790.,0.));
#12307=CARTESIAN_POINT('Origin',(-1370.,-4790.,0.));
#12308=CARTESIAN_POINT('',(-1370.,-4790.,140.));
#12309=CARTESIAN_POINT('',(-1370.,-4790.,140.));
#12310=CARTESIAN_POINT('',(-1370.,-4790.,0.));
#12311=CARTESIAN_POINT('Origin',(-1370.,-4710.,0.));
#12312=CARTESIAN_POINT('',(-1370.,-4710.,140.));
#12313=CARTESIAN_POINT('Origin',(-1330.,-4750.,140.));
#12314=CARTESIAN_POINT('Origin',(-1218.70057685089,-5018.70057685089,-140.));
#12315=CARTESIAN_POINT('',(-1258.70057685089,-5058.70057685089,-140.));
#12316=CARTESIAN_POINT('',(-1258.70057685089,-4978.70057685089,-140.));
#12317=CARTESIAN_POINT('',(-1258.70057685089,-4978.70057685089,-140.));
#12318=CARTESIAN_POINT('',(-1178.70057685089,-4978.70057685089,-140.));
#12319=CARTESIAN_POINT('',(-1178.70057685089,-4978.70057685089,-140.));
#12320=CARTESIAN_POINT('',(-1178.70057685089,-5058.70057685089,-140.));
#12321=CARTESIAN_POINT('',(-1178.70057685089,-5058.70057685089,-140.));
#12322=CARTESIAN_POINT('',(-1258.70057685089,-5058.70057685089,-140.));
#12323=CARTESIAN_POINT('Origin',(-1178.70057685089,-4978.70057685089,0.));
#12324=CARTESIAN_POINT('',(-1258.70057685089,-4978.70057685089,140.));
#12325=CARTESIAN_POINT('',(-1258.70057685089,-4978.70057685089,0.));
#12326=CARTESIAN_POINT('',(-1178.70057685089,-4978.70057685089,140.));
#12327=CARTESIAN_POINT('',(-1178.70057685089,-4978.70057685089,140.));
#12328=CARTESIAN_POINT('',(-1178.70057685089,-4978.70057685089,0.));
#12329=CARTESIAN_POINT('Origin',(-1178.70057685089,-5058.70057685089,0.));
#12330=CARTESIAN_POINT('',(-1178.70057685089,-5058.70057685089,140.));
#12331=CARTESIAN_POINT('',(-1178.70057685089,-5058.70057685089,140.));
#12332=CARTESIAN_POINT('',(-1178.70057685089,-5058.70057685089,0.));
#12333=CARTESIAN_POINT('Origin',(-1258.70057685089,-5058.70057685089,0.));
#12334=CARTESIAN_POINT('',(-1258.70057685089,-5058.70057685089,140.));
#12335=CARTESIAN_POINT('',(-1258.70057685089,-5058.70057685089,140.));
#12336=CARTESIAN_POINT('',(-1258.70057685089,-5058.70057685089,0.));
#12337=CARTESIAN_POINT('Origin',(-1258.70057685089,-4978.70057685089,0.));
#12338=CARTESIAN_POINT('',(-1258.70057685089,-4978.70057685089,140.));
#12339=CARTESIAN_POINT('Origin',(-1218.70057685089,-5018.70057685089,140.));
#12340=CARTESIAN_POINT('Origin',(-950.,-5130.,-140.));
#12341=CARTESIAN_POINT('',(-990.,-5170.,-140.));
#12342=CARTESIAN_POINT('',(-990.,-5090.,-140.));
#12343=CARTESIAN_POINT('',(-990.,-5090.,-140.));
#12344=CARTESIAN_POINT('',(-910.,-5090.,-140.));
#12345=CARTESIAN_POINT('',(-910.,-5090.,-140.));
#12346=CARTESIAN_POINT('',(-910.,-5170.,-140.));
#12347=CARTESIAN_POINT('',(-910.,-5170.,-140.));
#12348=CARTESIAN_POINT('',(-990.,-5170.,-140.));
#12349=CARTESIAN_POINT('Origin',(-910.,-5090.,0.));
#12350=CARTESIAN_POINT('',(-990.,-5090.,140.));
#12351=CARTESIAN_POINT('',(-990.,-5090.,0.));
#12352=CARTESIAN_POINT('',(-910.,-5090.,140.));
#12353=CARTESIAN_POINT('',(-910.,-5090.,140.));
#12354=CARTESIAN_POINT('',(-910.,-5090.,0.));
#12355=CARTESIAN_POINT('Origin',(-910.,-5170.,0.));
#12356=CARTESIAN_POINT('',(-910.,-5170.,140.));
#12357=CARTESIAN_POINT('',(-910.,-5170.,140.));
#12358=CARTESIAN_POINT('',(-910.,-5170.,0.));
#12359=CARTESIAN_POINT('Origin',(-990.,-5170.,0.));
#12360=CARTESIAN_POINT('',(-990.,-5170.,140.));
#12361=CARTESIAN_POINT('',(-990.,-5170.,140.));
#12362=CARTESIAN_POINT('',(-990.,-5170.,0.));
#12363=CARTESIAN_POINT('Origin',(-990.,-5090.,0.));
#12364=CARTESIAN_POINT('',(-990.,-5090.,140.));
#12365=CARTESIAN_POINT('Origin',(-950.,-5130.,140.));
#12366=CARTESIAN_POINT('Origin',(1218.70057685089,-4481.29942314911,-140.));
#12367=CARTESIAN_POINT('',(1178.70057685089,-4521.29942314911,-140.));
#12368=CARTESIAN_POINT('',(1178.70057685089,-4441.29942314911,-140.));
#12369=CARTESIAN_POINT('',(1178.70057685089,-4441.29942314911,-140.));
#12370=CARTESIAN_POINT('',(1258.70057685089,-4441.29942314911,-140.));
#12371=CARTESIAN_POINT('',(1258.70057685089,-4441.29942314911,-140.));
#12372=CARTESIAN_POINT('',(1258.70057685089,-4521.29942314911,-140.));
#12373=CARTESIAN_POINT('',(1258.70057685089,-4521.29942314911,-140.));
#12374=CARTESIAN_POINT('',(1178.70057685089,-4521.29942314911,-140.));
#12375=CARTESIAN_POINT('Origin',(1258.70057685089,-4441.29942314911,0.));
#12376=CARTESIAN_POINT('',(1178.70057685089,-4441.29942314911,140.));
#12377=CARTESIAN_POINT('',(1178.70057685089,-4441.29942314911,0.));
#12378=CARTESIAN_POINT('',(1258.70057685089,-4441.29942314911,140.));
#12379=CARTESIAN_POINT('',(1258.70057685089,-4441.29942314911,140.));
#12380=CARTESIAN_POINT('',(1258.70057685089,-4441.29942314911,0.));
#12381=CARTESIAN_POINT('Origin',(1258.70057685089,-4521.29942314911,0.));
#12382=CARTESIAN_POINT('',(1258.70057685089,-4521.29942314911,140.));
#12383=CARTESIAN_POINT('',(1258.70057685089,-4521.29942314911,140.));
#12384=CARTESIAN_POINT('',(1258.70057685089,-4521.29942314911,0.));
#12385=CARTESIAN_POINT('Origin',(1178.70057685089,-4521.29942314911,0.));
#12386=CARTESIAN_POINT('',(1178.70057685089,-4521.29942314911,140.));
#12387=CARTESIAN_POINT('',(1178.70057685089,-4521.29942314911,140.));
#12388=CARTESIAN_POINT('',(1178.70057685089,-4521.29942314911,0.));
#12389=CARTESIAN_POINT('Origin',(1178.70057685089,-4441.29942314911,0.));
#12390=CARTESIAN_POINT('',(1178.70057685089,-4441.29942314911,140.));
#12391=CARTESIAN_POINT('Origin',(1218.70057685089,-4481.29942314911,140.));
#12392=CARTESIAN_POINT('Origin',(-681.299423149112,-5018.70057685089,-140.));
#12393=CARTESIAN_POINT('',(-721.299423149112,-5058.70057685089,-140.));
#12394=CARTESIAN_POINT('',(-721.299423149112,-4978.70057685089,-140.));
#12395=CARTESIAN_POINT('',(-721.299423149112,-4978.70057685089,-140.));
#12396=CARTESIAN_POINT('',(-641.299423149112,-4978.70057685089,-140.));
#12397=CARTESIAN_POINT('',(-641.299423149112,-4978.70057685089,-140.));
#12398=CARTESIAN_POINT('',(-641.299423149112,-5058.70057685089,-140.));
#12399=CARTESIAN_POINT('',(-641.299423149112,-5058.70057685089,-140.));
#12400=CARTESIAN_POINT('',(-721.299423149112,-5058.70057685089,-140.));
#12401=CARTESIAN_POINT('Origin',(-641.299423149112,-4978.70057685089,0.));
#12402=CARTESIAN_POINT('',(-721.299423149112,-4978.70057685089,140.));
#12403=CARTESIAN_POINT('',(-721.299423149112,-4978.70057685089,0.));
#12404=CARTESIAN_POINT('',(-641.299423149112,-4978.70057685089,140.));
#12405=CARTESIAN_POINT('',(-641.299423149112,-4978.70057685089,140.));
#12406=CARTESIAN_POINT('',(-641.299423149112,-4978.70057685089,0.));
#12407=CARTESIAN_POINT('Origin',(-641.299423149112,-5058.70057685089,0.));
#12408=CARTESIAN_POINT('',(-641.299423149112,-5058.70057685089,140.));
#12409=CARTESIAN_POINT('',(-641.299423149112,-5058.70057685089,140.));
#12410=CARTESIAN_POINT('',(-641.299423149112,-5058.70057685089,0.));
#12411=CARTESIAN_POINT('Origin',(-721.299423149112,-5058.70057685089,0.));
#12412=CARTESIAN_POINT('',(-721.299423149112,-5058.70057685089,140.));
#12413=CARTESIAN_POINT('',(-721.299423149112,-5058.70057685089,140.));
#12414=CARTESIAN_POINT('',(-721.299423149112,-5058.70057685089,0.));
#12415=CARTESIAN_POINT('Origin',(-721.299423149112,-4978.70057685089,0.));
#12416=CARTESIAN_POINT('',(-721.299423149112,-4978.70057685089,140.));
#12417=CARTESIAN_POINT('Origin',(-681.299423149112,-5018.70057685089,140.));
#12418=CARTESIAN_POINT('Origin',(2700.,-2000.,-1090.));
#12419=CARTESIAN_POINT('',(2600.,-2000.,-1090.));
#12420=CARTESIAN_POINT('Origin',(2700.,-2000.,-1090.));
#12421=CARTESIAN_POINT('Origin',(2700.,-2000.,-640.));
#12422=CARTESIAN_POINT('',(2600.,-2000.,-190.));
#12423=CARTESIAN_POINT('Origin',(2700.,-2000.,-190.));
#12424=CARTESIAN_POINT('',(2600.,-2000.,-640.));
#12425=CARTESIAN_POINT('Origin',(2700.,-2000.,-190.));
#12426=CARTESIAN_POINT('Origin',(-2700.,-2000.,-1090.));
#12427=CARTESIAN_POINT('',(-2800.,-2000.,-1090.));
#12428=CARTESIAN_POINT('Origin',(-2700.,-2000.,-1090.));
#12429=CARTESIAN_POINT('Origin',(-2700.,-2000.,-640.));
#12430=CARTESIAN_POINT('',(-2800.,-2000.,-190.));
#12431=CARTESIAN_POINT('Origin',(-2700.,-2000.,-190.));
#12432=CARTESIAN_POINT('',(-2800.,-2000.,-640.));
#12433=CARTESIAN_POINT('Origin',(-2700.,-2000.,-190.));
#12434=CARTESIAN_POINT('Origin',(3700.,-2000.,-1090.));
#12435=CARTESIAN_POINT('',(3600.,-2000.,-1090.));
#12436=CARTESIAN_POINT('Origin',(3700.,-2000.,-1090.));
#12437=CARTESIAN_POINT('Origin',(3700.,-2000.,-640.));
#12438=CARTESIAN_POINT('',(3600.,-2000.,-190.));
#12439=CARTESIAN_POINT('Origin',(3700.,-2000.,-190.));
#12440=CARTESIAN_POINT('',(3600.,-2000.,-640.));
#12441=CARTESIAN_POINT('Origin',(3700.,-2000.,-190.));
#12442=CARTESIAN_POINT('Origin',(-3700.,-2000.,-1090.));
#12443=CARTESIAN_POINT('',(-3800.,-2000.,-1090.));
#12444=CARTESIAN_POINT('Origin',(-3700.,-2000.,-1090.));
#12445=CARTESIAN_POINT('Origin',(-3700.,-2000.,-640.));
#12446=CARTESIAN_POINT('',(-3800.,-2000.,-190.));
#12447=CARTESIAN_POINT('Origin',(-3700.,-2000.,-190.));
#12448=CARTESIAN_POINT('',(-3800.,-2000.,-640.));
#12449=CARTESIAN_POINT('Origin',(-3700.,-2000.,-190.));
#12450=UNCERTAINTY_MEASURE_WITH_UNIT(LENGTH_MEASURE(0.01),#12454,
'DISTANCE_ACCURACY_VALUE',
'Maximum model space distance between geometric entities at asserted c
onnectivities');
#12451=UNCERTAINTY_MEASURE_WITH_UNIT(LENGTH_MEASURE(0.01),#12454,
'DISTANCE_ACCURACY_VALUE',
'Maximum model space distance between geometric entities at asserted c
onnectivities');
#12452=(
GEOMETRIC_REPRESENTATION_CONTEXT(3)
GLOBAL_UNCERTAINTY_ASSIGNED_CONTEXT((#12450))
GLOBAL_UNIT_ASSIGNED_CONTEXT((#12454,#12456,#12457))
REPRESENTATION_CONTEXT('','3D')
);
#12453=(
GEOMETRIC_REPRESENTATION_CONTEXT(3)
GLOBAL_UNCERTAINTY_ASSIGNED_CONTEXT((#12451))
GLOBAL_UNIT_ASSIGNED_CONTEXT((#12454,#12456,#12457))
REPRESENTATION_CONTEXT('','3D')
);
#12454=(
LENGTH_UNIT()
NAMED_UNIT(*)
SI_UNIT(.MILLI.,.METRE.)
);
#12455=(
LENGTH_UNIT()
NAMED_UNIT(*)
SI_UNIT($,.METRE.)
);
#12456=(
NAMED_UNIT(*)
PLANE_ANGLE_UNIT()
SI_UNIT($,.RADIAN.)
);
#12457=(
NAMED_UNIT(*)
SI_UNIT($,.STERADIAN.)
SOLID_ANGLE_UNIT()
);
#12458=SHAPE_DEFINITION_REPRESENTATION(#12459,#12460);
#12459=PRODUCT_DEFINITION_SHAPE('',$,#12462);
#12460=SHAPE_REPRESENTATION('',(#7331),#12452);
#12461=PRODUCT_DEFINITION_CONTEXT('part definition',#12466,'design');
#12462=PRODUCT_DEFINITION('2026-09-18-22-14-45-039','(Unsaved)',#12463,
#12461);
#12463=PRODUCT_DEFINITION_FORMATION('',$,#12468);
#12464=PRODUCT_RELATED_PRODUCT_CATEGORY('(Unsaved)','(Unsaved)',(#12468));
#12465=APPLICATION_PROTOCOL_DEFINITION('international standard',
'automotive_design',2009,#12466);
#12466=APPLICATION_CONTEXT(
'Core Data for Automotive Mechanical Design Process');
#12467=PRODUCT_CONTEXT('part definition',#12466,'mechanical');
#12468=PRODUCT('2026-09-18-22-14-45-039','(Unsaved)',$,(#12467));
#12469=PRESENTATION_STYLE_ASSIGNMENT((#12475));
#12470=PRESENTATION_STYLE_ASSIGNMENT((#12476));
#12471=PRESENTATION_STYLE_ASSIGNMENT((#12477));
#12472=PRESENTATION_STYLE_ASSIGNMENT((#12478));
#12473=PRESENTATION_STYLE_ASSIGNMENT((#12479));
#12474=PRESENTATION_STYLE_ASSIGNMENT((#12480));
#12475=SURFACE_STYLE_USAGE(.BOTH.,#12481);
#12476=SURFACE_STYLE_USAGE(.BOTH.,#12482);
#12477=SURFACE_STYLE_USAGE(.BOTH.,#12483);
#12478=SURFACE_STYLE_USAGE(.BOTH.,#12484);
#12479=SURFACE_STYLE_USAGE(.BOTH.,#12485);
#12480=SURFACE_STYLE_USAGE(.BOTH.,#12486);
#12481=SURFACE_SIDE_STYLE('',(#12487));
#12482=SURFACE_SIDE_STYLE('',(#12488));
#12483=SURFACE_SIDE_STYLE('',(#12489));
#12484=SURFACE_SIDE_STYLE('',(#12490));
#12485=SURFACE_SIDE_STYLE('',(#12491));
#12486=SURFACE_SIDE_STYLE('',(#12492));
#12487=SURFACE_STYLE_FILL_AREA(#12493);
#12488=SURFACE_STYLE_FILL_AREA(#12494);
#12489=SURFACE_STYLE_FILL_AREA(#12495);
#12490=SURFACE_STYLE_FILL_AREA(#12496);
#12491=SURFACE_STYLE_FILL_AREA(#12497);
#12492=SURFACE_STYLE_FILL_AREA(#12498);
#12493=FILL_AREA_STYLE('Steel - Satin',(#12499));
#12494=FILL_AREA_STYLE('Titanium - Satin',(#12500));
#12495=FILL_AREA_STYLE('Carbon Fiber - Plain',(#12501));
#12496=FILL_AREA_STYLE('Stainless Steel - Brushed Linear Long',(#12502));
#12497=FILL_AREA_STYLE('Paint - Enamel Glossy (Black)',(#12503));
#12498=FILL_AREA_STYLE('Paint - Enamel Glossy (White)',(#12504));
#12499=FILL_AREA_STYLE_COLOUR('Steel - Satin',#12505);
#12500=FILL_AREA_STYLE_COLOUR('Titanium - Satin',#12506);
#12501=FILL_AREA_STYLE_COLOUR('Carbon Fiber - Plain',#12507);
#12502=FILL_AREA_STYLE_COLOUR('Stainless Steel - Brushed Linear Long',#12508);
#12503=FILL_AREA_STYLE_COLOUR('Paint - Enamel Glossy (Black)',#12509);
#12504=FILL_AREA_STYLE_COLOUR('Paint - Enamel Glossy (White)',#12510);
#12505=COLOUR_RGB('Steel - Satin',0.627450980392157,0.627450980392157,0.627450980392157);
#12506=COLOUR_RGB('Titanium - Satin',0.858823529411765,0.847058823529412,
0.827450980392157);
#12507=COLOUR_RGB('Carbon Fiber - Plain',0.0980392156862745,0.0980392156862745,
0.0980392156862745);
#12508=COLOUR_RGB('Stainless Steel - Brushed Linear Long',0.796078431372549,
0.796078431372549,0.796078431372549);
#12509=COLOUR_RGB('Paint - Enamel Glossy (Black)',0.0980392156862745,0.0980392156862745,
0.0980392156862745);
#12510=COLOUR_RGB('Paint - Enamel Glossy (White)',0.964705882352941,0.964705882352941,
0.952941176470588);
ENDSEC;
END-ISO-10303-21;
