ISO-10303-21;
HEADER;
/* Generated by software containing ST-Developer
 * from STEP Tools, Inc. (www.steptools.com) 
 */

FILE_DESCRIPTION(
/* description */ (''),
/* implementation_level */ '2;1');

FILE_NAME(
/* name */ 'Spaceship_Sculpted_V_Hull.step',
/* time_stamp */ '2026-09-18T22:19:50+02:00',
/* author */ (''),
/* organization */ (''),
/* preprocessor_version */ 'ST-DEVELOPER v20.1',
/* originating_system */ 'Autodesk Translation Framework v15.8.0.0',
/* authorisation */ '');

FILE_SCHEMA (('AUTOMOTIVE_DESIGN { 1 0 10303 214 3 1 1 }','PROCESS_PLANNING_SCHEMA'));
ENDSEC;

DATA;
#10=MECHANICAL_DESIGN_GEOMETRIC_PRESENTATION_REPRESENTATION('',(#4260,#4261,
#4262,#4263,#4264,#4265,#4266,#4267,#4268,#4269,#4270,#4271,#4272,#4273,
#4274,#4275,#4276,#4277,#4278,#4279,#4280,#4281,#4282,#4283,#4284,#4285,
#4286,#4287,#4288,#4289,#4290,#4291,#4292,#4293,#4294,#4295,#4296,#4297,
#4298,#4299,#4300,#4301,#4302,#4303,#4304,#4305,#4306,#4307,#4308,#4309,
#4310,#4311,#4312,#4313,#4314,#4315,#4316,#4317,#4318,#4319,#4320,#4321,
#4322,#4323,#4324,#4325,#4326,#4327,#4328,#4329,#4330,#4331,#4332,#4333,
#4334,#4335,#4336,#4337,#4338,#4339,#4340,#4341,#4342,#4343,#4344,#4345,
#4346,#4347,#4348,#4349,#4350,#4351,#4352,#4353,#4354,#4355,#4356,#4357,
#4358,#4359,#4360,#4361,#4362,#4363,#4364,#4365,#4366,#4367,#4368,#4369,
#4370,#4371,#4372,#4373,#4374,#4375,#4376,#4377,#4378),#8540);
#11=SHAPE_REPRESENTATION_RELATIONSHIP('SRR','None',#8547,#12);
#12=ADVANCED_BREP_SHAPE_REPRESENTATION('',(#13,#14,#15,#16,#17,#18,#19,
#20,#21,#22,#23,#24,#25,#26,#27,#28,#29,#30,#31,#32,#33,#34,#35,#36,#37,
#38,#39,#40,#41),#8539);
#13=MANIFOLD_SOLID_BREP('Body_Fuselage_Core',#4648);
#14=MANIFOLD_SOLID_BREP('Body_Cockpit_Canopy_Glass',#4649);
#15=MANIFOLD_SOLID_BREP('Body3',#4650);
#16=MANIFOLD_SOLID_BREP('Body4',#4651);
#17=MANIFOLD_SOLID_BREP('Body_Ventral_Sensor_Pod',#4652);
#18=MANIFOLD_SOLID_BREP('Body_Armor_NosePlate',#4653);
#19=MANIFOLD_SOLID_BREP('Body_Armor_NosePlate (1)',#4654);
#20=MANIFOLD_SOLID_BREP('Body_Armor_ShoulderShield',#4655);
#21=MANIFOLD_SOLID_BREP('Body_Armor_ShoulderShield (1)',#4656);
#22=MANIFOLD_SOLID_BREP('Body_Armor_EngineHeatShield',#4657);
#23=MANIFOLD_SOLID_BREP('Body_Armor_EngineHeatShield (1)',#4658);
#24=MANIFOLD_SOLID_BREP('Body12',#4659);
#25=MANIFOLD_SOLID_BREP('Body13',#4660);
#26=MANIFOLD_SOLID_BREP('Body14',#4661);
#27=MANIFOLD_SOLID_BREP('Body15',#4662);
#28=MANIFOLD_SOLID_BREP('Body16',#4663);
#29=MANIFOLD_SOLID_BREP('Body17',#4664);
#30=MANIFOLD_SOLID_BREP('Body18',#4665);
#31=MANIFOLD_SOLID_BREP('Body19',#4666);
#32=MANIFOLD_SOLID_BREP('Body20',#4667);
#33=MANIFOLD_SOLID_BREP('Body21',#4668);
#34=MANIFOLD_SOLID_BREP('Body22',#4669);
#35=MANIFOLD_SOLID_BREP('Body23',#4670);
#36=MANIFOLD_SOLID_BREP('Body_Hypersonic_Missile',#4671);
#37=MANIFOLD_SOLID_BREP('Body_Hypersonic_Missile (1)',#4672);
#38=MANIFOLD_SOLID_BREP('Body_Hypersonic_Missile (2)',#4673);
#39=MANIFOLD_SOLID_BREP('Body_Hypersonic_Missile (3)',#4674);
#40=MANIFOLD_SOLID_BREP('Body28',#4675);
#41=MANIFOLD_SOLID_BREP('Body29',#4676);
#42=FACE_BOUND('',#486,.T.);
#43=FACE_BOUND('',#487,.T.);
#44=CYLINDRICAL_SURFACE('',#4719,340.);
#45=CYLINDRICAL_SURFACE('',#4764,340.);
#46=CYLINDRICAL_SURFACE('',#4869,150.);
#47=CYLINDRICAL_SURFACE('',#4874,150.);
#48=CYLINDRICAL_SURFACE('',#4941,90.);
#49=CYLINDRICAL_SURFACE('',#4946,90.);
#50=CYLINDRICAL_SURFACE('',#4951,90.);
#51=CYLINDRICAL_SURFACE('',#4956,90.);
#52=CYLINDRICAL_SURFACE('',#4961,80.);
#53=CYLINDRICAL_SURFACE('',#4966,80.);
#54=CIRCLE('',#4717,340.);
#55=CIRCLE('',#4720,340.);
#56=CIRCLE('',#4721,340.);
#57=CIRCLE('',#4722,340.);
#58=CIRCLE('',#4723,340.);
#59=CIRCLE('',#4724,340.);
#60=CIRCLE('',#4725,340.);
#61=CIRCLE('',#4728,340.);
#62=CIRCLE('',#4736,340.);
#63=CIRCLE('',#4740,340.);
#64=CIRCLE('',#4741,340.);
#65=CIRCLE('',#4742,340.);
#66=CIRCLE('',#4744,340.);
#67=CIRCLE('',#4763,340.);
#68=CIRCLE('',#4870,150.);
#69=CIRCLE('',#4871,150.);
#70=CIRCLE('',#4875,150.);
#71=CIRCLE('',#4876,150.);
#72=CIRCLE('',#4940,90.);
#73=CIRCLE('',#4942,90.);
#74=CIRCLE('',#4945,90.);
#75=CIRCLE('',#4947,90.);
#76=CIRCLE('',#4950,90.);
#77=CIRCLE('',#4952,90.);
#78=CIRCLE('',#4955,90.);
#79=CIRCLE('',#4957,90.);
#80=CIRCLE('',#4960,80.);
#81=CIRCLE('',#4962,80.);
#82=CIRCLE('',#4965,80.);
#83=CIRCLE('',#4967,80.);
#84=B_SPLINE_SURFACE_WITH_KNOTS('',3,3,((#6078,#6079,#6080,#6081),(#6082,
#6083,#6084,#6085),(#6086,#6087,#6088,#6089),(#6090,#6091,#6092,#6093)),
 .UNSPECIFIED.,.F.,.F.,.F.,(4,4),(4,4),(0.,1.),(0.,1.),.UNSPECIFIED.);
#85=B_SPLINE_SURFACE_WITH_KNOTS('',3,3,((#6126,#6127,#6128,#6129),(#6130,
#6131,#6132,#6133),(#6134,#6135,#6136,#6137),(#6138,#6139,#6140,#6141)),
 .UNSPECIFIED.,.F.,.F.,.F.,(4,4),(4,4),(0.,1.),(0.,0.648739143769081),
 .UNSPECIFIED.);
#86=B_SPLINE_SURFACE_WITH_KNOTS('',3,3,((#6170,#6171,#6172,#6173),(#6174,
#6175,#6176,#6177),(#6178,#6179,#6180,#6181),(#6182,#6183,#6184,#6185)),
 .UNSPECIFIED.,.F.,.F.,.F.,(4,4),(4,4),(0.,1.),(0.674507249040705,1.),
 .UNSPECIFIED.);
#87=B_SPLINE_SURFACE_WITH_KNOTS('',3,3,((#6231,#6232,#6233,#6234),(#6235,
#6236,#6237,#6238),(#6239,#6240,#6241,#6242),(#6243,#6244,#6245,#6246)),
 .UNSPECIFIED.,.F.,.F.,.F.,(4,4),(4,4),(0.,1.),(0.,1.),.UNSPECIFIED.);
#88=B_SPLINE_SURFACE_WITH_KNOTS('',3,3,((#6349,#6350,#6351,#6352),(#6353,
#6354,#6355,#6356),(#6357,#6358,#6359,#6360),(#6361,#6362,#6363,#6364)),
 .UNSPECIFIED.,.F.,.F.,.F.,(4,4),(4,4),(0.,1.),(0.,1.),.UNSPECIFIED.);
#89=B_SPLINE_SURFACE_WITH_KNOTS('',3,3,((#6387,#6388,#6389,#6390),(#6391,
#6392,#6393,#6394),(#6395,#6396,#6397,#6398),(#6399,#6400,#6401,#6402)),
 .UNSPECIFIED.,.F.,.F.,.F.,(4,4),(4,4),(0.,1.),(0.674507249040705,1.),
 .UNSPECIFIED.);
#90=B_SPLINE_SURFACE_WITH_KNOTS('',3,3,((#6456,#6457,#6458,#6459),(#6460,
#6461,#6462,#6463),(#6464,#6465,#6466,#6467),(#6468,#6469,#6470,#6471)),
 .UNSPECIFIED.,.F.,.F.,.F.,(4,4),(4,4),(0.,1.),(0.,1.),.UNSPECIFIED.);
#91=B_SPLINE_SURFACE_WITH_KNOTS('',3,3,((#6660,#6661,#6662,#6663,#6664,
#6665,#6666,#6667,#6668,#6669,#6670,#6671,#6672,#6673),(#6674,#6675,#6676,
#6677,#6678,#6679,#6680,#6681,#6682,#6683,#6684,#6685,#6686,#6687),(#6688,
#6689,#6690,#6691,#6692,#6693,#6694,#6695,#6696,#6697,#6698,#6699,#6700,
#6701),(#6702,#6703,#6704,#6705,#6706,#6707,#6708,#6709,#6710,#6711,#6712,
#6713,#6714,#6715)),.UNSPECIFIED.,.F.,.F.,.F.,(4,4),(4,2,2,2,2,2,4),(0.,
1.),(0.,0.134906208944304,0.319842602188433,0.504658659441231,0.696170027544396,
0.872130516465605,1.),.UNSPECIFIED.);
#92=B_SPLINE_SURFACE_WITH_KNOTS('',3,3,((#6757,#6758,#6759,#6760,#6761,
#6762,#6763,#6764,#6765,#6766,#6767,#6768,#6769,#6770),(#6771,#6772,#6773,
#6774,#6775,#6776,#6777,#6778,#6779,#6780,#6781,#6782,#6783,#6784),(#6785,
#6786,#6787,#6788,#6789,#6790,#6791,#6792,#6793,#6794,#6795,#6796,#6797,
#6798),(#6799,#6800,#6801,#6802,#6803,#6804,#6805,#6806,#6807,#6808,#6809,
#6810,#6811,#6812)),.UNSPECIFIED.,.F.,.F.,.F.,(4,4),(4,2,2,2,2,2,4),(0.,
1.),(0.,0.134906208944304,0.319842602188433,0.504658659441231,0.696170027544396,
0.872130516465605,1.),.UNSPECIFIED.);
#93=B_SPLINE_SURFACE_WITH_KNOTS('',3,3,((#6970,#6971,#6972,#6973,#6974,
#6975,#6976,#6977,#6978,#6979,#6980,#6981,#6982,#6983),(#6984,#6985,#6986,
#6987,#6988,#6989,#6990,#6991,#6992,#6993,#6994,#6995,#6996,#6997),(#6998,
#6999,#7000,#7001,#7002,#7003,#7004,#7005,#7006,#7007,#7008,#7009,#7010,
#7011),(#7012,#7013,#7014,#7015,#7016,#7017,#7018,#7019,#7020,#7021,#7022,
#7023,#7024,#7025)),.UNSPECIFIED.,.F.,.F.,.F.,(4,4),(4,2,2,2,2,2,4),(0.,
1.),(0.,0.134906208944304,0.319842602188433,0.504658659441231,0.696170027544396,
0.872130516465605,1.),.UNSPECIFIED.);
#94=B_SPLINE_SURFACE_WITH_KNOTS('',3,3,((#7152,#7153,#7154,#7155,#7156,
#7157,#7158,#7159,#7160,#7161,#7162,#7163,#7164,#7165),(#7166,#7167,#7168,
#7169,#7170,#7171,#7172,#7173,#7174,#7175,#7176,#7177,#7178,#7179),(#7180,
#7181,#7182,#7183,#7184,#7185,#7186,#7187,#7188,#7189,#7190,#7191,#7192,
#7193),(#7194,#7195,#7196,#7197,#7198,#7199,#7200,#7201,#7202,#7203,#7204,
#7205,#7206,#7207)),.UNSPECIFIED.,.F.,.F.,.F.,(4,4),(4,2,2,2,2,2,4),(0.,
1.),(0.,0.134906208944304,0.319842602188433,0.504658659441231,0.696170027544396,
0.872130516465605,0.962553758937018),.UNSPECIFIED.);
#95=B_SPLINE_SURFACE_WITH_KNOTS('',3,3,((#7264,#7265,#7266,#7267,#7268,
#7269,#7270,#7271,#7272,#7273,#7274,#7275,#7276,#7277),(#7278,#7279,#7280,
#7281,#7282,#7283,#7284,#7285,#7286,#7287,#7288,#7289,#7290,#7291),(#7292,
#7293,#7294,#7295,#7296,#7297,#7298,#7299,#7300,#7301,#7302,#7303,#7304,
#7305),(#7306,#7307,#7308,#7309,#7310,#7311,#7312,#7313,#7314,#7315,#7316,
#7317,#7318,#7319)),.UNSPECIFIED.,.F.,.F.,.F.,(4,4),(4,2,2,2,2,2,4),(0.,
1.),(0.,0.134906208944304,0.319842602188433,0.504658659441231,0.696170027544396,
0.872130516465605,1.),.UNSPECIFIED.);
#96=B_SPLINE_SURFACE_WITH_KNOTS('',3,3,((#7335,#7336,#7337,#7338,#7339,
#7340,#7341,#7342,#7343,#7344,#7345,#7346,#7347,#7348),(#7349,#7350,#7351,
#7352,#7353,#7354,#7355,#7356,#7357,#7358,#7359,#7360,#7361,#7362),(#7363,
#7364,#7365,#7366,#7367,#7368,#7369,#7370,#7371,#7372,#7373,#7374,#7375,
#7376),(#7377,#7378,#7379,#7380,#7381,#7382,#7383,#7384,#7385,#7386,#7387,
#7388,#7389,#7390)),.UNSPECIFIED.,.F.,.F.,.F.,(4,4),(4,2,2,2,2,2,4),(0.,
1.),(0.,0.134906208944304,0.319842602188433,0.504658659441231,0.696170027544396,
0.872130516465605,0.962553758937018),.UNSPECIFIED.);
#97=B_SPLINE_SURFACE_WITH_KNOTS('',3,3,((#7442,#7443,#7444,#7445,#7446,
#7447,#7448,#7449,#7450,#7451,#7452,#7453,#7454,#7455),(#7456,#7457,#7458,
#7459,#7460,#7461,#7462,#7463,#7464,#7465,#7466,#7467,#7468,#7469),(#7470,
#7471,#7472,#7473,#7474,#7475,#7476,#7477,#7478,#7479,#7480,#7481,#7482,
#7483),(#7484,#7485,#7486,#7487,#7488,#7489,#7490,#7491,#7492,#7493,#7494,
#7495,#7496,#7497)),.UNSPECIFIED.,.F.,.F.,.F.,(4,4),(4,2,2,2,2,2,4),(0.,
1.),(0.,0.134906208944304,0.319842602188433,0.504658659441231,0.696170027544396,
0.872130516465605,0.962553758937018),.UNSPECIFIED.);
#98=B_SPLINE_SURFACE_WITH_KNOTS('',3,3,((#7623,#7624,#7625,#7626),(#7627,
#7628,#7629,#7630),(#7631,#7632,#7633,#7634),(#7635,#7636,#7637,#7638)),
 .UNSPECIFIED.,.F.,.F.,.F.,(4,4),(4,4),(0.,1.),(0.,1.),.UNSPECIFIED.);
#99=B_SPLINE_SURFACE_WITH_KNOTS('',3,3,((#7709,#7710,#7711,#7712),(#7713,
#7714,#7715,#7716),(#7717,#7718,#7719,#7720),(#7721,#7722,#7723,#7724)),
 .UNSPECIFIED.,.F.,.F.,.F.,(4,4),(4,4),(0.,1.),(0.,0.648739143769081),
 .UNSPECIFIED.);
#100=B_SPLINE_SURFACE_WITH_KNOTS('',3,3,((#7725,#7726,#7727,#7728),(#7729,
#7730,#7731,#7732),(#7733,#7734,#7735,#7736),(#7737,#7738,#7739,#7740)),
 .UNSPECIFIED.,.F.,.F.,.F.,(4,4),(4,4),(0.,1.),(0.,1.),.UNSPECIFIED.);
#101=B_SPLINE_SURFACE_WITH_KNOTS('',3,3,((#7741,#7742,#7743,#7744),(#7745,
#7746,#7747,#7748),(#7749,#7750,#7751,#7752),(#7753,#7754,#7755,#7756)),
 .UNSPECIFIED.,.F.,.F.,.F.,(4,4),(4,4),(0.,0.210977172869139),(0.983297314910003,
1.),.UNSPECIFIED.);
#102=B_SPLINE_SURFACE_WITH_KNOTS('',3,3,((#7761,#7762,#7763,#7764,#7765,
#7766,#7767,#7768,#7769,#7770,#7771,#7772,#7773,#7774),(#7775,#7776,#7777,
#7778,#7779,#7780,#7781,#7782,#7783,#7784,#7785,#7786,#7787,#7788),(#7789,
#7790,#7791,#7792,#7793,#7794,#7795,#7796,#7797,#7798,#7799,#7800,#7801,
#7802),(#7803,#7804,#7805,#7806,#7807,#7808,#7809,#7810,#7811,#7812,#7813,
#7814,#7815,#7816)),.UNSPECIFIED.,.F.,.F.,.F.,(4,4),(4,2,2,2,2,2,4),(0.,
1.),(0.,0.134906208944304,0.319842602188433,0.504658659441231,0.696170027544396,
0.872130516465605,1.),.UNSPECIFIED.);
#103=B_SPLINE_SURFACE_WITH_KNOTS('',3,3,((#7831,#7832,#7833,#7834,#7835,
#7836,#7837,#7838,#7839,#7840,#7841,#7842,#7843,#7844),(#7845,#7846,#7847,
#7848,#7849,#7850,#7851,#7852,#7853,#7854,#7855,#7856,#7857,#7858),(#7859,
#7860,#7861,#7862,#7863,#7864,#7865,#7866,#7867,#7868,#7869,#7870,#7871,
#7872),(#7873,#7874,#7875,#7876,#7877,#7878,#7879,#7880,#7881,#7882,#7883,
#7884,#7885,#7886)),.UNSPECIFIED.,.F.,.F.,.F.,(4,4),(4,2,2,2,2,2,4),(0.,
1.),(0.,0.134906208944304,0.319842602188433,0.504658659441231,0.696170027544396,
0.872130516465605,0.962553758937018),.UNSPECIFIED.);
#104=FACE_OUTER_BOUND('',#373,.T.);
#105=FACE_OUTER_BOUND('',#374,.T.);
#106=FACE_OUTER_BOUND('',#375,.T.);
#107=FACE_OUTER_BOUND('',#376,.T.);
#108=FACE_OUTER_BOUND('',#377,.T.);
#109=FACE_OUTER_BOUND('',#378,.T.);
#110=FACE_OUTER_BOUND('',#379,.T.);
#111=FACE_OUTER_BOUND('',#380,.T.);
#112=FACE_OUTER_BOUND('',#381,.T.);
#113=FACE_OUTER_BOUND('',#382,.T.);
#114=FACE_OUTER_BOUND('',#383,.T.);
#115=FACE_OUTER_BOUND('',#384,.T.);
#116=FACE_OUTER_BOUND('',#385,.T.);
#117=FACE_OUTER_BOUND('',#386,.T.);
#118=FACE_OUTER_BOUND('',#387,.T.);
#119=FACE_OUTER_BOUND('',#388,.T.);
#120=FACE_OUTER_BOUND('',#389,.T.);
#121=FACE_OUTER_BOUND('',#390,.T.);
#122=FACE_OUTER_BOUND('',#391,.T.);
#123=FACE_OUTER_BOUND('',#392,.T.);
#124=FACE_OUTER_BOUND('',#393,.T.);
#125=FACE_OUTER_BOUND('',#394,.T.);
#126=FACE_OUTER_BOUND('',#395,.T.);
#127=FACE_OUTER_BOUND('',#396,.T.);
#128=FACE_OUTER_BOUND('',#397,.T.);
#129=FACE_OUTER_BOUND('',#398,.T.);
#130=FACE_OUTER_BOUND('',#399,.T.);
#131=FACE_OUTER_BOUND('',#400,.T.);
#132=FACE_OUTER_BOUND('',#401,.T.);
#133=FACE_OUTER_BOUND('',#402,.T.);
#134=FACE_OUTER_BOUND('',#403,.T.);
#135=FACE_OUTER_BOUND('',#404,.T.);
#136=FACE_OUTER_BOUND('',#405,.T.);
#137=FACE_OUTER_BOUND('',#406,.T.);
#138=FACE_OUTER_BOUND('',#407,.T.);
#139=FACE_OUTER_BOUND('',#408,.T.);
#140=FACE_OUTER_BOUND('',#409,.T.);
#141=FACE_OUTER_BOUND('',#410,.T.);
#142=FACE_OUTER_BOUND('',#411,.T.);
#143=FACE_OUTER_BOUND('',#412,.T.);
#144=FACE_OUTER_BOUND('',#413,.T.);
#145=FACE_OUTER_BOUND('',#414,.T.);
#146=FACE_OUTER_BOUND('',#415,.T.);
#147=FACE_OUTER_BOUND('',#416,.T.);
#148=FACE_OUTER_BOUND('',#417,.T.);
#149=FACE_OUTER_BOUND('',#418,.T.);
#150=FACE_OUTER_BOUND('',#419,.T.);
#151=FACE_OUTER_BOUND('',#420,.T.);
#152=FACE_OUTER_BOUND('',#421,.T.);
#153=FACE_OUTER_BOUND('',#422,.T.);
#154=FACE_OUTER_BOUND('',#423,.T.);
#155=FACE_OUTER_BOUND('',#424,.T.);
#156=FACE_OUTER_BOUND('',#425,.T.);
#157=FACE_OUTER_BOUND('',#426,.T.);
#158=FACE_OUTER_BOUND('',#427,.T.);
#159=FACE_OUTER_BOUND('',#428,.T.);
#160=FACE_OUTER_BOUND('',#429,.T.);
#161=FACE_OUTER_BOUND('',#430,.T.);
#162=FACE_OUTER_BOUND('',#431,.T.);
#163=FACE_OUTER_BOUND('',#432,.T.);
#164=FACE_OUTER_BOUND('',#433,.T.);
#165=FACE_OUTER_BOUND('',#434,.T.);
#166=FACE_OUTER_BOUND('',#435,.T.);
#167=FACE_OUTER_BOUND('',#436,.T.);
#168=FACE_OUTER_BOUND('',#437,.T.);
#169=FACE_OUTER_BOUND('',#438,.T.);
#170=FACE_OUTER_BOUND('',#439,.T.);
#171=FACE_OUTER_BOUND('',#440,.T.);
#172=FACE_OUTER_BOUND('',#441,.T.);
#173=FACE_OUTER_BOUND('',#442,.T.);
#174=FACE_OUTER_BOUND('',#443,.T.);
#175=FACE_OUTER_BOUND('',#444,.T.);
#176=FACE_OUTER_BOUND('',#445,.T.);
#177=FACE_OUTER_BOUND('',#446,.T.);
#178=FACE_OUTER_BOUND('',#447,.T.);
#179=FACE_OUTER_BOUND('',#448,.T.);
#180=FACE_OUTER_BOUND('',#449,.T.);
#181=FACE_OUTER_BOUND('',#450,.T.);
#182=FACE_OUTER_BOUND('',#451,.T.);
#183=FACE_OUTER_BOUND('',#452,.T.);
#184=FACE_OUTER_BOUND('',#453,.T.);
#185=FACE_OUTER_BOUND('',#454,.T.);
#186=FACE_OUTER_BOUND('',#455,.T.);
#187=FACE_OUTER_BOUND('',#456,.T.);
#188=FACE_OUTER_BOUND('',#457,.T.);
#189=FACE_OUTER_BOUND('',#458,.T.);
#190=FACE_OUTER_BOUND('',#459,.T.);
#191=FACE_OUTER_BOUND('',#460,.T.);
#192=FACE_OUTER_BOUND('',#461,.T.);
#193=FACE_OUTER_BOUND('',#462,.T.);
#194=FACE_OUTER_BOUND('',#463,.T.);
#195=FACE_OUTER_BOUND('',#464,.T.);
#196=FACE_OUTER_BOUND('',#465,.T.);
#197=FACE_OUTER_BOUND('',#466,.T.);
#198=FACE_OUTER_BOUND('',#467,.T.);
#199=FACE_OUTER_BOUND('',#468,.T.);
#200=FACE_OUTER_BOUND('',#469,.T.);
#201=FACE_OUTER_BOUND('',#470,.T.);
#202=FACE_OUTER_BOUND('',#471,.T.);
#203=FACE_OUTER_BOUND('',#472,.T.);
#204=FACE_OUTER_BOUND('',#473,.T.);
#205=FACE_OUTER_BOUND('',#474,.T.);
#206=FACE_OUTER_BOUND('',#475,.T.);
#207=FACE_OUTER_BOUND('',#476,.T.);
#208=FACE_OUTER_BOUND('',#477,.T.);
#209=FACE_OUTER_BOUND('',#478,.T.);
#210=FACE_OUTER_BOUND('',#479,.T.);
#211=FACE_OUTER_BOUND('',#480,.T.);
#212=FACE_OUTER_BOUND('',#481,.T.);
#213=FACE_OUTER_BOUND('',#482,.T.);
#214=FACE_OUTER_BOUND('',#483,.T.);
#215=FACE_OUTER_BOUND('',#484,.T.);
#216=FACE_OUTER_BOUND('',#485,.T.);
#217=FACE_OUTER_BOUND('',#488,.T.);
#218=FACE_OUTER_BOUND('',#489,.T.);
#219=FACE_OUTER_BOUND('',#490,.T.);
#220=FACE_OUTER_BOUND('',#491,.T.);
#221=FACE_OUTER_BOUND('',#492,.T.);
#222=FACE_OUTER_BOUND('',#493,.T.);
#223=FACE_OUTER_BOUND('',#494,.T.);
#224=FACE_OUTER_BOUND('',#495,.T.);
#225=FACE_OUTER_BOUND('',#496,.T.);
#226=FACE_OUTER_BOUND('',#497,.T.);
#227=FACE_OUTER_BOUND('',#498,.T.);
#228=FACE_OUTER_BOUND('',#499,.T.);
#229=FACE_OUTER_BOUND('',#500,.T.);
#230=FACE_OUTER_BOUND('',#501,.T.);
#231=FACE_OUTER_BOUND('',#502,.T.);
#232=FACE_OUTER_BOUND('',#503,.T.);
#233=FACE_OUTER_BOUND('',#504,.T.);
#234=FACE_OUTER_BOUND('',#505,.T.);
#235=FACE_OUTER_BOUND('',#506,.T.);
#236=FACE_OUTER_BOUND('',#507,.T.);
#237=FACE_OUTER_BOUND('',#508,.T.);
#238=FACE_OUTER_BOUND('',#509,.T.);
#239=FACE_OUTER_BOUND('',#510,.T.);
#240=FACE_OUTER_BOUND('',#511,.T.);
#241=FACE_OUTER_BOUND('',#512,.T.);
#242=FACE_OUTER_BOUND('',#513,.T.);
#243=FACE_OUTER_BOUND('',#514,.T.);
#244=FACE_OUTER_BOUND('',#515,.T.);
#245=FACE_OUTER_BOUND('',#516,.T.);
#246=FACE_OUTER_BOUND('',#517,.T.);
#247=FACE_OUTER_BOUND('',#518,.T.);
#248=FACE_OUTER_BOUND('',#519,.T.);
#249=FACE_OUTER_BOUND('',#520,.T.);
#250=FACE_OUTER_BOUND('',#521,.T.);
#251=FACE_OUTER_BOUND('',#522,.T.);
#252=FACE_OUTER_BOUND('',#523,.T.);
#253=FACE_OUTER_BOUND('',#524,.T.);
#254=FACE_OUTER_BOUND('',#525,.T.);
#255=FACE_OUTER_BOUND('',#526,.T.);
#256=FACE_OUTER_BOUND('',#527,.T.);
#257=FACE_OUTER_BOUND('',#528,.T.);
#258=FACE_OUTER_BOUND('',#529,.T.);
#259=FACE_OUTER_BOUND('',#530,.T.);
#260=FACE_OUTER_BOUND('',#531,.T.);
#261=FACE_OUTER_BOUND('',#532,.T.);
#262=FACE_OUTER_BOUND('',#533,.T.);
#263=FACE_OUTER_BOUND('',#534,.T.);
#264=FACE_OUTER_BOUND('',#535,.T.);
#265=FACE_OUTER_BOUND('',#536,.T.);
#266=FACE_OUTER_BOUND('',#537,.T.);
#267=FACE_OUTER_BOUND('',#538,.T.);
#268=FACE_OUTER_BOUND('',#539,.T.);
#269=FACE_OUTER_BOUND('',#540,.T.);
#270=FACE_OUTER_BOUND('',#541,.T.);
#271=FACE_OUTER_BOUND('',#542,.T.);
#272=FACE_OUTER_BOUND('',#543,.T.);
#273=FACE_OUTER_BOUND('',#544,.T.);
#274=FACE_OUTER_BOUND('',#545,.T.);
#275=FACE_OUTER_BOUND('',#546,.T.);
#276=FACE_OUTER_BOUND('',#547,.T.);
#277=FACE_OUTER_BOUND('',#548,.T.);
#278=FACE_OUTER_BOUND('',#549,.T.);
#279=FACE_OUTER_BOUND('',#550,.T.);
#280=FACE_OUTER_BOUND('',#551,.T.);
#281=FACE_OUTER_BOUND('',#552,.T.);
#282=FACE_OUTER_BOUND('',#553,.T.);
#283=FACE_OUTER_BOUND('',#554,.T.);
#284=FACE_OUTER_BOUND('',#555,.T.);
#285=FACE_OUTER_BOUND('',#556,.T.);
#286=FACE_OUTER_BOUND('',#557,.T.);
#287=FACE_OUTER_BOUND('',#558,.T.);
#288=FACE_OUTER_BOUND('',#559,.T.);
#289=FACE_OUTER_BOUND('',#560,.T.);
#290=FACE_OUTER_BOUND('',#561,.T.);
#291=FACE_OUTER_BOUND('',#562,.T.);
#292=FACE_OUTER_BOUND('',#563,.T.);
#293=FACE_OUTER_BOUND('',#564,.T.);
#294=FACE_OUTER_BOUND('',#565,.T.);
#295=FACE_OUTER_BOUND('',#566,.T.);
#296=FACE_OUTER_BOUND('',#567,.T.);
#297=FACE_OUTER_BOUND('',#568,.T.);
#298=FACE_OUTER_BOUND('',#569,.T.);
#299=FACE_OUTER_BOUND('',#570,.T.);
#300=FACE_OUTER_BOUND('',#571,.T.);
#301=FACE_OUTER_BOUND('',#572,.T.);
#302=FACE_OUTER_BOUND('',#573,.T.);
#303=FACE_OUTER_BOUND('',#574,.T.);
#304=FACE_OUTER_BOUND('',#575,.T.);
#305=FACE_OUTER_BOUND('',#576,.T.);
#306=FACE_OUTER_BOUND('',#577,.T.);
#307=FACE_OUTER_BOUND('',#578,.T.);
#308=FACE_OUTER_BOUND('',#579,.T.);
#309=FACE_OUTER_BOUND('',#580,.T.);
#310=FACE_OUTER_BOUND('',#581,.T.);
#311=FACE_OUTER_BOUND('',#582,.T.);
#312=FACE_OUTER_BOUND('',#583,.T.);
#313=FACE_OUTER_BOUND('',#584,.T.);
#314=FACE_OUTER_BOUND('',#585,.T.);
#315=FACE_OUTER_BOUND('',#586,.T.);
#316=FACE_OUTER_BOUND('',#587,.T.);
#317=FACE_OUTER_BOUND('',#588,.T.);
#318=FACE_OUTER_BOUND('',#589,.T.);
#319=FACE_OUTER_BOUND('',#590,.T.);
#320=FACE_OUTER_BOUND('',#591,.T.);
#321=FACE_OUTER_BOUND('',#592,.T.);
#322=FACE_OUTER_BOUND('',#593,.T.);
#323=FACE_OUTER_BOUND('',#594,.T.);
#324=FACE_OUTER_BOUND('',#595,.T.);
#325=FACE_OUTER_BOUND('',#596,.T.);
#326=FACE_OUTER_BOUND('',#597,.T.);
#327=FACE_OUTER_BOUND('',#598,.T.);
#328=FACE_OUTER_BOUND('',#599,.T.);
#329=FACE_OUTER_BOUND('',#600,.T.);
#330=FACE_OUTER_BOUND('',#601,.T.);
#331=FACE_OUTER_BOUND('',#602,.T.);
#332=FACE_OUTER_BOUND('',#603,.T.);
#333=FACE_OUTER_BOUND('',#604,.T.);
#334=FACE_OUTER_BOUND('',#605,.T.);
#335=FACE_OUTER_BOUND('',#606,.T.);
#336=FACE_OUTER_BOUND('',#607,.T.);
#337=FACE_OUTER_BOUND('',#608,.T.);
#338=FACE_OUTER_BOUND('',#609,.T.);
#339=FACE_OUTER_BOUND('',#610,.T.);
#340=FACE_OUTER_BOUND('',#611,.T.);
#341=FACE_OUTER_BOUND('',#612,.T.);
#342=FACE_OUTER_BOUND('',#613,.T.);
#343=FACE_OUTER_BOUND('',#614,.T.);
#344=FACE_OUTER_BOUND('',#615,.T.);
#345=FACE_OUTER_BOUND('',#616,.T.);
#346=FACE_OUTER_BOUND('',#617,.T.);
#347=FACE_OUTER_BOUND('',#618,.T.);
#348=FACE_OUTER_BOUND('',#619,.T.);
#349=FACE_OUTER_BOUND('',#620,.T.);
#350=FACE_OUTER_BOUND('',#621,.T.);
#351=FACE_OUTER_BOUND('',#622,.T.);
#352=FACE_OUTER_BOUND('',#623,.T.);
#353=FACE_OUTER_BOUND('',#624,.T.);
#354=FACE_OUTER_BOUND('',#625,.T.);
#355=FACE_OUTER_BOUND('',#626,.T.);
#356=FACE_OUTER_BOUND('',#627,.T.);
#357=FACE_OUTER_BOUND('',#628,.T.);
#358=FACE_OUTER_BOUND('',#629,.T.);
#359=FACE_OUTER_BOUND('',#630,.T.);
#360=FACE_OUTER_BOUND('',#631,.T.);
#361=FACE_OUTER_BOUND('',#632,.T.);
#362=FACE_OUTER_BOUND('',#633,.T.);
#363=FACE_OUTER_BOUND('',#634,.T.);
#364=FACE_OUTER_BOUND('',#635,.T.);
#365=FACE_OUTER_BOUND('',#636,.T.);
#366=FACE_OUTER_BOUND('',#637,.T.);
#367=FACE_OUTER_BOUND('',#638,.T.);
#368=FACE_OUTER_BOUND('',#639,.T.);
#369=FACE_OUTER_BOUND('',#640,.T.);
#370=FACE_OUTER_BOUND('',#641,.T.);
#371=FACE_OUTER_BOUND('',#642,.T.);
#372=FACE_OUTER_BOUND('',#643,.T.);
#373=EDGE_LOOP('',(#2767,#2768,#2769,#2770));
#374=EDGE_LOOP('',(#2771,#2772,#2773,#2774,#2775,#2776,#2777));
#375=EDGE_LOOP('',(#2778,#2779,#2780,#2781,#2782,#2783,#2784));
#376=EDGE_LOOP('',(#2785,#2786,#2787,#2788));
#377=EDGE_LOOP('',(#2789,#2790,#2791,#2792));
#378=EDGE_LOOP('',(#2793,#2794,#2795,#2796));
#379=EDGE_LOOP('',(#2797,#2798,#2799,#2800,#2801,#2802,#2803,#2804,#2805));
#380=EDGE_LOOP('',(#2806,#2807,#2808,#2809,#2810,#2811,#2812,#2813));
#381=EDGE_LOOP('',(#2814,#2815,#2816,#2817,#2818));
#382=EDGE_LOOP('',(#2819,#2820,#2821,#2822,#2823));
#383=EDGE_LOOP('',(#2824,#2825,#2826,#2827));
#384=EDGE_LOOP('',(#2828,#2829,#2830,#2831,#2832));
#385=EDGE_LOOP('',(#2833,#2834,#2835,#2836));
#386=EDGE_LOOP('',(#2837,#2838,#2839,#2840));
#387=EDGE_LOOP('',(#2841,#2842,#2843,#2844,#2845,#2846,#2847,#2848,#2849,
#2850,#2851,#2852,#2853,#2854,#2855,#2856));
#388=EDGE_LOOP('',(#2857,#2858,#2859,#2860,#2861,#2862,#2863));
#389=EDGE_LOOP('',(#2864,#2865,#2866,#2867));
#390=EDGE_LOOP('',(#2868,#2869,#2870,#2871));
#391=EDGE_LOOP('',(#2872,#2873,#2874,#2875,#2876,#2877,#2878));
#392=EDGE_LOOP('',(#2879,#2880,#2881,#2882));
#393=EDGE_LOOP('',(#2883,#2884,#2885,#2886));
#394=EDGE_LOOP('',(#2887,#2888,#2889,#2890,#2891,#2892,#2893,#2894));
#395=EDGE_LOOP('',(#2895,#2896,#2897,#2898));
#396=EDGE_LOOP('',(#2899,#2900,#2901,#2902,#2903));
#397=EDGE_LOOP('',(#2904,#2905,#2906,#2907));
#398=EDGE_LOOP('',(#2908,#2909,#2910,#2911,#2912));
#399=EDGE_LOOP('',(#2913,#2914,#2915,#2916));
#400=EDGE_LOOP('',(#2917,#2918,#2919,#2920));
#401=EDGE_LOOP('',(#2921,#2922,#2923,#2924,#2925,#2926,#2927,#2928,#2929,
#2930,#2931,#2932,#2933));
#402=EDGE_LOOP('',(#2934,#2935,#2936,#2937,#2938));
#403=EDGE_LOOP('',(#2939,#2940,#2941,#2942,#2943,#2944));
#404=EDGE_LOOP('',(#2945,#2946,#2947,#2948));
#405=EDGE_LOOP('',(#2949,#2950,#2951,#2952));
#406=EDGE_LOOP('',(#2953,#2954,#2955,#2956,#2957,#2958));
#407=EDGE_LOOP('',(#2959,#2960,#2961,#2962));
#408=EDGE_LOOP('',(#2963,#2964,#2965,#2966,#2967,#2968,#2969,#2970,#2971,
#2972,#2973,#2974,#2975,#2976,#2977));
#409=EDGE_LOOP('',(#2978,#2979,#2980,#2981,#2982));
#410=EDGE_LOOP('',(#2983,#2984,#2985));
#411=EDGE_LOOP('',(#2986,#2987,#2988,#2989));
#412=EDGE_LOOP('',(#2990,#2991,#2992,#2993));
#413=EDGE_LOOP('',(#2994,#2995,#2996,#2997));
#414=EDGE_LOOP('',(#2998,#2999,#3000,#3001));
#415=EDGE_LOOP('',(#3002,#3003,#3004,#3005,#3006));
#416=EDGE_LOOP('',(#3007,#3008,#3009,#3010,#3011,#3012,#3013,#3014));
#417=EDGE_LOOP('',(#3015,#3016,#3017,#3018,#3019,#3020,#3021,#3022,#3023,
#3024,#3025,#3026));
#418=EDGE_LOOP('',(#3027,#3028,#3029,#3030));
#419=EDGE_LOOP('',(#3031,#3032,#3033,#3034));
#420=EDGE_LOOP('',(#3035,#3036,#3037,#3038));
#421=EDGE_LOOP('',(#3039,#3040,#3041,#3042));
#422=EDGE_LOOP('',(#3043,#3044,#3045,#3046,#3047,#3048,#3049,#3050,#3051,
#3052,#3053,#3054,#3055,#3056,#3057,#3058,#3059,#3060,#3061,#3062,#3063,
#3064,#3065,#3066,#3067,#3068,#3069,#3070,#3071));
#423=EDGE_LOOP('',(#3072,#3073,#3074,#3075,#3076,#3077));
#424=EDGE_LOOP('',(#3078,#3079,#3080,#3081));
#425=EDGE_LOOP('',(#3082,#3083,#3084,#3085));
#426=EDGE_LOOP('',(#3086,#3087,#3088,#3089,#3090,#3091));
#427=EDGE_LOOP('',(#3092,#3093,#3094,#3095,#3096));
#428=EDGE_LOOP('',(#3097,#3098,#3099,#3100));
#429=EDGE_LOOP('',(#3101,#3102,#3103,#3104,#3105,#3106,#3107,#3108,#3109,
#3110,#3111,#3112,#3113,#3114));
#430=EDGE_LOOP('',(#3115,#3116,#3117,#3118));
#431=EDGE_LOOP('',(#3119,#3120,#3121,#3122));
#432=EDGE_LOOP('',(#3123,#3124,#3125,#3126));
#433=EDGE_LOOP('',(#3127,#3128,#3129,#3130));
#434=EDGE_LOOP('',(#3131,#3132,#3133,#3134));
#435=EDGE_LOOP('',(#3135,#3136,#3137,#3138));
#436=EDGE_LOOP('',(#3139,#3140,#3141));
#437=EDGE_LOOP('',(#3142,#3143,#3144,#3145));
#438=EDGE_LOOP('',(#3146,#3147,#3148,#3149));
#439=EDGE_LOOP('',(#3150,#3151,#3152,#3153));
#440=EDGE_LOOP('',(#3154,#3155,#3156,#3157));
#441=EDGE_LOOP('',(#3158,#3159,#3160,#3161,#3162));
#442=EDGE_LOOP('',(#3163,#3164,#3165,#3166,#3167,#3168,#3169,#3170,#3171));
#443=EDGE_LOOP('',(#3172,#3173,#3174,#3175,#3176,#3177,#3178,#3179,#3180,
#3181,#3182));
#444=EDGE_LOOP('',(#3183,#3184,#3185,#3186,#3187));
#445=EDGE_LOOP('',(#3188,#3189,#3190,#3191,#3192,#3193,#3194,#3195,#3196,
#3197,#3198,#3199,#3200,#3201,#3202));
#446=EDGE_LOOP('',(#3203,#3204,#3205,#3206,#3207,#3208,#3209,#3210,#3211));
#447=EDGE_LOOP('',(#3212,#3213,#3214,#3215,#3216,#3217,#3218,#3219));
#448=EDGE_LOOP('',(#3220,#3221,#3222,#3223));
#449=EDGE_LOOP('',(#3224,#3225,#3226,#3227));
#450=EDGE_LOOP('',(#3228,#3229,#3230,#3231));
#451=EDGE_LOOP('',(#3232,#3233,#3234,#3235));
#452=EDGE_LOOP('',(#3236,#3237,#3238,#3239));
#453=EDGE_LOOP('',(#3240,#3241,#3242,#3243));
#454=EDGE_LOOP('',(#3244,#3245,#3246,#3247));
#455=EDGE_LOOP('',(#3248,#3249,#3250,#3251));
#456=EDGE_LOOP('',(#3252,#3253,#3254,#3255));
#457=EDGE_LOOP('',(#3256,#3257,#3258,#3259));
#458=EDGE_LOOP('',(#3260,#3261,#3262,#3263));
#459=EDGE_LOOP('',(#3264,#3265,#3266,#3267));
#460=EDGE_LOOP('',(#3268,#3269,#3270,#3271,#3272,#3273));
#461=EDGE_LOOP('',(#3274,#3275,#3276));
#462=EDGE_LOOP('',(#3277,#3278,#3279,#3280));
#463=EDGE_LOOP('',(#3281,#3282,#3283,#3284));
#464=EDGE_LOOP('',(#3285,#3286,#3287,#3288));
#465=EDGE_LOOP('',(#3289,#3290,#3291,#3292));
#466=EDGE_LOOP('',(#3293,#3294,#3295,#3296,#3297));
#467=EDGE_LOOP('',(#3298,#3299,#3300,#3301,#3302,#3303,#3304,#3305));
#468=EDGE_LOOP('',(#3306,#3307,#3308,#3309,#3310,#3311,#3312,#3313));
#469=EDGE_LOOP('',(#3314,#3315,#3316,#3317,#3318));
#470=EDGE_LOOP('',(#3319,#3320,#3321,#3322,#3323));
#471=EDGE_LOOP('',(#3324,#3325,#3326,#3327));
#472=EDGE_LOOP('',(#3328,#3329,#3330,#3331,#3332,#3333));
#473=EDGE_LOOP('',(#3334,#3335,#3336,#3337));
#474=EDGE_LOOP('',(#3338,#3339,#3340,#3341));
#475=EDGE_LOOP('',(#3342,#3343,#3344,#3345));
#476=EDGE_LOOP('',(#3346,#3347,#3348,#3349,#3350));
#477=EDGE_LOOP('',(#3351,#3352,#3353));
#478=EDGE_LOOP('',(#3354,#3355,#3356,#3357));
#479=EDGE_LOOP('',(#3358,#3359,#3360,#3361,#3362,#3363));
#480=EDGE_LOOP('',(#3364,#3365,#3366,#3367,#3368,#3369,#3370));
#481=EDGE_LOOP('',(#3371,#3372,#3373,#3374,#3375,#3376,#3377,#3378));
#482=EDGE_LOOP('',(#3379,#3380,#3381,#3382,#3383,#3384,#3385,#3386));
#483=EDGE_LOOP('',(#3387,#3388,#3389));
#484=EDGE_LOOP('',(#3390,#3391,#3392,#3393,#3394,#3395,#3396,#3397,#3398));
#485=EDGE_LOOP('',(#3399,#3400,#3401,#3402,#3403,#3404,#3405,#3406,#3407,
#3408,#3409,#3410));
#486=EDGE_LOOP('',(#3411,#3412,#3413,#3414));
#487=EDGE_LOOP('',(#3415,#3416,#3417,#3418));
#488=EDGE_LOOP('',(#3419,#3420,#3421,#3422,#3423,#3424,#3425,#3426));
#489=EDGE_LOOP('',(#3427,#3428,#3429,#3430,#3431,#3432,#3433,#3434));
#490=EDGE_LOOP('',(#3435,#3436,#3437,#3438));
#491=EDGE_LOOP('',(#3439,#3440,#3441,#3442));
#492=EDGE_LOOP('',(#3443,#3444,#3445,#3446));
#493=EDGE_LOOP('',(#3447,#3448,#3449,#3450));
#494=EDGE_LOOP('',(#3451,#3452,#3453,#3454));
#495=EDGE_LOOP('',(#3455,#3456,#3457,#3458));
#496=EDGE_LOOP('',(#3459,#3460,#3461,#3462,#3463,#3464,#3465,#3466,#3467,
#3468,#3469,#3470));
#497=EDGE_LOOP('',(#3471,#3472,#3473,#3474));
#498=EDGE_LOOP('',(#3475,#3476,#3477,#3478));
#499=EDGE_LOOP('',(#3479,#3480,#3481,#3482,#3483,#3484));
#500=EDGE_LOOP('',(#3485,#3486,#3487,#3488,#3489,#3490));
#501=EDGE_LOOP('',(#3491,#3492,#3493,#3494));
#502=EDGE_LOOP('',(#3495,#3496,#3497,#3498));
#503=EDGE_LOOP('',(#3499,#3500,#3501,#3502,#3503,#3504));
#504=EDGE_LOOP('',(#3505,#3506,#3507,#3508));
#505=EDGE_LOOP('',(#3509,#3510,#3511,#3512));
#506=EDGE_LOOP('',(#3513,#3514,#3515,#3516));
#507=EDGE_LOOP('',(#3517,#3518,#3519,#3520));
#508=EDGE_LOOP('',(#3521,#3522,#3523,#3524));
#509=EDGE_LOOP('',(#3525,#3526,#3527,#3528));
#510=EDGE_LOOP('',(#3529,#3530,#3531,#3532));
#511=EDGE_LOOP('',(#3533,#3534,#3535,#3536));
#512=EDGE_LOOP('',(#3537,#3538,#3539,#3540));
#513=EDGE_LOOP('',(#3541,#3542,#3543,#3544));
#514=EDGE_LOOP('',(#3545,#3546,#3547,#3548));
#515=EDGE_LOOP('',(#3549,#3550,#3551,#3552));
#516=EDGE_LOOP('',(#3553,#3554,#3555,#3556));
#517=EDGE_LOOP('',(#3557,#3558,#3559,#3560));
#518=EDGE_LOOP('',(#3561,#3562,#3563,#3564));
#519=EDGE_LOOP('',(#3565,#3566,#3567,#3568));
#520=EDGE_LOOP('',(#3569,#3570,#3571,#3572));
#521=EDGE_LOOP('',(#3573,#3574,#3575,#3576));
#522=EDGE_LOOP('',(#3577,#3578,#3579,#3580,#3581,#3582));
#523=EDGE_LOOP('',(#3583,#3584,#3585,#3586,#3587,#3588));
#524=EDGE_LOOP('',(#3589,#3590,#3591,#3592));
#525=EDGE_LOOP('',(#3593,#3594,#3595,#3596));
#526=EDGE_LOOP('',(#3597,#3598,#3599,#3600));
#527=EDGE_LOOP('',(#3601,#3602,#3603,#3604));
#528=EDGE_LOOP('',(#3605,#3606,#3607,#3608));
#529=EDGE_LOOP('',(#3609,#3610,#3611,#3612));
#530=EDGE_LOOP('',(#3613,#3614,#3615,#3616));
#531=EDGE_LOOP('',(#3617,#3618,#3619,#3620));
#532=EDGE_LOOP('',(#3621,#3622,#3623,#3624));
#533=EDGE_LOOP('',(#3625,#3626,#3627,#3628));
#534=EDGE_LOOP('',(#3629,#3630,#3631,#3632));
#535=EDGE_LOOP('',(#3633,#3634,#3635,#3636));
#536=EDGE_LOOP('',(#3637,#3638,#3639,#3640));
#537=EDGE_LOOP('',(#3641,#3642,#3643,#3644));
#538=EDGE_LOOP('',(#3645,#3646,#3647,#3648));
#539=EDGE_LOOP('',(#3649,#3650,#3651,#3652));
#540=EDGE_LOOP('',(#3653,#3654,#3655,#3656));
#541=EDGE_LOOP('',(#3657,#3658,#3659,#3660));
#542=EDGE_LOOP('',(#3661,#3662,#3663,#3664));
#543=EDGE_LOOP('',(#3665,#3666,#3667,#3668));
#544=EDGE_LOOP('',(#3669,#3670,#3671,#3672));
#545=EDGE_LOOP('',(#3673,#3674,#3675,#3676));
#546=EDGE_LOOP('',(#3677,#3678,#3679,#3680));
#547=EDGE_LOOP('',(#3681,#3682,#3683,#3684));
#548=EDGE_LOOP('',(#3685,#3686,#3687,#3688));
#549=EDGE_LOOP('',(#3689,#3690,#3691,#3692));
#550=EDGE_LOOP('',(#3693,#3694,#3695,#3696));
#551=EDGE_LOOP('',(#3697,#3698,#3699,#3700));
#552=EDGE_LOOP('',(#3701,#3702,#3703,#3704));
#553=EDGE_LOOP('',(#3705,#3706,#3707,#3708));
#554=EDGE_LOOP('',(#3709,#3710,#3711,#3712));
#555=EDGE_LOOP('',(#3713,#3714,#3715,#3716));
#556=EDGE_LOOP('',(#3717,#3718,#3719,#3720));
#557=EDGE_LOOP('',(#3721,#3722,#3723,#3724));
#558=EDGE_LOOP('',(#3725,#3726,#3727,#3728));
#559=EDGE_LOOP('',(#3729,#3730,#3731,#3732));
#560=EDGE_LOOP('',(#3733,#3734,#3735,#3736));
#561=EDGE_LOOP('',(#3737));
#562=EDGE_LOOP('',(#3738));
#563=EDGE_LOOP('',(#3739,#3740,#3741,#3742));
#564=EDGE_LOOP('',(#3743));
#565=EDGE_LOOP('',(#3744));
#566=EDGE_LOOP('',(#3745,#3746,#3747,#3748));
#567=EDGE_LOOP('',(#3749,#3750,#3751,#3752));
#568=EDGE_LOOP('',(#3753,#3754,#3755,#3756));
#569=EDGE_LOOP('',(#3757,#3758,#3759,#3760));
#570=EDGE_LOOP('',(#3761,#3762,#3763,#3764));
#571=EDGE_LOOP('',(#3765,#3766,#3767,#3768));
#572=EDGE_LOOP('',(#3769,#3770,#3771,#3772));
#573=EDGE_LOOP('',(#3773,#3774,#3775,#3776));
#574=EDGE_LOOP('',(#3777,#3778,#3779,#3780));
#575=EDGE_LOOP('',(#3781,#3782,#3783,#3784));
#576=EDGE_LOOP('',(#3785,#3786,#3787,#3788));
#577=EDGE_LOOP('',(#3789,#3790,#3791,#3792));
#578=EDGE_LOOP('',(#3793,#3794,#3795,#3796));
#579=EDGE_LOOP('',(#3797,#3798,#3799,#3800));
#580=EDGE_LOOP('',(#3801,#3802,#3803,#3804));
#581=EDGE_LOOP('',(#3805,#3806,#3807,#3808));
#582=EDGE_LOOP('',(#3809,#3810,#3811,#3812));
#583=EDGE_LOOP('',(#3813,#3814,#3815,#3816));
#584=EDGE_LOOP('',(#3817,#3818,#3819,#3820));
#585=EDGE_LOOP('',(#3821,#3822,#3823,#3824));
#586=EDGE_LOOP('',(#3825,#3826,#3827,#3828));
#587=EDGE_LOOP('',(#3829,#3830,#3831,#3832));
#588=EDGE_LOOP('',(#3833,#3834,#3835,#3836));
#589=EDGE_LOOP('',(#3837,#3838,#3839,#3840));
#590=EDGE_LOOP('',(#3841,#3842,#3843,#3844));
#591=EDGE_LOOP('',(#3845,#3846,#3847,#3848));
#592=EDGE_LOOP('',(#3849,#3850,#3851,#3852));
#593=EDGE_LOOP('',(#3853,#3854,#3855,#3856));
#594=EDGE_LOOP('',(#3857,#3858,#3859,#3860));
#595=EDGE_LOOP('',(#3861,#3862,#3863,#3864));
#596=EDGE_LOOP('',(#3865,#3866,#3867,#3868));
#597=EDGE_LOOP('',(#3869,#3870,#3871,#3872));
#598=EDGE_LOOP('',(#3873,#3874,#3875,#3876));
#599=EDGE_LOOP('',(#3877,#3878,#3879,#3880));
#600=EDGE_LOOP('',(#3881,#3882,#3883,#3884));
#601=EDGE_LOOP('',(#3885,#3886,#3887,#3888));
#602=EDGE_LOOP('',(#3889,#3890,#3891,#3892));
#603=EDGE_LOOP('',(#3893,#3894,#3895,#3896));
#604=EDGE_LOOP('',(#3897,#3898,#3899,#3900));
#605=EDGE_LOOP('',(#3901,#3902,#3903,#3904));
#606=EDGE_LOOP('',(#3905,#3906,#3907,#3908));
#607=EDGE_LOOP('',(#3909,#3910,#3911,#3912));
#608=EDGE_LOOP('',(#3913,#3914,#3915,#3916));
#609=EDGE_LOOP('',(#3917,#3918,#3919,#3920));
#610=EDGE_LOOP('',(#3921,#3922,#3923,#3924));
#611=EDGE_LOOP('',(#3925,#3926,#3927,#3928));
#612=EDGE_LOOP('',(#3929,#3930,#3931,#3932));
#613=EDGE_LOOP('',(#3933,#3934,#3935,#3936));
#614=EDGE_LOOP('',(#3937,#3938,#3939,#3940));
#615=EDGE_LOOP('',(#3941,#3942,#3943,#3944));
#616=EDGE_LOOP('',(#3945,#3946,#3947,#3948));
#617=EDGE_LOOP('',(#3949,#3950,#3951,#3952));
#618=EDGE_LOOP('',(#3953,#3954,#3955,#3956));
#619=EDGE_LOOP('',(#3957,#3958,#3959,#3960));
#620=EDGE_LOOP('',(#3961,#3962,#3963,#3964));
#621=EDGE_LOOP('',(#3965,#3966,#3967,#3968));
#622=EDGE_LOOP('',(#3969,#3970,#3971,#3972));
#623=EDGE_LOOP('',(#3973,#3974,#3975,#3976));
#624=EDGE_LOOP('',(#3977,#3978,#3979,#3980));
#625=EDGE_LOOP('',(#3981,#3982,#3983,#3984));
#626=EDGE_LOOP('',(#3985));
#627=EDGE_LOOP('',(#3986,#3987,#3988,#3989));
#628=EDGE_LOOP('',(#3990));
#629=EDGE_LOOP('',(#3991));
#630=EDGE_LOOP('',(#3992,#3993,#3994,#3995));
#631=EDGE_LOOP('',(#3996));
#632=EDGE_LOOP('',(#3997));
#633=EDGE_LOOP('',(#3998,#3999,#4000,#4001));
#634=EDGE_LOOP('',(#4002));
#635=EDGE_LOOP('',(#4003));
#636=EDGE_LOOP('',(#4004,#4005,#4006,#4007));
#637=EDGE_LOOP('',(#4008));
#638=EDGE_LOOP('',(#4009));
#639=EDGE_LOOP('',(#4010,#4011,#4012,#4013));
#640=EDGE_LOOP('',(#4014));
#641=EDGE_LOOP('',(#4015));
#642=EDGE_LOOP('',(#4016,#4017,#4018,#4019));
#643=EDGE_LOOP('',(#4020));
#644=LINE('',#6019,#1125);
#645=LINE('',#6021,#1126);
#646=LINE('',#6022,#1127);
#647=LINE('',#6042,#1128);
#648=LINE('',#6044,#1129);
#649=LINE('',#6045,#1130);
#650=LINE('',#6053,#1131);
#651=LINE('',#6055,#1132);
#652=LINE('',#6057,#1133);
#653=LINE('',#6070,#1134);
#654=LINE('',#6071,#1135);
#655=LINE('',#6102,#1136);
#656=LINE('',#6169,#1137);
#657=LINE('',#6207,#1138);
#658=LINE('',#6209,#1139);
#659=LINE('',#6210,#1140);
#660=LINE('',#6213,#1141);
#661=LINE('',#6214,#1142);
#662=LINE('',#6222,#1143);
#663=LINE('',#6223,#1144);
#664=LINE('',#6229,#1145);
#665=LINE('',#6266,#1146);
#666=LINE('',#6275,#1147);
#667=LINE('',#6281,#1148);
#668=LINE('',#6302,#1149);
#669=LINE('',#6304,#1150);
#670=LINE('',#6306,#1151);
#671=LINE('',#6307,#1152);
#672=LINE('',#6315,#1153);
#673=LINE('',#6316,#1154);
#674=LINE('',#6319,#1155);
#675=LINE('',#6321,#1156);
#676=LINE('',#6322,#1157);
#677=LINE('',#6330,#1158);
#678=LINE('',#6331,#1159);
#679=LINE('',#6371,#1160);
#680=LINE('',#6380,#1161);
#681=LINE('',#6408,#1162);
#682=LINE('',#6422,#1163);
#683=LINE('',#6424,#1164);
#684=LINE('',#6425,#1165);
#685=LINE('',#6433,#1166);
#686=LINE('',#6434,#1167);
#687=LINE('',#6443,#1168);
#688=LINE('',#6444,#1169);
#689=LINE('',#6454,#1170);
#690=LINE('',#6484,#1171);
#691=LINE('',#6493,#1172);
#692=LINE('',#6494,#1173);
#693=LINE('',#6503,#1174);
#694=LINE('',#6505,#1175);
#695=LINE('',#6507,#1176);
#696=LINE('',#6508,#1177);
#697=LINE('',#6516,#1178);
#698=LINE('',#6518,#1179);
#699=LINE('',#6520,#1180);
#700=LINE('',#6521,#1181);
#701=LINE('',#6524,#1182);
#702=LINE('',#6526,#1183);
#703=LINE('',#6527,#1184);
#704=LINE('',#6529,#1185);
#705=LINE('',#6530,#1186);
#706=LINE('',#6548,#1187);
#707=LINE('',#6552,#1188);
#708=LINE('',#6556,#1189);
#709=LINE('',#6560,#1190);
#710=LINE('',#6614,#1191);
#711=LINE('',#6616,#1192);
#712=LINE('',#6617,#1193);
#713=LINE('',#6623,#1194);
#714=LINE('',#6624,#1195);
#715=LINE('',#6633,#1196);
#716=LINE('',#6635,#1197);
#717=LINE('',#6636,#1198);
#718=LINE('',#6639,#1199);
#719=LINE('',#6641,#1200);
#720=LINE('',#6642,#1201);
#721=LINE('',#6645,#1202);
#722=LINE('',#6646,#1203);
#723=LINE('',#6648,#1204);
#724=LINE('',#6649,#1205);
#725=LINE('',#6735,#1206);
#726=LINE('',#6752,#1207);
#727=LINE('',#6814,#1208);
#728=LINE('',#6873,#1209);
#729=LINE('',#6877,#1210);
#730=LINE('',#6879,#1211);
#731=LINE('',#6881,#1212);
#732=LINE('',#6882,#1213);
#733=LINE('',#6887,#1214);
#734=LINE('',#6888,#1215);
#735=LINE('',#6891,#1216);
#736=LINE('',#6893,#1217);
#737=LINE('',#6894,#1218);
#738=LINE('',#6896,#1219);
#739=LINE('',#6898,#1220);
#740=LINE('',#6900,#1221);
#741=LINE('',#6902,#1222);
#742=LINE('',#6904,#1223);
#743=LINE('',#6906,#1224);
#744=LINE('',#6907,#1225);
#745=LINE('',#6909,#1226);
#746=LINE('',#6910,#1227);
#747=LINE('',#6912,#1228);
#748=LINE('',#6914,#1229);
#749=LINE('',#6915,#1230);
#750=LINE('',#6917,#1231);
#751=LINE('',#6919,#1232);
#752=LINE('',#6933,#1233);
#753=LINE('',#6935,#1234);
#754=LINE('',#6937,#1235);
#755=LINE('',#6938,#1236);
#756=LINE('',#6942,#1237);
#757=LINE('',#6943,#1238);
#758=LINE('',#6944,#1239);
#759=LINE('',#6947,#1240);
#760=LINE('',#6948,#1241);
#761=LINE('',#6960,#1242);
#762=LINE('',#6961,#1243);
#763=LINE('',#6962,#1244);
#764=LINE('',#6968,#1245);
#765=LINE('',#7052,#1246);
#766=LINE('',#7087,#1247);
#767=LINE('',#7088,#1248);
#768=LINE('',#7096,#1249);
#769=LINE('',#7097,#1250);
#770=LINE('',#7105,#1251);
#771=LINE('',#7106,#1252);
#772=LINE('',#7112,#1253);
#773=LINE('',#7115,#1254);
#774=LINE('',#7119,#1255);
#775=LINE('',#7120,#1256);
#776=LINE('',#7123,#1257);
#777=LINE('',#7124,#1258);
#778=LINE('',#7126,#1259);
#779=LINE('',#7227,#1260);
#780=LINE('',#7320,#1261);
#781=LINE('',#7412,#1262);
#782=LINE('',#7498,#1263);
#783=LINE('',#7507,#1264);
#784=LINE('',#7509,#1265);
#785=LINE('',#7510,#1266);
#786=LINE('',#7518,#1267);
#787=LINE('',#7519,#1268);
#788=LINE('',#7522,#1269);
#789=LINE('',#7523,#1270);
#790=LINE('',#7530,#1271);
#791=LINE('',#7544,#1272);
#792=LINE('',#7546,#1273);
#793=LINE('',#7547,#1274);
#794=LINE('',#7555,#1275);
#795=LINE('',#7556,#1276);
#796=LINE('',#7559,#1277);
#797=LINE('',#7560,#1278);
#798=LINE('',#7567,#1279);
#799=LINE('',#7581,#1280);
#800=LINE('',#7583,#1281);
#801=LINE('',#7584,#1282);
#802=LINE('',#7587,#1283);
#803=LINE('',#7589,#1284);
#804=LINE('',#7590,#1285);
#805=LINE('',#7593,#1286);
#806=LINE('',#7595,#1287);
#807=LINE('',#7596,#1288);
#808=LINE('',#7598,#1289);
#809=LINE('',#7601,#1290);
#810=LINE('',#7603,#1291);
#811=LINE('',#7604,#1292);
#812=LINE('',#7607,#1293);
#813=LINE('',#7608,#1294);
#814=LINE('',#7610,#1295);
#815=LINE('',#7612,#1296);
#816=LINE('',#7613,#1297);
#817=LINE('',#7622,#1298);
#818=LINE('',#7640,#1299);
#819=LINE('',#7646,#1300);
#820=LINE('',#7649,#1301);
#821=LINE('',#7651,#1302);
#822=LINE('',#7652,#1303);
#823=LINE('',#7655,#1304);
#824=LINE('',#7657,#1305);
#825=LINE('',#7659,#1306);
#826=LINE('',#7660,#1307);
#827=LINE('',#7663,#1308);
#828=LINE('',#7665,#1309);
#829=LINE('',#7666,#1310);
#830=LINE('',#7668,#1311);
#831=LINE('',#7670,#1312);
#832=LINE('',#7671,#1313);
#833=LINE('',#7674,#1314);
#834=LINE('',#7675,#1315);
#835=LINE('',#7678,#1316);
#836=LINE('',#7679,#1317);
#837=LINE('',#7681,#1318);
#838=LINE('',#7684,#1319);
#839=LINE('',#7706,#1320);
#840=LINE('',#7707,#1321);
#841=LINE('',#7708,#1322);
#842=LINE('',#7759,#1323);
#843=LINE('',#7760,#1324);
#844=LINE('',#7890,#1325);
#845=LINE('',#7892,#1326);
#846=LINE('',#7894,#1327);
#847=LINE('',#7896,#1328);
#848=LINE('',#7898,#1329);
#849=LINE('',#7900,#1330);
#850=LINE('',#7902,#1331);
#851=LINE('',#7903,#1332);
#852=LINE('',#7906,#1333);
#853=LINE('',#7908,#1334);
#854=LINE('',#7909,#1335);
#855=LINE('',#7912,#1336);
#856=LINE('',#7914,#1337);
#857=LINE('',#7915,#1338);
#858=LINE('',#7918,#1339);
#859=LINE('',#7919,#1340);
#860=LINE('',#7922,#1341);
#861=LINE('',#7923,#1342);
#862=LINE('',#7926,#1343);
#863=LINE('',#7927,#1344);
#864=LINE('',#7929,#1345);
#865=LINE('',#7932,#1346);
#866=LINE('',#7934,#1347);
#867=LINE('',#7936,#1348);
#868=LINE('',#7938,#1349);
#869=LINE('',#7940,#1350);
#870=LINE('',#7941,#1351);
#871=LINE('',#7944,#1352);
#872=LINE('',#7946,#1353);
#873=LINE('',#7947,#1354);
#874=LINE('',#7950,#1355);
#875=LINE('',#7951,#1356);
#876=LINE('',#7954,#1357);
#877=LINE('',#7955,#1358);
#878=LINE('',#7958,#1359);
#879=LINE('',#7959,#1360);
#880=LINE('',#7962,#1361);
#881=LINE('',#7963,#1362);
#882=LINE('',#7965,#1363);
#883=LINE('',#7970,#1364);
#884=LINE('',#7972,#1365);
#885=LINE('',#7974,#1366);
#886=LINE('',#7975,#1367);
#887=LINE('',#7978,#1368);
#888=LINE('',#7980,#1369);
#889=LINE('',#7981,#1370);
#890=LINE('',#7984,#1371);
#891=LINE('',#7986,#1372);
#892=LINE('',#7987,#1373);
#893=LINE('',#7989,#1374);
#894=LINE('',#7990,#1375);
#895=LINE('',#7996,#1376);
#896=LINE('',#7998,#1377);
#897=LINE('',#8000,#1378);
#898=LINE('',#8001,#1379);
#899=LINE('',#8004,#1380);
#900=LINE('',#8006,#1381);
#901=LINE('',#8007,#1382);
#902=LINE('',#8010,#1383);
#903=LINE('',#8012,#1384);
#904=LINE('',#8013,#1385);
#905=LINE('',#8015,#1386);
#906=LINE('',#8016,#1387);
#907=LINE('',#8022,#1388);
#908=LINE('',#8024,#1389);
#909=LINE('',#8026,#1390);
#910=LINE('',#8027,#1391);
#911=LINE('',#8030,#1392);
#912=LINE('',#8032,#1393);
#913=LINE('',#8033,#1394);
#914=LINE('',#8036,#1395);
#915=LINE('',#8038,#1396);
#916=LINE('',#8039,#1397);
#917=LINE('',#8042,#1398);
#918=LINE('',#8044,#1399);
#919=LINE('',#8045,#1400);
#920=LINE('',#8048,#1401);
#921=LINE('',#8050,#1402);
#922=LINE('',#8051,#1403);
#923=LINE('',#8053,#1404);
#924=LINE('',#8054,#1405);
#925=LINE('',#8060,#1406);
#926=LINE('',#8062,#1407);
#927=LINE('',#8064,#1408);
#928=LINE('',#8065,#1409);
#929=LINE('',#8068,#1410);
#930=LINE('',#8070,#1411);
#931=LINE('',#8071,#1412);
#932=LINE('',#8074,#1413);
#933=LINE('',#8076,#1414);
#934=LINE('',#8077,#1415);
#935=LINE('',#8079,#1416);
#936=LINE('',#8080,#1417);
#937=LINE('',#8086,#1418);
#938=LINE('',#8088,#1419);
#939=LINE('',#8090,#1420);
#940=LINE('',#8091,#1421);
#941=LINE('',#8094,#1422);
#942=LINE('',#8096,#1423);
#943=LINE('',#8097,#1424);
#944=LINE('',#8100,#1425);
#945=LINE('',#8102,#1426);
#946=LINE('',#8103,#1427);
#947=LINE('',#8105,#1428);
#948=LINE('',#8106,#1429);
#949=LINE('',#8112,#1430);
#950=LINE('',#8114,#1431);
#951=LINE('',#8116,#1432);
#952=LINE('',#8117,#1433);
#953=LINE('',#8120,#1434);
#954=LINE('',#8122,#1435);
#955=LINE('',#8123,#1436);
#956=LINE('',#8126,#1437);
#957=LINE('',#8128,#1438);
#958=LINE('',#8129,#1439);
#959=LINE('',#8131,#1440);
#960=LINE('',#8132,#1441);
#961=LINE('',#8138,#1442);
#962=LINE('',#8140,#1443);
#963=LINE('',#8142,#1444);
#964=LINE('',#8143,#1445);
#965=LINE('',#8146,#1446);
#966=LINE('',#8148,#1447);
#967=LINE('',#8149,#1448);
#968=LINE('',#8152,#1449);
#969=LINE('',#8154,#1450);
#970=LINE('',#8155,#1451);
#971=LINE('',#8157,#1452);
#972=LINE('',#8158,#1453);
#973=LINE('',#8164,#1454);
#974=LINE('',#8166,#1455);
#975=LINE('',#8168,#1456);
#976=LINE('',#8169,#1457);
#977=LINE('',#8172,#1458);
#978=LINE('',#8174,#1459);
#979=LINE('',#8175,#1460);
#980=LINE('',#8178,#1461);
#981=LINE('',#8180,#1462);
#982=LINE('',#8181,#1463);
#983=LINE('',#8183,#1464);
#984=LINE('',#8184,#1465);
#985=LINE('',#8190,#1466);
#986=LINE('',#8192,#1467);
#987=LINE('',#8194,#1468);
#988=LINE('',#8195,#1469);
#989=LINE('',#8198,#1470);
#990=LINE('',#8200,#1471);
#991=LINE('',#8201,#1472);
#992=LINE('',#8204,#1473);
#993=LINE('',#8206,#1474);
#994=LINE('',#8207,#1475);
#995=LINE('',#8209,#1476);
#996=LINE('',#8210,#1477);
#997=LINE('',#8217,#1478);
#998=LINE('',#8225,#1479);
#999=LINE('',#8232,#1480);
#1000=LINE('',#8234,#1481);
#1001=LINE('',#8236,#1482);
#1002=LINE('',#8237,#1483);
#1003=LINE('',#8240,#1484);
#1004=LINE('',#8242,#1485);
#1005=LINE('',#8243,#1486);
#1006=LINE('',#8246,#1487);
#1007=LINE('',#8248,#1488);
#1008=LINE('',#8249,#1489);
#1009=LINE('',#8251,#1490);
#1010=LINE('',#8252,#1491);
#1011=LINE('',#8258,#1492);
#1012=LINE('',#8260,#1493);
#1013=LINE('',#8262,#1494);
#1014=LINE('',#8263,#1495);
#1015=LINE('',#8266,#1496);
#1016=LINE('',#8268,#1497);
#1017=LINE('',#8269,#1498);
#1018=LINE('',#8272,#1499);
#1019=LINE('',#8274,#1500);
#1020=LINE('',#8275,#1501);
#1021=LINE('',#8277,#1502);
#1022=LINE('',#8278,#1503);
#1023=LINE('',#8284,#1504);
#1024=LINE('',#8286,#1505);
#1025=LINE('',#8288,#1506);
#1026=LINE('',#8289,#1507);
#1027=LINE('',#8292,#1508);
#1028=LINE('',#8294,#1509);
#1029=LINE('',#8295,#1510);
#1030=LINE('',#8298,#1511);
#1031=LINE('',#8300,#1512);
#1032=LINE('',#8301,#1513);
#1033=LINE('',#8303,#1514);
#1034=LINE('',#8304,#1515);
#1035=LINE('',#8310,#1516);
#1036=LINE('',#8312,#1517);
#1037=LINE('',#8314,#1518);
#1038=LINE('',#8315,#1519);
#1039=LINE('',#8318,#1520);
#1040=LINE('',#8320,#1521);
#1041=LINE('',#8321,#1522);
#1042=LINE('',#8324,#1523);
#1043=LINE('',#8326,#1524);
#1044=LINE('',#8327,#1525);
#1045=LINE('',#8329,#1526);
#1046=LINE('',#8330,#1527);
#1047=LINE('',#8336,#1528);
#1048=LINE('',#8338,#1529);
#1049=LINE('',#8340,#1530);
#1050=LINE('',#8341,#1531);
#1051=LINE('',#8344,#1532);
#1052=LINE('',#8346,#1533);
#1053=LINE('',#8347,#1534);
#1054=LINE('',#8350,#1535);
#1055=LINE('',#8352,#1536);
#1056=LINE('',#8353,#1537);
#1057=LINE('',#8355,#1538);
#1058=LINE('',#8356,#1539);
#1059=LINE('',#8362,#1540);
#1060=LINE('',#8364,#1541);
#1061=LINE('',#8366,#1542);
#1062=LINE('',#8367,#1543);
#1063=LINE('',#8370,#1544);
#1064=LINE('',#8372,#1545);
#1065=LINE('',#8373,#1546);
#1066=LINE('',#8376,#1547);
#1067=LINE('',#8378,#1548);
#1068=LINE('',#8379,#1549);
#1069=LINE('',#8381,#1550);
#1070=LINE('',#8382,#1551);
#1071=LINE('',#8388,#1552);
#1072=LINE('',#8390,#1553);
#1073=LINE('',#8392,#1554);
#1074=LINE('',#8393,#1555);
#1075=LINE('',#8396,#1556);
#1076=LINE('',#8398,#1557);
#1077=LINE('',#8399,#1558);
#1078=LINE('',#8402,#1559);
#1079=LINE('',#8404,#1560);
#1080=LINE('',#8405,#1561);
#1081=LINE('',#8407,#1562);
#1082=LINE('',#8408,#1563);
#1083=LINE('',#8414,#1564);
#1084=LINE('',#8416,#1565);
#1085=LINE('',#8418,#1566);
#1086=LINE('',#8419,#1567);
#1087=LINE('',#8422,#1568);
#1088=LINE('',#8424,#1569);
#1089=LINE('',#8425,#1570);
#1090=LINE('',#8428,#1571);
#1091=LINE('',#8430,#1572);
#1092=LINE('',#8431,#1573);
#1093=LINE('',#8433,#1574);
#1094=LINE('',#8434,#1575);
#1095=LINE('',#8440,#1576);
#1096=LINE('',#8442,#1577);
#1097=LINE('',#8444,#1578);
#1098=LINE('',#8445,#1579);
#1099=LINE('',#8448,#1580);
#1100=LINE('',#8450,#1581);
#1101=LINE('',#8451,#1582);
#1102=LINE('',#8454,#1583);
#1103=LINE('',#8456,#1584);
#1104=LINE('',#8457,#1585);
#1105=LINE('',#8459,#1586);
#1106=LINE('',#8460,#1587);
#1107=LINE('',#8466,#1588);
#1108=LINE('',#8468,#1589);
#1109=LINE('',#8470,#1590);
#1110=LINE('',#8471,#1591);
#1111=LINE('',#8474,#1592);
#1112=LINE('',#8476,#1593);
#1113=LINE('',#8477,#1594);
#1114=LINE('',#8480,#1595);
#1115=LINE('',#8482,#1596);
#1116=LINE('',#8483,#1597);
#1117=LINE('',#8485,#1598);
#1118=LINE('',#8486,#1599);
#1119=LINE('',#8495,#1600);
#1120=LINE('',#8503,#1601);
#1121=LINE('',#8511,#1602);
#1122=LINE('',#8519,#1603);
#1123=LINE('',#8527,#1604);
#1124=LINE('',#8535,#1605);
#1125=VECTOR('',#4973,10.);
#1126=VECTOR('',#4974,10.);
#1127=VECTOR('',#4975,10.);
#1128=VECTOR('',#4978,10.);
#1129=VECTOR('',#4979,10.);
#1130=VECTOR('',#4980,10.);
#1131=VECTOR('',#4983,10.);
#1132=VECTOR('',#4984,10.);
#1133=VECTOR('',#4985,10.);
#1134=VECTOR('',#4988,10.);
#1135=VECTOR('',#4989,10.);
#1136=VECTOR('',#4994,10.);
#1137=VECTOR('',#4995,10.);
#1138=VECTOR('',#4998,10.);
#1139=VECTOR('',#4999,10.);
#1140=VECTOR('',#5000,10.);
#1141=VECTOR('',#5003,10.);
#1142=VECTOR('',#5004,10.);
#1143=VECTOR('',#5007,10.);
#1144=VECTOR('',#5008,10.);
#1145=VECTOR('',#5011,10.);
#1146=VECTOR('',#5014,10.);
#1147=VECTOR('',#5015,10.);
#1148=VECTOR('',#5016,10.);
#1149=VECTOR('',#5019,10.);
#1150=VECTOR('',#5020,10.);
#1151=VECTOR('',#5021,10.);
#1152=VECTOR('',#5022,10.);
#1153=VECTOR('',#5025,10.);
#1154=VECTOR('',#5026,10.);
#1155=VECTOR('',#5029,10.);
#1156=VECTOR('',#5030,10.);
#1157=VECTOR('',#5031,10.);
#1158=VECTOR('',#5034,10.);
#1159=VECTOR('',#5035,10.);
#1160=VECTOR('',#5040,10.);
#1161=VECTOR('',#5041,10.);
#1162=VECTOR('',#5042,10.);
#1163=VECTOR('',#5045,10.);
#1164=VECTOR('',#5046,10.);
#1165=VECTOR('',#5047,10.);
#1166=VECTOR('',#5050,10.);
#1167=VECTOR('',#5051,10.);
#1168=VECTOR('',#5054,10.);
#1169=VECTOR('',#5055,10.);
#1170=VECTOR('',#5058,10.);
#1171=VECTOR('',#5061,10.);
#1172=VECTOR('',#5062,10.);
#1173=VECTOR('',#5063,10.);
#1174=VECTOR('',#5066,10.);
#1175=VECTOR('',#5067,10.);
#1176=VECTOR('',#5068,10.);
#1177=VECTOR('',#5069,10.);
#1178=VECTOR('',#5072,10.);
#1179=VECTOR('',#5073,10.);
#1180=VECTOR('',#5074,10.);
#1181=VECTOR('',#5075,10.);
#1182=VECTOR('',#5078,10.);
#1183=VECTOR('',#5079,10.);
#1184=VECTOR('',#5080,10.);
#1185=VECTOR('',#5083,10.);
#1186=VECTOR('',#5084,10.);
#1187=VECTOR('',#5095,10.);
#1188=VECTOR('',#5098,10.);
#1189=VECTOR('',#5101,10.);
#1190=VECTOR('',#5104,10.);
#1191=VECTOR('',#5111,10.);
#1192=VECTOR('',#5112,10.);
#1193=VECTOR('',#5113,10.);
#1194=VECTOR('',#5118,10.);
#1195=VECTOR('',#5119,10.);
#1196=VECTOR('',#5122,10.);
#1197=VECTOR('',#5123,10.);
#1198=VECTOR('',#5124,10.);
#1199=VECTOR('',#5127,10.);
#1200=VECTOR('',#5128,10.);
#1201=VECTOR('',#5129,10.);
#1202=VECTOR('',#5132,10.);
#1203=VECTOR('',#5133,10.);
#1204=VECTOR('',#5136,10.);
#1205=VECTOR('',#5137,10.);
#1206=VECTOR('',#5140,10.);
#1207=VECTOR('',#5141,10.);
#1208=VECTOR('',#5142,10.);
#1209=VECTOR('',#5143,10.);
#1210=VECTOR('',#5146,10.);
#1211=VECTOR('',#5147,10.);
#1212=VECTOR('',#5148,10.);
#1213=VECTOR('',#5149,10.);
#1214=VECTOR('',#5154,10.);
#1215=VECTOR('',#5155,10.);
#1216=VECTOR('',#5158,10.);
#1217=VECTOR('',#5159,10.);
#1218=VECTOR('',#5160,10.);
#1219=VECTOR('',#5163,10.);
#1220=VECTOR('',#5166,10.);
#1221=VECTOR('',#5167,10.);
#1222=VECTOR('',#5168,10.);
#1223=VECTOR('',#5169,10.);
#1224=VECTOR('',#5170,10.);
#1225=VECTOR('',#5171,10.);
#1226=VECTOR('',#5172,10.);
#1227=VECTOR('',#5173,10.);
#1228=VECTOR('',#5174,10.);
#1229=VECTOR('',#5175,10.);
#1230=VECTOR('',#5176,10.);
#1231=VECTOR('',#5177,10.);
#1232=VECTOR('',#5178,10.);
#1233=VECTOR('',#5189,10.);
#1234=VECTOR('',#5190,10.);
#1235=VECTOR('',#5191,10.);
#1236=VECTOR('',#5192,10.);
#1237=VECTOR('',#5195,10.);
#1238=VECTOR('',#5196,10.);
#1239=VECTOR('',#5197,10.);
#1240=VECTOR('',#5200,10.);
#1241=VECTOR('',#5201,10.);
#1242=VECTOR('',#5204,10.);
#1243=VECTOR('',#5205,10.);
#1244=VECTOR('',#5206,10.);
#1245=VECTOR('',#5209,10.);
#1246=VECTOR('',#5212,10.);
#1247=VECTOR('',#5215,10.);
#1248=VECTOR('',#5216,10.);
#1249=VECTOR('',#5219,10.);
#1250=VECTOR('',#5220,10.);
#1251=VECTOR('',#5223,10.);
#1252=VECTOR('',#5224,10.);
#1253=VECTOR('',#5227,10.);
#1254=VECTOR('',#5232,10.);
#1255=VECTOR('',#5237,10.);
#1256=VECTOR('',#5238,10.);
#1257=VECTOR('',#5241,10.);
#1258=VECTOR('',#5242,10.);
#1259=VECTOR('',#5245,10.);
#1260=VECTOR('',#5250,10.);
#1261=VECTOR('',#5251,10.);
#1262=VECTOR('',#5258,10.);
#1263=VECTOR('',#5259,10.);
#1264=VECTOR('',#5262,10.);
#1265=VECTOR('',#5263,10.);
#1266=VECTOR('',#5264,10.);
#1267=VECTOR('',#5267,10.);
#1268=VECTOR('',#5268,10.);
#1269=VECTOR('',#5271,10.);
#1270=VECTOR('',#5272,10.);
#1271=VECTOR('',#5275,10.);
#1272=VECTOR('',#5280,10.);
#1273=VECTOR('',#5281,10.);
#1274=VECTOR('',#5282,10.);
#1275=VECTOR('',#5285,10.);
#1276=VECTOR('',#5286,10.);
#1277=VECTOR('',#5289,10.);
#1278=VECTOR('',#5290,10.);
#1279=VECTOR('',#5293,10.);
#1280=VECTOR('',#5298,10.);
#1281=VECTOR('',#5299,10.);
#1282=VECTOR('',#5300,10.);
#1283=VECTOR('',#5303,10.);
#1284=VECTOR('',#5304,10.);
#1285=VECTOR('',#5305,10.);
#1286=VECTOR('',#5308,10.);
#1287=VECTOR('',#5309,10.);
#1288=VECTOR('',#5310,10.);
#1289=VECTOR('',#5313,10.);
#1290=VECTOR('',#5316,10.);
#1291=VECTOR('',#5317,10.);
#1292=VECTOR('',#5318,10.);
#1293=VECTOR('',#5321,10.);
#1294=VECTOR('',#5322,10.);
#1295=VECTOR('',#5325,10.);
#1296=VECTOR('',#5328,10.);
#1297=VECTOR('',#5329,10.);
#1298=VECTOR('',#5334,10.);
#1299=VECTOR('',#5335,10.);
#1300=VECTOR('',#5336,10.);
#1301=VECTOR('',#5339,10.);
#1302=VECTOR('',#5340,10.);
#1303=VECTOR('',#5341,10.);
#1304=VECTOR('',#5344,10.);
#1305=VECTOR('',#5345,10.);
#1306=VECTOR('',#5346,10.);
#1307=VECTOR('',#5347,10.);
#1308=VECTOR('',#5350,10.);
#1309=VECTOR('',#5351,10.);
#1310=VECTOR('',#5352,10.);
#1311=VECTOR('',#5355,10.);
#1312=VECTOR('',#5356,10.);
#1313=VECTOR('',#5357,10.);
#1314=VECTOR('',#5360,10.);
#1315=VECTOR('',#5361,10.);
#1316=VECTOR('',#5364,10.);
#1317=VECTOR('',#5365,10.);
#1318=VECTOR('',#5368,10.);
#1319=VECTOR('',#5373,10.);
#1320=VECTOR('',#5380,10.);
#1321=VECTOR('',#5381,10.);
#1322=VECTOR('',#5382,10.);
#1323=VECTOR('',#5385,10.);
#1324=VECTOR('',#5386,10.);
#1325=VECTOR('',#5389,10.);
#1326=VECTOR('',#5390,10.);
#1327=VECTOR('',#5391,10.);
#1328=VECTOR('',#5392,10.);
#1329=VECTOR('',#5393,10.);
#1330=VECTOR('',#5394,10.);
#1331=VECTOR('',#5395,10.);
#1332=VECTOR('',#5396,10.);
#1333=VECTOR('',#5399,10.);
#1334=VECTOR('',#5400,10.);
#1335=VECTOR('',#5401,10.);
#1336=VECTOR('',#5404,10.);
#1337=VECTOR('',#5405,10.);
#1338=VECTOR('',#5406,10.);
#1339=VECTOR('',#5409,10.);
#1340=VECTOR('',#5410,10.);
#1341=VECTOR('',#5413,10.);
#1342=VECTOR('',#5414,10.);
#1343=VECTOR('',#5417,10.);
#1344=VECTOR('',#5418,10.);
#1345=VECTOR('',#5421,10.);
#1346=VECTOR('',#5424,10.);
#1347=VECTOR('',#5425,10.);
#1348=VECTOR('',#5426,10.);
#1349=VECTOR('',#5427,10.);
#1350=VECTOR('',#5428,10.);
#1351=VECTOR('',#5429,10.);
#1352=VECTOR('',#5432,10.);
#1353=VECTOR('',#5433,10.);
#1354=VECTOR('',#5434,10.);
#1355=VECTOR('',#5437,10.);
#1356=VECTOR('',#5438,10.);
#1357=VECTOR('',#5441,10.);
#1358=VECTOR('',#5442,10.);
#1359=VECTOR('',#5445,10.);
#1360=VECTOR('',#5446,10.);
#1361=VECTOR('',#5449,10.);
#1362=VECTOR('',#5450,10.);
#1363=VECTOR('',#5453,10.);
#1364=VECTOR('',#5458,10.);
#1365=VECTOR('',#5459,10.);
#1366=VECTOR('',#5460,10.);
#1367=VECTOR('',#5461,10.);
#1368=VECTOR('',#5464,10.);
#1369=VECTOR('',#5465,10.);
#1370=VECTOR('',#5466,10.);
#1371=VECTOR('',#5469,10.);
#1372=VECTOR('',#5470,10.);
#1373=VECTOR('',#5471,10.);
#1374=VECTOR('',#5474,10.);
#1375=VECTOR('',#5475,10.);
#1376=VECTOR('',#5482,10.);
#1377=VECTOR('',#5483,10.);
#1378=VECTOR('',#5484,10.);
#1379=VECTOR('',#5485,10.);
#1380=VECTOR('',#5488,10.);
#1381=VECTOR('',#5489,10.);
#1382=VECTOR('',#5490,10.);
#1383=VECTOR('',#5493,10.);
#1384=VECTOR('',#5494,10.);
#1385=VECTOR('',#5495,10.);
#1386=VECTOR('',#5498,10.);
#1387=VECTOR('',#5499,10.);
#1388=VECTOR('',#5506,10.);
#1389=VECTOR('',#5507,10.);
#1390=VECTOR('',#5508,10.);
#1391=VECTOR('',#5509,10.);
#1392=VECTOR('',#5512,10.);
#1393=VECTOR('',#5513,10.);
#1394=VECTOR('',#5514,10.);
#1395=VECTOR('',#5517,10.);
#1396=VECTOR('',#5518,10.);
#1397=VECTOR('',#5519,10.);
#1398=VECTOR('',#5522,10.);
#1399=VECTOR('',#5523,10.);
#1400=VECTOR('',#5524,10.);
#1401=VECTOR('',#5527,10.);
#1402=VECTOR('',#5528,10.);
#1403=VECTOR('',#5529,10.);
#1404=VECTOR('',#5532,10.);
#1405=VECTOR('',#5533,10.);
#1406=VECTOR('',#5540,10.);
#1407=VECTOR('',#5541,10.);
#1408=VECTOR('',#5542,10.);
#1409=VECTOR('',#5543,10.);
#1410=VECTOR('',#5546,10.);
#1411=VECTOR('',#5547,10.);
#1412=VECTOR('',#5548,10.);
#1413=VECTOR('',#5551,10.);
#1414=VECTOR('',#5552,10.);
#1415=VECTOR('',#5553,10.);
#1416=VECTOR('',#5556,10.);
#1417=VECTOR('',#5557,10.);
#1418=VECTOR('',#5564,10.);
#1419=VECTOR('',#5565,10.);
#1420=VECTOR('',#5566,10.);
#1421=VECTOR('',#5567,10.);
#1422=VECTOR('',#5570,10.);
#1423=VECTOR('',#5571,10.);
#1424=VECTOR('',#5572,10.);
#1425=VECTOR('',#5575,10.);
#1426=VECTOR('',#5576,10.);
#1427=VECTOR('',#5577,10.);
#1428=VECTOR('',#5580,10.);
#1429=VECTOR('',#5581,10.);
#1430=VECTOR('',#5588,10.);
#1431=VECTOR('',#5589,10.);
#1432=VECTOR('',#5590,10.);
#1433=VECTOR('',#5591,10.);
#1434=VECTOR('',#5594,10.);
#1435=VECTOR('',#5595,10.);
#1436=VECTOR('',#5596,10.);
#1437=VECTOR('',#5599,10.);
#1438=VECTOR('',#5600,10.);
#1439=VECTOR('',#5601,10.);
#1440=VECTOR('',#5604,10.);
#1441=VECTOR('',#5605,10.);
#1442=VECTOR('',#5612,10.);
#1443=VECTOR('',#5613,10.);
#1444=VECTOR('',#5614,10.);
#1445=VECTOR('',#5615,10.);
#1446=VECTOR('',#5618,10.);
#1447=VECTOR('',#5619,10.);
#1448=VECTOR('',#5620,10.);
#1449=VECTOR('',#5623,10.);
#1450=VECTOR('',#5624,10.);
#1451=VECTOR('',#5625,10.);
#1452=VECTOR('',#5628,10.);
#1453=VECTOR('',#5629,10.);
#1454=VECTOR('',#5636,10.);
#1455=VECTOR('',#5637,10.);
#1456=VECTOR('',#5638,10.);
#1457=VECTOR('',#5639,10.);
#1458=VECTOR('',#5642,10.);
#1459=VECTOR('',#5643,10.);
#1460=VECTOR('',#5644,10.);
#1461=VECTOR('',#5647,10.);
#1462=VECTOR('',#5648,10.);
#1463=VECTOR('',#5649,10.);
#1464=VECTOR('',#5652,10.);
#1465=VECTOR('',#5653,10.);
#1466=VECTOR('',#5660,10.);
#1467=VECTOR('',#5661,10.);
#1468=VECTOR('',#5662,10.);
#1469=VECTOR('',#5663,10.);
#1470=VECTOR('',#5666,10.);
#1471=VECTOR('',#5667,10.);
#1472=VECTOR('',#5668,10.);
#1473=VECTOR('',#5671,10.);
#1474=VECTOR('',#5672,10.);
#1475=VECTOR('',#5673,10.);
#1476=VECTOR('',#5676,10.);
#1477=VECTOR('',#5677,10.);
#1478=VECTOR('',#5686,150.);
#1479=VECTOR('',#5697,150.);
#1480=VECTOR('',#5706,10.);
#1481=VECTOR('',#5707,10.);
#1482=VECTOR('',#5708,10.);
#1483=VECTOR('',#5709,10.);
#1484=VECTOR('',#5712,10.);
#1485=VECTOR('',#5713,10.);
#1486=VECTOR('',#5714,10.);
#1487=VECTOR('',#5717,10.);
#1488=VECTOR('',#5718,10.);
#1489=VECTOR('',#5719,10.);
#1490=VECTOR('',#5722,10.);
#1491=VECTOR('',#5723,10.);
#1492=VECTOR('',#5730,10.);
#1493=VECTOR('',#5731,10.);
#1494=VECTOR('',#5732,10.);
#1495=VECTOR('',#5733,10.);
#1496=VECTOR('',#5736,10.);
#1497=VECTOR('',#5737,10.);
#1498=VECTOR('',#5738,10.);
#1499=VECTOR('',#5741,10.);
#1500=VECTOR('',#5742,10.);
#1501=VECTOR('',#5743,10.);
#1502=VECTOR('',#5746,10.);
#1503=VECTOR('',#5747,10.);
#1504=VECTOR('',#5754,10.);
#1505=VECTOR('',#5755,10.);
#1506=VECTOR('',#5756,10.);
#1507=VECTOR('',#5757,10.);
#1508=VECTOR('',#5760,10.);
#1509=VECTOR('',#5761,10.);
#1510=VECTOR('',#5762,10.);
#1511=VECTOR('',#5765,10.);
#1512=VECTOR('',#5766,10.);
#1513=VECTOR('',#5767,10.);
#1514=VECTOR('',#5770,10.);
#1515=VECTOR('',#5771,10.);
#1516=VECTOR('',#5778,10.);
#1517=VECTOR('',#5779,10.);
#1518=VECTOR('',#5780,10.);
#1519=VECTOR('',#5781,10.);
#1520=VECTOR('',#5784,10.);
#1521=VECTOR('',#5785,10.);
#1522=VECTOR('',#5786,10.);
#1523=VECTOR('',#5789,10.);
#1524=VECTOR('',#5790,10.);
#1525=VECTOR('',#5791,10.);
#1526=VECTOR('',#5794,10.);
#1527=VECTOR('',#5795,10.);
#1528=VECTOR('',#5802,10.);
#1529=VECTOR('',#5803,10.);
#1530=VECTOR('',#5804,10.);
#1531=VECTOR('',#5805,10.);
#1532=VECTOR('',#5808,10.);
#1533=VECTOR('',#5809,10.);
#1534=VECTOR('',#5810,10.);
#1535=VECTOR('',#5813,10.);
#1536=VECTOR('',#5814,10.);
#1537=VECTOR('',#5815,10.);
#1538=VECTOR('',#5818,10.);
#1539=VECTOR('',#5819,10.);
#1540=VECTOR('',#5826,10.);
#1541=VECTOR('',#5827,10.);
#1542=VECTOR('',#5828,10.);
#1543=VECTOR('',#5829,10.);
#1544=VECTOR('',#5832,10.);
#1545=VECTOR('',#5833,10.);
#1546=VECTOR('',#5834,10.);
#1547=VECTOR('',#5837,10.);
#1548=VECTOR('',#5838,10.);
#1549=VECTOR('',#5839,10.);
#1550=VECTOR('',#5842,10.);
#1551=VECTOR('',#5843,10.);
#1552=VECTOR('',#5850,10.);
#1553=VECTOR('',#5851,10.);
#1554=VECTOR('',#5852,10.);
#1555=VECTOR('',#5853,10.);
#1556=VECTOR('',#5856,10.);
#1557=VECTOR('',#5857,10.);
#1558=VECTOR('',#5858,10.);
#1559=VECTOR('',#5861,10.);
#1560=VECTOR('',#5862,10.);
#1561=VECTOR('',#5863,10.);
#1562=VECTOR('',#5866,10.);
#1563=VECTOR('',#5867,10.);
#1564=VECTOR('',#5874,10.);
#1565=VECTOR('',#5875,10.);
#1566=VECTOR('',#5876,10.);
#1567=VECTOR('',#5877,10.);
#1568=VECTOR('',#5880,10.);
#1569=VECTOR('',#5881,10.);
#1570=VECTOR('',#5882,10.);
#1571=VECTOR('',#5885,10.);
#1572=VECTOR('',#5886,10.);
#1573=VECTOR('',#5887,10.);
#1574=VECTOR('',#5890,10.);
#1575=VECTOR('',#5891,10.);
#1576=VECTOR('',#5898,10.);
#1577=VECTOR('',#5899,10.);
#1578=VECTOR('',#5900,10.);
#1579=VECTOR('',#5901,10.);
#1580=VECTOR('',#5904,10.);
#1581=VECTOR('',#5905,10.);
#1582=VECTOR('',#5906,10.);
#1583=VECTOR('',#5909,10.);
#1584=VECTOR('',#5910,10.);
#1585=VECTOR('',#5911,10.);
#1586=VECTOR('',#5914,10.);
#1587=VECTOR('',#5915,10.);
#1588=VECTOR('',#5922,10.);
#1589=VECTOR('',#5923,10.);
#1590=VECTOR('',#5924,10.);
#1591=VECTOR('',#5925,10.);
#1592=VECTOR('',#5928,10.);
#1593=VECTOR('',#5929,10.);
#1594=VECTOR('',#5930,10.);
#1595=VECTOR('',#5933,10.);
#1596=VECTOR('',#5934,10.);
#1597=VECTOR('',#5935,10.);
#1598=VECTOR('',#5938,10.);
#1599=VECTOR('',#5939,10.);
#1600=VECTOR('',#5952,90.);
#1601=VECTOR('',#5963,90.);
#1602=VECTOR('',#5974,90.);
#1603=VECTOR('',#5985,90.);
#1604=VECTOR('',#5996,80.);
#1605=VECTOR('',#6007,80.);
#1606=B_SPLINE_CURVE_WITH_KNOTS('',3,(#6014,#6015,#6016,#6017),
 .UNSPECIFIED.,.F.,.F.,(4,4),(-9.05115933089855,-0.0500005547564242),
 .UNSPECIFIED.);
#1607=B_SPLINE_CURVE_WITH_KNOTS('',3,(#6025,#6026,#6027,#6028),
 .UNSPECIFIED.,.F.,.F.,(4,4),(-53.7471853945203,-0.0500345480870337),
 .UNSPECIFIED.);
#1608=B_SPLINE_CURVE_WITH_KNOTS('',3,(#6030,#6031,#6032,#6033,#6034,#6035),
 .UNSPECIFIED.,.F.,.F.,(4,2,4),(-75.9604803674668,-37.9802401837334,0.),
 .UNSPECIFIED.);
#1609=B_SPLINE_CURVE_WITH_KNOTS('',3,(#6037,#6038,#6039,#6040),
 .UNSPECIFIED.,.F.,.F.,(4,4),(-36.7700246637409,0.),.UNSPECIFIED.);
#1610=B_SPLINE_CURVE_WITH_KNOTS('',3,(#6048,#6049,#6050,#6051),
 .UNSPECIFIED.,.F.,.F.,(4,4),(-47.7458529582597,0.),.UNSPECIFIED.);
#1611=B_SPLINE_CURVE_WITH_KNOTS('',3,(#6059,#6060,#6061,#6062),
 .UNSPECIFIED.,.F.,.F.,(4,4),(-40.0852929649532,-0.774028477380597),
 .UNSPECIFIED.);
#1612=B_SPLINE_CURVE_WITH_KNOTS('',3,(#6063,#6064,#6065,#6066,#6067,#6068),
 .UNSPECIFIED.,.F.,.F.,(4,2,4),(-74.6068632938661,-37.303431646933,0.),
 .UNSPECIFIED.);
#1613=B_SPLINE_CURVE_WITH_KNOTS('',3,(#6074,#6075,#6076,#6077),
 .UNSPECIFIED.,.F.,.F.,(4,4),(-13.4618796811601,-0.0740183223279007),
 .UNSPECIFIED.);
#1614=B_SPLINE_CURVE_WITH_KNOTS('',3,(#6095,#6096,#6097,#6098,#6099,#6100),
 .UNSPECIFIED.,.F.,.F.,(4,2,4),(0.,0.544797215894287,0.648739143769081),
 .UNSPECIFIED.);
#1615=B_SPLINE_CURVE_WITH_KNOTS('',3,(#6104,#6105,#6106,#6107,#6108,#6109),
 .UNSPECIFIED.,.F.,.F.,(4,2,4),(0.,0.544797215894287,0.979401773610422),
 .UNSPECIFIED.);
#1616=B_SPLINE_CURVE_WITH_KNOTS('',3,(#6111,#6112,#6113,#6114,#6115,#6116),
 .UNSPECIFIED.,.F.,.F.,(4,2,4),(-87.8641575838912,-46.24257279587,-0.857138006796738),
 .UNSPECIFIED.);
#1617=B_SPLINE_CURVE_WITH_KNOTS('',3,(#6118,#6119,#6120,#6121),
 .UNSPECIFIED.,.F.,.F.,(4,4),(-8.0457996302643,0.),.UNSPECIFIED.);
#1618=B_SPLINE_CURVE_WITH_KNOTS('',3,(#6122,#6123,#6124,#6125),
 .UNSPECIFIED.,.F.,.F.,(4,4),(0.674507249040705,1.),.UNSPECIFIED.);
#1619=B_SPLINE_CURVE_WITH_KNOTS('',3,(#6143,#6144,#6145,#6146,#6147,#6148),
 .UNSPECIFIED.,.F.,.F.,(4,2,4),(0.374115326615026,0.544797215894287,0.648739143769081),
 .UNSPECIFIED.);
#1620=B_SPLINE_CURVE_WITH_KNOTS('',3,(#6150,#6151,#6152,#6153),
 .UNSPECIFIED.,.F.,.F.,(4,4),(-28.7441652323761,-0.0502829666955158),
 .UNSPECIFIED.);
#1621=B_SPLINE_CURVE_WITH_KNOTS('',3,(#6155,#6156,#6157,#6158),
 .UNSPECIFIED.,.F.,.F.,(4,4),(-9.14236664290508,-0.0505939909166431),
 .UNSPECIFIED.);
#1622=B_SPLINE_CURVE_WITH_KNOTS('',3,(#6160,#6161,#6162,#6163),
 .UNSPECIFIED.,.F.,.F.,(4,4),(-18.9850546916653,0.),.UNSPECIFIED.);
#1623=B_SPLINE_CURVE_WITH_KNOTS('',3,(#6165,#6166,#6167,#6168),
 .UNSPECIFIED.,.F.,.F.,(4,4),(0.,0.345386968131877),.UNSPECIFIED.);
#1624=B_SPLINE_CURVE_WITH_KNOTS('',3,(#6187,#6188,#6189,#6190),
 .UNSPECIFIED.,.F.,.F.,(4,4),(-8.04766997544605,-0.0500087578342541),
 .UNSPECIFIED.);
#1625=B_SPLINE_CURVE_WITH_KNOTS('',3,(#6192,#6193,#6194,#6195),
 .UNSPECIFIED.,.F.,.F.,(4,4),(-44.743053804756,0.),.UNSPECIFIED.);
#1626=B_SPLINE_CURVE_WITH_KNOTS('',3,(#6196,#6197,#6198,#6199),
 .UNSPECIFIED.,.F.,.F.,(4,4),(0.674507249040705,0.979401773610422),
 .UNSPECIFIED.);
#1627=B_SPLINE_CURVE_WITH_KNOTS('',3,(#6202,#6203,#6204,#6205),
 .UNSPECIFIED.,.F.,.F.,(4,4),(-141.350400723908,-0.050058789683078),
 .UNSPECIFIED.);
#1628=B_SPLINE_CURVE_WITH_KNOTS('',3,(#6217,#6218,#6219,#6220),
 .UNSPECIFIED.,.F.,.F.,(4,4),(-131.619035606154,0.),.UNSPECIFIED.);
#1629=B_SPLINE_CURVE_WITH_KNOTS('',3,(#6225,#6226,#6227,#6228),
 .UNSPECIFIED.,.F.,.F.,(4,4),(-9.04843749945649,-0.0500057655333299),
 .UNSPECIFIED.);
#1630=B_SPLINE_CURVE_WITH_KNOTS('',3,(#6248,#6249,#6250,#6251,#6252,#6253),
 .UNSPECIFIED.,.F.,.F.,(4,2,4),(-83.4346899494628,-41.7173449747314,-4.90238121937759),
 .UNSPECIFIED.);
#1631=B_SPLINE_CURVE_WITH_KNOTS('',3,(#6255,#6256,#6257,#6258,#6259,#6260,
#6261,#6262,#6263,#6264),.UNSPECIFIED.,.F.,.F.,(4,3,3,4),(-8.00267973318179,
-4.3191687950772,-0.623976094664791,0.),.UNSPECIFIED.);
#1632=B_SPLINE_CURVE_WITH_KNOTS('',3,(#6268,#6269,#6270,#6271,#6272,#6273),
 .UNSPECIFIED.,.F.,.F.,(4,2,4),(0.,0.544797215894287,1.),.UNSPECIFIED.);
#1633=B_SPLINE_CURVE_WITH_KNOTS('',3,(#6277,#6278,#6279,#6280),
 .UNSPECIFIED.,.F.,.F.,(4,4),(-50.0960065812011,0.),.UNSPECIFIED.);
#1634=B_SPLINE_CURVE_WITH_KNOTS('',3,(#6285,#6286,#6287,#6288),
 .UNSPECIFIED.,.F.,.F.,(4,4),(-37.5265151960996,-0.756490532358839),
 .UNSPECIFIED.);
#1635=B_SPLINE_CURVE_WITH_KNOTS('',3,(#6290,#6291,#6292,#6293,#6294,#6295),
 .UNSPECIFIED.,.F.,.F.,(4,2,4),(-75.9604803674668,-37.9802401837334,0.),
 .UNSPECIFIED.);
#1636=B_SPLINE_CURVE_WITH_KNOTS('',3,(#6297,#6298,#6299,#6300),
 .UNSPECIFIED.,.F.,.F.,(4,4),(-53.6971508464334,0.),.UNSPECIFIED.);
#1637=B_SPLINE_CURVE_WITH_KNOTS('',3,(#6310,#6311,#6312,#6313),
 .UNSPECIFIED.,.F.,.F.,(4,4),(-9.0510230175176,-0.0500009532043939),
 .UNSPECIFIED.);
#1638=B_SPLINE_CURVE_WITH_KNOTS('',3,(#6326,#6327,#6328,#6329),
 .UNSPECIFIED.,.F.,.F.,(4,4),(-39.3112644875726,0.),.UNSPECIFIED.);
#1639=B_SPLINE_CURVE_WITH_KNOTS('',3,(#6333,#6334,#6335,#6336),
 .UNSPECIFIED.,.F.,.F.,(4,4),(-47.7958842728964,-0.0500313146366693),
 .UNSPECIFIED.);
#1640=B_SPLINE_CURVE_WITH_KNOTS('',3,(#6337,#6338,#6339,#6340,#6341,#6342),
 .UNSPECIFIED.,.F.,.F.,(4,2,4),(-74.6068632938661,-37.303431646933,0.),
 .UNSPECIFIED.);
#1641=B_SPLINE_CURVE_WITH_KNOTS('',3,(#6345,#6346,#6347,#6348),
 .UNSPECIFIED.,.F.,.F.,(4,4),(-12.8777526846374,-0.0739511517330814),
 .UNSPECIFIED.);
#1642=B_SPLINE_CURVE_WITH_KNOTS('',3,(#6366,#6367,#6368,#6369),
 .UNSPECIFIED.,.F.,.F.,(4,4),(0.674507249040705,1.),.UNSPECIFIED.);
#1643=B_SPLINE_CURVE_WITH_KNOTS('',3,(#6373,#6374,#6375,#6376,#6377,#6378),
 .UNSPECIFIED.,.F.,.F.,(4,2,4),(0.,0.544797215894287,1.),.UNSPECIFIED.);
#1644=B_SPLINE_CURVE_WITH_KNOTS('',3,(#6381,#6382,#6383,#6384,#6385,#6386),
 .UNSPECIFIED.,.F.,.F.,(4,2,4),(0.,0.544797215894287,0.648739143769081),
 .UNSPECIFIED.);
#1645=B_SPLINE_CURVE_WITH_KNOTS('',3,(#6404,#6405,#6406,#6407),
 .UNSPECIFIED.,.F.,.F.,(4,4),(0.674507249040705,1.),.UNSPECIFIED.);
#1646=B_SPLINE_CURVE_WITH_KNOTS('',3,(#6412,#6413,#6414,#6415),
 .UNSPECIFIED.,.F.,.F.,(4,4),(-131.669093203409,-0.0500575972547779),
 .UNSPECIFIED.);
#1647=B_SPLINE_CURVE_WITH_KNOTS('',3,(#6417,#6418,#6419,#6420),
 .UNSPECIFIED.,.F.,.F.,(4,4),(-28.6938822656804,0.),.UNSPECIFIED.);
#1648=B_SPLINE_CURVE_WITH_KNOTS('',3,(#6428,#6429,#6430,#6431),
 .UNSPECIFIED.,.F.,.F.,(4,4),(-9.14204137894844,-0.0504593407590954),
 .UNSPECIFIED.);
#1649=B_SPLINE_CURVE_WITH_KNOTS('',3,(#6438,#6439,#6440,#6441),
 .UNSPECIFIED.,.F.,.F.,(4,4),(-141.300341934225,0.),.UNSPECIFIED.);
#1650=B_SPLINE_CURVE_WITH_KNOTS('',3,(#6445,#6446,#6447,#6448),
 .UNSPECIFIED.,.F.,.F.,(4,4),(-19.035371277612,-0.0503165859467352),
 .UNSPECIFIED.);
#1651=B_SPLINE_CURVE_WITH_KNOTS('',3,(#6450,#6451,#6452,#6453),
 .UNSPECIFIED.,.F.,.F.,(4,4),(-9.04761370156144,-0.0500060592299949),
 .UNSPECIFIED.);
#1652=B_SPLINE_CURVE_WITH_KNOTS('',3,(#6472,#6473,#6474,#6475,#6476,#6477),
 .UNSPECIFIED.,.F.,.F.,(4,2,4),(0.374115326615026,0.544797215894287,0.648739143769081),
 .UNSPECIFIED.);
#1653=B_SPLINE_CURVE_WITH_KNOTS('',3,(#6479,#6480,#6481,#6482),
 .UNSPECIFIED.,.F.,.F.,(4,4),(0.,0.345386968131877),.UNSPECIFIED.);
#1654=B_SPLINE_CURVE_WITH_KNOTS('',3,(#6486,#6487,#6488,#6489,#6490,#6491),
 .UNSPECIFIED.,.F.,.F.,(4,2,4),(0.,0.544797215894287,1.),.UNSPECIFIED.);
#1655=B_SPLINE_CURVE_WITH_KNOTS('',3,(#6498,#6499,#6500,#6501),
 .UNSPECIFIED.,.F.,.F.,(4,4),(-12.4647423696015,-0.0501923712258911),
 .UNSPECIFIED.);
#1656=B_SPLINE_CURVE_WITH_KNOTS('',3,(#6511,#6512,#6513,#6514),
 .UNSPECIFIED.,.F.,.F.,(4,4),(-6.42254901179731,-0.103293575363808),
 .UNSPECIFIED.);
#1657=B_SPLINE_CURVE_WITH_KNOTS('',3,(#6533,#6534,#6535,#6536),
 .UNSPECIFIED.,.F.,.F.,(4,4),(-8.14921239356326,-3.44496535126227),
 .UNSPECIFIED.);
#1658=B_SPLINE_CURVE_WITH_KNOTS('',3,(#6541,#6542,#6543,#6544),
 .UNSPECIFIED.,.F.,.F.,(4,4),(-38.3312086086718,-34.1957636119804),
 .UNSPECIFIED.);
#1659=B_SPLINE_CURVE_WITH_KNOTS('',3,(#6564,#6565,#6566,#6567),
 .UNSPECIFIED.,.F.,.F.,(4,4),(-38.2405712661487,0.),.UNSPECIFIED.);
#1660=B_SPLINE_CURVE_WITH_KNOTS('',3,(#6570,#6571,#6572,#6573,#6574,#6575,
#6576,#6577,#6578,#6579,#6580,#6581,#6582,#6583,#6584,#6585,#6586,#6587,
#6588,#6589,#6590,#6591,#6592,#6593,#6594,#6595,#6596,#6597,#6598,#6599,
#6600),.UNSPECIFIED.,.F.,.F.,(4,3,3,3,3,3,3,3,3,3,4),(-16.1753493183263,
-14.2883323122473,-12.396265816466,-10.5008005710838,-8.59996047049724,
-8.21913065281798,-6.45927747661911,-4.69657790957045,-2.93177775993084,
-1.1628689130162,0.),.UNSPECIFIED.);
#1661=B_SPLINE_CURVE_WITH_KNOTS('',3,(#6604,#6605,#6606,#6607),
 .UNSPECIFIED.,.F.,.F.,(4,4),(-5.12184970099179,-0.0501447956172429),
 .UNSPECIFIED.);
#1662=B_SPLINE_CURVE_WITH_KNOTS('',3,(#6609,#6610,#6611,#6612),
 .UNSPECIFIED.,.F.,.F.,(4,4),(-16.9737958071731,0.),.UNSPECIFIED.);
#1663=B_SPLINE_CURVE_WITH_KNOTS('',3,(#6628,#6629,#6630,#6631),
 .UNSPECIFIED.,.F.,.F.,(4,4),(-22.0260370688482,0.),.UNSPECIFIED.);
#1664=B_SPLINE_CURVE_WITH_KNOTS('',3,(#6652,#6653,#6654,#6655),
 .UNSPECIFIED.,.F.,.F.,(4,4),(-2.18283179076315,0.),.UNSPECIFIED.);
#1665=B_SPLINE_CURVE_WITH_KNOTS('',3,(#6656,#6657,#6658,#6659),
 .UNSPECIFIED.,.F.,.F.,(4,4),(-6.01602681834648,-0.0512043269662401),
 .UNSPECIFIED.);
#1666=B_SPLINE_CURVE_WITH_KNOTS('',3,(#6717,#6718,#6719,#6720,#6721,#6722,
#6723,#6724,#6725,#6726,#6727,#6728),.UNSPECIFIED.,.F.,.F.,(4,2,2,2,2,4),
(0.134906208944304,0.319842602188433,0.504658659441231,0.696170027544396,
0.872130516465605,0.978313619006183),.UNSPECIFIED.);
#1667=B_SPLINE_CURVE_WITH_KNOTS('',3,(#6730,#6731,#6732,#6733),
 .UNSPECIFIED.,.F.,.F.,(4,4),(0.,0.134906208944304),.UNSPECIFIED.);
#1668=B_SPLINE_CURVE_WITH_KNOTS('',3,(#6737,#6738,#6739,#6740,#6741,#6742,
#6743,#6744,#6745,#6746,#6747,#6748,#6749,#6750),.UNSPECIFIED.,.F.,.F.,
(4,2,2,2,2,2,4),(0.,0.134906208944304,0.319842602188433,0.504658659441231,
0.696170027544396,0.872130516465605,1.),.UNSPECIFIED.);
#1669=B_SPLINE_CURVE_WITH_KNOTS('',3,(#6753,#6754,#6755,#6756),
 .UNSPECIFIED.,.F.,.F.,(4,4),(0.983297314910003,1.),.UNSPECIFIED.);
#1670=B_SPLINE_CURVE_WITH_KNOTS('',3,(#6816,#6817,#6818,#6819,#6820,#6821,
#6822,#6823),.UNSPECIFIED.,.F.,.F.,(4,2,2,4),(-38.0728817605364,-28.2880831263228,
-15.3801662220141,0.),.UNSPECIFIED.);
#1671=B_SPLINE_CURVE_WITH_KNOTS('',3,(#6825,#6826,#6827,#6828,#6829,#6830),
 .UNSPECIFIED.,.F.,.F.,(4,2,4),(-39.6318784629751,-21.3499381525938,0.),
 .UNSPECIFIED.);
#1672=B_SPLINE_CURVE_WITH_KNOTS('',3,(#6832,#6833,#6834,#6835,#6836,#6837),
 .UNSPECIFIED.,.F.,.F.,(4,2,4),(0.837549609269456,0.872130516465605,0.962553758937018),
 .UNSPECIFIED.);
#1673=B_SPLINE_CURVE_WITH_KNOTS('',3,(#6839,#6840,#6841,#6842),
 .UNSPECIFIED.,.F.,.F.,(4,4),(-11.1136510373525,0.),.UNSPECIFIED.);
#1674=B_SPLINE_CURVE_WITH_KNOTS('',3,(#6844,#6845,#6846,#6847,#6848,#6849,
#6850,#6851,#6852,#6853,#6854,#6855,#6856,#6857,#6858,#6859,#6860,#6861),
 .UNSPECIFIED.,.F.,.F.,(4,2,2,2,2,2,2,2,4),(-256.766912997478,-234.950463954238,
-214.24034758304,-197.511235597552,-173.231709877224,-120.24675905469,-117.291671987356,
-63.0534725937176,0.),.UNSPECIFIED.);
#1675=B_SPLINE_CURVE_WITH_KNOTS('',3,(#6863,#6864,#6865,#6866,#6867,#6868,
#6869,#6870,#6871,#6872),.UNSPECIFIED.,.F.,.F.,(4,2,2,2,4),(0.,0.134906208944304,
0.319842602188433,0.504658659441231,0.582616227618717),.UNSPECIFIED.);
#1676=B_SPLINE_CURVE_WITH_KNOTS('',3,(#6926,#6927,#6928,#6929),
 .UNSPECIFIED.,.F.,.F.,(4,4),(-8.12585908400463,-0.0507880421927502),
 .UNSPECIFIED.);
#1677=B_SPLINE_CURVE_WITH_KNOTS('',3,(#6952,#6953,#6954,#6955,#6956,#6957,
#6958),.UNSPECIFIED.,.F.,.F.,(4,3,4),(-6.65232356845529,-3.5080639452146,
-2.83243314139352),.UNSPECIFIED.);
#1678=B_SPLINE_CURVE_WITH_KNOTS('',3,(#6964,#6965,#6966,#6967),
 .UNSPECIFIED.,.F.,.F.,(4,4),(-18.7345276501337,-0.250614528995487),
 .UNSPECIFIED.);
#1679=B_SPLINE_CURVE_WITH_KNOTS('',3,(#7026,#7027,#7028,#7029),
 .UNSPECIFIED.,.F.,.F.,(4,4),(-1.68598409574253,0.),.UNSPECIFIED.);
#1680=B_SPLINE_CURVE_WITH_KNOTS('',3,(#7031,#7032,#7033,#7034,#7035,#7036),
 .UNSPECIFIED.,.F.,.F.,(4,2,4),(0.696170027544396,0.872130516465605,1.),
 .UNSPECIFIED.);
#1681=B_SPLINE_CURVE_WITH_KNOTS('',3,(#7038,#7039,#7040,#7041),
 .UNSPECIFIED.,.F.,.F.,(4,4),(0.504658659441231,0.696170027544396),
 .UNSPECIFIED.);
#1682=B_SPLINE_CURVE_WITH_KNOTS('',3,(#7043,#7044,#7045,#7046,#7047,#7048,
#7049,#7050),.UNSPECIFIED.,.F.,.F.,(4,2,2,4),(0.,0.134906208944304,0.319842602188433,
0.504658659441231),.UNSPECIFIED.);
#1683=B_SPLINE_CURVE_WITH_KNOTS('',3,(#7054,#7055,#7056,#7057,#7058,#7059,
#7060,#7061),.UNSPECIFIED.,.F.,.F.,(4,2,2,4),(0.,0.134906208944304,0.319842602188433,
0.504658659441231),.UNSPECIFIED.);
#1684=B_SPLINE_CURVE_WITH_KNOTS('',3,(#7063,#7064,#7065,#7066),
 .UNSPECIFIED.,.F.,.F.,(4,4),(0.504658659441231,0.696170027544396),
 .UNSPECIFIED.);
#1685=B_SPLINE_CURVE_WITH_KNOTS('',3,(#7068,#7069,#7070,#7071,#7072,#7073),
 .UNSPECIFIED.,.F.,.F.,(4,2,4),(0.696170027544396,0.872130516465605,0.962553758937018),
 .UNSPECIFIED.);
#1686=B_SPLINE_CURVE_WITH_KNOTS('',3,(#7075,#7076,#7077,#7078),
 .UNSPECIFIED.,.F.,.F.,(4,4),(-33.1435700955535,-19.0035969077862),
 .UNSPECIFIED.);
#1687=B_SPLINE_CURVE_WITH_KNOTS('',3,(#7079,#7080,#7081,#7082,#7083,#7084),
 .UNSPECIFIED.,.F.,.F.,(4,2,4),(-40.278263232417,-29.8888989415549,-23.028870625228),
 .UNSPECIFIED.);
#1688=B_SPLINE_CURVE_WITH_KNOTS('',3,(#7091,#7092,#7093,#7094),
 .UNSPECIFIED.,.F.,.F.,(4,4),(-22.0643172263422,0.),.UNSPECIFIED.);
#1689=B_SPLINE_CURVE_WITH_KNOTS('',3,(#7100,#7101,#7102,#7103),
 .UNSPECIFIED.,.F.,.F.,(4,4),(-8.07761082200986,-0.0501714957889803),
 .UNSPECIFIED.);
#1690=B_SPLINE_CURVE_WITH_KNOTS('',3,(#7108,#7109,#7110,#7111),
 .UNSPECIFIED.,.F.,.F.,(4,4),(-22.1153327210516,-0.0501440923030689),
 .UNSPECIFIED.);
#1691=B_SPLINE_CURVE_WITH_KNOTS('',3,(#7130,#7131,#7132,#7133),
 .UNSPECIFIED.,.F.,.F.,(4,4),(-29.4204913876858,0.),.UNSPECIFIED.);
#1692=B_SPLINE_CURVE_WITH_KNOTS('',3,(#7135,#7136,#7137,#7138),
 .UNSPECIFIED.,.F.,.F.,(4,4),(-36.3893052374539,-16.9912212688132),
 .UNSPECIFIED.);
#1693=B_SPLINE_CURVE_WITH_KNOTS('',3,(#7140,#7141,#7142,#7143,#7144,#7145),
 .UNSPECIFIED.,.F.,.F.,(4,2,4),(-26.4313348261068,-13.2156674130534,0.),
 .UNSPECIFIED.);
#1694=B_SPLINE_CURVE_WITH_KNOTS('',3,(#7146,#7147,#7148,#7149,#7150,#7151),
 .UNSPECIFIED.,.F.,.F.,(4,2,4),(-36.110936801105,-18.0554684005525,0.),
 .UNSPECIFIED.);
#1695=B_SPLINE_CURVE_WITH_KNOTS('',3,(#7209,#7210,#7211,#7212,#7213,#7214,
#7215,#7216,#7217,#7218,#7219,#7220),.UNSPECIFIED.,.F.,.F.,(4,2,2,2,2,4),
(0.134906208944304,0.319842602188433,0.504658659441231,0.696170027544396,
0.872130516465605,0.962553758937018),.UNSPECIFIED.);
#1696=B_SPLINE_CURVE_WITH_KNOTS('',3,(#7222,#7223,#7224,#7225),
 .UNSPECIFIED.,.F.,.F.,(4,4),(0.,0.134906208944304),.UNSPECIFIED.);
#1697=B_SPLINE_CURVE_WITH_KNOTS('',3,(#7229,#7230,#7231,#7232,#7233,#7234,
#7235,#7236,#7237,#7238),.UNSPECIFIED.,.F.,.F.,(4,2,2,2,4),(0.,0.134906208944304,
0.319842602188433,0.504658659441231,0.582616227618717),.UNSPECIFIED.);
#1698=B_SPLINE_CURVE_WITH_KNOTS('',3,(#7239,#7240,#7241,#7242,#7243,#7244,
#7245,#7246,#7247,#7248,#7249,#7250,#7251,#7252),.UNSPECIFIED.,.F.,.F.,
(4,2,2,2,2,2,4),(-624.104945156889,-394.295148957258,-180.271069615018,
-143.502376070749,-109.15301409084,-74.7541455764415,-57.3536056361443),
 .UNSPECIFIED.);
#1699=B_SPLINE_CURVE_WITH_KNOTS('',3,(#7254,#7255,#7256,#7257),
 .UNSPECIFIED.,.F.,.F.,(4,4),(-7.65767852611341,0.),.UNSPECIFIED.);
#1700=B_SPLINE_CURVE_WITH_KNOTS('',3,(#7258,#7259,#7260,#7261,#7262,#7263),
 .UNSPECIFIED.,.F.,.F.,(4,2,4),(0.854382564392094,0.872130516465605,0.962553758937018),
 .UNSPECIFIED.);
#1701=B_SPLINE_CURVE_WITH_KNOTS('',3,(#7324,#7325,#7326,#7327),
 .UNSPECIFIED.,.F.,.F.,(4,4),(-31.0127881020781,0.),.UNSPECIFIED.);
#1702=B_SPLINE_CURVE_WITH_KNOTS('',3,(#7328,#7329,#7330,#7331,#7332,#7333),
 .UNSPECIFIED.,.F.,.F.,(4,2,4),(-24.1345703609323,-12.0672851804662,0.),
 .UNSPECIFIED.);
#1703=B_SPLINE_CURVE_WITH_KNOTS('',3,(#7392,#7393,#7394,#7395),
 .UNSPECIFIED.,.F.,.F.,(4,4),(0.872130516465605,0.962553758937018),
 .UNSPECIFIED.);
#1704=B_SPLINE_CURVE_WITH_KNOTS('',3,(#7397,#7398,#7399,#7400),
 .UNSPECIFIED.,.F.,.F.,(4,4),(0.696170027544396,0.872130516465605),
 .UNSPECIFIED.);
#1705=B_SPLINE_CURVE_WITH_KNOTS('',3,(#7402,#7403,#7404,#7405,#7406,#7407,
#7408,#7409,#7410,#7411),.UNSPECIFIED.,.F.,.F.,(4,2,2,2,4),(0.,0.134906208944304,
0.319842602188433,0.504658659441231,0.696170027544396),.UNSPECIFIED.);
#1706=B_SPLINE_CURVE_WITH_KNOTS('',3,(#7414,#7415,#7416,#7417,#7418,#7419,
#7420,#7421,#7422,#7423,#7424,#7425,#7426,#7427,#7428,#7429,#7430,#7431,
#7432,#7433,#7434,#7435),.UNSPECIFIED.,.F.,.F.,(4,2,2,2,2,2,2,2,2,2,4),
(-763.909366077919,-594.033068522546,-364.146770965441,-266.045233777512,
-213.113683549961,-167.213498329637,-151.92855043698,-141.817306555214,
-129.020466580627,-101.870313680562,-80.006967944567),.UNSPECIFIED.);
#1707=B_SPLINE_CURVE_WITH_KNOTS('',3,(#7436,#7437,#7438,#7439,#7440,#7441),
 .UNSPECIFIED.,.F.,.F.,(4,2,4),(-65.334024932627,-26.0826399944592,0.),
 .UNSPECIFIED.);
#1708=B_SPLINE_CURVE_WITH_KNOTS('',3,(#7502,#7503,#7504,#7505),
 .UNSPECIFIED.,.F.,.F.,(4,4),(-23.6004147146954,-0.197504585602211),
 .UNSPECIFIED.);
#1709=B_SPLINE_CURVE_WITH_KNOTS('',3,(#7513,#7514,#7515,#7516),
 .UNSPECIFIED.,.F.,.F.,(4,4),(-35.9480203285804,-0.0856671275224207),
 .UNSPECIFIED.);
#1710=B_SPLINE_CURVE_WITH_KNOTS('',3,(#7526,#7527,#7528,#7529),
 .UNSPECIFIED.,.F.,.F.,(4,4),(-26.719840984088,-0.232107339735806),
 .UNSPECIFIED.);
#1711=B_SPLINE_CURVE_WITH_KNOTS('',3,(#7532,#7533,#7534,#7535),
 .UNSPECIFIED.,.F.,.F.,(4,4),(-38.4416360477932,-0.0783902660899499),
 .UNSPECIFIED.);
#1712=B_SPLINE_CURVE_WITH_KNOTS('',3,(#7539,#7540,#7541,#7542),
 .UNSPECIFIED.,.F.,.F.,(4,4),(-22.9796310048122,-0.199390000877591),
 .UNSPECIFIED.);
#1713=B_SPLINE_CURVE_WITH_KNOTS('',3,(#7550,#7551,#7552,#7553),
 .UNSPECIFIED.,.F.,.F.,(4,4),(-33.0610361766835,-0.0753900823375762),
 .UNSPECIFIED.);
#1714=B_SPLINE_CURVE_WITH_KNOTS('',3,(#7563,#7564,#7565,#7566),
 .UNSPECIFIED.,.F.,.F.,(4,4),(-24.1009941624661,-0.188273100945863),
 .UNSPECIFIED.);
#1715=B_SPLINE_CURVE_WITH_KNOTS('',3,(#7569,#7570,#7571,#7572),
 .UNSPECIFIED.,.F.,.F.,(4,4),(-33.1713638062092,-0.0715632953669604),
 .UNSPECIFIED.);
#1716=B_SPLINE_CURVE_WITH_KNOTS('',3,(#7576,#7577,#7578,#7579),
 .UNSPECIFIED.,.F.,.F.,(4,4),(-8.05231168351168,-0.0500002643671049),
 .UNSPECIFIED.);
#1717=B_SPLINE_CURVE_WITH_KNOTS('',3,(#7615,#7616,#7617,#7618,#7619,#7620),
 .UNSPECIFIED.,.F.,.F.,(4,2,4),(-35.7766547871438,-20.3816031981359,0.),
 .UNSPECIFIED.);
#1718=B_SPLINE_CURVE_WITH_KNOTS('',3,(#7642,#7643,#7644,#7645),
 .UNSPECIFIED.,.F.,.F.,(4,4),(-38.2007143496329,0.),.UNSPECIFIED.);
#1719=B_SPLINE_CURVE_WITH_KNOTS('',3,(#7686,#7687,#7688,#7689),
 .UNSPECIFIED.,.F.,.F.,(4,4),(-436.492239613765,-419.954519991644),
 .UNSPECIFIED.);
#1720=B_SPLINE_CURVE_WITH_KNOTS('',3,(#7691,#7692,#7693,#7694,#7695,#7696,
#7697,#7698,#7699,#7700,#7701,#7702,#7703,#7704),.UNSPECIFIED.,.F.,.F.,
(4,2,2,2,2,2,4),(-343.801692533013,-321.728003569065,-267.364870428563,
-129.004247210962,-104.762485030522,-82.953364019643,0.),.UNSPECIFIED.);
#1721=B_SPLINE_CURVE_WITH_KNOTS('',3,(#7817,#7818,#7819,#7820,#7821,#7822,
#7823,#7824,#7825,#7826,#7827,#7828,#7829,#7830),.UNSPECIFIED.,.F.,.F.,
(4,2,2,2,2,2,4),(0.,0.134906208944304,0.319842602188433,0.504658659441231,
0.696170027544396,0.872130516465605,0.962553758937018),.UNSPECIFIED.);
#1722=VERTEX_POINT('',#6012);
#1723=VERTEX_POINT('',#6013);
#1724=VERTEX_POINT('',#6018);
#1725=VERTEX_POINT('',#6020);
#1726=VERTEX_POINT('',#6024);
#1727=VERTEX_POINT('',#6029);
#1728=VERTEX_POINT('',#6036);
#1729=VERTEX_POINT('',#6041);
#1730=VERTEX_POINT('',#6043);
#1731=VERTEX_POINT('',#6047);
#1732=VERTEX_POINT('',#6052);
#1733=VERTEX_POINT('',#6054);
#1734=VERTEX_POINT('',#6056);
#1735=VERTEX_POINT('',#6058);
#1736=VERTEX_POINT('',#6094);
#1737=VERTEX_POINT('',#6101);
#1738=VERTEX_POINT('',#6103);
#1739=VERTEX_POINT('',#6110);
#1740=VERTEX_POINT('',#6117);
#1741=VERTEX_POINT('',#6142);
#1742=VERTEX_POINT('',#6149);
#1743=VERTEX_POINT('',#6154);
#1744=VERTEX_POINT('',#6159);
#1745=VERTEX_POINT('',#6164);
#1746=VERTEX_POINT('',#6186);
#1747=VERTEX_POINT('',#6191);
#1748=VERTEX_POINT('',#6201);
#1749=VERTEX_POINT('',#6206);
#1750=VERTEX_POINT('',#6208);
#1751=VERTEX_POINT('',#6212);
#1752=VERTEX_POINT('',#6216);
#1753=VERTEX_POINT('',#6221);
#1754=VERTEX_POINT('',#6247);
#1755=VERTEX_POINT('',#6254);
#1756=VERTEX_POINT('',#6265);
#1757=VERTEX_POINT('',#6267);
#1758=VERTEX_POINT('',#6274);
#1759=VERTEX_POINT('',#6276);
#1760=VERTEX_POINT('',#6283);
#1761=VERTEX_POINT('',#6284);
#1762=VERTEX_POINT('',#6289);
#1763=VERTEX_POINT('',#6296);
#1764=VERTEX_POINT('',#6301);
#1765=VERTEX_POINT('',#6303);
#1766=VERTEX_POINT('',#6305);
#1767=VERTEX_POINT('',#6309);
#1768=VERTEX_POINT('',#6314);
#1769=VERTEX_POINT('',#6318);
#1770=VERTEX_POINT('',#6320);
#1771=VERTEX_POINT('',#6324);
#1772=VERTEX_POINT('',#6325);
#1773=VERTEX_POINT('',#6332);
#1774=VERTEX_POINT('',#6365);
#1775=VERTEX_POINT('',#6370);
#1776=VERTEX_POINT('',#6372);
#1777=VERTEX_POINT('',#6379);
#1778=VERTEX_POINT('',#6403);
#1779=VERTEX_POINT('',#6410);
#1780=VERTEX_POINT('',#6411);
#1781=VERTEX_POINT('',#6416);
#1782=VERTEX_POINT('',#6421);
#1783=VERTEX_POINT('',#6423);
#1784=VERTEX_POINT('',#6427);
#1785=VERTEX_POINT('',#6432);
#1786=VERTEX_POINT('',#6436);
#1787=VERTEX_POINT('',#6437);
#1788=VERTEX_POINT('',#6442);
#1789=VERTEX_POINT('',#6478);
#1790=VERTEX_POINT('',#6483);
#1791=VERTEX_POINT('',#6485);
#1792=VERTEX_POINT('',#6492);
#1793=VERTEX_POINT('',#6496);
#1794=VERTEX_POINT('',#6497);
#1795=VERTEX_POINT('',#6502);
#1796=VERTEX_POINT('',#6504);
#1797=VERTEX_POINT('',#6506);
#1798=VERTEX_POINT('',#6510);
#1799=VERTEX_POINT('',#6515);
#1800=VERTEX_POINT('',#6517);
#1801=VERTEX_POINT('',#6519);
#1802=VERTEX_POINT('',#6523);
#1803=VERTEX_POINT('',#6525);
#1804=VERTEX_POINT('',#6532);
#1805=VERTEX_POINT('',#6540);
#1806=VERTEX_POINT('',#6545);
#1807=VERTEX_POINT('',#6547);
#1808=VERTEX_POINT('',#6549);
#1809=VERTEX_POINT('',#6551);
#1810=VERTEX_POINT('',#6553);
#1811=VERTEX_POINT('',#6555);
#1812=VERTEX_POINT('',#6557);
#1813=VERTEX_POINT('',#6559);
#1814=VERTEX_POINT('',#6561);
#1815=VERTEX_POINT('',#6563);
#1816=VERTEX_POINT('',#6568);
#1817=VERTEX_POINT('',#6602);
#1818=VERTEX_POINT('',#6603);
#1819=VERTEX_POINT('',#6608);
#1820=VERTEX_POINT('',#6613);
#1821=VERTEX_POINT('',#6615);
#1822=VERTEX_POINT('',#6619);
#1823=VERTEX_POINT('',#6620);
#1824=VERTEX_POINT('',#6622);
#1825=VERTEX_POINT('',#6626);
#1826=VERTEX_POINT('',#6627);
#1827=VERTEX_POINT('',#6632);
#1828=VERTEX_POINT('',#6634);
#1829=VERTEX_POINT('',#6638);
#1830=VERTEX_POINT('',#6640);
#1831=VERTEX_POINT('',#6644);
#1832=VERTEX_POINT('',#6651);
#1833=VERTEX_POINT('',#6716);
#1834=VERTEX_POINT('',#6729);
#1835=VERTEX_POINT('',#6734);
#1836=VERTEX_POINT('',#6736);
#1837=VERTEX_POINT('',#6751);
#1838=VERTEX_POINT('',#6813);
#1839=VERTEX_POINT('',#6815);
#1840=VERTEX_POINT('',#6824);
#1841=VERTEX_POINT('',#6831);
#1842=VERTEX_POINT('',#6838);
#1843=VERTEX_POINT('',#6843);
#1844=VERTEX_POINT('',#6862);
#1845=VERTEX_POINT('',#6875);
#1846=VERTEX_POINT('',#6876);
#1847=VERTEX_POINT('',#6878);
#1848=VERTEX_POINT('',#6880);
#1849=VERTEX_POINT('',#6884);
#1850=VERTEX_POINT('',#6886);
#1851=VERTEX_POINT('',#6890);
#1852=VERTEX_POINT('',#6892);
#1853=VERTEX_POINT('',#6899);
#1854=VERTEX_POINT('',#6901);
#1855=VERTEX_POINT('',#6903);
#1856=VERTEX_POINT('',#6905);
#1857=VERTEX_POINT('',#6908);
#1858=VERTEX_POINT('',#6911);
#1859=VERTEX_POINT('',#6913);
#1860=VERTEX_POINT('',#6916);
#1861=VERTEX_POINT('',#6918);
#1862=VERTEX_POINT('',#6924);
#1863=VERTEX_POINT('',#6925);
#1864=VERTEX_POINT('',#6930);
#1865=VERTEX_POINT('',#6932);
#1866=VERTEX_POINT('',#6934);
#1867=VERTEX_POINT('',#6936);
#1868=VERTEX_POINT('',#6940);
#1869=VERTEX_POINT('',#6941);
#1870=VERTEX_POINT('',#6946);
#1871=VERTEX_POINT('',#6950);
#1872=VERTEX_POINT('',#6951);
#1873=VERTEX_POINT('',#6959);
#1874=VERTEX_POINT('',#7030);
#1875=VERTEX_POINT('',#7037);
#1876=VERTEX_POINT('',#7042);
#1877=VERTEX_POINT('',#7051);
#1878=VERTEX_POINT('',#7053);
#1879=VERTEX_POINT('',#7062);
#1880=VERTEX_POINT('',#7067);
#1881=VERTEX_POINT('',#7074);
#1882=VERTEX_POINT('',#7086);
#1883=VERTEX_POINT('',#7090);
#1884=VERTEX_POINT('',#7095);
#1885=VERTEX_POINT('',#7099);
#1886=VERTEX_POINT('',#7104);
#1887=VERTEX_POINT('',#7118);
#1888=VERTEX_POINT('',#7122);
#1889=VERTEX_POINT('',#7129);
#1890=VERTEX_POINT('',#7134);
#1891=VERTEX_POINT('',#7139);
#1892=VERTEX_POINT('',#7208);
#1893=VERTEX_POINT('',#7221);
#1894=VERTEX_POINT('',#7226);
#1895=VERTEX_POINT('',#7228);
#1896=VERTEX_POINT('',#7253);
#1897=VERTEX_POINT('',#7323);
#1898=VERTEX_POINT('',#7391);
#1899=VERTEX_POINT('',#7396);
#1900=VERTEX_POINT('',#7401);
#1901=VERTEX_POINT('',#7413);
#1902=VERTEX_POINT('',#7500);
#1903=VERTEX_POINT('',#7501);
#1904=VERTEX_POINT('',#7506);
#1905=VERTEX_POINT('',#7508);
#1906=VERTEX_POINT('',#7512);
#1907=VERTEX_POINT('',#7517);
#1908=VERTEX_POINT('',#7521);
#1909=VERTEX_POINT('',#7525);
#1910=VERTEX_POINT('',#7537);
#1911=VERTEX_POINT('',#7538);
#1912=VERTEX_POINT('',#7543);
#1913=VERTEX_POINT('',#7545);
#1914=VERTEX_POINT('',#7549);
#1915=VERTEX_POINT('',#7554);
#1916=VERTEX_POINT('',#7558);
#1917=VERTEX_POINT('',#7562);
#1918=VERTEX_POINT('',#7574);
#1919=VERTEX_POINT('',#7575);
#1920=VERTEX_POINT('',#7580);
#1921=VERTEX_POINT('',#7582);
#1922=VERTEX_POINT('',#7586);
#1923=VERTEX_POINT('',#7588);
#1924=VERTEX_POINT('',#7592);
#1925=VERTEX_POINT('',#7594);
#1926=VERTEX_POINT('',#7600);
#1927=VERTEX_POINT('',#7602);
#1928=VERTEX_POINT('',#7606);
#1929=VERTEX_POINT('',#7639);
#1930=VERTEX_POINT('',#7641);
#1931=VERTEX_POINT('',#7648);
#1932=VERTEX_POINT('',#7650);
#1933=VERTEX_POINT('',#7654);
#1934=VERTEX_POINT('',#7656);
#1935=VERTEX_POINT('',#7658);
#1936=VERTEX_POINT('',#7662);
#1937=VERTEX_POINT('',#7664);
#1938=VERTEX_POINT('',#7669);
#1939=VERTEX_POINT('',#7673);
#1940=VERTEX_POINT('',#7677);
#1941=VERTEX_POINT('',#7758);
#1942=VERTEX_POINT('',#7888);
#1943=VERTEX_POINT('',#7889);
#1944=VERTEX_POINT('',#7891);
#1945=VERTEX_POINT('',#7893);
#1946=VERTEX_POINT('',#7895);
#1947=VERTEX_POINT('',#7897);
#1948=VERTEX_POINT('',#7899);
#1949=VERTEX_POINT('',#7901);
#1950=VERTEX_POINT('',#7905);
#1951=VERTEX_POINT('',#7907);
#1952=VERTEX_POINT('',#7911);
#1953=VERTEX_POINT('',#7913);
#1954=VERTEX_POINT('',#7917);
#1955=VERTEX_POINT('',#7921);
#1956=VERTEX_POINT('',#7925);
#1957=VERTEX_POINT('',#7931);
#1958=VERTEX_POINT('',#7933);
#1959=VERTEX_POINT('',#7935);
#1960=VERTEX_POINT('',#7937);
#1961=VERTEX_POINT('',#7939);
#1962=VERTEX_POINT('',#7943);
#1963=VERTEX_POINT('',#7945);
#1964=VERTEX_POINT('',#7949);
#1965=VERTEX_POINT('',#7953);
#1966=VERTEX_POINT('',#7957);
#1967=VERTEX_POINT('',#7961);
#1968=VERTEX_POINT('',#7968);
#1969=VERTEX_POINT('',#7969);
#1970=VERTEX_POINT('',#7971);
#1971=VERTEX_POINT('',#7973);
#1972=VERTEX_POINT('',#7977);
#1973=VERTEX_POINT('',#7979);
#1974=VERTEX_POINT('',#7983);
#1975=VERTEX_POINT('',#7985);
#1976=VERTEX_POINT('',#7994);
#1977=VERTEX_POINT('',#7995);
#1978=VERTEX_POINT('',#7997);
#1979=VERTEX_POINT('',#7999);
#1980=VERTEX_POINT('',#8003);
#1981=VERTEX_POINT('',#8005);
#1982=VERTEX_POINT('',#8009);
#1983=VERTEX_POINT('',#8011);
#1984=VERTEX_POINT('',#8020);
#1985=VERTEX_POINT('',#8021);
#1986=VERTEX_POINT('',#8023);
#1987=VERTEX_POINT('',#8025);
#1988=VERTEX_POINT('',#8029);
#1989=VERTEX_POINT('',#8031);
#1990=VERTEX_POINT('',#8035);
#1991=VERTEX_POINT('',#8037);
#1992=VERTEX_POINT('',#8041);
#1993=VERTEX_POINT('',#8043);
#1994=VERTEX_POINT('',#8047);
#1995=VERTEX_POINT('',#8049);
#1996=VERTEX_POINT('',#8058);
#1997=VERTEX_POINT('',#8059);
#1998=VERTEX_POINT('',#8061);
#1999=VERTEX_POINT('',#8063);
#2000=VERTEX_POINT('',#8067);
#2001=VERTEX_POINT('',#8069);
#2002=VERTEX_POINT('',#8073);
#2003=VERTEX_POINT('',#8075);
#2004=VERTEX_POINT('',#8084);
#2005=VERTEX_POINT('',#8085);
#2006=VERTEX_POINT('',#8087);
#2007=VERTEX_POINT('',#8089);
#2008=VERTEX_POINT('',#8093);
#2009=VERTEX_POINT('',#8095);
#2010=VERTEX_POINT('',#8099);
#2011=VERTEX_POINT('',#8101);
#2012=VERTEX_POINT('',#8110);
#2013=VERTEX_POINT('',#8111);
#2014=VERTEX_POINT('',#8113);
#2015=VERTEX_POINT('',#8115);
#2016=VERTEX_POINT('',#8119);
#2017=VERTEX_POINT('',#8121);
#2018=VERTEX_POINT('',#8125);
#2019=VERTEX_POINT('',#8127);
#2020=VERTEX_POINT('',#8136);
#2021=VERTEX_POINT('',#8137);
#2022=VERTEX_POINT('',#8139);
#2023=VERTEX_POINT('',#8141);
#2024=VERTEX_POINT('',#8145);
#2025=VERTEX_POINT('',#8147);
#2026=VERTEX_POINT('',#8151);
#2027=VERTEX_POINT('',#8153);
#2028=VERTEX_POINT('',#8162);
#2029=VERTEX_POINT('',#8163);
#2030=VERTEX_POINT('',#8165);
#2031=VERTEX_POINT('',#8167);
#2032=VERTEX_POINT('',#8171);
#2033=VERTEX_POINT('',#8173);
#2034=VERTEX_POINT('',#8177);
#2035=VERTEX_POINT('',#8179);
#2036=VERTEX_POINT('',#8188);
#2037=VERTEX_POINT('',#8189);
#2038=VERTEX_POINT('',#8191);
#2039=VERTEX_POINT('',#8193);
#2040=VERTEX_POINT('',#8197);
#2041=VERTEX_POINT('',#8199);
#2042=VERTEX_POINT('',#8203);
#2043=VERTEX_POINT('',#8205);
#2044=VERTEX_POINT('',#8214);
#2045=VERTEX_POINT('',#8216);
#2046=VERTEX_POINT('',#8222);
#2047=VERTEX_POINT('',#8224);
#2048=VERTEX_POINT('',#8230);
#2049=VERTEX_POINT('',#8231);
#2050=VERTEX_POINT('',#8233);
#2051=VERTEX_POINT('',#8235);
#2052=VERTEX_POINT('',#8239);
#2053=VERTEX_POINT('',#8241);
#2054=VERTEX_POINT('',#8245);
#2055=VERTEX_POINT('',#8247);
#2056=VERTEX_POINT('',#8256);
#2057=VERTEX_POINT('',#8257);
#2058=VERTEX_POINT('',#8259);
#2059=VERTEX_POINT('',#8261);
#2060=VERTEX_POINT('',#8265);
#2061=VERTEX_POINT('',#8267);
#2062=VERTEX_POINT('',#8271);
#2063=VERTEX_POINT('',#8273);
#2064=VERTEX_POINT('',#8282);
#2065=VERTEX_POINT('',#8283);
#2066=VERTEX_POINT('',#8285);
#2067=VERTEX_POINT('',#8287);
#2068=VERTEX_POINT('',#8291);
#2069=VERTEX_POINT('',#8293);
#2070=VERTEX_POINT('',#8297);
#2071=VERTEX_POINT('',#8299);
#2072=VERTEX_POINT('',#8308);
#2073=VERTEX_POINT('',#8309);
#2074=VERTEX_POINT('',#8311);
#2075=VERTEX_POINT('',#8313);
#2076=VERTEX_POINT('',#8317);
#2077=VERTEX_POINT('',#8319);
#2078=VERTEX_POINT('',#8323);
#2079=VERTEX_POINT('',#8325);
#2080=VERTEX_POINT('',#8334);
#2081=VERTEX_POINT('',#8335);
#2082=VERTEX_POINT('',#8337);
#2083=VERTEX_POINT('',#8339);
#2084=VERTEX_POINT('',#8343);
#2085=VERTEX_POINT('',#8345);
#2086=VERTEX_POINT('',#8349);
#2087=VERTEX_POINT('',#8351);
#2088=VERTEX_POINT('',#8360);
#2089=VERTEX_POINT('',#8361);
#2090=VERTEX_POINT('',#8363);
#2091=VERTEX_POINT('',#8365);
#2092=VERTEX_POINT('',#8369);
#2093=VERTEX_POINT('',#8371);
#2094=VERTEX_POINT('',#8375);
#2095=VERTEX_POINT('',#8377);
#2096=VERTEX_POINT('',#8386);
#2097=VERTEX_POINT('',#8387);
#2098=VERTEX_POINT('',#8389);
#2099=VERTEX_POINT('',#8391);
#2100=VERTEX_POINT('',#8395);
#2101=VERTEX_POINT('',#8397);
#2102=VERTEX_POINT('',#8401);
#2103=VERTEX_POINT('',#8403);
#2104=VERTEX_POINT('',#8412);
#2105=VERTEX_POINT('',#8413);
#2106=VERTEX_POINT('',#8415);
#2107=VERTEX_POINT('',#8417);
#2108=VERTEX_POINT('',#8421);
#2109=VERTEX_POINT('',#8423);
#2110=VERTEX_POINT('',#8427);
#2111=VERTEX_POINT('',#8429);
#2112=VERTEX_POINT('',#8438);
#2113=VERTEX_POINT('',#8439);
#2114=VERTEX_POINT('',#8441);
#2115=VERTEX_POINT('',#8443);
#2116=VERTEX_POINT('',#8447);
#2117=VERTEX_POINT('',#8449);
#2118=VERTEX_POINT('',#8453);
#2119=VERTEX_POINT('',#8455);
#2120=VERTEX_POINT('',#8464);
#2121=VERTEX_POINT('',#8465);
#2122=VERTEX_POINT('',#8467);
#2123=VERTEX_POINT('',#8469);
#2124=VERTEX_POINT('',#8473);
#2125=VERTEX_POINT('',#8475);
#2126=VERTEX_POINT('',#8479);
#2127=VERTEX_POINT('',#8481);
#2128=VERTEX_POINT('',#8490);
#2129=VERTEX_POINT('',#8493);
#2130=VERTEX_POINT('',#8498);
#2131=VERTEX_POINT('',#8501);
#2132=VERTEX_POINT('',#8506);
#2133=VERTEX_POINT('',#8509);
#2134=VERTEX_POINT('',#8514);
#2135=VERTEX_POINT('',#8517);
#2136=VERTEX_POINT('',#8522);
#2137=VERTEX_POINT('',#8525);
#2138=VERTEX_POINT('',#8530);
#2139=VERTEX_POINT('',#8533);
#2140=EDGE_CURVE('',#1722,#1723,#1606,.T.);
#2141=EDGE_CURVE('',#1722,#1724,#644,.T.);
#2142=EDGE_CURVE('',#1725,#1724,#645,.T.);
#2143=EDGE_CURVE('',#1723,#1725,#646,.T.);
#2144=EDGE_CURVE('',#1726,#1722,#1607,.T.);
#2145=EDGE_CURVE('',#1727,#1726,#1608,.T.);
#2146=EDGE_CURVE('',#1728,#1727,#1609,.T.);
#2147=EDGE_CURVE('',#1729,#1728,#647,.T.);
#2148=EDGE_CURVE('',#1729,#1730,#648,.T.);
#2149=EDGE_CURVE('',#1724,#1730,#649,.T.);
#2150=EDGE_CURVE('',#1723,#1731,#1610,.T.);
#2151=EDGE_CURVE('',#1732,#1725,#650,.T.);
#2152=EDGE_CURVE('',#1733,#1732,#651,.T.);
#2153=EDGE_CURVE('',#1734,#1733,#652,.T.);
#2154=EDGE_CURVE('',#1735,#1734,#1611,.T.);
#2155=EDGE_CURVE('',#1731,#1735,#1612,.T.);
#2156=EDGE_CURVE('',#1733,#1729,#653,.T.);
#2157=EDGE_CURVE('',#1730,#1732,#654,.T.);
#2158=EDGE_CURVE('',#1734,#1728,#1613,.T.);
#2159=EDGE_CURVE('',#1736,#1727,#1614,.T.);
#2160=EDGE_CURVE('',#1737,#1736,#655,.T.);
#2161=EDGE_CURVE('',#1737,#1738,#1615,.T.);
#2162=EDGE_CURVE('',#1738,#1739,#1616,.T.);
#2163=EDGE_CURVE('',#1739,#1740,#1617,.T.);
#2164=EDGE_CURVE('',#1735,#1740,#1618,.T.);
#2165=EDGE_CURVE('',#1741,#1726,#1619,.T.);
#2166=EDGE_CURVE('',#1741,#1742,#1620,.T.);
#2167=EDGE_CURVE('',#1742,#1743,#1621,.T.);
#2168=EDGE_CURVE('',#1743,#1744,#1622,.T.);
#2169=EDGE_CURVE('',#1745,#1744,#1623,.T.);
#2170=EDGE_CURVE('',#1736,#1745,#656,.T.);
#2171=EDGE_CURVE('',#1740,#1746,#1624,.T.);
#2172=EDGE_CURVE('',#1746,#1747,#1625,.T.);
#2173=EDGE_CURVE('',#1731,#1747,#1626,.T.);
#2174=EDGE_CURVE('',#1744,#1748,#1627,.T.);
#2175=EDGE_CURVE('',#1743,#1749,#657,.T.);
#2176=EDGE_CURVE('',#1750,#1749,#658,.T.);
#2177=EDGE_CURVE('',#1748,#1750,#659,.T.);
#2178=EDGE_CURVE('',#1742,#1751,#660,.T.);
#2179=EDGE_CURVE('',#1749,#1751,#661,.T.);
#2180=EDGE_CURVE('',#1752,#1741,#1628,.T.);
#2181=EDGE_CURVE('',#1752,#1753,#662,.T.);
#2182=EDGE_CURVE('',#1751,#1753,#663,.T.);
#2183=EDGE_CURVE('',#1748,#1752,#1629,.T.);
#2184=EDGE_CURVE('',#1753,#1750,#664,.T.);
#2185=EDGE_CURVE('',#1747,#1754,#1630,.T.);
#2186=EDGE_CURVE('',#1754,#1755,#1631,.T.);
#2187=EDGE_CURVE('',#1755,#1756,#665,.T.);
#2188=EDGE_CURVE('',#1757,#1756,#1632,.T.);
#2189=EDGE_CURVE('',#1758,#1757,#666,.T.);
#2190=EDGE_CURVE('',#1759,#1758,#1633,.T.);
#2191=EDGE_CURVE('',#1745,#1759,#667,.T.);
#2192=EDGE_CURVE('',#1760,#1761,#1634,.T.);
#2193=EDGE_CURVE('',#1762,#1760,#1635,.T.);
#2194=EDGE_CURVE('',#1763,#1762,#1636,.T.);
#2195=EDGE_CURVE('',#1763,#1764,#668,.T.);
#2196=EDGE_CURVE('',#1765,#1764,#669,.T.);
#2197=EDGE_CURVE('',#1766,#1765,#670,.T.);
#2198=EDGE_CURVE('',#1761,#1766,#671,.T.);
#2199=EDGE_CURVE('',#1767,#1763,#1637,.T.);
#2200=EDGE_CURVE('',#1767,#1768,#672,.T.);
#2201=EDGE_CURVE('',#1764,#1768,#673,.T.);
#2202=EDGE_CURVE('',#1766,#1769,#674,.T.);
#2203=EDGE_CURVE('',#1770,#1765,#675,.T.);
#2204=EDGE_CURVE('',#1769,#1770,#676,.T.);
#2205=EDGE_CURVE('',#1771,#1772,#1638,.T.);
#2206=EDGE_CURVE('',#1769,#1771,#677,.T.);
#2207=EDGE_CURVE('',#1768,#1770,#678,.T.);
#2208=EDGE_CURVE('',#1773,#1767,#1639,.T.);
#2209=EDGE_CURVE('',#1772,#1773,#1640,.T.);
#2210=EDGE_CURVE('',#1761,#1771,#1641,.T.);
#2211=EDGE_CURVE('',#1772,#1774,#1642,.T.);
#2212=EDGE_CURVE('',#1775,#1774,#679,.T.);
#2213=EDGE_CURVE('',#1776,#1775,#1643,.T.);
#2214=EDGE_CURVE('',#1776,#1777,#680,.T.);
#2215=EDGE_CURVE('',#1777,#1760,#1644,.T.);
#2216=EDGE_CURVE('',#1773,#1778,#1645,.T.);
#2217=EDGE_CURVE('',#1774,#1778,#681,.T.);
#2218=EDGE_CURVE('',#1779,#1780,#1646,.T.);
#2219=EDGE_CURVE('',#1781,#1779,#1647,.T.);
#2220=EDGE_CURVE('',#1781,#1782,#682,.T.);
#2221=EDGE_CURVE('',#1783,#1782,#683,.T.);
#2222=EDGE_CURVE('',#1780,#1783,#684,.T.);
#2223=EDGE_CURVE('',#1784,#1781,#1648,.T.);
#2224=EDGE_CURVE('',#1784,#1785,#685,.T.);
#2225=EDGE_CURVE('',#1782,#1785,#686,.T.);
#2226=EDGE_CURVE('',#1786,#1787,#1649,.T.);
#2227=EDGE_CURVE('',#1786,#1788,#687,.T.);
#2228=EDGE_CURVE('',#1785,#1788,#688,.T.);
#2229=EDGE_CURVE('',#1787,#1784,#1650,.T.);
#2230=EDGE_CURVE('',#1780,#1786,#1651,.T.);
#2231=EDGE_CURVE('',#1788,#1783,#689,.T.);
#2232=EDGE_CURVE('',#1779,#1762,#1652,.T.);
#2233=EDGE_CURVE('',#1789,#1787,#1653,.T.);
#2234=EDGE_CURVE('',#1789,#1790,#690,.T.);
#2235=EDGE_CURVE('',#1790,#1791,#1654,.T.);
#2236=EDGE_CURVE('',#1792,#1791,#691,.T.);
#2237=EDGE_CURVE('',#1778,#1792,#692,.T.);
#2238=EDGE_CURVE('',#1793,#1794,#1655,.T.);
#2239=EDGE_CURVE('',#1795,#1793,#693,.T.);
#2240=EDGE_CURVE('',#1795,#1796,#694,.T.);
#2241=EDGE_CURVE('',#1796,#1797,#695,.T.);
#2242=EDGE_CURVE('',#1794,#1797,#696,.T.);
#2243=EDGE_CURVE('',#1798,#1793,#1656,.T.);
#2244=EDGE_CURVE('',#1799,#1798,#697,.T.);
#2245=EDGE_CURVE('',#1800,#1799,#698,.T.);
#2246=EDGE_CURVE('',#1801,#1800,#699,.T.);
#2247=EDGE_CURVE('',#1801,#1795,#700,.T.);
#2248=EDGE_CURVE('',#1796,#1802,#701,.T.);
#2249=EDGE_CURVE('',#1802,#1803,#702,.T.);
#2250=EDGE_CURVE('',#1797,#1803,#703,.T.);
#2251=EDGE_CURVE('',#1802,#1801,#704,.T.);
#2252=EDGE_CURVE('',#1803,#1800,#705,.T.);
#2253=EDGE_CURVE('',#1794,#1804,#1657,.T.);
#2254=EDGE_CURVE('',#1804,#1799,#54,.T.);
#2255=EDGE_CURVE('',#1805,#1798,#1658,.T.);
#2256=EDGE_CURVE('',#1806,#1805,#55,.T.);
#2257=EDGE_CURVE('',#1806,#1807,#706,.T.);
#2258=EDGE_CURVE('',#1807,#1808,#56,.T.);
#2259=EDGE_CURVE('',#1808,#1809,#707,.T.);
#2260=EDGE_CURVE('',#1810,#1809,#57,.T.);
#2261=EDGE_CURVE('',#1810,#1811,#708,.T.);
#2262=EDGE_CURVE('',#1811,#1812,#58,.T.);
#2263=EDGE_CURVE('',#1812,#1813,#709,.T.);
#2264=EDGE_CURVE('',#1814,#1813,#59,.T.);
#2265=EDGE_CURVE('',#1815,#1814,#1659,.T.);
#2266=EDGE_CURVE('',#1815,#1816,#60,.T.);
#2267=EDGE_CURVE('',#1804,#1816,#1660,.T.);
#2268=EDGE_CURVE('',#1817,#1818,#1661,.T.);
#2269=EDGE_CURVE('',#1819,#1817,#1662,.T.);
#2270=EDGE_CURVE('',#1819,#1820,#710,.T.);
#2271=EDGE_CURVE('',#1820,#1821,#711,.T.);
#2272=EDGE_CURVE('',#1818,#1821,#712,.T.);
#2273=EDGE_CURVE('',#1822,#1823,#61,.T.);
#2274=EDGE_CURVE('',#1822,#1824,#713,.T.);
#2275=EDGE_CURVE('',#1824,#1823,#714,.T.);
#2276=EDGE_CURVE('',#1825,#1826,#1663,.T.);
#2277=EDGE_CURVE('',#1827,#1825,#715,.T.);
#2278=EDGE_CURVE('',#1828,#1827,#716,.T.);
#2279=EDGE_CURVE('',#1828,#1826,#717,.T.);
#2280=EDGE_CURVE('',#1829,#1822,#718,.T.);
#2281=EDGE_CURVE('',#1829,#1830,#719,.T.);
#2282=EDGE_CURVE('',#1830,#1824,#720,.T.);
#2283=EDGE_CURVE('',#1823,#1831,#721,.T.);
#2284=EDGE_CURVE('',#1830,#1831,#722,.T.);
#2285=EDGE_CURVE('',#1820,#1828,#723,.T.);
#2286=EDGE_CURVE('',#1821,#1827,#724,.T.);
#2287=EDGE_CURVE('',#1818,#1832,#1664,.T.);
#2288=EDGE_CURVE('',#1832,#1825,#1665,.T.);
#2289=EDGE_CURVE('',#1833,#1832,#1666,.T.);
#2290=EDGE_CURVE('',#1834,#1833,#1667,.T.);
#2291=EDGE_CURVE('',#1835,#1834,#725,.T.);
#2292=EDGE_CURVE('',#1835,#1836,#1668,.T.);
#2293=EDGE_CURVE('',#1836,#1837,#726,.T.);
#2294=EDGE_CURVE('',#1817,#1837,#1669,.T.);
#2295=EDGE_CURVE('',#1826,#1838,#727,.T.);
#2296=EDGE_CURVE('',#1838,#1839,#1670,.T.);
#2297=EDGE_CURVE('',#1839,#1840,#1671,.T.);
#2298=EDGE_CURVE('',#1841,#1840,#1672,.T.);
#2299=EDGE_CURVE('',#1841,#1842,#1673,.T.);
#2300=EDGE_CURVE('',#1842,#1843,#1674,.T.);
#2301=EDGE_CURVE('',#1844,#1843,#1675,.T.);
#2302=EDGE_CURVE('',#1834,#1844,#728,.T.);
#2303=EDGE_CURVE('',#1845,#1846,#729,.T.);
#2304=EDGE_CURVE('',#1847,#1845,#730,.T.);
#2305=EDGE_CURVE('',#1848,#1847,#731,.T.);
#2306=EDGE_CURVE('',#1848,#1846,#732,.T.);
#2307=EDGE_CURVE('',#1849,#1845,#62,.T.);
#2308=EDGE_CURVE('',#1849,#1850,#733,.T.);
#2309=EDGE_CURVE('',#1850,#1847,#734,.T.);
#2310=EDGE_CURVE('',#1851,#1849,#735,.T.);
#2311=EDGE_CURVE('',#1851,#1852,#736,.T.);
#2312=EDGE_CURVE('',#1852,#1850,#737,.T.);
#2313=EDGE_CURVE('',#1852,#1848,#738,.T.);
#2314=EDGE_CURVE('',#1837,#1819,#739,.T.);
#2315=EDGE_CURVE('',#1853,#1836,#740,.T.);
#2316=EDGE_CURVE('',#1854,#1853,#741,.T.);
#2317=EDGE_CURVE('',#1855,#1854,#742,.T.);
#2318=EDGE_CURVE('',#1856,#1855,#743,.T.);
#2319=EDGE_CURVE('',#1814,#1856,#744,.T.);
#2320=EDGE_CURVE('',#1857,#1813,#745,.T.);
#2321=EDGE_CURVE('',#1810,#1857,#746,.T.);
#2322=EDGE_CURVE('',#1858,#1809,#747,.T.);
#2323=EDGE_CURVE('',#1859,#1858,#748,.T.);
#2324=EDGE_CURVE('',#1806,#1859,#749,.T.);
#2325=EDGE_CURVE('',#1860,#1805,#750,.T.);
#2326=EDGE_CURVE('',#1861,#1860,#751,.T.);
#2327=EDGE_CURVE('',#1861,#1846,#63,.T.);
#2328=EDGE_CURVE('',#1851,#1831,#64,.T.);
#2329=EDGE_CURVE('',#1829,#1838,#65,.T.);
#2330=EDGE_CURVE('',#1862,#1863,#1676,.T.);
#2331=EDGE_CURVE('',#1864,#1862,#66,.T.);
#2332=EDGE_CURVE('',#1864,#1865,#752,.T.);
#2333=EDGE_CURVE('',#1865,#1866,#753,.T.);
#2334=EDGE_CURVE('',#1866,#1867,#754,.T.);
#2335=EDGE_CURVE('',#1867,#1863,#755,.T.);
#2336=EDGE_CURVE('',#1868,#1869,#756,.T.);
#2337=EDGE_CURVE('',#1869,#1867,#757,.T.);
#2338=EDGE_CURVE('',#1868,#1866,#758,.T.);
#2339=EDGE_CURVE('',#1870,#1868,#759,.T.);
#2340=EDGE_CURVE('',#1870,#1865,#760,.T.);
#2341=EDGE_CURVE('',#1871,#1872,#1677,.T.);
#2342=EDGE_CURVE('',#1873,#1871,#761,.T.);
#2343=EDGE_CURVE('',#1873,#1870,#762,.T.);
#2344=EDGE_CURVE('',#1872,#1864,#763,.T.);
#2345=EDGE_CURVE('',#1863,#1871,#1678,.T.);
#2346=EDGE_CURVE('',#1869,#1873,#764,.T.);
#2347=EDGE_CURVE('',#1872,#1861,#1679,.T.);
#2348=EDGE_CURVE('',#1874,#1860,#1680,.T.);
#2349=EDGE_CURVE('',#1875,#1874,#1681,.T.);
#2350=EDGE_CURVE('',#1876,#1875,#1682,.T.);
#2351=EDGE_CURVE('',#1877,#1876,#765,.T.);
#2352=EDGE_CURVE('',#1877,#1878,#1683,.T.);
#2353=EDGE_CURVE('',#1878,#1879,#1684,.T.);
#2354=EDGE_CURVE('',#1879,#1880,#1685,.T.);
#2355=EDGE_CURVE('',#1880,#1881,#1686,.T.);
#2356=EDGE_CURVE('',#1881,#1862,#1687,.T.);
#2357=EDGE_CURVE('',#1857,#1882,#766,.T.);
#2358=EDGE_CURVE('',#1811,#1882,#767,.T.);
#2359=EDGE_CURVE('',#1883,#1853,#1688,.T.);
#2360=EDGE_CURVE('',#1884,#1883,#768,.T.);
#2361=EDGE_CURVE('',#1854,#1884,#769,.T.);
#2362=EDGE_CURVE('',#1885,#1883,#1689,.T.);
#2363=EDGE_CURVE('',#1885,#1886,#770,.T.);
#2364=EDGE_CURVE('',#1886,#1884,#771,.T.);
#2365=EDGE_CURVE('',#1856,#1885,#1690,.T.);
#2366=EDGE_CURVE('',#1855,#1886,#772,.T.);
#2367=EDGE_CURVE('',#1882,#1812,#773,.T.);
#2368=EDGE_CURVE('',#1887,#1808,#774,.T.);
#2369=EDGE_CURVE('',#1858,#1887,#775,.T.);
#2370=EDGE_CURVE('',#1859,#1888,#776,.T.);
#2371=EDGE_CURVE('',#1807,#1888,#777,.T.);
#2372=EDGE_CURVE('',#1888,#1887,#778,.T.);
#2373=EDGE_CURVE('',#1816,#1889,#1691,.T.);
#2374=EDGE_CURVE('',#1890,#1815,#1692,.T.);
#2375=EDGE_CURVE('',#1891,#1890,#1693,.T.);
#2376=EDGE_CURVE('',#1889,#1891,#1694,.T.);
#2377=EDGE_CURVE('',#1892,#1890,#1695,.T.);
#2378=EDGE_CURVE('',#1893,#1892,#1696,.T.);
#2379=EDGE_CURVE('',#1894,#1893,#779,.T.);
#2380=EDGE_CURVE('',#1894,#1895,#1697,.T.);
#2381=EDGE_CURVE('',#1895,#1759,#1698,.T.);
#2382=EDGE_CURVE('',#1758,#1896,#1699,.T.);
#2383=EDGE_CURVE('',#1896,#1891,#1700,.T.);
#2384=EDGE_CURVE('',#1893,#1835,#780,.T.);
#2385=EDGE_CURVE('',#1881,#1839,#67,.T.);
#2386=EDGE_CURVE('',#1897,#1880,#1701,.T.);
#2387=EDGE_CURVE('',#1840,#1897,#1702,.T.);
#2388=EDGE_CURVE('',#1898,#1897,#1703,.T.);
#2389=EDGE_CURVE('',#1899,#1898,#1704,.T.);
#2390=EDGE_CURVE('',#1900,#1899,#1705,.T.);
#2391=EDGE_CURVE('',#1844,#1900,#781,.T.);
#2392=EDGE_CURVE('',#1843,#1901,#1706,.T.);
#2393=EDGE_CURVE('',#1901,#1841,#1707,.T.);
#2394=EDGE_CURVE('',#1900,#1877,#782,.T.);
#2395=EDGE_CURVE('',#1902,#1903,#1708,.T.);
#2396=EDGE_CURVE('',#1902,#1904,#783,.T.);
#2397=EDGE_CURVE('',#1904,#1905,#784,.T.);
#2398=EDGE_CURVE('',#1905,#1903,#785,.T.);
#2399=EDGE_CURVE('',#1903,#1906,#1709,.T.);
#2400=EDGE_CURVE('',#1907,#1905,#786,.T.);
#2401=EDGE_CURVE('',#1906,#1907,#787,.T.);
#2402=EDGE_CURVE('',#1904,#1908,#788,.T.);
#2403=EDGE_CURVE('',#1908,#1907,#789,.T.);
#2404=EDGE_CURVE('',#1906,#1909,#1710,.T.);
#2405=EDGE_CURVE('',#1908,#1909,#790,.T.);
#2406=EDGE_CURVE('',#1909,#1902,#1711,.T.);
#2407=EDGE_CURVE('',#1910,#1911,#1712,.T.);
#2408=EDGE_CURVE('',#1910,#1912,#791,.T.);
#2409=EDGE_CURVE('',#1912,#1913,#792,.T.);
#2410=EDGE_CURVE('',#1913,#1911,#793,.T.);
#2411=EDGE_CURVE('',#1911,#1914,#1713,.T.);
#2412=EDGE_CURVE('',#1915,#1913,#794,.T.);
#2413=EDGE_CURVE('',#1914,#1915,#795,.T.);
#2414=EDGE_CURVE('',#1912,#1916,#796,.T.);
#2415=EDGE_CURVE('',#1916,#1915,#797,.T.);
#2416=EDGE_CURVE('',#1914,#1917,#1714,.T.);
#2417=EDGE_CURVE('',#1916,#1917,#798,.T.);
#2418=EDGE_CURVE('',#1917,#1910,#1715,.T.);
#2419=EDGE_CURVE('',#1918,#1919,#1716,.T.);
#2420=EDGE_CURVE('',#1918,#1920,#799,.T.);
#2421=EDGE_CURVE('',#1920,#1921,#800,.T.);
#2422=EDGE_CURVE('',#1919,#1921,#801,.T.);
#2423=EDGE_CURVE('',#1922,#1754,#802,.T.);
#2424=EDGE_CURVE('',#1923,#1922,#803,.T.);
#2425=EDGE_CURVE('',#1923,#1755,#804,.T.);
#2426=EDGE_CURVE('',#1746,#1924,#805,.T.);
#2427=EDGE_CURVE('',#1924,#1925,#806,.T.);
#2428=EDGE_CURVE('',#1925,#1922,#807,.T.);
#2429=EDGE_CURVE('',#1740,#1924,#808,.T.);
#2430=EDGE_CURVE('',#1920,#1926,#809,.T.);
#2431=EDGE_CURVE('',#1926,#1927,#810,.T.);
#2432=EDGE_CURVE('',#1921,#1927,#811,.T.);
#2433=EDGE_CURVE('',#1928,#1923,#812,.T.);
#2434=EDGE_CURVE('',#1928,#1925,#813,.T.);
#2435=EDGE_CURVE('',#1740,#1928,#814,.T.);
#2436=EDGE_CURVE('',#1927,#1739,#815,.T.);
#2437=EDGE_CURVE('',#1926,#1740,#816,.T.);
#2438=EDGE_CURVE('',#1919,#1738,#1717,.T.);
#2439=EDGE_CURVE('',#1756,#1918,#817,.T.);
#2440=EDGE_CURVE('',#1929,#1737,#818,.T.);
#2441=EDGE_CURVE('',#1930,#1929,#1718,.T.);
#2442=EDGE_CURVE('',#1757,#1930,#819,.T.);
#2443=EDGE_CURVE('',#1931,#1792,#820,.T.);
#2444=EDGE_CURVE('',#1932,#1931,#821,.T.);
#2445=EDGE_CURVE('',#1774,#1932,#822,.T.);
#2446=EDGE_CURVE('',#1933,#1775,#823,.T.);
#2447=EDGE_CURVE('',#1934,#1774,#824,.T.);
#2448=EDGE_CURVE('',#1935,#1934,#825,.T.);
#2449=EDGE_CURVE('',#1933,#1935,#826,.T.);
#2450=EDGE_CURVE('',#1934,#1936,#827,.T.);
#2451=EDGE_CURVE('',#1937,#1936,#828,.T.);
#2452=EDGE_CURVE('',#1935,#1937,#829,.T.);
#2453=EDGE_CURVE('',#1933,#1792,#830,.T.);
#2454=EDGE_CURVE('',#1938,#1937,#831,.T.);
#2455=EDGE_CURVE('',#1931,#1938,#832,.T.);
#2456=EDGE_CURVE('',#1939,#1938,#833,.T.);
#2457=EDGE_CURVE('',#1932,#1939,#834,.T.);
#2458=EDGE_CURVE('',#1940,#1939,#835,.T.);
#2459=EDGE_CURVE('',#1774,#1940,#836,.T.);
#2460=EDGE_CURVE('',#1936,#1940,#837,.T.);
#2461=EDGE_CURVE('',#1791,#1933,#838,.T.);
#2462=EDGE_CURVE('',#1896,#1930,#1719,.T.);
#2463=EDGE_CURVE('',#1929,#1895,#1720,.T.);
#2464=EDGE_CURVE('',#1790,#1842,#839,.T.);
#2465=EDGE_CURVE('',#1777,#1789,#840,.T.);
#2466=EDGE_CURVE('',#1901,#1776,#841,.T.);
#2467=EDGE_CURVE('',#1876,#1941,#842,.T.);
#2468=EDGE_CURVE('',#1941,#1894,#843,.T.);
#2469=EDGE_CURVE('',#1941,#1889,#1721,.T.);
#2470=EDGE_CURVE('',#1942,#1943,#844,.T.);
#2471=EDGE_CURVE('',#1944,#1942,#845,.T.);
#2472=EDGE_CURVE('',#1944,#1945,#846,.T.);
#2473=EDGE_CURVE('',#1945,#1946,#847,.T.);
#2474=EDGE_CURVE('',#1946,#1947,#848,.T.);
#2475=EDGE_CURVE('',#1947,#1948,#849,.T.);
#2476=EDGE_CURVE('',#1948,#1949,#850,.T.);
#2477=EDGE_CURVE('',#1949,#1943,#851,.T.);
#2478=EDGE_CURVE('',#1950,#1944,#852,.T.);
#2479=EDGE_CURVE('',#1950,#1951,#853,.T.);
#2480=EDGE_CURVE('',#1951,#1945,#854,.T.);
#2481=EDGE_CURVE('',#1943,#1952,#855,.T.);
#2482=EDGE_CURVE('',#1953,#1949,#856,.T.);
#2483=EDGE_CURVE('',#1952,#1953,#857,.T.);
#2484=EDGE_CURVE('',#1953,#1954,#858,.T.);
#2485=EDGE_CURVE('',#1954,#1948,#859,.T.);
#2486=EDGE_CURVE('',#1954,#1955,#860,.T.);
#2487=EDGE_CURVE('',#1955,#1947,#861,.T.);
#2488=EDGE_CURVE('',#1956,#1955,#862,.T.);
#2489=EDGE_CURVE('',#1956,#1946,#863,.T.);
#2490=EDGE_CURVE('',#1951,#1956,#864,.T.);
#2491=EDGE_CURVE('',#1957,#1950,#865,.T.);
#2492=EDGE_CURVE('',#1958,#1957,#866,.T.);
#2493=EDGE_CURVE('',#1959,#1958,#867,.T.);
#2494=EDGE_CURVE('',#1959,#1960,#868,.T.);
#2495=EDGE_CURVE('',#1960,#1961,#869,.T.);
#2496=EDGE_CURVE('',#1961,#1952,#870,.T.);
#2497=EDGE_CURVE('',#1959,#1962,#871,.T.);
#2498=EDGE_CURVE('',#1963,#1962,#872,.T.);
#2499=EDGE_CURVE('',#1960,#1963,#873,.T.);
#2500=EDGE_CURVE('',#1964,#1963,#874,.T.);
#2501=EDGE_CURVE('',#1961,#1964,#875,.T.);
#2502=EDGE_CURVE('',#1965,#1964,#876,.T.);
#2503=EDGE_CURVE('',#1942,#1965,#877,.T.);
#2504=EDGE_CURVE('',#1966,#1965,#878,.T.);
#2505=EDGE_CURVE('',#1957,#1966,#879,.T.);
#2506=EDGE_CURVE('',#1967,#1966,#880,.T.);
#2507=EDGE_CURVE('',#1958,#1967,#881,.T.);
#2508=EDGE_CURVE('',#1962,#1967,#882,.T.);
#2509=EDGE_CURVE('',#1968,#1969,#883,.T.);
#2510=EDGE_CURVE('',#1969,#1970,#884,.T.);
#2511=EDGE_CURVE('',#1971,#1970,#885,.T.);
#2512=EDGE_CURVE('',#1968,#1971,#886,.T.);
#2513=EDGE_CURVE('',#1972,#1968,#887,.T.);
#2514=EDGE_CURVE('',#1973,#1971,#888,.T.);
#2515=EDGE_CURVE('',#1972,#1973,#889,.T.);
#2516=EDGE_CURVE('',#1974,#1972,#890,.T.);
#2517=EDGE_CURVE('',#1975,#1973,#891,.T.);
#2518=EDGE_CURVE('',#1974,#1975,#892,.T.);
#2519=EDGE_CURVE('',#1969,#1974,#893,.T.);
#2520=EDGE_CURVE('',#1970,#1975,#894,.T.);
#2521=EDGE_CURVE('',#1976,#1977,#895,.T.);
#2522=EDGE_CURVE('',#1976,#1978,#896,.T.);
#2523=EDGE_CURVE('',#1979,#1978,#897,.T.);
#2524=EDGE_CURVE('',#1977,#1979,#898,.T.);
#2525=EDGE_CURVE('',#1977,#1980,#899,.T.);
#2526=EDGE_CURVE('',#1981,#1979,#900,.T.);
#2527=EDGE_CURVE('',#1980,#1981,#901,.T.);
#2528=EDGE_CURVE('',#1980,#1982,#902,.T.);
#2529=EDGE_CURVE('',#1983,#1981,#903,.T.);
#2530=EDGE_CURVE('',#1982,#1983,#904,.T.);
#2531=EDGE_CURVE('',#1982,#1976,#905,.T.);
#2532=EDGE_CURVE('',#1978,#1983,#906,.T.);
#2533=EDGE_CURVE('',#1984,#1985,#907,.T.);
#2534=EDGE_CURVE('',#1984,#1986,#908,.T.);
#2535=EDGE_CURVE('',#1987,#1986,#909,.T.);
#2536=EDGE_CURVE('',#1985,#1987,#910,.T.);
#2537=EDGE_CURVE('',#1985,#1988,#911,.T.);
#2538=EDGE_CURVE('',#1989,#1987,#912,.T.);
#2539=EDGE_CURVE('',#1988,#1989,#913,.T.);
#2540=EDGE_CURVE('',#1988,#1990,#914,.T.);
#2541=EDGE_CURVE('',#1991,#1989,#915,.T.);
#2542=EDGE_CURVE('',#1990,#1991,#916,.T.);
#2543=EDGE_CURVE('',#1990,#1992,#917,.T.);
#2544=EDGE_CURVE('',#1993,#1991,#918,.T.);
#2545=EDGE_CURVE('',#1992,#1993,#919,.T.);
#2546=EDGE_CURVE('',#1992,#1994,#920,.T.);
#2547=EDGE_CURVE('',#1995,#1993,#921,.T.);
#2548=EDGE_CURVE('',#1994,#1995,#922,.T.);
#2549=EDGE_CURVE('',#1994,#1984,#923,.T.);
#2550=EDGE_CURVE('',#1986,#1995,#924,.T.);
#2551=EDGE_CURVE('',#1996,#1997,#925,.T.);
#2552=EDGE_CURVE('',#1997,#1998,#926,.T.);
#2553=EDGE_CURVE('',#1999,#1998,#927,.T.);
#2554=EDGE_CURVE('',#1996,#1999,#928,.T.);
#2555=EDGE_CURVE('',#2000,#1996,#929,.T.);
#2556=EDGE_CURVE('',#2001,#1999,#930,.T.);
#2557=EDGE_CURVE('',#2000,#2001,#931,.T.);
#2558=EDGE_CURVE('',#2002,#2000,#932,.T.);
#2559=EDGE_CURVE('',#2003,#2001,#933,.T.);
#2560=EDGE_CURVE('',#2002,#2003,#934,.T.);
#2561=EDGE_CURVE('',#1997,#2002,#935,.T.);
#2562=EDGE_CURVE('',#1998,#2003,#936,.T.);
#2563=EDGE_CURVE('',#2004,#2005,#937,.T.);
#2564=EDGE_CURVE('',#2004,#2006,#938,.T.);
#2565=EDGE_CURVE('',#2007,#2006,#939,.T.);
#2566=EDGE_CURVE('',#2005,#2007,#940,.T.);
#2567=EDGE_CURVE('',#2005,#2008,#941,.T.);
#2568=EDGE_CURVE('',#2009,#2007,#942,.T.);
#2569=EDGE_CURVE('',#2008,#2009,#943,.T.);
#2570=EDGE_CURVE('',#2008,#2010,#944,.T.);
#2571=EDGE_CURVE('',#2011,#2009,#945,.T.);
#2572=EDGE_CURVE('',#2010,#2011,#946,.T.);
#2573=EDGE_CURVE('',#2010,#2004,#947,.T.);
#2574=EDGE_CURVE('',#2006,#2011,#948,.T.);
#2575=EDGE_CURVE('',#2012,#2013,#949,.T.);
#2576=EDGE_CURVE('',#2013,#2014,#950,.T.);
#2577=EDGE_CURVE('',#2015,#2014,#951,.T.);
#2578=EDGE_CURVE('',#2012,#2015,#952,.T.);
#2579=EDGE_CURVE('',#2016,#2012,#953,.T.);
#2580=EDGE_CURVE('',#2017,#2015,#954,.T.);
#2581=EDGE_CURVE('',#2016,#2017,#955,.T.);
#2582=EDGE_CURVE('',#2018,#2016,#956,.T.);
#2583=EDGE_CURVE('',#2019,#2017,#957,.T.);
#2584=EDGE_CURVE('',#2018,#2019,#958,.T.);
#2585=EDGE_CURVE('',#2013,#2018,#959,.T.);
#2586=EDGE_CURVE('',#2014,#2019,#960,.T.);
#2587=EDGE_CURVE('',#2020,#2021,#961,.T.);
#2588=EDGE_CURVE('',#2020,#2022,#962,.T.);
#2589=EDGE_CURVE('',#2023,#2022,#963,.T.);
#2590=EDGE_CURVE('',#2021,#2023,#964,.T.);
#2591=EDGE_CURVE('',#2021,#2024,#965,.T.);
#2592=EDGE_CURVE('',#2025,#2023,#966,.T.);
#2593=EDGE_CURVE('',#2024,#2025,#967,.T.);
#2594=EDGE_CURVE('',#2024,#2026,#968,.T.);
#2595=EDGE_CURVE('',#2027,#2025,#969,.T.);
#2596=EDGE_CURVE('',#2026,#2027,#970,.T.);
#2597=EDGE_CURVE('',#2026,#2020,#971,.T.);
#2598=EDGE_CURVE('',#2022,#2027,#972,.T.);
#2599=EDGE_CURVE('',#2028,#2029,#973,.T.);
#2600=EDGE_CURVE('',#2028,#2030,#974,.T.);
#2601=EDGE_CURVE('',#2031,#2030,#975,.T.);
#2602=EDGE_CURVE('',#2029,#2031,#976,.T.);
#2603=EDGE_CURVE('',#2029,#2032,#977,.T.);
#2604=EDGE_CURVE('',#2033,#2031,#978,.T.);
#2605=EDGE_CURVE('',#2032,#2033,#979,.T.);
#2606=EDGE_CURVE('',#2032,#2034,#980,.T.);
#2607=EDGE_CURVE('',#2035,#2033,#981,.T.);
#2608=EDGE_CURVE('',#2034,#2035,#982,.T.);
#2609=EDGE_CURVE('',#2034,#2028,#983,.T.);
#2610=EDGE_CURVE('',#2030,#2035,#984,.T.);
#2611=EDGE_CURVE('',#2036,#2037,#985,.T.);
#2612=EDGE_CURVE('',#2036,#2038,#986,.T.);
#2613=EDGE_CURVE('',#2039,#2038,#987,.T.);
#2614=EDGE_CURVE('',#2037,#2039,#988,.T.);
#2615=EDGE_CURVE('',#2037,#2040,#989,.T.);
#2616=EDGE_CURVE('',#2041,#2039,#990,.T.);
#2617=EDGE_CURVE('',#2040,#2041,#991,.T.);
#2618=EDGE_CURVE('',#2040,#2042,#992,.T.);
#2619=EDGE_CURVE('',#2043,#2041,#993,.T.);
#2620=EDGE_CURVE('',#2042,#2043,#994,.T.);
#2621=EDGE_CURVE('',#2042,#2036,#995,.T.);
#2622=EDGE_CURVE('',#2038,#2043,#996,.T.);
#2623=EDGE_CURVE('',#2044,#2044,#68,.T.);
#2624=EDGE_CURVE('',#2044,#2045,#997,.T.);
#2625=EDGE_CURVE('',#2045,#2045,#69,.T.);
#2626=EDGE_CURVE('',#2046,#2046,#70,.T.);
#2627=EDGE_CURVE('',#2046,#2047,#998,.T.);
#2628=EDGE_CURVE('',#2047,#2047,#71,.T.);
#2629=EDGE_CURVE('',#2048,#2049,#999,.T.);
#2630=EDGE_CURVE('',#2049,#2050,#1000,.T.);
#2631=EDGE_CURVE('',#2051,#2050,#1001,.T.);
#2632=EDGE_CURVE('',#2048,#2051,#1002,.T.);
#2633=EDGE_CURVE('',#2052,#2048,#1003,.T.);
#2634=EDGE_CURVE('',#2053,#2051,#1004,.T.);
#2635=EDGE_CURVE('',#2052,#2053,#1005,.T.);
#2636=EDGE_CURVE('',#2054,#2052,#1006,.T.);
#2637=EDGE_CURVE('',#2055,#2053,#1007,.T.);
#2638=EDGE_CURVE('',#2054,#2055,#1008,.T.);
#2639=EDGE_CURVE('',#2049,#2054,#1009,.T.);
#2640=EDGE_CURVE('',#2050,#2055,#1010,.T.);
#2641=EDGE_CURVE('',#2056,#2057,#1011,.T.);
#2642=EDGE_CURVE('',#2057,#2058,#1012,.T.);
#2643=EDGE_CURVE('',#2059,#2058,#1013,.T.);
#2644=EDGE_CURVE('',#2056,#2059,#1014,.T.);
#2645=EDGE_CURVE('',#2060,#2056,#1015,.T.);
#2646=EDGE_CURVE('',#2061,#2059,#1016,.T.);
#2647=EDGE_CURVE('',#2060,#2061,#1017,.T.);
#2648=EDGE_CURVE('',#2062,#2060,#1018,.T.);
#2649=EDGE_CURVE('',#2063,#2061,#1019,.T.);
#2650=EDGE_CURVE('',#2062,#2063,#1020,.T.);
#2651=EDGE_CURVE('',#2057,#2062,#1021,.T.);
#2652=EDGE_CURVE('',#2058,#2063,#1022,.T.);
#2653=EDGE_CURVE('',#2064,#2065,#1023,.T.);
#2654=EDGE_CURVE('',#2065,#2066,#1024,.T.);
#2655=EDGE_CURVE('',#2067,#2066,#1025,.T.);
#2656=EDGE_CURVE('',#2064,#2067,#1026,.T.);
#2657=EDGE_CURVE('',#2068,#2064,#1027,.T.);
#2658=EDGE_CURVE('',#2069,#2067,#1028,.T.);
#2659=EDGE_CURVE('',#2068,#2069,#1029,.T.);
#2660=EDGE_CURVE('',#2070,#2068,#1030,.T.);
#2661=EDGE_CURVE('',#2071,#2069,#1031,.T.);
#2662=EDGE_CURVE('',#2070,#2071,#1032,.T.);
#2663=EDGE_CURVE('',#2065,#2070,#1033,.T.);
#2664=EDGE_CURVE('',#2066,#2071,#1034,.T.);
#2665=EDGE_CURVE('',#2072,#2073,#1035,.T.);
#2666=EDGE_CURVE('',#2073,#2074,#1036,.T.);
#2667=EDGE_CURVE('',#2075,#2074,#1037,.T.);
#2668=EDGE_CURVE('',#2072,#2075,#1038,.T.);
#2669=EDGE_CURVE('',#2076,#2072,#1039,.T.);
#2670=EDGE_CURVE('',#2077,#2075,#1040,.T.);
#2671=EDGE_CURVE('',#2076,#2077,#1041,.T.);
#2672=EDGE_CURVE('',#2078,#2076,#1042,.T.);
#2673=EDGE_CURVE('',#2079,#2077,#1043,.T.);
#2674=EDGE_CURVE('',#2078,#2079,#1044,.T.);
#2675=EDGE_CURVE('',#2073,#2078,#1045,.T.);
#2676=EDGE_CURVE('',#2074,#2079,#1046,.T.);
#2677=EDGE_CURVE('',#2080,#2081,#1047,.T.);
#2678=EDGE_CURVE('',#2081,#2082,#1048,.T.);
#2679=EDGE_CURVE('',#2083,#2082,#1049,.T.);
#2680=EDGE_CURVE('',#2080,#2083,#1050,.T.);
#2681=EDGE_CURVE('',#2084,#2080,#1051,.T.);
#2682=EDGE_CURVE('',#2085,#2083,#1052,.T.);
#2683=EDGE_CURVE('',#2084,#2085,#1053,.T.);
#2684=EDGE_CURVE('',#2086,#2084,#1054,.T.);
#2685=EDGE_CURVE('',#2087,#2085,#1055,.T.);
#2686=EDGE_CURVE('',#2086,#2087,#1056,.T.);
#2687=EDGE_CURVE('',#2081,#2086,#1057,.T.);
#2688=EDGE_CURVE('',#2082,#2087,#1058,.T.);
#2689=EDGE_CURVE('',#2088,#2089,#1059,.T.);
#2690=EDGE_CURVE('',#2089,#2090,#1060,.T.);
#2691=EDGE_CURVE('',#2091,#2090,#1061,.T.);
#2692=EDGE_CURVE('',#2088,#2091,#1062,.T.);
#2693=EDGE_CURVE('',#2092,#2088,#1063,.T.);
#2694=EDGE_CURVE('',#2093,#2091,#1064,.T.);
#2695=EDGE_CURVE('',#2092,#2093,#1065,.T.);
#2696=EDGE_CURVE('',#2094,#2092,#1066,.T.);
#2697=EDGE_CURVE('',#2095,#2093,#1067,.T.);
#2698=EDGE_CURVE('',#2094,#2095,#1068,.T.);
#2699=EDGE_CURVE('',#2089,#2094,#1069,.T.);
#2700=EDGE_CURVE('',#2090,#2095,#1070,.T.);
#2701=EDGE_CURVE('',#2096,#2097,#1071,.T.);
#2702=EDGE_CURVE('',#2097,#2098,#1072,.T.);
#2703=EDGE_CURVE('',#2099,#2098,#1073,.T.);
#2704=EDGE_CURVE('',#2096,#2099,#1074,.T.);
#2705=EDGE_CURVE('',#2100,#2096,#1075,.T.);
#2706=EDGE_CURVE('',#2101,#2099,#1076,.T.);
#2707=EDGE_CURVE('',#2100,#2101,#1077,.T.);
#2708=EDGE_CURVE('',#2102,#2100,#1078,.T.);
#2709=EDGE_CURVE('',#2103,#2101,#1079,.T.);
#2710=EDGE_CURVE('',#2102,#2103,#1080,.T.);
#2711=EDGE_CURVE('',#2097,#2102,#1081,.T.);
#2712=EDGE_CURVE('',#2098,#2103,#1082,.T.);
#2713=EDGE_CURVE('',#2104,#2105,#1083,.T.);
#2714=EDGE_CURVE('',#2105,#2106,#1084,.T.);
#2715=EDGE_CURVE('',#2107,#2106,#1085,.T.);
#2716=EDGE_CURVE('',#2104,#2107,#1086,.T.);
#2717=EDGE_CURVE('',#2108,#2104,#1087,.T.);
#2718=EDGE_CURVE('',#2109,#2107,#1088,.T.);
#2719=EDGE_CURVE('',#2108,#2109,#1089,.T.);
#2720=EDGE_CURVE('',#2110,#2108,#1090,.T.);
#2721=EDGE_CURVE('',#2111,#2109,#1091,.T.);
#2722=EDGE_CURVE('',#2110,#2111,#1092,.T.);
#2723=EDGE_CURVE('',#2105,#2110,#1093,.T.);
#2724=EDGE_CURVE('',#2106,#2111,#1094,.T.);
#2725=EDGE_CURVE('',#2112,#2113,#1095,.T.);
#2726=EDGE_CURVE('',#2113,#2114,#1096,.T.);
#2727=EDGE_CURVE('',#2115,#2114,#1097,.T.);
#2728=EDGE_CURVE('',#2112,#2115,#1098,.T.);
#2729=EDGE_CURVE('',#2116,#2112,#1099,.T.);
#2730=EDGE_CURVE('',#2117,#2115,#1100,.T.);
#2731=EDGE_CURVE('',#2116,#2117,#1101,.T.);
#2732=EDGE_CURVE('',#2118,#2116,#1102,.T.);
#2733=EDGE_CURVE('',#2119,#2117,#1103,.T.);
#2734=EDGE_CURVE('',#2118,#2119,#1104,.T.);
#2735=EDGE_CURVE('',#2113,#2118,#1105,.T.);
#2736=EDGE_CURVE('',#2114,#2119,#1106,.T.);
#2737=EDGE_CURVE('',#2120,#2121,#1107,.T.);
#2738=EDGE_CURVE('',#2121,#2122,#1108,.T.);
#2739=EDGE_CURVE('',#2123,#2122,#1109,.T.);
#2740=EDGE_CURVE('',#2120,#2123,#1110,.T.);
#2741=EDGE_CURVE('',#2124,#2120,#1111,.T.);
#2742=EDGE_CURVE('',#2125,#2123,#1112,.T.);
#2743=EDGE_CURVE('',#2124,#2125,#1113,.T.);
#2744=EDGE_CURVE('',#2126,#2124,#1114,.T.);
#2745=EDGE_CURVE('',#2127,#2125,#1115,.T.);
#2746=EDGE_CURVE('',#2126,#2127,#1116,.T.);
#2747=EDGE_CURVE('',#2121,#2126,#1117,.T.);
#2748=EDGE_CURVE('',#2122,#2127,#1118,.T.);
#2749=EDGE_CURVE('',#2128,#2128,#72,.T.);
#2750=EDGE_CURVE('',#2129,#2129,#73,.T.);
#2751=EDGE_CURVE('',#2129,#2128,#1119,.T.);
#2752=EDGE_CURVE('',#2130,#2130,#74,.T.);
#2753=EDGE_CURVE('',#2131,#2131,#75,.T.);
#2754=EDGE_CURVE('',#2131,#2130,#1120,.T.);
#2755=EDGE_CURVE('',#2132,#2132,#76,.T.);
#2756=EDGE_CURVE('',#2133,#2133,#77,.T.);
#2757=EDGE_CURVE('',#2133,#2132,#1121,.T.);
#2758=EDGE_CURVE('',#2134,#2134,#78,.T.);
#2759=EDGE_CURVE('',#2135,#2135,#79,.T.);
#2760=EDGE_CURVE('',#2135,#2134,#1122,.T.);
#2761=EDGE_CURVE('',#2136,#2136,#80,.T.);
#2762=EDGE_CURVE('',#2137,#2137,#81,.T.);
#2763=EDGE_CURVE('',#2137,#2136,#1123,.T.);
#2764=EDGE_CURVE('',#2138,#2138,#82,.T.);
#2765=EDGE_CURVE('',#2139,#2139,#83,.T.);
#2766=EDGE_CURVE('',#2139,#2138,#1124,.T.);
#2767=ORIENTED_EDGE('',*,*,#2140,.F.);
#2768=ORIENTED_EDGE('',*,*,#2141,.T.);
#2769=ORIENTED_EDGE('',*,*,#2142,.F.);
#2770=ORIENTED_EDGE('',*,*,#2143,.F.);
#2771=ORIENTED_EDGE('',*,*,#2144,.F.);
#2772=ORIENTED_EDGE('',*,*,#2145,.F.);
#2773=ORIENTED_EDGE('',*,*,#2146,.F.);
#2774=ORIENTED_EDGE('',*,*,#2147,.F.);
#2775=ORIENTED_EDGE('',*,*,#2148,.T.);
#2776=ORIENTED_EDGE('',*,*,#2149,.F.);
#2777=ORIENTED_EDGE('',*,*,#2141,.F.);
#2778=ORIENTED_EDGE('',*,*,#2150,.F.);
#2779=ORIENTED_EDGE('',*,*,#2143,.T.);
#2780=ORIENTED_EDGE('',*,*,#2151,.F.);
#2781=ORIENTED_EDGE('',*,*,#2152,.F.);
#2782=ORIENTED_EDGE('',*,*,#2153,.F.);
#2783=ORIENTED_EDGE('',*,*,#2154,.F.);
#2784=ORIENTED_EDGE('',*,*,#2155,.F.);
#2785=ORIENTED_EDGE('',*,*,#2156,.F.);
#2786=ORIENTED_EDGE('',*,*,#2152,.T.);
#2787=ORIENTED_EDGE('',*,*,#2157,.F.);
#2788=ORIENTED_EDGE('',*,*,#2148,.F.);
#2789=ORIENTED_EDGE('',*,*,#2142,.T.);
#2790=ORIENTED_EDGE('',*,*,#2149,.T.);
#2791=ORIENTED_EDGE('',*,*,#2157,.T.);
#2792=ORIENTED_EDGE('',*,*,#2151,.T.);
#2793=ORIENTED_EDGE('',*,*,#2158,.F.);
#2794=ORIENTED_EDGE('',*,*,#2153,.T.);
#2795=ORIENTED_EDGE('',*,*,#2156,.T.);
#2796=ORIENTED_EDGE('',*,*,#2147,.T.);
#2797=ORIENTED_EDGE('',*,*,#2154,.T.);
#2798=ORIENTED_EDGE('',*,*,#2158,.T.);
#2799=ORIENTED_EDGE('',*,*,#2146,.T.);
#2800=ORIENTED_EDGE('',*,*,#2159,.F.);
#2801=ORIENTED_EDGE('',*,*,#2160,.F.);
#2802=ORIENTED_EDGE('',*,*,#2161,.T.);
#2803=ORIENTED_EDGE('',*,*,#2162,.T.);
#2804=ORIENTED_EDGE('',*,*,#2163,.T.);
#2805=ORIENTED_EDGE('',*,*,#2164,.F.);
#2806=ORIENTED_EDGE('',*,*,#2145,.T.);
#2807=ORIENTED_EDGE('',*,*,#2165,.F.);
#2808=ORIENTED_EDGE('',*,*,#2166,.T.);
#2809=ORIENTED_EDGE('',*,*,#2167,.T.);
#2810=ORIENTED_EDGE('',*,*,#2168,.T.);
#2811=ORIENTED_EDGE('',*,*,#2169,.F.);
#2812=ORIENTED_EDGE('',*,*,#2170,.F.);
#2813=ORIENTED_EDGE('',*,*,#2159,.T.);
#2814=ORIENTED_EDGE('',*,*,#2155,.T.);
#2815=ORIENTED_EDGE('',*,*,#2164,.T.);
#2816=ORIENTED_EDGE('',*,*,#2171,.T.);
#2817=ORIENTED_EDGE('',*,*,#2172,.T.);
#2818=ORIENTED_EDGE('',*,*,#2173,.F.);
#2819=ORIENTED_EDGE('',*,*,#2174,.F.);
#2820=ORIENTED_EDGE('',*,*,#2168,.F.);
#2821=ORIENTED_EDGE('',*,*,#2175,.T.);
#2822=ORIENTED_EDGE('',*,*,#2176,.F.);
#2823=ORIENTED_EDGE('',*,*,#2177,.F.);
#2824=ORIENTED_EDGE('',*,*,#2167,.F.);
#2825=ORIENTED_EDGE('',*,*,#2178,.T.);
#2826=ORIENTED_EDGE('',*,*,#2179,.F.);
#2827=ORIENTED_EDGE('',*,*,#2175,.F.);
#2828=ORIENTED_EDGE('',*,*,#2180,.F.);
#2829=ORIENTED_EDGE('',*,*,#2181,.T.);
#2830=ORIENTED_EDGE('',*,*,#2182,.F.);
#2831=ORIENTED_EDGE('',*,*,#2178,.F.);
#2832=ORIENTED_EDGE('',*,*,#2166,.F.);
#2833=ORIENTED_EDGE('',*,*,#2183,.F.);
#2834=ORIENTED_EDGE('',*,*,#2177,.T.);
#2835=ORIENTED_EDGE('',*,*,#2184,.F.);
#2836=ORIENTED_EDGE('',*,*,#2181,.F.);
#2837=ORIENTED_EDGE('',*,*,#2184,.T.);
#2838=ORIENTED_EDGE('',*,*,#2176,.T.);
#2839=ORIENTED_EDGE('',*,*,#2179,.T.);
#2840=ORIENTED_EDGE('',*,*,#2182,.T.);
#2841=ORIENTED_EDGE('',*,*,#2150,.T.);
#2842=ORIENTED_EDGE('',*,*,#2173,.T.);
#2843=ORIENTED_EDGE('',*,*,#2185,.T.);
#2844=ORIENTED_EDGE('',*,*,#2186,.T.);
#2845=ORIENTED_EDGE('',*,*,#2187,.T.);
#2846=ORIENTED_EDGE('',*,*,#2188,.F.);
#2847=ORIENTED_EDGE('',*,*,#2189,.F.);
#2848=ORIENTED_EDGE('',*,*,#2190,.F.);
#2849=ORIENTED_EDGE('',*,*,#2191,.F.);
#2850=ORIENTED_EDGE('',*,*,#2169,.T.);
#2851=ORIENTED_EDGE('',*,*,#2174,.T.);
#2852=ORIENTED_EDGE('',*,*,#2183,.T.);
#2853=ORIENTED_EDGE('',*,*,#2180,.T.);
#2854=ORIENTED_EDGE('',*,*,#2165,.T.);
#2855=ORIENTED_EDGE('',*,*,#2144,.T.);
#2856=ORIENTED_EDGE('',*,*,#2140,.T.);
#2857=ORIENTED_EDGE('',*,*,#2192,.F.);
#2858=ORIENTED_EDGE('',*,*,#2193,.F.);
#2859=ORIENTED_EDGE('',*,*,#2194,.F.);
#2860=ORIENTED_EDGE('',*,*,#2195,.T.);
#2861=ORIENTED_EDGE('',*,*,#2196,.F.);
#2862=ORIENTED_EDGE('',*,*,#2197,.F.);
#2863=ORIENTED_EDGE('',*,*,#2198,.F.);
#2864=ORIENTED_EDGE('',*,*,#2199,.F.);
#2865=ORIENTED_EDGE('',*,*,#2200,.T.);
#2866=ORIENTED_EDGE('',*,*,#2201,.F.);
#2867=ORIENTED_EDGE('',*,*,#2195,.F.);
#2868=ORIENTED_EDGE('',*,*,#2202,.F.);
#2869=ORIENTED_EDGE('',*,*,#2197,.T.);
#2870=ORIENTED_EDGE('',*,*,#2203,.F.);
#2871=ORIENTED_EDGE('',*,*,#2204,.F.);
#2872=ORIENTED_EDGE('',*,*,#2205,.F.);
#2873=ORIENTED_EDGE('',*,*,#2206,.F.);
#2874=ORIENTED_EDGE('',*,*,#2204,.T.);
#2875=ORIENTED_EDGE('',*,*,#2207,.F.);
#2876=ORIENTED_EDGE('',*,*,#2200,.F.);
#2877=ORIENTED_EDGE('',*,*,#2208,.F.);
#2878=ORIENTED_EDGE('',*,*,#2209,.F.);
#2879=ORIENTED_EDGE('',*,*,#2201,.T.);
#2880=ORIENTED_EDGE('',*,*,#2207,.T.);
#2881=ORIENTED_EDGE('',*,*,#2203,.T.);
#2882=ORIENTED_EDGE('',*,*,#2196,.T.);
#2883=ORIENTED_EDGE('',*,*,#2210,.F.);
#2884=ORIENTED_EDGE('',*,*,#2198,.T.);
#2885=ORIENTED_EDGE('',*,*,#2202,.T.);
#2886=ORIENTED_EDGE('',*,*,#2206,.T.);
#2887=ORIENTED_EDGE('',*,*,#2192,.T.);
#2888=ORIENTED_EDGE('',*,*,#2210,.T.);
#2889=ORIENTED_EDGE('',*,*,#2205,.T.);
#2890=ORIENTED_EDGE('',*,*,#2211,.T.);
#2891=ORIENTED_EDGE('',*,*,#2212,.F.);
#2892=ORIENTED_EDGE('',*,*,#2213,.F.);
#2893=ORIENTED_EDGE('',*,*,#2214,.T.);
#2894=ORIENTED_EDGE('',*,*,#2215,.T.);
#2895=ORIENTED_EDGE('',*,*,#2209,.T.);
#2896=ORIENTED_EDGE('',*,*,#2216,.T.);
#2897=ORIENTED_EDGE('',*,*,#2217,.F.);
#2898=ORIENTED_EDGE('',*,*,#2211,.F.);
#2899=ORIENTED_EDGE('',*,*,#2218,.F.);
#2900=ORIENTED_EDGE('',*,*,#2219,.F.);
#2901=ORIENTED_EDGE('',*,*,#2220,.T.);
#2902=ORIENTED_EDGE('',*,*,#2221,.F.);
#2903=ORIENTED_EDGE('',*,*,#2222,.F.);
#2904=ORIENTED_EDGE('',*,*,#2223,.F.);
#2905=ORIENTED_EDGE('',*,*,#2224,.T.);
#2906=ORIENTED_EDGE('',*,*,#2225,.F.);
#2907=ORIENTED_EDGE('',*,*,#2220,.F.);
#2908=ORIENTED_EDGE('',*,*,#2226,.F.);
#2909=ORIENTED_EDGE('',*,*,#2227,.T.);
#2910=ORIENTED_EDGE('',*,*,#2228,.F.);
#2911=ORIENTED_EDGE('',*,*,#2224,.F.);
#2912=ORIENTED_EDGE('',*,*,#2229,.F.);
#2913=ORIENTED_EDGE('',*,*,#2230,.F.);
#2914=ORIENTED_EDGE('',*,*,#2222,.T.);
#2915=ORIENTED_EDGE('',*,*,#2231,.F.);
#2916=ORIENTED_EDGE('',*,*,#2227,.F.);
#2917=ORIENTED_EDGE('',*,*,#2231,.T.);
#2918=ORIENTED_EDGE('',*,*,#2221,.T.);
#2919=ORIENTED_EDGE('',*,*,#2225,.T.);
#2920=ORIENTED_EDGE('',*,*,#2228,.T.);
#2921=ORIENTED_EDGE('',*,*,#2194,.T.);
#2922=ORIENTED_EDGE('',*,*,#2232,.F.);
#2923=ORIENTED_EDGE('',*,*,#2218,.T.);
#2924=ORIENTED_EDGE('',*,*,#2230,.T.);
#2925=ORIENTED_EDGE('',*,*,#2226,.T.);
#2926=ORIENTED_EDGE('',*,*,#2233,.F.);
#2927=ORIENTED_EDGE('',*,*,#2234,.T.);
#2928=ORIENTED_EDGE('',*,*,#2235,.T.);
#2929=ORIENTED_EDGE('',*,*,#2236,.F.);
#2930=ORIENTED_EDGE('',*,*,#2237,.F.);
#2931=ORIENTED_EDGE('',*,*,#2216,.F.);
#2932=ORIENTED_EDGE('',*,*,#2208,.T.);
#2933=ORIENTED_EDGE('',*,*,#2199,.T.);
#2934=ORIENTED_EDGE('',*,*,#2238,.F.);
#2935=ORIENTED_EDGE('',*,*,#2239,.F.);
#2936=ORIENTED_EDGE('',*,*,#2240,.T.);
#2937=ORIENTED_EDGE('',*,*,#2241,.T.);
#2938=ORIENTED_EDGE('',*,*,#2242,.F.);
#2939=ORIENTED_EDGE('',*,*,#2243,.F.);
#2940=ORIENTED_EDGE('',*,*,#2244,.F.);
#2941=ORIENTED_EDGE('',*,*,#2245,.F.);
#2942=ORIENTED_EDGE('',*,*,#2246,.F.);
#2943=ORIENTED_EDGE('',*,*,#2247,.T.);
#2944=ORIENTED_EDGE('',*,*,#2239,.T.);
#2945=ORIENTED_EDGE('',*,*,#2248,.T.);
#2946=ORIENTED_EDGE('',*,*,#2249,.T.);
#2947=ORIENTED_EDGE('',*,*,#2250,.F.);
#2948=ORIENTED_EDGE('',*,*,#2241,.F.);
#2949=ORIENTED_EDGE('',*,*,#2251,.T.);
#2950=ORIENTED_EDGE('',*,*,#2246,.T.);
#2951=ORIENTED_EDGE('',*,*,#2252,.F.);
#2952=ORIENTED_EDGE('',*,*,#2249,.F.);
#2953=ORIENTED_EDGE('',*,*,#2253,.F.);
#2954=ORIENTED_EDGE('',*,*,#2242,.T.);
#2955=ORIENTED_EDGE('',*,*,#2250,.T.);
#2956=ORIENTED_EDGE('',*,*,#2252,.T.);
#2957=ORIENTED_EDGE('',*,*,#2245,.T.);
#2958=ORIENTED_EDGE('',*,*,#2254,.F.);
#2959=ORIENTED_EDGE('',*,*,#2251,.F.);
#2960=ORIENTED_EDGE('',*,*,#2248,.F.);
#2961=ORIENTED_EDGE('',*,*,#2240,.F.);
#2962=ORIENTED_EDGE('',*,*,#2247,.F.);
#2963=ORIENTED_EDGE('',*,*,#2254,.T.);
#2964=ORIENTED_EDGE('',*,*,#2244,.T.);
#2965=ORIENTED_EDGE('',*,*,#2255,.F.);
#2966=ORIENTED_EDGE('',*,*,#2256,.F.);
#2967=ORIENTED_EDGE('',*,*,#2257,.T.);
#2968=ORIENTED_EDGE('',*,*,#2258,.T.);
#2969=ORIENTED_EDGE('',*,*,#2259,.T.);
#2970=ORIENTED_EDGE('',*,*,#2260,.F.);
#2971=ORIENTED_EDGE('',*,*,#2261,.T.);
#2972=ORIENTED_EDGE('',*,*,#2262,.T.);
#2973=ORIENTED_EDGE('',*,*,#2263,.T.);
#2974=ORIENTED_EDGE('',*,*,#2264,.F.);
#2975=ORIENTED_EDGE('',*,*,#2265,.F.);
#2976=ORIENTED_EDGE('',*,*,#2266,.T.);
#2977=ORIENTED_EDGE('',*,*,#2267,.F.);
#2978=ORIENTED_EDGE('',*,*,#2268,.F.);
#2979=ORIENTED_EDGE('',*,*,#2269,.F.);
#2980=ORIENTED_EDGE('',*,*,#2270,.T.);
#2981=ORIENTED_EDGE('',*,*,#2271,.T.);
#2982=ORIENTED_EDGE('',*,*,#2272,.F.);
#2983=ORIENTED_EDGE('',*,*,#2273,.F.);
#2984=ORIENTED_EDGE('',*,*,#2274,.T.);
#2985=ORIENTED_EDGE('',*,*,#2275,.T.);
#2986=ORIENTED_EDGE('',*,*,#2276,.F.);
#2987=ORIENTED_EDGE('',*,*,#2277,.F.);
#2988=ORIENTED_EDGE('',*,*,#2278,.F.);
#2989=ORIENTED_EDGE('',*,*,#2279,.T.);
#2990=ORIENTED_EDGE('',*,*,#2280,.F.);
#2991=ORIENTED_EDGE('',*,*,#2281,.T.);
#2992=ORIENTED_EDGE('',*,*,#2282,.T.);
#2993=ORIENTED_EDGE('',*,*,#2274,.F.);
#2994=ORIENTED_EDGE('',*,*,#2283,.F.);
#2995=ORIENTED_EDGE('',*,*,#2275,.F.);
#2996=ORIENTED_EDGE('',*,*,#2282,.F.);
#2997=ORIENTED_EDGE('',*,*,#2284,.T.);
#2998=ORIENTED_EDGE('',*,*,#2285,.T.);
#2999=ORIENTED_EDGE('',*,*,#2278,.T.);
#3000=ORIENTED_EDGE('',*,*,#2286,.F.);
#3001=ORIENTED_EDGE('',*,*,#2271,.F.);
#3002=ORIENTED_EDGE('',*,*,#2287,.F.);
#3003=ORIENTED_EDGE('',*,*,#2272,.T.);
#3004=ORIENTED_EDGE('',*,*,#2286,.T.);
#3005=ORIENTED_EDGE('',*,*,#2277,.T.);
#3006=ORIENTED_EDGE('',*,*,#2288,.F.);
#3007=ORIENTED_EDGE('',*,*,#2268,.T.);
#3008=ORIENTED_EDGE('',*,*,#2287,.T.);
#3009=ORIENTED_EDGE('',*,*,#2289,.F.);
#3010=ORIENTED_EDGE('',*,*,#2290,.F.);
#3011=ORIENTED_EDGE('',*,*,#2291,.F.);
#3012=ORIENTED_EDGE('',*,*,#2292,.T.);
#3013=ORIENTED_EDGE('',*,*,#2293,.T.);
#3014=ORIENTED_EDGE('',*,*,#2294,.F.);
#3015=ORIENTED_EDGE('',*,*,#2288,.T.);
#3016=ORIENTED_EDGE('',*,*,#2276,.T.);
#3017=ORIENTED_EDGE('',*,*,#2295,.T.);
#3018=ORIENTED_EDGE('',*,*,#2296,.T.);
#3019=ORIENTED_EDGE('',*,*,#2297,.T.);
#3020=ORIENTED_EDGE('',*,*,#2298,.F.);
#3021=ORIENTED_EDGE('',*,*,#2299,.T.);
#3022=ORIENTED_EDGE('',*,*,#2300,.T.);
#3023=ORIENTED_EDGE('',*,*,#2301,.F.);
#3024=ORIENTED_EDGE('',*,*,#2302,.F.);
#3025=ORIENTED_EDGE('',*,*,#2290,.T.);
#3026=ORIENTED_EDGE('',*,*,#2289,.T.);
#3027=ORIENTED_EDGE('',*,*,#2303,.F.);
#3028=ORIENTED_EDGE('',*,*,#2304,.F.);
#3029=ORIENTED_EDGE('',*,*,#2305,.F.);
#3030=ORIENTED_EDGE('',*,*,#2306,.T.);
#3031=ORIENTED_EDGE('',*,*,#2307,.F.);
#3032=ORIENTED_EDGE('',*,*,#2308,.T.);
#3033=ORIENTED_EDGE('',*,*,#2309,.T.);
#3034=ORIENTED_EDGE('',*,*,#2304,.T.);
#3035=ORIENTED_EDGE('',*,*,#2310,.F.);
#3036=ORIENTED_EDGE('',*,*,#2311,.T.);
#3037=ORIENTED_EDGE('',*,*,#2312,.T.);
#3038=ORIENTED_EDGE('',*,*,#2308,.F.);
#3039=ORIENTED_EDGE('',*,*,#2313,.T.);
#3040=ORIENTED_EDGE('',*,*,#2305,.T.);
#3041=ORIENTED_EDGE('',*,*,#2309,.F.);
#3042=ORIENTED_EDGE('',*,*,#2312,.F.);
#3043=ORIENTED_EDGE('',*,*,#2314,.F.);
#3044=ORIENTED_EDGE('',*,*,#2293,.F.);
#3045=ORIENTED_EDGE('',*,*,#2315,.F.);
#3046=ORIENTED_EDGE('',*,*,#2316,.F.);
#3047=ORIENTED_EDGE('',*,*,#2317,.F.);
#3048=ORIENTED_EDGE('',*,*,#2318,.F.);
#3049=ORIENTED_EDGE('',*,*,#2319,.F.);
#3050=ORIENTED_EDGE('',*,*,#2264,.T.);
#3051=ORIENTED_EDGE('',*,*,#2320,.F.);
#3052=ORIENTED_EDGE('',*,*,#2321,.F.);
#3053=ORIENTED_EDGE('',*,*,#2260,.T.);
#3054=ORIENTED_EDGE('',*,*,#2322,.F.);
#3055=ORIENTED_EDGE('',*,*,#2323,.F.);
#3056=ORIENTED_EDGE('',*,*,#2324,.F.);
#3057=ORIENTED_EDGE('',*,*,#2256,.T.);
#3058=ORIENTED_EDGE('',*,*,#2325,.F.);
#3059=ORIENTED_EDGE('',*,*,#2326,.F.);
#3060=ORIENTED_EDGE('',*,*,#2327,.T.);
#3061=ORIENTED_EDGE('',*,*,#2306,.F.);
#3062=ORIENTED_EDGE('',*,*,#2313,.F.);
#3063=ORIENTED_EDGE('',*,*,#2311,.F.);
#3064=ORIENTED_EDGE('',*,*,#2328,.T.);
#3065=ORIENTED_EDGE('',*,*,#2284,.F.);
#3066=ORIENTED_EDGE('',*,*,#2281,.F.);
#3067=ORIENTED_EDGE('',*,*,#2329,.T.);
#3068=ORIENTED_EDGE('',*,*,#2295,.F.);
#3069=ORIENTED_EDGE('',*,*,#2279,.F.);
#3070=ORIENTED_EDGE('',*,*,#2285,.F.);
#3071=ORIENTED_EDGE('',*,*,#2270,.F.);
#3072=ORIENTED_EDGE('',*,*,#2330,.F.);
#3073=ORIENTED_EDGE('',*,*,#2331,.F.);
#3074=ORIENTED_EDGE('',*,*,#2332,.T.);
#3075=ORIENTED_EDGE('',*,*,#2333,.T.);
#3076=ORIENTED_EDGE('',*,*,#2334,.T.);
#3077=ORIENTED_EDGE('',*,*,#2335,.T.);
#3078=ORIENTED_EDGE('',*,*,#2336,.T.);
#3079=ORIENTED_EDGE('',*,*,#2337,.T.);
#3080=ORIENTED_EDGE('',*,*,#2334,.F.);
#3081=ORIENTED_EDGE('',*,*,#2338,.F.);
#3082=ORIENTED_EDGE('',*,*,#2339,.T.);
#3083=ORIENTED_EDGE('',*,*,#2338,.T.);
#3084=ORIENTED_EDGE('',*,*,#2333,.F.);
#3085=ORIENTED_EDGE('',*,*,#2340,.F.);
#3086=ORIENTED_EDGE('',*,*,#2341,.F.);
#3087=ORIENTED_EDGE('',*,*,#2342,.F.);
#3088=ORIENTED_EDGE('',*,*,#2343,.T.);
#3089=ORIENTED_EDGE('',*,*,#2340,.T.);
#3090=ORIENTED_EDGE('',*,*,#2332,.F.);
#3091=ORIENTED_EDGE('',*,*,#2344,.F.);
#3092=ORIENTED_EDGE('',*,*,#2345,.F.);
#3093=ORIENTED_EDGE('',*,*,#2335,.F.);
#3094=ORIENTED_EDGE('',*,*,#2337,.F.);
#3095=ORIENTED_EDGE('',*,*,#2346,.T.);
#3096=ORIENTED_EDGE('',*,*,#2342,.T.);
#3097=ORIENTED_EDGE('',*,*,#2346,.F.);
#3098=ORIENTED_EDGE('',*,*,#2336,.F.);
#3099=ORIENTED_EDGE('',*,*,#2339,.F.);
#3100=ORIENTED_EDGE('',*,*,#2343,.F.);
#3101=ORIENTED_EDGE('',*,*,#2330,.T.);
#3102=ORIENTED_EDGE('',*,*,#2345,.T.);
#3103=ORIENTED_EDGE('',*,*,#2341,.T.);
#3104=ORIENTED_EDGE('',*,*,#2347,.T.);
#3105=ORIENTED_EDGE('',*,*,#2326,.T.);
#3106=ORIENTED_EDGE('',*,*,#2348,.F.);
#3107=ORIENTED_EDGE('',*,*,#2349,.F.);
#3108=ORIENTED_EDGE('',*,*,#2350,.F.);
#3109=ORIENTED_EDGE('',*,*,#2351,.F.);
#3110=ORIENTED_EDGE('',*,*,#2352,.T.);
#3111=ORIENTED_EDGE('',*,*,#2353,.T.);
#3112=ORIENTED_EDGE('',*,*,#2354,.T.);
#3113=ORIENTED_EDGE('',*,*,#2355,.T.);
#3114=ORIENTED_EDGE('',*,*,#2356,.T.);
#3115=ORIENTED_EDGE('',*,*,#2261,.F.);
#3116=ORIENTED_EDGE('',*,*,#2321,.T.);
#3117=ORIENTED_EDGE('',*,*,#2357,.T.);
#3118=ORIENTED_EDGE('',*,*,#2358,.F.);
#3119=ORIENTED_EDGE('',*,*,#2359,.F.);
#3120=ORIENTED_EDGE('',*,*,#2360,.F.);
#3121=ORIENTED_EDGE('',*,*,#2361,.F.);
#3122=ORIENTED_EDGE('',*,*,#2316,.T.);
#3123=ORIENTED_EDGE('',*,*,#2362,.F.);
#3124=ORIENTED_EDGE('',*,*,#2363,.T.);
#3125=ORIENTED_EDGE('',*,*,#2364,.T.);
#3126=ORIENTED_EDGE('',*,*,#2360,.T.);
#3127=ORIENTED_EDGE('',*,*,#2365,.F.);
#3128=ORIENTED_EDGE('',*,*,#2318,.T.);
#3129=ORIENTED_EDGE('',*,*,#2366,.T.);
#3130=ORIENTED_EDGE('',*,*,#2363,.F.);
#3131=ORIENTED_EDGE('',*,*,#2317,.T.);
#3132=ORIENTED_EDGE('',*,*,#2361,.T.);
#3133=ORIENTED_EDGE('',*,*,#2364,.F.);
#3134=ORIENTED_EDGE('',*,*,#2366,.F.);
#3135=ORIENTED_EDGE('',*,*,#2263,.F.);
#3136=ORIENTED_EDGE('',*,*,#2367,.F.);
#3137=ORIENTED_EDGE('',*,*,#2357,.F.);
#3138=ORIENTED_EDGE('',*,*,#2320,.T.);
#3139=ORIENTED_EDGE('',*,*,#2262,.F.);
#3140=ORIENTED_EDGE('',*,*,#2358,.T.);
#3141=ORIENTED_EDGE('',*,*,#2367,.T.);
#3142=ORIENTED_EDGE('',*,*,#2259,.F.);
#3143=ORIENTED_EDGE('',*,*,#2368,.F.);
#3144=ORIENTED_EDGE('',*,*,#2369,.F.);
#3145=ORIENTED_EDGE('',*,*,#2322,.T.);
#3146=ORIENTED_EDGE('',*,*,#2257,.F.);
#3147=ORIENTED_EDGE('',*,*,#2324,.T.);
#3148=ORIENTED_EDGE('',*,*,#2370,.T.);
#3149=ORIENTED_EDGE('',*,*,#2371,.F.);
#3150=ORIENTED_EDGE('',*,*,#2323,.T.);
#3151=ORIENTED_EDGE('',*,*,#2369,.T.);
#3152=ORIENTED_EDGE('',*,*,#2372,.F.);
#3153=ORIENTED_EDGE('',*,*,#2370,.F.);
#3154=ORIENTED_EDGE('',*,*,#2258,.F.);
#3155=ORIENTED_EDGE('',*,*,#2371,.T.);
#3156=ORIENTED_EDGE('',*,*,#2372,.T.);
#3157=ORIENTED_EDGE('',*,*,#2368,.T.);
#3158=ORIENTED_EDGE('',*,*,#2373,.F.);
#3159=ORIENTED_EDGE('',*,*,#2266,.F.);
#3160=ORIENTED_EDGE('',*,*,#2374,.F.);
#3161=ORIENTED_EDGE('',*,*,#2375,.F.);
#3162=ORIENTED_EDGE('',*,*,#2376,.F.);
#3163=ORIENTED_EDGE('',*,*,#2375,.T.);
#3164=ORIENTED_EDGE('',*,*,#2377,.F.);
#3165=ORIENTED_EDGE('',*,*,#2378,.F.);
#3166=ORIENTED_EDGE('',*,*,#2379,.F.);
#3167=ORIENTED_EDGE('',*,*,#2380,.T.);
#3168=ORIENTED_EDGE('',*,*,#2381,.T.);
#3169=ORIENTED_EDGE('',*,*,#2190,.T.);
#3170=ORIENTED_EDGE('',*,*,#2382,.T.);
#3171=ORIENTED_EDGE('',*,*,#2383,.T.);
#3172=ORIENTED_EDGE('',*,*,#2359,.T.);
#3173=ORIENTED_EDGE('',*,*,#2315,.T.);
#3174=ORIENTED_EDGE('',*,*,#2292,.F.);
#3175=ORIENTED_EDGE('',*,*,#2384,.F.);
#3176=ORIENTED_EDGE('',*,*,#2378,.T.);
#3177=ORIENTED_EDGE('',*,*,#2377,.T.);
#3178=ORIENTED_EDGE('',*,*,#2374,.T.);
#3179=ORIENTED_EDGE('',*,*,#2265,.T.);
#3180=ORIENTED_EDGE('',*,*,#2319,.T.);
#3181=ORIENTED_EDGE('',*,*,#2365,.T.);
#3182=ORIENTED_EDGE('',*,*,#2362,.T.);
#3183=ORIENTED_EDGE('',*,*,#2297,.F.);
#3184=ORIENTED_EDGE('',*,*,#2385,.F.);
#3185=ORIENTED_EDGE('',*,*,#2355,.F.);
#3186=ORIENTED_EDGE('',*,*,#2386,.F.);
#3187=ORIENTED_EDGE('',*,*,#2387,.F.);
#3188=ORIENTED_EDGE('',*,*,#2283,.T.);
#3189=ORIENTED_EDGE('',*,*,#2328,.F.);
#3190=ORIENTED_EDGE('',*,*,#2310,.T.);
#3191=ORIENTED_EDGE('',*,*,#2307,.T.);
#3192=ORIENTED_EDGE('',*,*,#2303,.T.);
#3193=ORIENTED_EDGE('',*,*,#2327,.F.);
#3194=ORIENTED_EDGE('',*,*,#2347,.F.);
#3195=ORIENTED_EDGE('',*,*,#2344,.T.);
#3196=ORIENTED_EDGE('',*,*,#2331,.T.);
#3197=ORIENTED_EDGE('',*,*,#2356,.F.);
#3198=ORIENTED_EDGE('',*,*,#2385,.T.);
#3199=ORIENTED_EDGE('',*,*,#2296,.F.);
#3200=ORIENTED_EDGE('',*,*,#2329,.F.);
#3201=ORIENTED_EDGE('',*,*,#2280,.T.);
#3202=ORIENTED_EDGE('',*,*,#2273,.T.);
#3203=ORIENTED_EDGE('',*,*,#2387,.T.);
#3204=ORIENTED_EDGE('',*,*,#2388,.F.);
#3205=ORIENTED_EDGE('',*,*,#2389,.F.);
#3206=ORIENTED_EDGE('',*,*,#2390,.F.);
#3207=ORIENTED_EDGE('',*,*,#2391,.F.);
#3208=ORIENTED_EDGE('',*,*,#2301,.T.);
#3209=ORIENTED_EDGE('',*,*,#2392,.T.);
#3210=ORIENTED_EDGE('',*,*,#2393,.T.);
#3211=ORIENTED_EDGE('',*,*,#2298,.T.);
#3212=ORIENTED_EDGE('',*,*,#2386,.T.);
#3213=ORIENTED_EDGE('',*,*,#2354,.F.);
#3214=ORIENTED_EDGE('',*,*,#2353,.F.);
#3215=ORIENTED_EDGE('',*,*,#2352,.F.);
#3216=ORIENTED_EDGE('',*,*,#2394,.F.);
#3217=ORIENTED_EDGE('',*,*,#2390,.T.);
#3218=ORIENTED_EDGE('',*,*,#2389,.T.);
#3219=ORIENTED_EDGE('',*,*,#2388,.T.);
#3220=ORIENTED_EDGE('',*,*,#2395,.F.);
#3221=ORIENTED_EDGE('',*,*,#2396,.T.);
#3222=ORIENTED_EDGE('',*,*,#2397,.T.);
#3223=ORIENTED_EDGE('',*,*,#2398,.T.);
#3224=ORIENTED_EDGE('',*,*,#2399,.F.);
#3225=ORIENTED_EDGE('',*,*,#2398,.F.);
#3226=ORIENTED_EDGE('',*,*,#2400,.F.);
#3227=ORIENTED_EDGE('',*,*,#2401,.F.);
#3228=ORIENTED_EDGE('',*,*,#2402,.T.);
#3229=ORIENTED_EDGE('',*,*,#2403,.T.);
#3230=ORIENTED_EDGE('',*,*,#2400,.T.);
#3231=ORIENTED_EDGE('',*,*,#2397,.F.);
#3232=ORIENTED_EDGE('',*,*,#2404,.F.);
#3233=ORIENTED_EDGE('',*,*,#2401,.T.);
#3234=ORIENTED_EDGE('',*,*,#2403,.F.);
#3235=ORIENTED_EDGE('',*,*,#2405,.T.);
#3236=ORIENTED_EDGE('',*,*,#2406,.F.);
#3237=ORIENTED_EDGE('',*,*,#2405,.F.);
#3238=ORIENTED_EDGE('',*,*,#2402,.F.);
#3239=ORIENTED_EDGE('',*,*,#2396,.F.);
#3240=ORIENTED_EDGE('',*,*,#2407,.F.);
#3241=ORIENTED_EDGE('',*,*,#2408,.T.);
#3242=ORIENTED_EDGE('',*,*,#2409,.T.);
#3243=ORIENTED_EDGE('',*,*,#2410,.T.);
#3244=ORIENTED_EDGE('',*,*,#2411,.F.);
#3245=ORIENTED_EDGE('',*,*,#2410,.F.);
#3246=ORIENTED_EDGE('',*,*,#2412,.F.);
#3247=ORIENTED_EDGE('',*,*,#2413,.F.);
#3248=ORIENTED_EDGE('',*,*,#2414,.T.);
#3249=ORIENTED_EDGE('',*,*,#2415,.T.);
#3250=ORIENTED_EDGE('',*,*,#2412,.T.);
#3251=ORIENTED_EDGE('',*,*,#2409,.F.);
#3252=ORIENTED_EDGE('',*,*,#2416,.F.);
#3253=ORIENTED_EDGE('',*,*,#2413,.T.);
#3254=ORIENTED_EDGE('',*,*,#2415,.F.);
#3255=ORIENTED_EDGE('',*,*,#2417,.T.);
#3256=ORIENTED_EDGE('',*,*,#2418,.F.);
#3257=ORIENTED_EDGE('',*,*,#2417,.F.);
#3258=ORIENTED_EDGE('',*,*,#2414,.F.);
#3259=ORIENTED_EDGE('',*,*,#2408,.F.);
#3260=ORIENTED_EDGE('',*,*,#2419,.F.);
#3261=ORIENTED_EDGE('',*,*,#2420,.T.);
#3262=ORIENTED_EDGE('',*,*,#2421,.T.);
#3263=ORIENTED_EDGE('',*,*,#2422,.F.);
#3264=ORIENTED_EDGE('',*,*,#2186,.F.);
#3265=ORIENTED_EDGE('',*,*,#2423,.F.);
#3266=ORIENTED_EDGE('',*,*,#2424,.F.);
#3267=ORIENTED_EDGE('',*,*,#2425,.T.);
#3268=ORIENTED_EDGE('',*,*,#2185,.F.);
#3269=ORIENTED_EDGE('',*,*,#2172,.F.);
#3270=ORIENTED_EDGE('',*,*,#2426,.T.);
#3271=ORIENTED_EDGE('',*,*,#2427,.T.);
#3272=ORIENTED_EDGE('',*,*,#2428,.T.);
#3273=ORIENTED_EDGE('',*,*,#2423,.T.);
#3274=ORIENTED_EDGE('',*,*,#2171,.F.);
#3275=ORIENTED_EDGE('',*,*,#2429,.T.);
#3276=ORIENTED_EDGE('',*,*,#2426,.F.);
#3277=ORIENTED_EDGE('',*,*,#2430,.T.);
#3278=ORIENTED_EDGE('',*,*,#2431,.T.);
#3279=ORIENTED_EDGE('',*,*,#2432,.F.);
#3280=ORIENTED_EDGE('',*,*,#2421,.F.);
#3281=ORIENTED_EDGE('',*,*,#2433,.T.);
#3282=ORIENTED_EDGE('',*,*,#2424,.T.);
#3283=ORIENTED_EDGE('',*,*,#2428,.F.);
#3284=ORIENTED_EDGE('',*,*,#2434,.F.);
#3285=ORIENTED_EDGE('',*,*,#2435,.T.);
#3286=ORIENTED_EDGE('',*,*,#2434,.T.);
#3287=ORIENTED_EDGE('',*,*,#2427,.F.);
#3288=ORIENTED_EDGE('',*,*,#2429,.F.);
#3289=ORIENTED_EDGE('',*,*,#2163,.F.);
#3290=ORIENTED_EDGE('',*,*,#2436,.F.);
#3291=ORIENTED_EDGE('',*,*,#2431,.F.);
#3292=ORIENTED_EDGE('',*,*,#2437,.T.);
#3293=ORIENTED_EDGE('',*,*,#2438,.F.);
#3294=ORIENTED_EDGE('',*,*,#2422,.T.);
#3295=ORIENTED_EDGE('',*,*,#2432,.T.);
#3296=ORIENTED_EDGE('',*,*,#2436,.T.);
#3297=ORIENTED_EDGE('',*,*,#2162,.F.);
#3298=ORIENTED_EDGE('',*,*,#2439,.F.);
#3299=ORIENTED_EDGE('',*,*,#2187,.F.);
#3300=ORIENTED_EDGE('',*,*,#2425,.F.);
#3301=ORIENTED_EDGE('',*,*,#2433,.F.);
#3302=ORIENTED_EDGE('',*,*,#2435,.F.);
#3303=ORIENTED_EDGE('',*,*,#2437,.F.);
#3304=ORIENTED_EDGE('',*,*,#2430,.F.);
#3305=ORIENTED_EDGE('',*,*,#2420,.F.);
#3306=ORIENTED_EDGE('',*,*,#2419,.T.);
#3307=ORIENTED_EDGE('',*,*,#2438,.T.);
#3308=ORIENTED_EDGE('',*,*,#2161,.F.);
#3309=ORIENTED_EDGE('',*,*,#2440,.F.);
#3310=ORIENTED_EDGE('',*,*,#2441,.F.);
#3311=ORIENTED_EDGE('',*,*,#2442,.F.);
#3312=ORIENTED_EDGE('',*,*,#2188,.T.);
#3313=ORIENTED_EDGE('',*,*,#2439,.T.);
#3314=ORIENTED_EDGE('',*,*,#2237,.T.);
#3315=ORIENTED_EDGE('',*,*,#2443,.F.);
#3316=ORIENTED_EDGE('',*,*,#2444,.F.);
#3317=ORIENTED_EDGE('',*,*,#2445,.F.);
#3318=ORIENTED_EDGE('',*,*,#2217,.T.);
#3319=ORIENTED_EDGE('',*,*,#2446,.T.);
#3320=ORIENTED_EDGE('',*,*,#2212,.T.);
#3321=ORIENTED_EDGE('',*,*,#2447,.F.);
#3322=ORIENTED_EDGE('',*,*,#2448,.F.);
#3323=ORIENTED_EDGE('',*,*,#2449,.F.);
#3324=ORIENTED_EDGE('',*,*,#2448,.T.);
#3325=ORIENTED_EDGE('',*,*,#2450,.T.);
#3326=ORIENTED_EDGE('',*,*,#2451,.F.);
#3327=ORIENTED_EDGE('',*,*,#2452,.F.);
#3328=ORIENTED_EDGE('',*,*,#2443,.T.);
#3329=ORIENTED_EDGE('',*,*,#2453,.F.);
#3330=ORIENTED_EDGE('',*,*,#2449,.T.);
#3331=ORIENTED_EDGE('',*,*,#2452,.T.);
#3332=ORIENTED_EDGE('',*,*,#2454,.F.);
#3333=ORIENTED_EDGE('',*,*,#2455,.F.);
#3334=ORIENTED_EDGE('',*,*,#2444,.T.);
#3335=ORIENTED_EDGE('',*,*,#2455,.T.);
#3336=ORIENTED_EDGE('',*,*,#2456,.F.);
#3337=ORIENTED_EDGE('',*,*,#2457,.F.);
#3338=ORIENTED_EDGE('',*,*,#2445,.T.);
#3339=ORIENTED_EDGE('',*,*,#2457,.T.);
#3340=ORIENTED_EDGE('',*,*,#2458,.F.);
#3341=ORIENTED_EDGE('',*,*,#2459,.F.);
#3342=ORIENTED_EDGE('',*,*,#2447,.T.);
#3343=ORIENTED_EDGE('',*,*,#2459,.T.);
#3344=ORIENTED_EDGE('',*,*,#2460,.F.);
#3345=ORIENTED_EDGE('',*,*,#2450,.F.);
#3346=ORIENTED_EDGE('',*,*,#2460,.T.);
#3347=ORIENTED_EDGE('',*,*,#2458,.T.);
#3348=ORIENTED_EDGE('',*,*,#2456,.T.);
#3349=ORIENTED_EDGE('',*,*,#2454,.T.);
#3350=ORIENTED_EDGE('',*,*,#2451,.T.);
#3351=ORIENTED_EDGE('',*,*,#2453,.T.);
#3352=ORIENTED_EDGE('',*,*,#2236,.T.);
#3353=ORIENTED_EDGE('',*,*,#2461,.T.);
#3354=ORIENTED_EDGE('',*,*,#2462,.F.);
#3355=ORIENTED_EDGE('',*,*,#2382,.F.);
#3356=ORIENTED_EDGE('',*,*,#2189,.T.);
#3357=ORIENTED_EDGE('',*,*,#2442,.T.);
#3358=ORIENTED_EDGE('',*,*,#2463,.F.);
#3359=ORIENTED_EDGE('',*,*,#2440,.T.);
#3360=ORIENTED_EDGE('',*,*,#2160,.T.);
#3361=ORIENTED_EDGE('',*,*,#2170,.T.);
#3362=ORIENTED_EDGE('',*,*,#2191,.T.);
#3363=ORIENTED_EDGE('',*,*,#2381,.F.);
#3364=ORIENTED_EDGE('',*,*,#2392,.F.);
#3365=ORIENTED_EDGE('',*,*,#2300,.F.);
#3366=ORIENTED_EDGE('',*,*,#2464,.F.);
#3367=ORIENTED_EDGE('',*,*,#2234,.F.);
#3368=ORIENTED_EDGE('',*,*,#2465,.F.);
#3369=ORIENTED_EDGE('',*,*,#2214,.F.);
#3370=ORIENTED_EDGE('',*,*,#2466,.F.);
#3371=ORIENTED_EDGE('',*,*,#2193,.T.);
#3372=ORIENTED_EDGE('',*,*,#2215,.F.);
#3373=ORIENTED_EDGE('',*,*,#2465,.T.);
#3374=ORIENTED_EDGE('',*,*,#2233,.T.);
#3375=ORIENTED_EDGE('',*,*,#2229,.T.);
#3376=ORIENTED_EDGE('',*,*,#2223,.T.);
#3377=ORIENTED_EDGE('',*,*,#2219,.T.);
#3378=ORIENTED_EDGE('',*,*,#2232,.T.);
#3379=ORIENTED_EDGE('',*,*,#2393,.F.);
#3380=ORIENTED_EDGE('',*,*,#2466,.T.);
#3381=ORIENTED_EDGE('',*,*,#2213,.T.);
#3382=ORIENTED_EDGE('',*,*,#2446,.F.);
#3383=ORIENTED_EDGE('',*,*,#2461,.F.);
#3384=ORIENTED_EDGE('',*,*,#2235,.F.);
#3385=ORIENTED_EDGE('',*,*,#2464,.T.);
#3386=ORIENTED_EDGE('',*,*,#2299,.F.);
#3387=ORIENTED_EDGE('',*,*,#2269,.T.);
#3388=ORIENTED_EDGE('',*,*,#2294,.T.);
#3389=ORIENTED_EDGE('',*,*,#2314,.T.);
#3390=ORIENTED_EDGE('',*,*,#2379,.T.);
#3391=ORIENTED_EDGE('',*,*,#2384,.T.);
#3392=ORIENTED_EDGE('',*,*,#2291,.T.);
#3393=ORIENTED_EDGE('',*,*,#2302,.T.);
#3394=ORIENTED_EDGE('',*,*,#2391,.T.);
#3395=ORIENTED_EDGE('',*,*,#2394,.T.);
#3396=ORIENTED_EDGE('',*,*,#2351,.T.);
#3397=ORIENTED_EDGE('',*,*,#2467,.T.);
#3398=ORIENTED_EDGE('',*,*,#2468,.T.);
#3399=ORIENTED_EDGE('',*,*,#2253,.T.);
#3400=ORIENTED_EDGE('',*,*,#2267,.T.);
#3401=ORIENTED_EDGE('',*,*,#2373,.T.);
#3402=ORIENTED_EDGE('',*,*,#2469,.F.);
#3403=ORIENTED_EDGE('',*,*,#2467,.F.);
#3404=ORIENTED_EDGE('',*,*,#2350,.T.);
#3405=ORIENTED_EDGE('',*,*,#2349,.T.);
#3406=ORIENTED_EDGE('',*,*,#2348,.T.);
#3407=ORIENTED_EDGE('',*,*,#2325,.T.);
#3408=ORIENTED_EDGE('',*,*,#2255,.T.);
#3409=ORIENTED_EDGE('',*,*,#2243,.T.);
#3410=ORIENTED_EDGE('',*,*,#2238,.T.);
#3411=ORIENTED_EDGE('',*,*,#2404,.T.);
#3412=ORIENTED_EDGE('',*,*,#2406,.T.);
#3413=ORIENTED_EDGE('',*,*,#2395,.T.);
#3414=ORIENTED_EDGE('',*,*,#2399,.T.);
#3415=ORIENTED_EDGE('',*,*,#2416,.T.);
#3416=ORIENTED_EDGE('',*,*,#2418,.T.);
#3417=ORIENTED_EDGE('',*,*,#2407,.T.);
#3418=ORIENTED_EDGE('',*,*,#2411,.T.);
#3419=ORIENTED_EDGE('',*,*,#2376,.T.);
#3420=ORIENTED_EDGE('',*,*,#2383,.F.);
#3421=ORIENTED_EDGE('',*,*,#2462,.T.);
#3422=ORIENTED_EDGE('',*,*,#2441,.T.);
#3423=ORIENTED_EDGE('',*,*,#2463,.T.);
#3424=ORIENTED_EDGE('',*,*,#2380,.F.);
#3425=ORIENTED_EDGE('',*,*,#2468,.F.);
#3426=ORIENTED_EDGE('',*,*,#2469,.T.);
#3427=ORIENTED_EDGE('',*,*,#2470,.F.);
#3428=ORIENTED_EDGE('',*,*,#2471,.F.);
#3429=ORIENTED_EDGE('',*,*,#2472,.T.);
#3430=ORIENTED_EDGE('',*,*,#2473,.T.);
#3431=ORIENTED_EDGE('',*,*,#2474,.T.);
#3432=ORIENTED_EDGE('',*,*,#2475,.T.);
#3433=ORIENTED_EDGE('',*,*,#2476,.T.);
#3434=ORIENTED_EDGE('',*,*,#2477,.T.);
#3435=ORIENTED_EDGE('',*,*,#2478,.F.);
#3436=ORIENTED_EDGE('',*,*,#2479,.T.);
#3437=ORIENTED_EDGE('',*,*,#2480,.T.);
#3438=ORIENTED_EDGE('',*,*,#2472,.F.);
#3439=ORIENTED_EDGE('',*,*,#2481,.F.);
#3440=ORIENTED_EDGE('',*,*,#2477,.F.);
#3441=ORIENTED_EDGE('',*,*,#2482,.F.);
#3442=ORIENTED_EDGE('',*,*,#2483,.F.);
#3443=ORIENTED_EDGE('',*,*,#2484,.F.);
#3444=ORIENTED_EDGE('',*,*,#2482,.T.);
#3445=ORIENTED_EDGE('',*,*,#2476,.F.);
#3446=ORIENTED_EDGE('',*,*,#2485,.F.);
#3447=ORIENTED_EDGE('',*,*,#2486,.F.);
#3448=ORIENTED_EDGE('',*,*,#2485,.T.);
#3449=ORIENTED_EDGE('',*,*,#2475,.F.);
#3450=ORIENTED_EDGE('',*,*,#2487,.F.);
#3451=ORIENTED_EDGE('',*,*,#2488,.T.);
#3452=ORIENTED_EDGE('',*,*,#2487,.T.);
#3453=ORIENTED_EDGE('',*,*,#2474,.F.);
#3454=ORIENTED_EDGE('',*,*,#2489,.F.);
#3455=ORIENTED_EDGE('',*,*,#2490,.T.);
#3456=ORIENTED_EDGE('',*,*,#2489,.T.);
#3457=ORIENTED_EDGE('',*,*,#2473,.F.);
#3458=ORIENTED_EDGE('',*,*,#2480,.F.);
#3459=ORIENTED_EDGE('',*,*,#2483,.T.);
#3460=ORIENTED_EDGE('',*,*,#2484,.T.);
#3461=ORIENTED_EDGE('',*,*,#2486,.T.);
#3462=ORIENTED_EDGE('',*,*,#2488,.F.);
#3463=ORIENTED_EDGE('',*,*,#2490,.F.);
#3464=ORIENTED_EDGE('',*,*,#2479,.F.);
#3465=ORIENTED_EDGE('',*,*,#2491,.F.);
#3466=ORIENTED_EDGE('',*,*,#2492,.F.);
#3467=ORIENTED_EDGE('',*,*,#2493,.F.);
#3468=ORIENTED_EDGE('',*,*,#2494,.T.);
#3469=ORIENTED_EDGE('',*,*,#2495,.T.);
#3470=ORIENTED_EDGE('',*,*,#2496,.T.);
#3471=ORIENTED_EDGE('',*,*,#2494,.F.);
#3472=ORIENTED_EDGE('',*,*,#2497,.T.);
#3473=ORIENTED_EDGE('',*,*,#2498,.F.);
#3474=ORIENTED_EDGE('',*,*,#2499,.F.);
#3475=ORIENTED_EDGE('',*,*,#2495,.F.);
#3476=ORIENTED_EDGE('',*,*,#2499,.T.);
#3477=ORIENTED_EDGE('',*,*,#2500,.F.);
#3478=ORIENTED_EDGE('',*,*,#2501,.F.);
#3479=ORIENTED_EDGE('',*,*,#2481,.T.);
#3480=ORIENTED_EDGE('',*,*,#2496,.F.);
#3481=ORIENTED_EDGE('',*,*,#2501,.T.);
#3482=ORIENTED_EDGE('',*,*,#2502,.F.);
#3483=ORIENTED_EDGE('',*,*,#2503,.F.);
#3484=ORIENTED_EDGE('',*,*,#2470,.T.);
#3485=ORIENTED_EDGE('',*,*,#2471,.T.);
#3486=ORIENTED_EDGE('',*,*,#2503,.T.);
#3487=ORIENTED_EDGE('',*,*,#2504,.F.);
#3488=ORIENTED_EDGE('',*,*,#2505,.F.);
#3489=ORIENTED_EDGE('',*,*,#2491,.T.);
#3490=ORIENTED_EDGE('',*,*,#2478,.T.);
#3491=ORIENTED_EDGE('',*,*,#2492,.T.);
#3492=ORIENTED_EDGE('',*,*,#2505,.T.);
#3493=ORIENTED_EDGE('',*,*,#2506,.F.);
#3494=ORIENTED_EDGE('',*,*,#2507,.F.);
#3495=ORIENTED_EDGE('',*,*,#2493,.T.);
#3496=ORIENTED_EDGE('',*,*,#2507,.T.);
#3497=ORIENTED_EDGE('',*,*,#2508,.F.);
#3498=ORIENTED_EDGE('',*,*,#2497,.F.);
#3499=ORIENTED_EDGE('',*,*,#2508,.T.);
#3500=ORIENTED_EDGE('',*,*,#2506,.T.);
#3501=ORIENTED_EDGE('',*,*,#2504,.T.);
#3502=ORIENTED_EDGE('',*,*,#2502,.T.);
#3503=ORIENTED_EDGE('',*,*,#2500,.T.);
#3504=ORIENTED_EDGE('',*,*,#2498,.T.);
#3505=ORIENTED_EDGE('',*,*,#2509,.T.);
#3506=ORIENTED_EDGE('',*,*,#2510,.T.);
#3507=ORIENTED_EDGE('',*,*,#2511,.F.);
#3508=ORIENTED_EDGE('',*,*,#2512,.F.);
#3509=ORIENTED_EDGE('',*,*,#2513,.T.);
#3510=ORIENTED_EDGE('',*,*,#2512,.T.);
#3511=ORIENTED_EDGE('',*,*,#2514,.F.);
#3512=ORIENTED_EDGE('',*,*,#2515,.F.);
#3513=ORIENTED_EDGE('',*,*,#2516,.T.);
#3514=ORIENTED_EDGE('',*,*,#2515,.T.);
#3515=ORIENTED_EDGE('',*,*,#2517,.F.);
#3516=ORIENTED_EDGE('',*,*,#2518,.F.);
#3517=ORIENTED_EDGE('',*,*,#2519,.T.);
#3518=ORIENTED_EDGE('',*,*,#2518,.T.);
#3519=ORIENTED_EDGE('',*,*,#2520,.F.);
#3520=ORIENTED_EDGE('',*,*,#2510,.F.);
#3521=ORIENTED_EDGE('',*,*,#2520,.T.);
#3522=ORIENTED_EDGE('',*,*,#2517,.T.);
#3523=ORIENTED_EDGE('',*,*,#2514,.T.);
#3524=ORIENTED_EDGE('',*,*,#2511,.T.);
#3525=ORIENTED_EDGE('',*,*,#2519,.F.);
#3526=ORIENTED_EDGE('',*,*,#2509,.F.);
#3527=ORIENTED_EDGE('',*,*,#2513,.F.);
#3528=ORIENTED_EDGE('',*,*,#2516,.F.);
#3529=ORIENTED_EDGE('',*,*,#2521,.F.);
#3530=ORIENTED_EDGE('',*,*,#2522,.T.);
#3531=ORIENTED_EDGE('',*,*,#2523,.F.);
#3532=ORIENTED_EDGE('',*,*,#2524,.F.);
#3533=ORIENTED_EDGE('',*,*,#2525,.F.);
#3534=ORIENTED_EDGE('',*,*,#2524,.T.);
#3535=ORIENTED_EDGE('',*,*,#2526,.F.);
#3536=ORIENTED_EDGE('',*,*,#2527,.F.);
#3537=ORIENTED_EDGE('',*,*,#2528,.F.);
#3538=ORIENTED_EDGE('',*,*,#2527,.T.);
#3539=ORIENTED_EDGE('',*,*,#2529,.F.);
#3540=ORIENTED_EDGE('',*,*,#2530,.F.);
#3541=ORIENTED_EDGE('',*,*,#2531,.F.);
#3542=ORIENTED_EDGE('',*,*,#2530,.T.);
#3543=ORIENTED_EDGE('',*,*,#2532,.F.);
#3544=ORIENTED_EDGE('',*,*,#2522,.F.);
#3545=ORIENTED_EDGE('',*,*,#2532,.T.);
#3546=ORIENTED_EDGE('',*,*,#2529,.T.);
#3547=ORIENTED_EDGE('',*,*,#2526,.T.);
#3548=ORIENTED_EDGE('',*,*,#2523,.T.);
#3549=ORIENTED_EDGE('',*,*,#2531,.T.);
#3550=ORIENTED_EDGE('',*,*,#2521,.T.);
#3551=ORIENTED_EDGE('',*,*,#2525,.T.);
#3552=ORIENTED_EDGE('',*,*,#2528,.T.);
#3553=ORIENTED_EDGE('',*,*,#2533,.F.);
#3554=ORIENTED_EDGE('',*,*,#2534,.T.);
#3555=ORIENTED_EDGE('',*,*,#2535,.F.);
#3556=ORIENTED_EDGE('',*,*,#2536,.F.);
#3557=ORIENTED_EDGE('',*,*,#2537,.F.);
#3558=ORIENTED_EDGE('',*,*,#2536,.T.);
#3559=ORIENTED_EDGE('',*,*,#2538,.F.);
#3560=ORIENTED_EDGE('',*,*,#2539,.F.);
#3561=ORIENTED_EDGE('',*,*,#2540,.F.);
#3562=ORIENTED_EDGE('',*,*,#2539,.T.);
#3563=ORIENTED_EDGE('',*,*,#2541,.F.);
#3564=ORIENTED_EDGE('',*,*,#2542,.F.);
#3565=ORIENTED_EDGE('',*,*,#2543,.F.);
#3566=ORIENTED_EDGE('',*,*,#2542,.T.);
#3567=ORIENTED_EDGE('',*,*,#2544,.F.);
#3568=ORIENTED_EDGE('',*,*,#2545,.F.);
#3569=ORIENTED_EDGE('',*,*,#2546,.F.);
#3570=ORIENTED_EDGE('',*,*,#2545,.T.);
#3571=ORIENTED_EDGE('',*,*,#2547,.F.);
#3572=ORIENTED_EDGE('',*,*,#2548,.F.);
#3573=ORIENTED_EDGE('',*,*,#2549,.F.);
#3574=ORIENTED_EDGE('',*,*,#2548,.T.);
#3575=ORIENTED_EDGE('',*,*,#2550,.F.);
#3576=ORIENTED_EDGE('',*,*,#2534,.F.);
#3577=ORIENTED_EDGE('',*,*,#2550,.T.);
#3578=ORIENTED_EDGE('',*,*,#2547,.T.);
#3579=ORIENTED_EDGE('',*,*,#2544,.T.);
#3580=ORIENTED_EDGE('',*,*,#2541,.T.);
#3581=ORIENTED_EDGE('',*,*,#2538,.T.);
#3582=ORIENTED_EDGE('',*,*,#2535,.T.);
#3583=ORIENTED_EDGE('',*,*,#2549,.T.);
#3584=ORIENTED_EDGE('',*,*,#2533,.T.);
#3585=ORIENTED_EDGE('',*,*,#2537,.T.);
#3586=ORIENTED_EDGE('',*,*,#2540,.T.);
#3587=ORIENTED_EDGE('',*,*,#2543,.T.);
#3588=ORIENTED_EDGE('',*,*,#2546,.T.);
#3589=ORIENTED_EDGE('',*,*,#2551,.T.);
#3590=ORIENTED_EDGE('',*,*,#2552,.T.);
#3591=ORIENTED_EDGE('',*,*,#2553,.F.);
#3592=ORIENTED_EDGE('',*,*,#2554,.F.);
#3593=ORIENTED_EDGE('',*,*,#2555,.T.);
#3594=ORIENTED_EDGE('',*,*,#2554,.T.);
#3595=ORIENTED_EDGE('',*,*,#2556,.F.);
#3596=ORIENTED_EDGE('',*,*,#2557,.F.);
#3597=ORIENTED_EDGE('',*,*,#2558,.T.);
#3598=ORIENTED_EDGE('',*,*,#2557,.T.);
#3599=ORIENTED_EDGE('',*,*,#2559,.F.);
#3600=ORIENTED_EDGE('',*,*,#2560,.F.);
#3601=ORIENTED_EDGE('',*,*,#2561,.T.);
#3602=ORIENTED_EDGE('',*,*,#2560,.T.);
#3603=ORIENTED_EDGE('',*,*,#2562,.F.);
#3604=ORIENTED_EDGE('',*,*,#2552,.F.);
#3605=ORIENTED_EDGE('',*,*,#2562,.T.);
#3606=ORIENTED_EDGE('',*,*,#2559,.T.);
#3607=ORIENTED_EDGE('',*,*,#2556,.T.);
#3608=ORIENTED_EDGE('',*,*,#2553,.T.);
#3609=ORIENTED_EDGE('',*,*,#2561,.F.);
#3610=ORIENTED_EDGE('',*,*,#2551,.F.);
#3611=ORIENTED_EDGE('',*,*,#2555,.F.);
#3612=ORIENTED_EDGE('',*,*,#2558,.F.);
#3613=ORIENTED_EDGE('',*,*,#2563,.F.);
#3614=ORIENTED_EDGE('',*,*,#2564,.T.);
#3615=ORIENTED_EDGE('',*,*,#2565,.F.);
#3616=ORIENTED_EDGE('',*,*,#2566,.F.);
#3617=ORIENTED_EDGE('',*,*,#2567,.F.);
#3618=ORIENTED_EDGE('',*,*,#2566,.T.);
#3619=ORIENTED_EDGE('',*,*,#2568,.F.);
#3620=ORIENTED_EDGE('',*,*,#2569,.F.);
#3621=ORIENTED_EDGE('',*,*,#2570,.F.);
#3622=ORIENTED_EDGE('',*,*,#2569,.T.);
#3623=ORIENTED_EDGE('',*,*,#2571,.F.);
#3624=ORIENTED_EDGE('',*,*,#2572,.F.);
#3625=ORIENTED_EDGE('',*,*,#2573,.F.);
#3626=ORIENTED_EDGE('',*,*,#2572,.T.);
#3627=ORIENTED_EDGE('',*,*,#2574,.F.);
#3628=ORIENTED_EDGE('',*,*,#2564,.F.);
#3629=ORIENTED_EDGE('',*,*,#2574,.T.);
#3630=ORIENTED_EDGE('',*,*,#2571,.T.);
#3631=ORIENTED_EDGE('',*,*,#2568,.T.);
#3632=ORIENTED_EDGE('',*,*,#2565,.T.);
#3633=ORIENTED_EDGE('',*,*,#2573,.T.);
#3634=ORIENTED_EDGE('',*,*,#2563,.T.);
#3635=ORIENTED_EDGE('',*,*,#2567,.T.);
#3636=ORIENTED_EDGE('',*,*,#2570,.T.);
#3637=ORIENTED_EDGE('',*,*,#2575,.T.);
#3638=ORIENTED_EDGE('',*,*,#2576,.T.);
#3639=ORIENTED_EDGE('',*,*,#2577,.F.);
#3640=ORIENTED_EDGE('',*,*,#2578,.F.);
#3641=ORIENTED_EDGE('',*,*,#2579,.T.);
#3642=ORIENTED_EDGE('',*,*,#2578,.T.);
#3643=ORIENTED_EDGE('',*,*,#2580,.F.);
#3644=ORIENTED_EDGE('',*,*,#2581,.F.);
#3645=ORIENTED_EDGE('',*,*,#2582,.T.);
#3646=ORIENTED_EDGE('',*,*,#2581,.T.);
#3647=ORIENTED_EDGE('',*,*,#2583,.F.);
#3648=ORIENTED_EDGE('',*,*,#2584,.F.);
#3649=ORIENTED_EDGE('',*,*,#2585,.T.);
#3650=ORIENTED_EDGE('',*,*,#2584,.T.);
#3651=ORIENTED_EDGE('',*,*,#2586,.F.);
#3652=ORIENTED_EDGE('',*,*,#2576,.F.);
#3653=ORIENTED_EDGE('',*,*,#2586,.T.);
#3654=ORIENTED_EDGE('',*,*,#2583,.T.);
#3655=ORIENTED_EDGE('',*,*,#2580,.T.);
#3656=ORIENTED_EDGE('',*,*,#2577,.T.);
#3657=ORIENTED_EDGE('',*,*,#2585,.F.);
#3658=ORIENTED_EDGE('',*,*,#2575,.F.);
#3659=ORIENTED_EDGE('',*,*,#2579,.F.);
#3660=ORIENTED_EDGE('',*,*,#2582,.F.);
#3661=ORIENTED_EDGE('',*,*,#2587,.F.);
#3662=ORIENTED_EDGE('',*,*,#2588,.T.);
#3663=ORIENTED_EDGE('',*,*,#2589,.F.);
#3664=ORIENTED_EDGE('',*,*,#2590,.F.);
#3665=ORIENTED_EDGE('',*,*,#2591,.F.);
#3666=ORIENTED_EDGE('',*,*,#2590,.T.);
#3667=ORIENTED_EDGE('',*,*,#2592,.F.);
#3668=ORIENTED_EDGE('',*,*,#2593,.F.);
#3669=ORIENTED_EDGE('',*,*,#2594,.F.);
#3670=ORIENTED_EDGE('',*,*,#2593,.T.);
#3671=ORIENTED_EDGE('',*,*,#2595,.F.);
#3672=ORIENTED_EDGE('',*,*,#2596,.F.);
#3673=ORIENTED_EDGE('',*,*,#2597,.F.);
#3674=ORIENTED_EDGE('',*,*,#2596,.T.);
#3675=ORIENTED_EDGE('',*,*,#2598,.F.);
#3676=ORIENTED_EDGE('',*,*,#2588,.F.);
#3677=ORIENTED_EDGE('',*,*,#2598,.T.);
#3678=ORIENTED_EDGE('',*,*,#2595,.T.);
#3679=ORIENTED_EDGE('',*,*,#2592,.T.);
#3680=ORIENTED_EDGE('',*,*,#2589,.T.);
#3681=ORIENTED_EDGE('',*,*,#2597,.T.);
#3682=ORIENTED_EDGE('',*,*,#2587,.T.);
#3683=ORIENTED_EDGE('',*,*,#2591,.T.);
#3684=ORIENTED_EDGE('',*,*,#2594,.T.);
#3685=ORIENTED_EDGE('',*,*,#2599,.F.);
#3686=ORIENTED_EDGE('',*,*,#2600,.T.);
#3687=ORIENTED_EDGE('',*,*,#2601,.F.);
#3688=ORIENTED_EDGE('',*,*,#2602,.F.);
#3689=ORIENTED_EDGE('',*,*,#2603,.F.);
#3690=ORIENTED_EDGE('',*,*,#2602,.T.);
#3691=ORIENTED_EDGE('',*,*,#2604,.F.);
#3692=ORIENTED_EDGE('',*,*,#2605,.F.);
#3693=ORIENTED_EDGE('',*,*,#2606,.F.);
#3694=ORIENTED_EDGE('',*,*,#2605,.T.);
#3695=ORIENTED_EDGE('',*,*,#2607,.F.);
#3696=ORIENTED_EDGE('',*,*,#2608,.F.);
#3697=ORIENTED_EDGE('',*,*,#2609,.F.);
#3698=ORIENTED_EDGE('',*,*,#2608,.T.);
#3699=ORIENTED_EDGE('',*,*,#2610,.F.);
#3700=ORIENTED_EDGE('',*,*,#2600,.F.);
#3701=ORIENTED_EDGE('',*,*,#2610,.T.);
#3702=ORIENTED_EDGE('',*,*,#2607,.T.);
#3703=ORIENTED_EDGE('',*,*,#2604,.T.);
#3704=ORIENTED_EDGE('',*,*,#2601,.T.);
#3705=ORIENTED_EDGE('',*,*,#2609,.T.);
#3706=ORIENTED_EDGE('',*,*,#2599,.T.);
#3707=ORIENTED_EDGE('',*,*,#2603,.T.);
#3708=ORIENTED_EDGE('',*,*,#2606,.T.);
#3709=ORIENTED_EDGE('',*,*,#2611,.F.);
#3710=ORIENTED_EDGE('',*,*,#2612,.T.);
#3711=ORIENTED_EDGE('',*,*,#2613,.F.);
#3712=ORIENTED_EDGE('',*,*,#2614,.F.);
#3713=ORIENTED_EDGE('',*,*,#2615,.F.);
#3714=ORIENTED_EDGE('',*,*,#2614,.T.);
#3715=ORIENTED_EDGE('',*,*,#2616,.F.);
#3716=ORIENTED_EDGE('',*,*,#2617,.F.);
#3717=ORIENTED_EDGE('',*,*,#2618,.F.);
#3718=ORIENTED_EDGE('',*,*,#2617,.T.);
#3719=ORIENTED_EDGE('',*,*,#2619,.F.);
#3720=ORIENTED_EDGE('',*,*,#2620,.F.);
#3721=ORIENTED_EDGE('',*,*,#2621,.F.);
#3722=ORIENTED_EDGE('',*,*,#2620,.T.);
#3723=ORIENTED_EDGE('',*,*,#2622,.F.);
#3724=ORIENTED_EDGE('',*,*,#2612,.F.);
#3725=ORIENTED_EDGE('',*,*,#2622,.T.);
#3726=ORIENTED_EDGE('',*,*,#2619,.T.);
#3727=ORIENTED_EDGE('',*,*,#2616,.T.);
#3728=ORIENTED_EDGE('',*,*,#2613,.T.);
#3729=ORIENTED_EDGE('',*,*,#2621,.T.);
#3730=ORIENTED_EDGE('',*,*,#2611,.T.);
#3731=ORIENTED_EDGE('',*,*,#2615,.T.);
#3732=ORIENTED_EDGE('',*,*,#2618,.T.);
#3733=ORIENTED_EDGE('',*,*,#2623,.F.);
#3734=ORIENTED_EDGE('',*,*,#2624,.T.);
#3735=ORIENTED_EDGE('',*,*,#2625,.T.);
#3736=ORIENTED_EDGE('',*,*,#2624,.F.);
#3737=ORIENTED_EDGE('',*,*,#2623,.T.);
#3738=ORIENTED_EDGE('',*,*,#2625,.F.);
#3739=ORIENTED_EDGE('',*,*,#2626,.F.);
#3740=ORIENTED_EDGE('',*,*,#2627,.T.);
#3741=ORIENTED_EDGE('',*,*,#2628,.T.);
#3742=ORIENTED_EDGE('',*,*,#2627,.F.);
#3743=ORIENTED_EDGE('',*,*,#2626,.T.);
#3744=ORIENTED_EDGE('',*,*,#2628,.F.);
#3745=ORIENTED_EDGE('',*,*,#2629,.T.);
#3746=ORIENTED_EDGE('',*,*,#2630,.T.);
#3747=ORIENTED_EDGE('',*,*,#2631,.F.);
#3748=ORIENTED_EDGE('',*,*,#2632,.F.);
#3749=ORIENTED_EDGE('',*,*,#2633,.T.);
#3750=ORIENTED_EDGE('',*,*,#2632,.T.);
#3751=ORIENTED_EDGE('',*,*,#2634,.F.);
#3752=ORIENTED_EDGE('',*,*,#2635,.F.);
#3753=ORIENTED_EDGE('',*,*,#2636,.T.);
#3754=ORIENTED_EDGE('',*,*,#2635,.T.);
#3755=ORIENTED_EDGE('',*,*,#2637,.F.);
#3756=ORIENTED_EDGE('',*,*,#2638,.F.);
#3757=ORIENTED_EDGE('',*,*,#2639,.T.);
#3758=ORIENTED_EDGE('',*,*,#2638,.T.);
#3759=ORIENTED_EDGE('',*,*,#2640,.F.);
#3760=ORIENTED_EDGE('',*,*,#2630,.F.);
#3761=ORIENTED_EDGE('',*,*,#2640,.T.);
#3762=ORIENTED_EDGE('',*,*,#2637,.T.);
#3763=ORIENTED_EDGE('',*,*,#2634,.T.);
#3764=ORIENTED_EDGE('',*,*,#2631,.T.);
#3765=ORIENTED_EDGE('',*,*,#2639,.F.);
#3766=ORIENTED_EDGE('',*,*,#2629,.F.);
#3767=ORIENTED_EDGE('',*,*,#2633,.F.);
#3768=ORIENTED_EDGE('',*,*,#2636,.F.);
#3769=ORIENTED_EDGE('',*,*,#2641,.T.);
#3770=ORIENTED_EDGE('',*,*,#2642,.T.);
#3771=ORIENTED_EDGE('',*,*,#2643,.F.);
#3772=ORIENTED_EDGE('',*,*,#2644,.F.);
#3773=ORIENTED_EDGE('',*,*,#2645,.T.);
#3774=ORIENTED_EDGE('',*,*,#2644,.T.);
#3775=ORIENTED_EDGE('',*,*,#2646,.F.);
#3776=ORIENTED_EDGE('',*,*,#2647,.F.);
#3777=ORIENTED_EDGE('',*,*,#2648,.T.);
#3778=ORIENTED_EDGE('',*,*,#2647,.T.);
#3779=ORIENTED_EDGE('',*,*,#2649,.F.);
#3780=ORIENTED_EDGE('',*,*,#2650,.F.);
#3781=ORIENTED_EDGE('',*,*,#2651,.T.);
#3782=ORIENTED_EDGE('',*,*,#2650,.T.);
#3783=ORIENTED_EDGE('',*,*,#2652,.F.);
#3784=ORIENTED_EDGE('',*,*,#2642,.F.);
#3785=ORIENTED_EDGE('',*,*,#2652,.T.);
#3786=ORIENTED_EDGE('',*,*,#2649,.T.);
#3787=ORIENTED_EDGE('',*,*,#2646,.T.);
#3788=ORIENTED_EDGE('',*,*,#2643,.T.);
#3789=ORIENTED_EDGE('',*,*,#2651,.F.);
#3790=ORIENTED_EDGE('',*,*,#2641,.F.);
#3791=ORIENTED_EDGE('',*,*,#2645,.F.);
#3792=ORIENTED_EDGE('',*,*,#2648,.F.);
#3793=ORIENTED_EDGE('',*,*,#2653,.T.);
#3794=ORIENTED_EDGE('',*,*,#2654,.T.);
#3795=ORIENTED_EDGE('',*,*,#2655,.F.);
#3796=ORIENTED_EDGE('',*,*,#2656,.F.);
#3797=ORIENTED_EDGE('',*,*,#2657,.T.);
#3798=ORIENTED_EDGE('',*,*,#2656,.T.);
#3799=ORIENTED_EDGE('',*,*,#2658,.F.);
#3800=ORIENTED_EDGE('',*,*,#2659,.F.);
#3801=ORIENTED_EDGE('',*,*,#2660,.T.);
#3802=ORIENTED_EDGE('',*,*,#2659,.T.);
#3803=ORIENTED_EDGE('',*,*,#2661,.F.);
#3804=ORIENTED_EDGE('',*,*,#2662,.F.);
#3805=ORIENTED_EDGE('',*,*,#2663,.T.);
#3806=ORIENTED_EDGE('',*,*,#2662,.T.);
#3807=ORIENTED_EDGE('',*,*,#2664,.F.);
#3808=ORIENTED_EDGE('',*,*,#2654,.F.);
#3809=ORIENTED_EDGE('',*,*,#2664,.T.);
#3810=ORIENTED_EDGE('',*,*,#2661,.T.);
#3811=ORIENTED_EDGE('',*,*,#2658,.T.);
#3812=ORIENTED_EDGE('',*,*,#2655,.T.);
#3813=ORIENTED_EDGE('',*,*,#2663,.F.);
#3814=ORIENTED_EDGE('',*,*,#2653,.F.);
#3815=ORIENTED_EDGE('',*,*,#2657,.F.);
#3816=ORIENTED_EDGE('',*,*,#2660,.F.);
#3817=ORIENTED_EDGE('',*,*,#2665,.T.);
#3818=ORIENTED_EDGE('',*,*,#2666,.T.);
#3819=ORIENTED_EDGE('',*,*,#2667,.F.);
#3820=ORIENTED_EDGE('',*,*,#2668,.F.);
#3821=ORIENTED_EDGE('',*,*,#2669,.T.);
#3822=ORIENTED_EDGE('',*,*,#2668,.T.);
#3823=ORIENTED_EDGE('',*,*,#2670,.F.);
#3824=ORIENTED_EDGE('',*,*,#2671,.F.);
#3825=ORIENTED_EDGE('',*,*,#2672,.T.);
#3826=ORIENTED_EDGE('',*,*,#2671,.T.);
#3827=ORIENTED_EDGE('',*,*,#2673,.F.);
#3828=ORIENTED_EDGE('',*,*,#2674,.F.);
#3829=ORIENTED_EDGE('',*,*,#2675,.T.);
#3830=ORIENTED_EDGE('',*,*,#2674,.T.);
#3831=ORIENTED_EDGE('',*,*,#2676,.F.);
#3832=ORIENTED_EDGE('',*,*,#2666,.F.);
#3833=ORIENTED_EDGE('',*,*,#2676,.T.);
#3834=ORIENTED_EDGE('',*,*,#2673,.T.);
#3835=ORIENTED_EDGE('',*,*,#2670,.T.);
#3836=ORIENTED_EDGE('',*,*,#2667,.T.);
#3837=ORIENTED_EDGE('',*,*,#2675,.F.);
#3838=ORIENTED_EDGE('',*,*,#2665,.F.);
#3839=ORIENTED_EDGE('',*,*,#2669,.F.);
#3840=ORIENTED_EDGE('',*,*,#2672,.F.);
#3841=ORIENTED_EDGE('',*,*,#2677,.T.);
#3842=ORIENTED_EDGE('',*,*,#2678,.T.);
#3843=ORIENTED_EDGE('',*,*,#2679,.F.);
#3844=ORIENTED_EDGE('',*,*,#2680,.F.);
#3845=ORIENTED_EDGE('',*,*,#2681,.T.);
#3846=ORIENTED_EDGE('',*,*,#2680,.T.);
#3847=ORIENTED_EDGE('',*,*,#2682,.F.);
#3848=ORIENTED_EDGE('',*,*,#2683,.F.);
#3849=ORIENTED_EDGE('',*,*,#2684,.T.);
#3850=ORIENTED_EDGE('',*,*,#2683,.T.);
#3851=ORIENTED_EDGE('',*,*,#2685,.F.);
#3852=ORIENTED_EDGE('',*,*,#2686,.F.);
#3853=ORIENTED_EDGE('',*,*,#2687,.T.);
#3854=ORIENTED_EDGE('',*,*,#2686,.T.);
#3855=ORIENTED_EDGE('',*,*,#2688,.F.);
#3856=ORIENTED_EDGE('',*,*,#2678,.F.);
#3857=ORIENTED_EDGE('',*,*,#2688,.T.);
#3858=ORIENTED_EDGE('',*,*,#2685,.T.);
#3859=ORIENTED_EDGE('',*,*,#2682,.T.);
#3860=ORIENTED_EDGE('',*,*,#2679,.T.);
#3861=ORIENTED_EDGE('',*,*,#2687,.F.);
#3862=ORIENTED_EDGE('',*,*,#2677,.F.);
#3863=ORIENTED_EDGE('',*,*,#2681,.F.);
#3864=ORIENTED_EDGE('',*,*,#2684,.F.);
#3865=ORIENTED_EDGE('',*,*,#2689,.T.);
#3866=ORIENTED_EDGE('',*,*,#2690,.T.);
#3867=ORIENTED_EDGE('',*,*,#2691,.F.);
#3868=ORIENTED_EDGE('',*,*,#2692,.F.);
#3869=ORIENTED_EDGE('',*,*,#2693,.T.);
#3870=ORIENTED_EDGE('',*,*,#2692,.T.);
#3871=ORIENTED_EDGE('',*,*,#2694,.F.);
#3872=ORIENTED_EDGE('',*,*,#2695,.F.);
#3873=ORIENTED_EDGE('',*,*,#2696,.T.);
#3874=ORIENTED_EDGE('',*,*,#2695,.T.);
#3875=ORIENTED_EDGE('',*,*,#2697,.F.);
#3876=ORIENTED_EDGE('',*,*,#2698,.F.);
#3877=ORIENTED_EDGE('',*,*,#2699,.T.);
#3878=ORIENTED_EDGE('',*,*,#2698,.T.);
#3879=ORIENTED_EDGE('',*,*,#2700,.F.);
#3880=ORIENTED_EDGE('',*,*,#2690,.F.);
#3881=ORIENTED_EDGE('',*,*,#2700,.T.);
#3882=ORIENTED_EDGE('',*,*,#2697,.T.);
#3883=ORIENTED_EDGE('',*,*,#2694,.T.);
#3884=ORIENTED_EDGE('',*,*,#2691,.T.);
#3885=ORIENTED_EDGE('',*,*,#2699,.F.);
#3886=ORIENTED_EDGE('',*,*,#2689,.F.);
#3887=ORIENTED_EDGE('',*,*,#2693,.F.);
#3888=ORIENTED_EDGE('',*,*,#2696,.F.);
#3889=ORIENTED_EDGE('',*,*,#2701,.T.);
#3890=ORIENTED_EDGE('',*,*,#2702,.T.);
#3891=ORIENTED_EDGE('',*,*,#2703,.F.);
#3892=ORIENTED_EDGE('',*,*,#2704,.F.);
#3893=ORIENTED_EDGE('',*,*,#2705,.T.);
#3894=ORIENTED_EDGE('',*,*,#2704,.T.);
#3895=ORIENTED_EDGE('',*,*,#2706,.F.);
#3896=ORIENTED_EDGE('',*,*,#2707,.F.);
#3897=ORIENTED_EDGE('',*,*,#2708,.T.);
#3898=ORIENTED_EDGE('',*,*,#2707,.T.);
#3899=ORIENTED_EDGE('',*,*,#2709,.F.);
#3900=ORIENTED_EDGE('',*,*,#2710,.F.);
#3901=ORIENTED_EDGE('',*,*,#2711,.T.);
#3902=ORIENTED_EDGE('',*,*,#2710,.T.);
#3903=ORIENTED_EDGE('',*,*,#2712,.F.);
#3904=ORIENTED_EDGE('',*,*,#2702,.F.);
#3905=ORIENTED_EDGE('',*,*,#2712,.T.);
#3906=ORIENTED_EDGE('',*,*,#2709,.T.);
#3907=ORIENTED_EDGE('',*,*,#2706,.T.);
#3908=ORIENTED_EDGE('',*,*,#2703,.T.);
#3909=ORIENTED_EDGE('',*,*,#2711,.F.);
#3910=ORIENTED_EDGE('',*,*,#2701,.F.);
#3911=ORIENTED_EDGE('',*,*,#2705,.F.);
#3912=ORIENTED_EDGE('',*,*,#2708,.F.);
#3913=ORIENTED_EDGE('',*,*,#2713,.T.);
#3914=ORIENTED_EDGE('',*,*,#2714,.T.);
#3915=ORIENTED_EDGE('',*,*,#2715,.F.);
#3916=ORIENTED_EDGE('',*,*,#2716,.F.);
#3917=ORIENTED_EDGE('',*,*,#2717,.T.);
#3918=ORIENTED_EDGE('',*,*,#2716,.T.);
#3919=ORIENTED_EDGE('',*,*,#2718,.F.);
#3920=ORIENTED_EDGE('',*,*,#2719,.F.);
#3921=ORIENTED_EDGE('',*,*,#2720,.T.);
#3922=ORIENTED_EDGE('',*,*,#2719,.T.);
#3923=ORIENTED_EDGE('',*,*,#2721,.F.);
#3924=ORIENTED_EDGE('',*,*,#2722,.F.);
#3925=ORIENTED_EDGE('',*,*,#2723,.T.);
#3926=ORIENTED_EDGE('',*,*,#2722,.T.);
#3927=ORIENTED_EDGE('',*,*,#2724,.F.);
#3928=ORIENTED_EDGE('',*,*,#2714,.F.);
#3929=ORIENTED_EDGE('',*,*,#2724,.T.);
#3930=ORIENTED_EDGE('',*,*,#2721,.T.);
#3931=ORIENTED_EDGE('',*,*,#2718,.T.);
#3932=ORIENTED_EDGE('',*,*,#2715,.T.);
#3933=ORIENTED_EDGE('',*,*,#2723,.F.);
#3934=ORIENTED_EDGE('',*,*,#2713,.F.);
#3935=ORIENTED_EDGE('',*,*,#2717,.F.);
#3936=ORIENTED_EDGE('',*,*,#2720,.F.);
#3937=ORIENTED_EDGE('',*,*,#2725,.T.);
#3938=ORIENTED_EDGE('',*,*,#2726,.T.);
#3939=ORIENTED_EDGE('',*,*,#2727,.F.);
#3940=ORIENTED_EDGE('',*,*,#2728,.F.);
#3941=ORIENTED_EDGE('',*,*,#2729,.T.);
#3942=ORIENTED_EDGE('',*,*,#2728,.T.);
#3943=ORIENTED_EDGE('',*,*,#2730,.F.);
#3944=ORIENTED_EDGE('',*,*,#2731,.F.);
#3945=ORIENTED_EDGE('',*,*,#2732,.T.);
#3946=ORIENTED_EDGE('',*,*,#2731,.T.);
#3947=ORIENTED_EDGE('',*,*,#2733,.F.);
#3948=ORIENTED_EDGE('',*,*,#2734,.F.);
#3949=ORIENTED_EDGE('',*,*,#2735,.T.);
#3950=ORIENTED_EDGE('',*,*,#2734,.T.);
#3951=ORIENTED_EDGE('',*,*,#2736,.F.);
#3952=ORIENTED_EDGE('',*,*,#2726,.F.);
#3953=ORIENTED_EDGE('',*,*,#2736,.T.);
#3954=ORIENTED_EDGE('',*,*,#2733,.T.);
#3955=ORIENTED_EDGE('',*,*,#2730,.T.);
#3956=ORIENTED_EDGE('',*,*,#2727,.T.);
#3957=ORIENTED_EDGE('',*,*,#2735,.F.);
#3958=ORIENTED_EDGE('',*,*,#2725,.F.);
#3959=ORIENTED_EDGE('',*,*,#2729,.F.);
#3960=ORIENTED_EDGE('',*,*,#2732,.F.);
#3961=ORIENTED_EDGE('',*,*,#2737,.T.);
#3962=ORIENTED_EDGE('',*,*,#2738,.T.);
#3963=ORIENTED_EDGE('',*,*,#2739,.F.);
#3964=ORIENTED_EDGE('',*,*,#2740,.F.);
#3965=ORIENTED_EDGE('',*,*,#2741,.T.);
#3966=ORIENTED_EDGE('',*,*,#2740,.T.);
#3967=ORIENTED_EDGE('',*,*,#2742,.F.);
#3968=ORIENTED_EDGE('',*,*,#2743,.F.);
#3969=ORIENTED_EDGE('',*,*,#2744,.T.);
#3970=ORIENTED_EDGE('',*,*,#2743,.T.);
#3971=ORIENTED_EDGE('',*,*,#2745,.F.);
#3972=ORIENTED_EDGE('',*,*,#2746,.F.);
#3973=ORIENTED_EDGE('',*,*,#2747,.T.);
#3974=ORIENTED_EDGE('',*,*,#2746,.T.);
#3975=ORIENTED_EDGE('',*,*,#2748,.F.);
#3976=ORIENTED_EDGE('',*,*,#2738,.F.);
#3977=ORIENTED_EDGE('',*,*,#2748,.T.);
#3978=ORIENTED_EDGE('',*,*,#2745,.T.);
#3979=ORIENTED_EDGE('',*,*,#2742,.T.);
#3980=ORIENTED_EDGE('',*,*,#2739,.T.);
#3981=ORIENTED_EDGE('',*,*,#2747,.F.);
#3982=ORIENTED_EDGE('',*,*,#2737,.F.);
#3983=ORIENTED_EDGE('',*,*,#2741,.F.);
#3984=ORIENTED_EDGE('',*,*,#2744,.F.);
#3985=ORIENTED_EDGE('',*,*,#2749,.T.);
#3986=ORIENTED_EDGE('',*,*,#2750,.F.);
#3987=ORIENTED_EDGE('',*,*,#2751,.T.);
#3988=ORIENTED_EDGE('',*,*,#2749,.F.);
#3989=ORIENTED_EDGE('',*,*,#2751,.F.);
#3990=ORIENTED_EDGE('',*,*,#2750,.T.);
#3991=ORIENTED_EDGE('',*,*,#2752,.T.);
#3992=ORIENTED_EDGE('',*,*,#2753,.F.);
#3993=ORIENTED_EDGE('',*,*,#2754,.T.);
#3994=ORIENTED_EDGE('',*,*,#2752,.F.);
#3995=ORIENTED_EDGE('',*,*,#2754,.F.);
#3996=ORIENTED_EDGE('',*,*,#2753,.T.);
#3997=ORIENTED_EDGE('',*,*,#2755,.T.);
#3998=ORIENTED_EDGE('',*,*,#2756,.F.);
#3999=ORIENTED_EDGE('',*,*,#2757,.T.);
#4000=ORIENTED_EDGE('',*,*,#2755,.F.);
#4001=ORIENTED_EDGE('',*,*,#2757,.F.);
#4002=ORIENTED_EDGE('',*,*,#2756,.T.);
#4003=ORIENTED_EDGE('',*,*,#2758,.T.);
#4004=ORIENTED_EDGE('',*,*,#2759,.F.);
#4005=ORIENTED_EDGE('',*,*,#2760,.T.);
#4006=ORIENTED_EDGE('',*,*,#2758,.F.);
#4007=ORIENTED_EDGE('',*,*,#2760,.F.);
#4008=ORIENTED_EDGE('',*,*,#2759,.T.);
#4009=ORIENTED_EDGE('',*,*,#2761,.T.);
#4010=ORIENTED_EDGE('',*,*,#2762,.F.);
#4011=ORIENTED_EDGE('',*,*,#2763,.T.);
#4012=ORIENTED_EDGE('',*,*,#2761,.F.);
#4013=ORIENTED_EDGE('',*,*,#2763,.F.);
#4014=ORIENTED_EDGE('',*,*,#2762,.T.);
#4015=ORIENTED_EDGE('',*,*,#2764,.T.);
#4016=ORIENTED_EDGE('',*,*,#2765,.F.);
#4017=ORIENTED_EDGE('',*,*,#2766,.T.);
#4018=ORIENTED_EDGE('',*,*,#2764,.F.);
#4019=ORIENTED_EDGE('',*,*,#2766,.F.);
#4020=ORIENTED_EDGE('',*,*,#2765,.T.);
#4021=PLANE('',#4690);
#4022=PLANE('',#4691);
#4023=PLANE('',#4692);
#4024=PLANE('',#4693);
#4025=PLANE('',#4694);
#4026=PLANE('',#4695);
#4027=PLANE('',#4696);
#4028=PLANE('',#4697);
#4029=PLANE('',#4698);
#4030=PLANE('',#4699);
#4031=PLANE('',#4700);
#4032=PLANE('',#4701);
#4033=PLANE('',#4702);
#4034=PLANE('',#4703);
#4035=PLANE('',#4704);
#4036=PLANE('',#4705);
#4037=PLANE('',#4706);
#4038=PLANE('',#4707);
#4039=PLANE('',#4708);
#4040=PLANE('',#4709);
#4041=PLANE('',#4710);
#4042=PLANE('',#4711);
#4043=PLANE('',#4712);
#4044=PLANE('',#4713);
#4045=PLANE('',#4714);
#4046=PLANE('',#4715);
#4047=PLANE('',#4716);
#4048=PLANE('',#4718);
#4049=PLANE('',#4726);
#4050=PLANE('',#4727);
#4051=PLANE('',#4729);
#4052=PLANE('',#4730);
#4053=PLANE('',#4731);
#4054=PLANE('',#4732);
#4055=PLANE('',#4733);
#4056=PLANE('',#4734);
#4057=PLANE('',#4735);
#4058=PLANE('',#4737);
#4059=PLANE('',#4738);
#4060=PLANE('',#4739);
#4061=PLANE('',#4743);
#4062=PLANE('',#4745);
#4063=PLANE('',#4746);
#4064=PLANE('',#4747);
#4065=PLANE('',#4748);
#4066=PLANE('',#4749);
#4067=PLANE('',#4750);
#4068=PLANE('',#4751);
#4069=PLANE('',#4752);
#4070=PLANE('',#4753);
#4071=PLANE('',#4754);
#4072=PLANE('',#4755);
#4073=PLANE('',#4756);
#4074=PLANE('',#4757);
#4075=PLANE('',#4758);
#4076=PLANE('',#4759);
#4077=PLANE('',#4760);
#4078=PLANE('',#4761);
#4079=PLANE('',#4762);
#4080=PLANE('',#4765);
#4081=PLANE('',#4766);
#4082=PLANE('',#4767);
#4083=PLANE('',#4768);
#4084=PLANE('',#4769);
#4085=PLANE('',#4770);
#4086=PLANE('',#4771);
#4087=PLANE('',#4772);
#4088=PLANE('',#4773);
#4089=PLANE('',#4774);
#4090=PLANE('',#4775);
#4091=PLANE('',#4776);
#4092=PLANE('',#4777);
#4093=PLANE('',#4778);
#4094=PLANE('',#4779);
#4095=PLANE('',#4780);
#4096=PLANE('',#4781);
#4097=PLANE('',#4782);
#4098=PLANE('',#4783);
#4099=PLANE('',#4784);
#4100=PLANE('',#4785);
#4101=PLANE('',#4786);
#4102=PLANE('',#4787);
#4103=PLANE('',#4788);
#4104=PLANE('',#4789);
#4105=PLANE('',#4790);
#4106=PLANE('',#4791);
#4107=PLANE('',#4792);
#4108=PLANE('',#4793);
#4109=PLANE('',#4794);
#4110=PLANE('',#4795);
#4111=PLANE('',#4796);
#4112=PLANE('',#4797);
#4113=PLANE('',#4798);
#4114=PLANE('',#4799);
#4115=PLANE('',#4800);
#4116=PLANE('',#4801);
#4117=PLANE('',#4802);
#4118=PLANE('',#4803);
#4119=PLANE('',#4804);
#4120=PLANE('',#4805);
#4121=PLANE('',#4806);
#4122=PLANE('',#4807);
#4123=PLANE('',#4808);
#4124=PLANE('',#4809);
#4125=PLANE('',#4810);
#4126=PLANE('',#4811);
#4127=PLANE('',#4812);
#4128=PLANE('',#4813);
#4129=PLANE('',#4814);
#4130=PLANE('',#4815);
#4131=PLANE('',#4816);
#4132=PLANE('',#4817);
#4133=PLANE('',#4818);
#4134=PLANE('',#4819);
#4135=PLANE('',#4820);
#4136=PLANE('',#4821);
#4137=PLANE('',#4822);
#4138=PLANE('',#4823);
#4139=PLANE('',#4824);
#4140=PLANE('',#4825);
#4141=PLANE('',#4826);
#4142=PLANE('',#4827);
#4143=PLANE('',#4828);
#4144=PLANE('',#4829);
#4145=PLANE('',#4830);
#4146=PLANE('',#4831);
#4147=PLANE('',#4832);
#4148=PLANE('',#4833);
#4149=PLANE('',#4834);
#4150=PLANE('',#4835);
#4151=PLANE('',#4836);
#4152=PLANE('',#4837);
#4153=PLANE('',#4838);
#4154=PLANE('',#4839);
#4155=PLANE('',#4840);
#4156=PLANE('',#4841);
#4157=PLANE('',#4842);
#4158=PLANE('',#4843);
#4159=PLANE('',#4844);
#4160=PLANE('',#4845);
#4161=PLANE('',#4846);
#4162=PLANE('',#4847);
#4163=PLANE('',#4848);
#4164=PLANE('',#4849);
#4165=PLANE('',#4850);
#4166=PLANE('',#4851);
#4167=PLANE('',#4852);
#4168=PLANE('',#4853);
#4169=PLANE('',#4854);
#4170=PLANE('',#4855);
#4171=PLANE('',#4856);
#4172=PLANE('',#4857);
#4173=PLANE('',#4858);
#4174=PLANE('',#4859);
#4175=PLANE('',#4860);
#4176=PLANE('',#4861);
#4177=PLANE('',#4862);
#4178=PLANE('',#4863);
#4179=PLANE('',#4864);
#4180=PLANE('',#4865);
#4181=PLANE('',#4866);
#4182=PLANE('',#4867);
#4183=PLANE('',#4868);
#4184=PLANE('',#4872);
#4185=PLANE('',#4873);
#4186=PLANE('',#4877);
#4187=PLANE('',#4878);
#4188=PLANE('',#4879);
#4189=PLANE('',#4880);
#4190=PLANE('',#4881);
#4191=PLANE('',#4882);
#4192=PLANE('',#4883);
#4193=PLANE('',#4884);
#4194=PLANE('',#4885);
#4195=PLANE('',#4886);
#4196=PLANE('',#4887);
#4197=PLANE('',#4888);
#4198=PLANE('',#4889);
#4199=PLANE('',#4890);
#4200=PLANE('',#4891);
#4201=PLANE('',#4892);
#4202=PLANE('',#4893);
#4203=PLANE('',#4894);
#4204=PLANE('',#4895);
#4205=PLANE('',#4896);
#4206=PLANE('',#4897);
#4207=PLANE('',#4898);
#4208=PLANE('',#4899);
#4209=PLANE('',#4900);
#4210=PLANE('',#4901);
#4211=PLANE('',#4902);
#4212=PLANE('',#4903);
#4213=PLANE('',#4904);
#4214=PLANE('',#4905);
#4215=PLANE('',#4906);
#4216=PLANE('',#4907);
#4217=PLANE('',#4908);
#4218=PLANE('',#4909);
#4219=PLANE('',#4910);
#4220=PLANE('',#4911);
#4221=PLANE('',#4912);
#4222=PLANE('',#4913);
#4223=PLANE('',#4914);
#4224=PLANE('',#4915);
#4225=PLANE('',#4916);
#4226=PLANE('',#4917);
#4227=PLANE('',#4918);
#4228=PLANE('',#4919);
#4229=PLANE('',#4920);
#4230=PLANE('',#4921);
#4231=PLANE('',#4922);
#4232=PLANE('',#4923);
#4233=PLANE('',#4924);
#4234=PLANE('',#4925);
#4235=PLANE('',#4926);
#4236=PLANE('',#4927);
#4237=PLANE('',#4928);
#4238=PLANE('',#4929);
#4239=PLANE('',#4930);
#4240=PLANE('',#4931);
#4241=PLANE('',#4932);
#4242=PLANE('',#4933);
#4243=PLANE('',#4934);
#4244=PLANE('',#4935);
#4245=PLANE('',#4936);
#4246=PLANE('',#4937);
#4247=PLANE('',#4938);
#4248=PLANE('',#4939);
#4249=PLANE('',#4943);
#4250=PLANE('',#4944);
#4251=PLANE('',#4948);
#4252=PLANE('',#4949);
#4253=PLANE('',#4953);
#4254=PLANE('',#4954);
#4255=PLANE('',#4958);
#4256=PLANE('',#4959);
#4257=PLANE('',#4963);
#4258=PLANE('',#4964);
#4259=PLANE('',#4968);
#4260=STYLED_ITEM('',(#8558),#4379);
#4261=STYLED_ITEM('',(#8558),#4380);
#4262=STYLED_ITEM('',(#8558),#4381);
#4263=STYLED_ITEM('',(#8558),#4382);
#4264=STYLED_ITEM('',(#8558),#4383);
#4265=STYLED_ITEM('',(#8558),#4384);
#4266=STYLED_ITEM('',(#8558),#4385);
#4267=STYLED_ITEM('',(#8558),#4386);
#4268=STYLED_ITEM('',(#8558),#4387);
#4269=STYLED_ITEM('',(#8558),#4388);
#4270=STYLED_ITEM('',(#8558),#4389);
#4271=STYLED_ITEM('',(#8558),#4390);
#4272=STYLED_ITEM('',(#8558),#4391);
#4273=STYLED_ITEM('',(#8558),#4392);
#4274=STYLED_ITEM('',(#8558),#4393);
#4275=STYLED_ITEM('',(#8558),#4394);
#4276=STYLED_ITEM('',(#8558),#4395);
#4277=STYLED_ITEM('',(#8558),#4396);
#4278=STYLED_ITEM('',(#8558),#4397);
#4279=STYLED_ITEM('',(#8558),#4398);
#4280=STYLED_ITEM('',(#8558),#4399);
#4281=STYLED_ITEM('',(#8558),#4400);
#4282=STYLED_ITEM('',(#8558),#4401);
#4283=STYLED_ITEM('',(#8558),#4402);
#4284=STYLED_ITEM('',(#8558),#4403);
#4285=STYLED_ITEM('',(#8558),#4404);
#4286=STYLED_ITEM('',(#8558),#4405);
#4287=STYLED_ITEM('',(#8558),#4406);
#4288=STYLED_ITEM('',(#8558),#4407);
#4289=STYLED_ITEM('',(#8559),#4408);
#4290=STYLED_ITEM('',(#8559),#4409);
#4291=STYLED_ITEM('',(#8559),#4410);
#4292=STYLED_ITEM('',(#8559),#4411);
#4293=STYLED_ITEM('',(#8559),#4412);
#4294=STYLED_ITEM('',(#8559),#4413);
#4295=STYLED_ITEM('',(#8559),#4414);
#4296=STYLED_ITEM('',(#8559),#4415);
#4297=STYLED_ITEM('',(#8559),#4416);
#4298=STYLED_ITEM('',(#8559),#4417);
#4299=STYLED_ITEM('',(#8559),#4418);
#4300=STYLED_ITEM('',(#8559),#4419);
#4301=STYLED_ITEM('',(#8559),#4420);
#4302=STYLED_ITEM('',(#8559),#4421);
#4303=STYLED_ITEM('',(#8559),#4424);
#4304=STYLED_ITEM('',(#8559),#4425);
#4305=STYLED_ITEM('',(#8559),#4426);
#4306=STYLED_ITEM('',(#8559),#4427);
#4307=STYLED_ITEM('',(#8559),#4429);
#4308=STYLED_ITEM('',(#8559),#4430);
#4309=STYLED_ITEM('',(#8559),#4431);
#4310=STYLED_ITEM('',(#8559),#4432);
#4311=STYLED_ITEM('',(#8559),#4433);
#4312=STYLED_ITEM('',(#8559),#4434);
#4313=STYLED_ITEM('',(#8559),#4436);
#4314=STYLED_ITEM('',(#8559),#4437);
#4315=STYLED_ITEM('',(#8559),#4438);
#4316=STYLED_ITEM('',(#8559),#4439);
#4317=STYLED_ITEM('',(#8559),#4440);
#4318=STYLED_ITEM('',(#8559),#4441);
#4319=STYLED_ITEM('',(#8559),#4442);
#4320=STYLED_ITEM('',(#8559),#4443);
#4321=STYLED_ITEM('',(#8559),#4444);
#4322=STYLED_ITEM('',(#8559),#4445);
#4323=STYLED_ITEM('',(#8559),#4446);
#4324=STYLED_ITEM('',(#8559),#4447);
#4325=STYLED_ITEM('',(#8559),#4450);
#4326=STYLED_ITEM('',(#8559),#4451);
#4327=STYLED_ITEM('',(#8558),#4464);
#4328=STYLED_ITEM('',(#8558),#4465);
#4329=STYLED_ITEM('',(#8558),#4466);
#4330=STYLED_ITEM('',(#8558),#4467);
#4331=STYLED_ITEM('',(#8558),#4468);
#4332=STYLED_ITEM('',(#8558),#4469);
#4333=STYLED_ITEM('',(#8558),#4470);
#4334=STYLED_ITEM('',(#8558),#4471);
#4335=STYLED_ITEM('',(#8558),#4472);
#4336=STYLED_ITEM('',(#8558),#4473);
#4337=STYLED_ITEM('',(#8558),#4474);
#4338=STYLED_ITEM('',(#8558),#4475);
#4339=STYLED_ITEM('',(#8558),#4476);
#4340=STYLED_ITEM('',(#8558),#4477);
#4341=STYLED_ITEM('',(#8558),#4478);
#4342=STYLED_ITEM('',(#8558),#4479);
#4343=STYLED_ITEM('',(#8558),#4480);
#4344=STYLED_ITEM('',(#8558),#4481);
#4345=STYLED_ITEM('',(#8558),#4482);
#4346=STYLED_ITEM('',(#8558),#4483);
#4347=STYLED_ITEM('',(#8558),#4487);
#4348=STYLED_ITEM('',(#8558),#4488);
#4349=STYLED_ITEM('',(#8559),#4489);
#4350=STYLED_ITEM('',(#8557),#13);
#4351=STYLED_ITEM('',(#8560),#14);
#4352=STYLED_ITEM('',(#8556),#15);
#4353=STYLED_ITEM('',(#8556),#16);
#4354=STYLED_ITEM('',(#8561),#17);
#4355=STYLED_ITEM('',(#8558),#18);
#4356=STYLED_ITEM('',(#8558),#19);
#4357=STYLED_ITEM('',(#8558),#20);
#4358=STYLED_ITEM('',(#8558),#21);
#4359=STYLED_ITEM('',(#8558),#22);
#4360=STYLED_ITEM('',(#8558),#23);
#4361=STYLED_ITEM('',(#8556),#24);
#4362=STYLED_ITEM('',(#8556),#25);
#4363=STYLED_ITEM('',(#8556),#26);
#4364=STYLED_ITEM('',(#8556),#27);
#4365=STYLED_ITEM('',(#8556),#28);
#4366=STYLED_ITEM('',(#8556),#29);
#4367=STYLED_ITEM('',(#8556),#30);
#4368=STYLED_ITEM('',(#8556),#31);
#4369=STYLED_ITEM('',(#8556),#32);
#4370=STYLED_ITEM('',(#8556),#33);
#4371=STYLED_ITEM('',(#8556),#34);
#4372=STYLED_ITEM('',(#8556),#35);
#4373=STYLED_ITEM('',(#8562),#36);
#4374=STYLED_ITEM('',(#8562),#37);
#4375=STYLED_ITEM('',(#8562),#38);
#4376=STYLED_ITEM('',(#8562),#39);
#4377=STYLED_ITEM('',(#8556),#40);
#4378=STYLED_ITEM('',(#8556),#41);
#4379=ADVANCED_FACE('',(#104),#4021,.T.);
#4380=ADVANCED_FACE('',(#105),#4022,.T.);
#4381=ADVANCED_FACE('',(#106),#4023,.T.);
#4382=ADVANCED_FACE('',(#107),#4024,.T.);
#4383=ADVANCED_FACE('',(#108),#4025,.T.);
#4384=ADVANCED_FACE('',(#109),#4026,.F.);
#4385=ADVANCED_FACE('',(#110),#84,.F.);
#4386=ADVANCED_FACE('',(#111),#85,.F.);
#4387=ADVANCED_FACE('',(#112),#86,.F.);
#4388=ADVANCED_FACE('',(#113),#4027,.T.);
#4389=ADVANCED_FACE('',(#114),#4028,.T.);
#4390=ADVANCED_FACE('',(#115),#4029,.T.);
#4391=ADVANCED_FACE('',(#116),#4030,.T.);
#4392=ADVANCED_FACE('',(#117),#4031,.T.);
#4393=ADVANCED_FACE('',(#118),#87,.F.);
#4394=ADVANCED_FACE('',(#119),#4032,.T.);
#4395=ADVANCED_FACE('',(#120),#4033,.T.);
#4396=ADVANCED_FACE('',(#121),#4034,.T.);
#4397=ADVANCED_FACE('',(#122),#4035,.T.);
#4398=ADVANCED_FACE('',(#123),#4036,.T.);
#4399=ADVANCED_FACE('',(#124),#4037,.F.);
#4400=ADVANCED_FACE('',(#125),#88,.T.);
#4401=ADVANCED_FACE('',(#126),#89,.T.);
#4402=ADVANCED_FACE('',(#127),#4038,.T.);
#4403=ADVANCED_FACE('',(#128),#4039,.T.);
#4404=ADVANCED_FACE('',(#129),#4040,.T.);
#4405=ADVANCED_FACE('',(#130),#4041,.T.);
#4406=ADVANCED_FACE('',(#131),#4042,.T.);
#4407=ADVANCED_FACE('',(#132),#90,.T.);
#4408=ADVANCED_FACE('',(#133),#4043,.T.);
#4409=ADVANCED_FACE('',(#134),#4044,.T.);
#4410=ADVANCED_FACE('',(#135),#4045,.T.);
#4411=ADVANCED_FACE('',(#136),#4046,.T.);
#4412=ADVANCED_FACE('',(#137),#4047,.T.);
#4413=ADVANCED_FACE('',(#138),#4048,.F.);
#4414=ADVANCED_FACE('',(#139),#44,.F.);
#4415=ADVANCED_FACE('',(#140),#4049,.T.);
#4416=ADVANCED_FACE('',(#141),#4050,.T.);
#4417=ADVANCED_FACE('',(#142),#4051,.T.);
#4418=ADVANCED_FACE('',(#143),#4052,.T.);
#4419=ADVANCED_FACE('',(#144),#4053,.T.);
#4420=ADVANCED_FACE('',(#145),#4054,.T.);
#4421=ADVANCED_FACE('',(#146),#4055,.T.);
#4422=ADVANCED_FACE('',(#147),#91,.F.);
#4423=ADVANCED_FACE('',(#148),#92,.F.);
#4424=ADVANCED_FACE('',(#149),#4056,.T.);
#4425=ADVANCED_FACE('',(#150),#4057,.T.);
#4426=ADVANCED_FACE('',(#151),#4058,.T.);
#4427=ADVANCED_FACE('',(#152),#4059,.T.);
#4428=ADVANCED_FACE('',(#153),#4060,.F.);
#4429=ADVANCED_FACE('',(#154),#4061,.T.);
#4430=ADVANCED_FACE('',(#155),#4062,.T.);
#4431=ADVANCED_FACE('',(#156),#4063,.T.);
#4432=ADVANCED_FACE('',(#157),#4064,.T.);
#4433=ADVANCED_FACE('',(#158),#4065,.T.);
#4434=ADVANCED_FACE('',(#159),#4066,.F.);
#4435=ADVANCED_FACE('',(#160),#93,.F.);
#4436=ADVANCED_FACE('',(#161),#4067,.T.);
#4437=ADVANCED_FACE('',(#162),#4068,.T.);
#4438=ADVANCED_FACE('',(#163),#4069,.T.);
#4439=ADVANCED_FACE('',(#164),#4070,.T.);
#4440=ADVANCED_FACE('',(#165),#4071,.T.);
#4441=ADVANCED_FACE('',(#166),#4072,.T.);
#4442=ADVANCED_FACE('',(#167),#4073,.T.);
#4443=ADVANCED_FACE('',(#168),#4074,.T.);
#4444=ADVANCED_FACE('',(#169),#4075,.T.);
#4445=ADVANCED_FACE('',(#170),#4076,.T.);
#4446=ADVANCED_FACE('',(#171),#4077,.T.);
#4447=ADVANCED_FACE('',(#172),#4078,.F.);
#4448=ADVANCED_FACE('',(#173),#94,.F.);
#4449=ADVANCED_FACE('',(#174),#95,.F.);
#4450=ADVANCED_FACE('',(#175),#4079,.F.);
#4451=ADVANCED_FACE('',(#176),#45,.F.);
#4452=ADVANCED_FACE('',(#177),#96,.F.);
#4453=ADVANCED_FACE('',(#178),#97,.F.);
#4454=ADVANCED_FACE('',(#179),#4080,.F.);
#4455=ADVANCED_FACE('',(#180),#4081,.F.);
#4456=ADVANCED_FACE('',(#181),#4082,.F.);
#4457=ADVANCED_FACE('',(#182),#4083,.F.);
#4458=ADVANCED_FACE('',(#183),#4084,.T.);
#4459=ADVANCED_FACE('',(#184),#4085,.F.);
#4460=ADVANCED_FACE('',(#185),#4086,.F.);
#4461=ADVANCED_FACE('',(#186),#4087,.F.);
#4462=ADVANCED_FACE('',(#187),#4088,.F.);
#4463=ADVANCED_FACE('',(#188),#4089,.T.);
#4464=ADVANCED_FACE('',(#189),#4090,.T.);
#4465=ADVANCED_FACE('',(#190),#4091,.T.);
#4466=ADVANCED_FACE('',(#191),#4092,.T.);
#4467=ADVANCED_FACE('',(#192),#4093,.T.);
#4468=ADVANCED_FACE('',(#193),#4094,.T.);
#4469=ADVANCED_FACE('',(#194),#4095,.T.);
#4470=ADVANCED_FACE('',(#195),#4096,.T.);
#4471=ADVANCED_FACE('',(#196),#4097,.T.);
#4472=ADVANCED_FACE('',(#197),#4098,.T.);
#4473=ADVANCED_FACE('',(#198),#4099,.F.);
#4474=ADVANCED_FACE('',(#199),#98,.F.);
#4475=ADVANCED_FACE('',(#200),#4100,.F.);
#4476=ADVANCED_FACE('',(#201),#4101,.F.);
#4477=ADVANCED_FACE('',(#202),#4102,.T.);
#4478=ADVANCED_FACE('',(#203),#4103,.T.);
#4479=ADVANCED_FACE('',(#204),#4104,.T.);
#4480=ADVANCED_FACE('',(#205),#4105,.T.);
#4481=ADVANCED_FACE('',(#206),#4106,.T.);
#4482=ADVANCED_FACE('',(#207),#4107,.T.);
#4483=ADVANCED_FACE('',(#208),#4108,.T.);
#4484=ADVANCED_FACE('',(#209),#4109,.T.);
#4485=ADVANCED_FACE('',(#210),#4110,.T.);
#4486=ADVANCED_FACE('',(#211),#4111,.F.);
#4487=ADVANCED_FACE('',(#212),#99,.T.);
#4488=ADVANCED_FACE('',(#213),#100,.T.);
#4489=ADVANCED_FACE('',(#214),#101,.F.);
#4490=ADVANCED_FACE('',(#215),#4112,.T.);
#4491=ADVANCED_FACE('',(#216,#42,#43),#102,.F.);
#4492=ADVANCED_FACE('',(#217),#103,.F.);
#4493=ADVANCED_FACE('',(#218),#4113,.T.);
#4494=ADVANCED_FACE('',(#219),#4114,.T.);
#4495=ADVANCED_FACE('',(#220),#4115,.T.);
#4496=ADVANCED_FACE('',(#221),#4116,.T.);
#4497=ADVANCED_FACE('',(#222),#4117,.T.);
#4498=ADVANCED_FACE('',(#223),#4118,.T.);
#4499=ADVANCED_FACE('',(#224),#4119,.T.);
#4500=ADVANCED_FACE('',(#225),#4120,.F.);
#4501=ADVANCED_FACE('',(#226),#4121,.T.);
#4502=ADVANCED_FACE('',(#227),#4122,.T.);
#4503=ADVANCED_FACE('',(#228),#4123,.T.);
#4504=ADVANCED_FACE('',(#229),#4124,.T.);
#4505=ADVANCED_FACE('',(#230),#4125,.T.);
#4506=ADVANCED_FACE('',(#231),#4126,.T.);
#4507=ADVANCED_FACE('',(#232),#4127,.T.);
#4508=ADVANCED_FACE('',(#233),#4128,.T.);
#4509=ADVANCED_FACE('',(#234),#4129,.T.);
#4510=ADVANCED_FACE('',(#235),#4130,.T.);
#4511=ADVANCED_FACE('',(#236),#4131,.T.);
#4512=ADVANCED_FACE('',(#237),#4132,.T.);
#4513=ADVANCED_FACE('',(#238),#4133,.F.);
#4514=ADVANCED_FACE('',(#239),#4134,.T.);
#4515=ADVANCED_FACE('',(#240),#4135,.T.);
#4516=ADVANCED_FACE('',(#241),#4136,.T.);
#4517=ADVANCED_FACE('',(#242),#4137,.T.);
#4518=ADVANCED_FACE('',(#243),#4138,.T.);
#4519=ADVANCED_FACE('',(#244),#4139,.F.);
#4520=ADVANCED_FACE('',(#245),#4140,.T.);
#4521=ADVANCED_FACE('',(#246),#4141,.T.);
#4522=ADVANCED_FACE('',(#247),#4142,.T.);
#4523=ADVANCED_FACE('',(#248),#4143,.T.);
#4524=ADVANCED_FACE('',(#249),#4144,.T.);
#4525=ADVANCED_FACE('',(#250),#4145,.T.);
#4526=ADVANCED_FACE('',(#251),#4146,.T.);
#4527=ADVANCED_FACE('',(#252),#4147,.F.);
#4528=ADVANCED_FACE('',(#253),#4148,.T.);
#4529=ADVANCED_FACE('',(#254),#4149,.T.);
#4530=ADVANCED_FACE('',(#255),#4150,.T.);
#4531=ADVANCED_FACE('',(#256),#4151,.T.);
#4532=ADVANCED_FACE('',(#257),#4152,.T.);
#4533=ADVANCED_FACE('',(#258),#4153,.F.);
#4534=ADVANCED_FACE('',(#259),#4154,.T.);
#4535=ADVANCED_FACE('',(#260),#4155,.T.);
#4536=ADVANCED_FACE('',(#261),#4156,.T.);
#4537=ADVANCED_FACE('',(#262),#4157,.T.);
#4538=ADVANCED_FACE('',(#263),#4158,.T.);
#4539=ADVANCED_FACE('',(#264),#4159,.F.);
#4540=ADVANCED_FACE('',(#265),#4160,.T.);
#4541=ADVANCED_FACE('',(#266),#4161,.T.);
#4542=ADVANCED_FACE('',(#267),#4162,.T.);
#4543=ADVANCED_FACE('',(#268),#4163,.T.);
#4544=ADVANCED_FACE('',(#269),#4164,.T.);
#4545=ADVANCED_FACE('',(#270),#4165,.F.);
#4546=ADVANCED_FACE('',(#271),#4166,.T.);
#4547=ADVANCED_FACE('',(#272),#4167,.T.);
#4548=ADVANCED_FACE('',(#273),#4168,.T.);
#4549=ADVANCED_FACE('',(#274),#4169,.T.);
#4550=ADVANCED_FACE('',(#275),#4170,.T.);
#4551=ADVANCED_FACE('',(#276),#4171,.F.);
#4552=ADVANCED_FACE('',(#277),#4172,.T.);
#4553=ADVANCED_FACE('',(#278),#4173,.T.);
#4554=ADVANCED_FACE('',(#279),#4174,.T.);
#4555=ADVANCED_FACE('',(#280),#4175,.T.);
#4556=ADVANCED_FACE('',(#281),#4176,.T.);
#4557=ADVANCED_FACE('',(#282),#4177,.F.);
#4558=ADVANCED_FACE('',(#283),#4178,.T.);
#4559=ADVANCED_FACE('',(#284),#4179,.T.);
#4560=ADVANCED_FACE('',(#285),#4180,.T.);
#4561=ADVANCED_FACE('',(#286),#4181,.T.);
#4562=ADVANCED_FACE('',(#287),#4182,.T.);
#4563=ADVANCED_FACE('',(#288),#4183,.F.);
#4564=ADVANCED_FACE('',(#289),#46,.T.);
#4565=ADVANCED_FACE('',(#290),#4184,.T.);
#4566=ADVANCED_FACE('',(#291),#4185,.F.);
#4567=ADVANCED_FACE('',(#292),#47,.T.);
#4568=ADVANCED_FACE('',(#293),#4186,.T.);
#4569=ADVANCED_FACE('',(#294),#4187,.F.);
#4570=ADVANCED_FACE('',(#295),#4188,.T.);
#4571=ADVANCED_FACE('',(#296),#4189,.T.);
#4572=ADVANCED_FACE('',(#297),#4190,.T.);
#4573=ADVANCED_FACE('',(#298),#4191,.T.);
#4574=ADVANCED_FACE('',(#299),#4192,.T.);
#4575=ADVANCED_FACE('',(#300),#4193,.F.);
#4576=ADVANCED_FACE('',(#301),#4194,.T.);
#4577=ADVANCED_FACE('',(#302),#4195,.T.);
#4578=ADVANCED_FACE('',(#303),#4196,.T.);
#4579=ADVANCED_FACE('',(#304),#4197,.T.);
#4580=ADVANCED_FACE('',(#305),#4198,.T.);
#4581=ADVANCED_FACE('',(#306),#4199,.F.);
#4582=ADVANCED_FACE('',(#307),#4200,.T.);
#4583=ADVANCED_FACE('',(#308),#4201,.T.);
#4584=ADVANCED_FACE('',(#309),#4202,.T.);
#4585=ADVANCED_FACE('',(#310),#4203,.T.);
#4586=ADVANCED_FACE('',(#311),#4204,.T.);
#4587=ADVANCED_FACE('',(#312),#4205,.F.);
#4588=ADVANCED_FACE('',(#313),#4206,.T.);
#4589=ADVANCED_FACE('',(#314),#4207,.T.);
#4590=ADVANCED_FACE('',(#315),#4208,.T.);
#4591=ADVANCED_FACE('',(#316),#4209,.T.);
#4592=ADVANCED_FACE('',(#317),#4210,.T.);
#4593=ADVANCED_FACE('',(#318),#4211,.F.);
#4594=ADVANCED_FACE('',(#319),#4212,.T.);
#4595=ADVANCED_FACE('',(#320),#4213,.T.);
#4596=ADVANCED_FACE('',(#321),#4214,.T.);
#4597=ADVANCED_FACE('',(#322),#4215,.T.);
#4598=ADVANCED_FACE('',(#323),#4216,.T.);
#4599=ADVANCED_FACE('',(#324),#4217,.F.);
#4600=ADVANCED_FACE('',(#325),#4218,.T.);
#4601=ADVANCED_FACE('',(#326),#4219,.T.);
#4602=ADVANCED_FACE('',(#327),#4220,.T.);
#4603=ADVANCED_FACE('',(#328),#4221,.T.);
#4604=ADVANCED_FACE('',(#329),#4222,.T.);
#4605=ADVANCED_FACE('',(#330),#4223,.F.);
#4606=ADVANCED_FACE('',(#331),#4224,.T.);
#4607=ADVANCED_FACE('',(#332),#4225,.T.);
#4608=ADVANCED_FACE('',(#333),#4226,.T.);
#4609=ADVANCED_FACE('',(#334),#4227,.T.);
#4610=ADVANCED_FACE('',(#335),#4228,.T.);
#4611=ADVANCED_FACE('',(#336),#4229,.F.);
#4612=ADVANCED_FACE('',(#337),#4230,.T.);
#4613=ADVANCED_FACE('',(#338),#4231,.T.);
#4614=ADVANCED_FACE('',(#339),#4232,.T.);
#4615=ADVANCED_FACE('',(#340),#4233,.T.);
#4616=ADVANCED_FACE('',(#341),#4234,.T.);
#4617=ADVANCED_FACE('',(#342),#4235,.F.);
#4618=ADVANCED_FACE('',(#343),#4236,.T.);
#4619=ADVANCED_FACE('',(#344),#4237,.T.);
#4620=ADVANCED_FACE('',(#345),#4238,.T.);
#4621=ADVANCED_FACE('',(#346),#4239,.T.);
#4622=ADVANCED_FACE('',(#347),#4240,.T.);
#4623=ADVANCED_FACE('',(#348),#4241,.F.);
#4624=ADVANCED_FACE('',(#349),#4242,.T.);
#4625=ADVANCED_FACE('',(#350),#4243,.T.);
#4626=ADVANCED_FACE('',(#351),#4244,.T.);
#4627=ADVANCED_FACE('',(#352),#4245,.T.);
#4628=ADVANCED_FACE('',(#353),#4246,.T.);
#4629=ADVANCED_FACE('',(#354),#4247,.F.);
#4630=ADVANCED_FACE('',(#355),#4248,.F.);
#4631=ADVANCED_FACE('',(#356),#48,.T.);
#4632=ADVANCED_FACE('',(#357),#4249,.T.);
#4633=ADVANCED_FACE('',(#358),#4250,.F.);
#4634=ADVANCED_FACE('',(#359),#49,.T.);
#4635=ADVANCED_FACE('',(#360),#4251,.T.);
#4636=ADVANCED_FACE('',(#361),#4252,.F.);
#4637=ADVANCED_FACE('',(#362),#50,.T.);
#4638=ADVANCED_FACE('',(#363),#4253,.T.);
#4639=ADVANCED_FACE('',(#364),#4254,.F.);
#4640=ADVANCED_FACE('',(#365),#51,.T.);
#4641=ADVANCED_FACE('',(#366),#4255,.T.);
#4642=ADVANCED_FACE('',(#367),#4256,.F.);
#4643=ADVANCED_FACE('',(#368),#52,.T.);
#4644=ADVANCED_FACE('',(#369),#4257,.T.);
#4645=ADVANCED_FACE('',(#370),#4258,.F.);
#4646=ADVANCED_FACE('',(#371),#53,.T.);
#4647=ADVANCED_FACE('',(#372),#4259,.T.);
#4648=CLOSED_SHELL('',(#4379,#4380,#4381,#4382,#4383,#4384,#4385,#4386,
#4387,#4388,#4389,#4390,#4391,#4392,#4393,#4394,#4395,#4396,#4397,#4398,
#4399,#4400,#4401,#4402,#4403,#4404,#4405,#4406,#4407,#4408,#4409,#4410,
#4411,#4412,#4413,#4414,#4415,#4416,#4417,#4418,#4419,#4420,#4421,#4422,
#4423,#4424,#4425,#4426,#4427,#4428,#4429,#4430,#4431,#4432,#4433,#4434,
#4435,#4436,#4437,#4438,#4439,#4440,#4441,#4442,#4443,#4444,#4445,#4446,
#4447,#4448,#4449,#4450,#4451,#4452,#4453,#4454,#4455,#4456,#4457,#4458,
#4459,#4460,#4461,#4462,#4463,#4464,#4465,#4466,#4467,#4468,#4469,#4470,
#4471,#4472,#4473,#4474,#4475,#4476,#4477,#4478,#4479,#4480,#4481,#4482,
#4483,#4484,#4485,#4486,#4487,#4488,#4489,#4490,#4491,#4492));
#4649=CLOSED_SHELL('',(#4493,#4494,#4495,#4496,#4497,#4498,#4499,#4500,
#4501,#4502,#4503,#4504,#4505,#4506,#4507));
#4650=CLOSED_SHELL('',(#4508,#4509,#4510,#4511,#4512,#4513));
#4651=CLOSED_SHELL('',(#4514,#4515,#4516,#4517,#4518,#4519));
#4652=CLOSED_SHELL('',(#4520,#4521,#4522,#4523,#4524,#4525,#4526,#4527));
#4653=CLOSED_SHELL('',(#4528,#4529,#4530,#4531,#4532,#4533));
#4654=CLOSED_SHELL('',(#4534,#4535,#4536,#4537,#4538,#4539));
#4655=CLOSED_SHELL('',(#4540,#4541,#4542,#4543,#4544,#4545));
#4656=CLOSED_SHELL('',(#4546,#4547,#4548,#4549,#4550,#4551));
#4657=CLOSED_SHELL('',(#4552,#4553,#4554,#4555,#4556,#4557));
#4658=CLOSED_SHELL('',(#4558,#4559,#4560,#4561,#4562,#4563));
#4659=CLOSED_SHELL('',(#4564,#4565,#4566));
#4660=CLOSED_SHELL('',(#4567,#4568,#4569));
#4661=CLOSED_SHELL('',(#4570,#4571,#4572,#4573,#4574,#4575));
#4662=CLOSED_SHELL('',(#4576,#4577,#4578,#4579,#4580,#4581));
#4663=CLOSED_SHELL('',(#4582,#4583,#4584,#4585,#4586,#4587));
#4664=CLOSED_SHELL('',(#4588,#4589,#4590,#4591,#4592,#4593));
#4665=CLOSED_SHELL('',(#4594,#4595,#4596,#4597,#4598,#4599));
#4666=CLOSED_SHELL('',(#4600,#4601,#4602,#4603,#4604,#4605));
#4667=CLOSED_SHELL('',(#4606,#4607,#4608,#4609,#4610,#4611));
#4668=CLOSED_SHELL('',(#4612,#4613,#4614,#4615,#4616,#4617));
#4669=CLOSED_SHELL('',(#4618,#4619,#4620,#4621,#4622,#4623));
#4670=CLOSED_SHELL('',(#4624,#4625,#4626,#4627,#4628,#4629));
#4671=CLOSED_SHELL('',(#4630,#4631,#4632));
#4672=CLOSED_SHELL('',(#4633,#4634,#4635));
#4673=CLOSED_SHELL('',(#4636,#4637,#4638));
#4674=CLOSED_SHELL('',(#4639,#4640,#4641));
#4675=CLOSED_SHELL('',(#4642,#4643,#4644));
#4676=CLOSED_SHELL('',(#4645,#4646,#4647));
#4677=DERIVED_UNIT_ELEMENT(#4679,1.);
#4678=DERIVED_UNIT_ELEMENT(#8542,-3.);
#4679=(
MASS_UNIT()
NAMED_UNIT(*)
SI_UNIT(.KILO.,.GRAM.)
);
#4680=DERIVED_UNIT((#4677,#4678));
#4681=MEASURE_REPRESENTATION_ITEM('density measure',
POSITIVE_RATIO_MEASURE(7850.),#4680);
#4682=PROPERTY_DEFINITION_REPRESENTATION(#4687,#4684);
#4683=PROPERTY_DEFINITION_REPRESENTATION(#4688,#4685);
#4684=REPRESENTATION('material name',(#4686),#8539);
#4685=REPRESENTATION('density',(#4681),#8539);
#4686=DESCRIPTIVE_REPRESENTATION_ITEM('Steel','Steel');
#4687=PROPERTY_DEFINITION('material property','material name',#8549);
#4688=PROPERTY_DEFINITION('material property','density of part',#8549);
#4689=AXIS2_PLACEMENT_3D('',#6010,#4969,#4970);
#4690=AXIS2_PLACEMENT_3D('',#6011,#4971,#4972);
#4691=AXIS2_PLACEMENT_3D('',#6023,#4976,#4977);
#4692=AXIS2_PLACEMENT_3D('',#6046,#4981,#4982);
#4693=AXIS2_PLACEMENT_3D('',#6069,#4986,#4987);
#4694=AXIS2_PLACEMENT_3D('',#6072,#4990,#4991);
#4695=AXIS2_PLACEMENT_3D('',#6073,#4992,#4993);
#4696=AXIS2_PLACEMENT_3D('',#6200,#4996,#4997);
#4697=AXIS2_PLACEMENT_3D('',#6211,#5001,#5002);
#4698=AXIS2_PLACEMENT_3D('',#6215,#5005,#5006);
#4699=AXIS2_PLACEMENT_3D('',#6224,#5009,#5010);
#4700=AXIS2_PLACEMENT_3D('',#6230,#5012,#5013);
#4701=AXIS2_PLACEMENT_3D('',#6282,#5017,#5018);
#4702=AXIS2_PLACEMENT_3D('',#6308,#5023,#5024);
#4703=AXIS2_PLACEMENT_3D('',#6317,#5027,#5028);
#4704=AXIS2_PLACEMENT_3D('',#6323,#5032,#5033);
#4705=AXIS2_PLACEMENT_3D('',#6343,#5036,#5037);
#4706=AXIS2_PLACEMENT_3D('',#6344,#5038,#5039);
#4707=AXIS2_PLACEMENT_3D('',#6409,#5043,#5044);
#4708=AXIS2_PLACEMENT_3D('',#6426,#5048,#5049);
#4709=AXIS2_PLACEMENT_3D('',#6435,#5052,#5053);
#4710=AXIS2_PLACEMENT_3D('',#6449,#5056,#5057);
#4711=AXIS2_PLACEMENT_3D('',#6455,#5059,#5060);
#4712=AXIS2_PLACEMENT_3D('',#6495,#5064,#5065);
#4713=AXIS2_PLACEMENT_3D('',#6509,#5070,#5071);
#4714=AXIS2_PLACEMENT_3D('',#6522,#5076,#5077);
#4715=AXIS2_PLACEMENT_3D('',#6528,#5081,#5082);
#4716=AXIS2_PLACEMENT_3D('',#6531,#5085,#5086);
#4717=AXIS2_PLACEMENT_3D('',#6537,#5087,#5088);
#4718=AXIS2_PLACEMENT_3D('',#6538,#5089,#5090);
#4719=AXIS2_PLACEMENT_3D('',#6539,#5091,#5092);
#4720=AXIS2_PLACEMENT_3D('',#6546,#5093,#5094);
#4721=AXIS2_PLACEMENT_3D('',#6550,#5096,#5097);
#4722=AXIS2_PLACEMENT_3D('',#6554,#5099,#5100);
#4723=AXIS2_PLACEMENT_3D('',#6558,#5102,#5103);
#4724=AXIS2_PLACEMENT_3D('',#6562,#5105,#5106);
#4725=AXIS2_PLACEMENT_3D('',#6569,#5107,#5108);
#4726=AXIS2_PLACEMENT_3D('',#6601,#5109,#5110);
#4727=AXIS2_PLACEMENT_3D('',#6618,#5114,#5115);
#4728=AXIS2_PLACEMENT_3D('',#6621,#5116,#5117);
#4729=AXIS2_PLACEMENT_3D('',#6625,#5120,#5121);
#4730=AXIS2_PLACEMENT_3D('',#6637,#5125,#5126);
#4731=AXIS2_PLACEMENT_3D('',#6643,#5130,#5131);
#4732=AXIS2_PLACEMENT_3D('',#6647,#5134,#5135);
#4733=AXIS2_PLACEMENT_3D('',#6650,#5138,#5139);
#4734=AXIS2_PLACEMENT_3D('',#6874,#5144,#5145);
#4735=AXIS2_PLACEMENT_3D('',#6883,#5150,#5151);
#4736=AXIS2_PLACEMENT_3D('',#6885,#5152,#5153);
#4737=AXIS2_PLACEMENT_3D('',#6889,#5156,#5157);
#4738=AXIS2_PLACEMENT_3D('',#6895,#5161,#5162);
#4739=AXIS2_PLACEMENT_3D('',#6897,#5164,#5165);
#4740=AXIS2_PLACEMENT_3D('',#6920,#5179,#5180);
#4741=AXIS2_PLACEMENT_3D('',#6921,#5181,#5182);
#4742=AXIS2_PLACEMENT_3D('',#6922,#5183,#5184);
#4743=AXIS2_PLACEMENT_3D('',#6923,#5185,#5186);
#4744=AXIS2_PLACEMENT_3D('',#6931,#5187,#5188);
#4745=AXIS2_PLACEMENT_3D('',#6939,#5193,#5194);
#4746=AXIS2_PLACEMENT_3D('',#6945,#5198,#5199);
#4747=AXIS2_PLACEMENT_3D('',#6949,#5202,#5203);
#4748=AXIS2_PLACEMENT_3D('',#6963,#5207,#5208);
#4749=AXIS2_PLACEMENT_3D('',#6969,#5210,#5211);
#4750=AXIS2_PLACEMENT_3D('',#7085,#5213,#5214);
#4751=AXIS2_PLACEMENT_3D('',#7089,#5217,#5218);
#4752=AXIS2_PLACEMENT_3D('',#7098,#5221,#5222);
#4753=AXIS2_PLACEMENT_3D('',#7107,#5225,#5226);
#4754=AXIS2_PLACEMENT_3D('',#7113,#5228,#5229);
#4755=AXIS2_PLACEMENT_3D('',#7114,#5230,#5231);
#4756=AXIS2_PLACEMENT_3D('',#7116,#5233,#5234);
#4757=AXIS2_PLACEMENT_3D('',#7117,#5235,#5236);
#4758=AXIS2_PLACEMENT_3D('',#7121,#5239,#5240);
#4759=AXIS2_PLACEMENT_3D('',#7125,#5243,#5244);
#4760=AXIS2_PLACEMENT_3D('',#7127,#5246,#5247);
#4761=AXIS2_PLACEMENT_3D('',#7128,#5248,#5249);
#4762=AXIS2_PLACEMENT_3D('',#7321,#5252,#5253);
#4763=AXIS2_PLACEMENT_3D('',#7322,#5254,#5255);
#4764=AXIS2_PLACEMENT_3D('',#7334,#5256,#5257);
#4765=AXIS2_PLACEMENT_3D('',#7499,#5260,#5261);
#4766=AXIS2_PLACEMENT_3D('',#7511,#5265,#5266);
#4767=AXIS2_PLACEMENT_3D('',#7520,#5269,#5270);
#4768=AXIS2_PLACEMENT_3D('',#7524,#5273,#5274);
#4769=AXIS2_PLACEMENT_3D('',#7531,#5276,#5277);
#4770=AXIS2_PLACEMENT_3D('',#7536,#5278,#5279);
#4771=AXIS2_PLACEMENT_3D('',#7548,#5283,#5284);
#4772=AXIS2_PLACEMENT_3D('',#7557,#5287,#5288);
#4773=AXIS2_PLACEMENT_3D('',#7561,#5291,#5292);
#4774=AXIS2_PLACEMENT_3D('',#7568,#5294,#5295);
#4775=AXIS2_PLACEMENT_3D('',#7573,#5296,#5297);
#4776=AXIS2_PLACEMENT_3D('',#7585,#5301,#5302);
#4777=AXIS2_PLACEMENT_3D('',#7591,#5306,#5307);
#4778=AXIS2_PLACEMENT_3D('',#7597,#5311,#5312);
#4779=AXIS2_PLACEMENT_3D('',#7599,#5314,#5315);
#4780=AXIS2_PLACEMENT_3D('',#7605,#5319,#5320);
#4781=AXIS2_PLACEMENT_3D('',#7609,#5323,#5324);
#4782=AXIS2_PLACEMENT_3D('',#7611,#5326,#5327);
#4783=AXIS2_PLACEMENT_3D('',#7614,#5330,#5331);
#4784=AXIS2_PLACEMENT_3D('',#7621,#5332,#5333);
#4785=AXIS2_PLACEMENT_3D('',#7647,#5337,#5338);
#4786=AXIS2_PLACEMENT_3D('',#7653,#5342,#5343);
#4787=AXIS2_PLACEMENT_3D('',#7661,#5348,#5349);
#4788=AXIS2_PLACEMENT_3D('',#7667,#5353,#5354);
#4789=AXIS2_PLACEMENT_3D('',#7672,#5358,#5359);
#4790=AXIS2_PLACEMENT_3D('',#7676,#5362,#5363);
#4791=AXIS2_PLACEMENT_3D('',#7680,#5366,#5367);
#4792=AXIS2_PLACEMENT_3D('',#7682,#5369,#5370);
#4793=AXIS2_PLACEMENT_3D('',#7683,#5371,#5372);
#4794=AXIS2_PLACEMENT_3D('',#7685,#5374,#5375);
#4795=AXIS2_PLACEMENT_3D('',#7690,#5376,#5377);
#4796=AXIS2_PLACEMENT_3D('',#7705,#5378,#5379);
#4797=AXIS2_PLACEMENT_3D('',#7757,#5383,#5384);
#4798=AXIS2_PLACEMENT_3D('',#7887,#5387,#5388);
#4799=AXIS2_PLACEMENT_3D('',#7904,#5397,#5398);
#4800=AXIS2_PLACEMENT_3D('',#7910,#5402,#5403);
#4801=AXIS2_PLACEMENT_3D('',#7916,#5407,#5408);
#4802=AXIS2_PLACEMENT_3D('',#7920,#5411,#5412);
#4803=AXIS2_PLACEMENT_3D('',#7924,#5415,#5416);
#4804=AXIS2_PLACEMENT_3D('',#7928,#5419,#5420);
#4805=AXIS2_PLACEMENT_3D('',#7930,#5422,#5423);
#4806=AXIS2_PLACEMENT_3D('',#7942,#5430,#5431);
#4807=AXIS2_PLACEMENT_3D('',#7948,#5435,#5436);
#4808=AXIS2_PLACEMENT_3D('',#7952,#5439,#5440);
#4809=AXIS2_PLACEMENT_3D('',#7956,#5443,#5444);
#4810=AXIS2_PLACEMENT_3D('',#7960,#5447,#5448);
#4811=AXIS2_PLACEMENT_3D('',#7964,#5451,#5452);
#4812=AXIS2_PLACEMENT_3D('',#7966,#5454,#5455);
#4813=AXIS2_PLACEMENT_3D('',#7967,#5456,#5457);
#4814=AXIS2_PLACEMENT_3D('',#7976,#5462,#5463);
#4815=AXIS2_PLACEMENT_3D('',#7982,#5467,#5468);
#4816=AXIS2_PLACEMENT_3D('',#7988,#5472,#5473);
#4817=AXIS2_PLACEMENT_3D('',#7991,#5476,#5477);
#4818=AXIS2_PLACEMENT_3D('',#7992,#5478,#5479);
#4819=AXIS2_PLACEMENT_3D('',#7993,#5480,#5481);
#4820=AXIS2_PLACEMENT_3D('',#8002,#5486,#5487);
#4821=AXIS2_PLACEMENT_3D('',#8008,#5491,#5492);
#4822=AXIS2_PLACEMENT_3D('',#8014,#5496,#5497);
#4823=AXIS2_PLACEMENT_3D('',#8017,#5500,#5501);
#4824=AXIS2_PLACEMENT_3D('',#8018,#5502,#5503);
#4825=AXIS2_PLACEMENT_3D('',#8019,#5504,#5505);
#4826=AXIS2_PLACEMENT_3D('',#8028,#5510,#5511);
#4827=AXIS2_PLACEMENT_3D('',#8034,#5515,#5516);
#4828=AXIS2_PLACEMENT_3D('',#8040,#5520,#5521);
#4829=AXIS2_PLACEMENT_3D('',#8046,#5525,#5526);
#4830=AXIS2_PLACEMENT_3D('',#8052,#5530,#5531);
#4831=AXIS2_PLACEMENT_3D('',#8055,#5534,#5535);
#4832=AXIS2_PLACEMENT_3D('',#8056,#5536,#5537);
#4833=AXIS2_PLACEMENT_3D('',#8057,#5538,#5539);
#4834=AXIS2_PLACEMENT_3D('',#8066,#5544,#5545);
#4835=AXIS2_PLACEMENT_3D('',#8072,#5549,#5550);
#4836=AXIS2_PLACEMENT_3D('',#8078,#5554,#5555);
#4837=AXIS2_PLACEMENT_3D('',#8081,#5558,#5559);
#4838=AXIS2_PLACEMENT_3D('',#8082,#5560,#5561);
#4839=AXIS2_PLACEMENT_3D('',#8083,#5562,#5563);
#4840=AXIS2_PLACEMENT_3D('',#8092,#5568,#5569);
#4841=AXIS2_PLACEMENT_3D('',#8098,#5573,#5574);
#4842=AXIS2_PLACEMENT_3D('',#8104,#5578,#5579);
#4843=AXIS2_PLACEMENT_3D('',#8107,#5582,#5583);
#4844=AXIS2_PLACEMENT_3D('',#8108,#5584,#5585);
#4845=AXIS2_PLACEMENT_3D('',#8109,#5586,#5587);
#4846=AXIS2_PLACEMENT_3D('',#8118,#5592,#5593);
#4847=AXIS2_PLACEMENT_3D('',#8124,#5597,#5598);
#4848=AXIS2_PLACEMENT_3D('',#8130,#5602,#5603);
#4849=AXIS2_PLACEMENT_3D('',#8133,#5606,#5607);
#4850=AXIS2_PLACEMENT_3D('',#8134,#5608,#5609);
#4851=AXIS2_PLACEMENT_3D('',#8135,#5610,#5611);
#4852=AXIS2_PLACEMENT_3D('',#8144,#5616,#5617);
#4853=AXIS2_PLACEMENT_3D('',#8150,#5621,#5622);
#4854=AXIS2_PLACEMENT_3D('',#8156,#5626,#5627);
#4855=AXIS2_PLACEMENT_3D('',#8159,#5630,#5631);
#4856=AXIS2_PLACEMENT_3D('',#8160,#5632,#5633);
#4857=AXIS2_PLACEMENT_3D('',#8161,#5634,#5635);
#4858=AXIS2_PLACEMENT_3D('',#8170,#5640,#5641);
#4859=AXIS2_PLACEMENT_3D('',#8176,#5645,#5646);
#4860=AXIS2_PLACEMENT_3D('',#8182,#5650,#5651);
#4861=AXIS2_PLACEMENT_3D('',#8185,#5654,#5655);
#4862=AXIS2_PLACEMENT_3D('',#8186,#5656,#5657);
#4863=AXIS2_PLACEMENT_3D('',#8187,#5658,#5659);
#4864=AXIS2_PLACEMENT_3D('',#8196,#5664,#5665);
#4865=AXIS2_PLACEMENT_3D('',#8202,#5669,#5670);
#4866=AXIS2_PLACEMENT_3D('',#8208,#5674,#5675);
#4867=AXIS2_PLACEMENT_3D('',#8211,#5678,#5679);
#4868=AXIS2_PLACEMENT_3D('',#8212,#5680,#5681);
#4869=AXIS2_PLACEMENT_3D('',#8213,#5682,#5683);
#4870=AXIS2_PLACEMENT_3D('',#8215,#5684,#5685);
#4871=AXIS2_PLACEMENT_3D('',#8218,#5687,#5688);
#4872=AXIS2_PLACEMENT_3D('',#8219,#5689,#5690);
#4873=AXIS2_PLACEMENT_3D('',#8220,#5691,#5692);
#4874=AXIS2_PLACEMENT_3D('',#8221,#5693,#5694);
#4875=AXIS2_PLACEMENT_3D('',#8223,#5695,#5696);
#4876=AXIS2_PLACEMENT_3D('',#8226,#5698,#5699);
#4877=AXIS2_PLACEMENT_3D('',#8227,#5700,#5701);
#4878=AXIS2_PLACEMENT_3D('',#8228,#5702,#5703);
#4879=AXIS2_PLACEMENT_3D('',#8229,#5704,#5705);
#4880=AXIS2_PLACEMENT_3D('',#8238,#5710,#5711);
#4881=AXIS2_PLACEMENT_3D('',#8244,#5715,#5716);
#4882=AXIS2_PLACEMENT_3D('',#8250,#5720,#5721);
#4883=AXIS2_PLACEMENT_3D('',#8253,#5724,#5725);
#4884=AXIS2_PLACEMENT_3D('',#8254,#5726,#5727);
#4885=AXIS2_PLACEMENT_3D('',#8255,#5728,#5729);
#4886=AXIS2_PLACEMENT_3D('',#8264,#5734,#5735);
#4887=AXIS2_PLACEMENT_3D('',#8270,#5739,#5740);
#4888=AXIS2_PLACEMENT_3D('',#8276,#5744,#5745);
#4889=AXIS2_PLACEMENT_3D('',#8279,#5748,#5749);
#4890=AXIS2_PLACEMENT_3D('',#8280,#5750,#5751);
#4891=AXIS2_PLACEMENT_3D('',#8281,#5752,#5753);
#4892=AXIS2_PLACEMENT_3D('',#8290,#5758,#5759);
#4893=AXIS2_PLACEMENT_3D('',#8296,#5763,#5764);
#4894=AXIS2_PLACEMENT_3D('',#8302,#5768,#5769);
#4895=AXIS2_PLACEMENT_3D('',#8305,#5772,#5773);
#4896=AXIS2_PLACEMENT_3D('',#8306,#5774,#5775);
#4897=AXIS2_PLACEMENT_3D('',#8307,#5776,#5777);
#4898=AXIS2_PLACEMENT_3D('',#8316,#5782,#5783);
#4899=AXIS2_PLACEMENT_3D('',#8322,#5787,#5788);
#4900=AXIS2_PLACEMENT_3D('',#8328,#5792,#5793);
#4901=AXIS2_PLACEMENT_3D('',#8331,#5796,#5797);
#4902=AXIS2_PLACEMENT_3D('',#8332,#5798,#5799);
#4903=AXIS2_PLACEMENT_3D('',#8333,#5800,#5801);
#4904=AXIS2_PLACEMENT_3D('',#8342,#5806,#5807);
#4905=AXIS2_PLACEMENT_3D('',#8348,#5811,#5812);
#4906=AXIS2_PLACEMENT_3D('',#8354,#5816,#5817);
#4907=AXIS2_PLACEMENT_3D('',#8357,#5820,#5821);
#4908=AXIS2_PLACEMENT_3D('',#8358,#5822,#5823);
#4909=AXIS2_PLACEMENT_3D('',#8359,#5824,#5825);
#4910=AXIS2_PLACEMENT_3D('',#8368,#5830,#5831);
#4911=AXIS2_PLACEMENT_3D('',#8374,#5835,#5836);
#4912=AXIS2_PLACEMENT_3D('',#8380,#5840,#5841);
#4913=AXIS2_PLACEMENT_3D('',#8383,#5844,#5845);
#4914=AXIS2_PLACEMENT_3D('',#8384,#5846,#5847);
#4915=AXIS2_PLACEMENT_3D('',#8385,#5848,#5849);
#4916=AXIS2_PLACEMENT_3D('',#8394,#5854,#5855);
#4917=AXIS2_PLACEMENT_3D('',#8400,#5859,#5860);
#4918=AXIS2_PLACEMENT_3D('',#8406,#5864,#5865);
#4919=AXIS2_PLACEMENT_3D('',#8409,#5868,#5869);
#4920=AXIS2_PLACEMENT_3D('',#8410,#5870,#5871);
#4921=AXIS2_PLACEMENT_3D('',#8411,#5872,#5873);
#4922=AXIS2_PLACEMENT_3D('',#8420,#5878,#5879);
#4923=AXIS2_PLACEMENT_3D('',#8426,#5883,#5884);
#4924=AXIS2_PLACEMENT_3D('',#8432,#5888,#5889);
#4925=AXIS2_PLACEMENT_3D('',#8435,#5892,#5893);
#4926=AXIS2_PLACEMENT_3D('',#8436,#5894,#5895);
#4927=AXIS2_PLACEMENT_3D('',#8437,#5896,#5897);
#4928=AXIS2_PLACEMENT_3D('',#8446,#5902,#5903);
#4929=AXIS2_PLACEMENT_3D('',#8452,#5907,#5908);
#4930=AXIS2_PLACEMENT_3D('',#8458,#5912,#5913);
#4931=AXIS2_PLACEMENT_3D('',#8461,#5916,#5917);
#4932=AXIS2_PLACEMENT_3D('',#8462,#5918,#5919);
#4933=AXIS2_PLACEMENT_3D('',#8463,#5920,#5921);
#4934=AXIS2_PLACEMENT_3D('',#8472,#5926,#5927);
#4935=AXIS2_PLACEMENT_3D('',#8478,#5931,#5932);
#4936=AXIS2_PLACEMENT_3D('',#8484,#5936,#5937);
#4937=AXIS2_PLACEMENT_3D('',#8487,#5940,#5941);
#4938=AXIS2_PLACEMENT_3D('',#8488,#5942,#5943);
#4939=AXIS2_PLACEMENT_3D('',#8489,#5944,#5945);
#4940=AXIS2_PLACEMENT_3D('',#8491,#5946,#5947);
#4941=AXIS2_PLACEMENT_3D('',#8492,#5948,#5949);
#4942=AXIS2_PLACEMENT_3D('',#8494,#5950,#5951);
#4943=AXIS2_PLACEMENT_3D('',#8496,#5953,#5954);
#4944=AXIS2_PLACEMENT_3D('',#8497,#5955,#5956);
#4945=AXIS2_PLACEMENT_3D('',#8499,#5957,#5958);
#4946=AXIS2_PLACEMENT_3D('',#8500,#5959,#5960);
#4947=AXIS2_PLACEMENT_3D('',#8502,#5961,#5962);
#4948=AXIS2_PLACEMENT_3D('',#8504,#5964,#5965);
#4949=AXIS2_PLACEMENT_3D('',#8505,#5966,#5967);
#4950=AXIS2_PLACEMENT_3D('',#8507,#5968,#5969);
#4951=AXIS2_PLACEMENT_3D('',#8508,#5970,#5971);
#4952=AXIS2_PLACEMENT_3D('',#8510,#5972,#5973);
#4953=AXIS2_PLACEMENT_3D('',#8512,#5975,#5976);
#4954=AXIS2_PLACEMENT_3D('',#8513,#5977,#5978);
#4955=AXIS2_PLACEMENT_3D('',#8515,#5979,#5980);
#4956=AXIS2_PLACEMENT_3D('',#8516,#5981,#5982);
#4957=AXIS2_PLACEMENT_3D('',#8518,#5983,#5984);
#4958=AXIS2_PLACEMENT_3D('',#8520,#5986,#5987);
#4959=AXIS2_PLACEMENT_3D('',#8521,#5988,#5989);
#4960=AXIS2_PLACEMENT_3D('',#8523,#5990,#5991);
#4961=AXIS2_PLACEMENT_3D('',#8524,#5992,#5993);
#4962=AXIS2_PLACEMENT_3D('',#8526,#5994,#5995);
#4963=AXIS2_PLACEMENT_3D('',#8528,#5997,#5998);
#4964=AXIS2_PLACEMENT_3D('',#8529,#5999,#6000);
#4965=AXIS2_PLACEMENT_3D('',#8531,#6001,#6002);
#4966=AXIS2_PLACEMENT_3D('',#8532,#6003,#6004);
#4967=AXIS2_PLACEMENT_3D('',#8534,#6005,#6006);
#4968=AXIS2_PLACEMENT_3D('',#8536,#6008,#6009);
#4969=DIRECTION('axis',(0.,0.,1.));
#4970=DIRECTION('refdir',(1.,0.,0.));
#4971=DIRECTION('center_axis',(0.,-1.,0.));
#4972=DIRECTION('ref_axis',(1.,0.,0.));
#4973=DIRECTION('',(0.,0.,1.));
#4974=DIRECTION('',(1.,0.,0.));
#4975=DIRECTION('',(0.,0.,1.));
#4976=DIRECTION('center_axis',(1.,0.,0.));
#4977=DIRECTION('ref_axis',(0.,1.,0.));
#4978=DIRECTION('',(0.,-1.,0.));
#4979=DIRECTION('',(0.,0.,1.));
#4980=DIRECTION('',(0.,1.,0.));
#4981=DIRECTION('center_axis',(-1.,0.,0.));
#4982=DIRECTION('ref_axis',(0.,-1.,0.));
#4983=DIRECTION('',(0.,-1.,0.));
#4984=DIRECTION('',(0.,0.,1.));
#4985=DIRECTION('',(0.,1.,0.));
#4986=DIRECTION('center_axis',(0.,1.,0.));
#4987=DIRECTION('ref_axis',(-1.,0.,0.));
#4988=DIRECTION('',(1.,0.,0.));
#4989=DIRECTION('',(-1.,0.,0.));
#4990=DIRECTION('center_axis',(0.,0.,1.));
#4991=DIRECTION('ref_axis',(1.,0.,0.));
#4992=DIRECTION('center_axis',(0.,0.,1.));
#4993=DIRECTION('ref_axis',(1.,0.,0.));
#4994=DIRECTION('',(0.,0.996473040924575,0.0839135192357537));
#4995=DIRECTION('',(0.,-0.974858506571867,0.222824801502141));
#4996=DIRECTION('center_axis',(1.,0.,0.));
#4997=DIRECTION('ref_axis',(0.,1.,0.));
#4998=DIRECTION('',(0.,0.,1.));
#4999=DIRECTION('',(0.,1.,0.));
#5000=DIRECTION('',(0.,0.,1.));
#5001=DIRECTION('center_axis',(0.,1.,0.));
#5002=DIRECTION('ref_axis',(-1.,0.,0.));
#5003=DIRECTION('',(0.,0.,1.));
#5004=DIRECTION('',(-1.,0.,0.));
#5005=DIRECTION('center_axis',(-1.,0.,0.));
#5006=DIRECTION('ref_axis',(0.,-1.,0.));
#5007=DIRECTION('',(0.,0.,1.));
#5008=DIRECTION('',(0.,-1.,0.));
#5009=DIRECTION('center_axis',(0.,-1.,0.));
#5010=DIRECTION('ref_axis',(1.,0.,0.));
#5011=DIRECTION('',(1.,0.,0.));
#5012=DIRECTION('center_axis',(0.,0.,1.));
#5013=DIRECTION('ref_axis',(1.,0.,0.));
#5014=DIRECTION('',(0.,-1.,0.));
#5015=DIRECTION('',(0.,-0.998752338877845,-0.0499376169438922));
#5016=DIRECTION('',(0.,-0.998752338877845,-0.0499376169438922));
#5017=DIRECTION('center_axis',(-1.,0.,0.));
#5018=DIRECTION('ref_axis',(0.,-1.,0.));
#5019=DIRECTION('',(0.,0.,1.));
#5020=DIRECTION('',(0.,-1.,0.));
#5021=DIRECTION('',(0.,0.,1.));
#5022=DIRECTION('',(0.,1.,0.));
#5023=DIRECTION('center_axis',(0.,-1.,0.));
#5024=DIRECTION('ref_axis',(1.,0.,0.));
#5025=DIRECTION('',(0.,0.,1.));
#5026=DIRECTION('',(1.,0.,0.));
#5027=DIRECTION('center_axis',(0.,1.,0.));
#5028=DIRECTION('ref_axis',(-1.,0.,0.));
#5029=DIRECTION('',(1.,0.,0.));
#5030=DIRECTION('',(-1.,0.,0.));
#5031=DIRECTION('',(0.,0.,1.));
#5032=DIRECTION('center_axis',(1.,0.,0.));
#5033=DIRECTION('ref_axis',(0.,1.,0.));
#5034=DIRECTION('',(0.,-1.,0.));
#5035=DIRECTION('',(0.,1.,0.));
#5036=DIRECTION('center_axis',(0.,0.,1.));
#5037=DIRECTION('ref_axis',(1.,0.,0.));
#5038=DIRECTION('center_axis',(0.,0.,1.));
#5039=DIRECTION('ref_axis',(1.,0.,0.));
#5040=DIRECTION('',(0.,0.999444906979154,0.0333148302326385));
#5041=DIRECTION('',(0.,0.996473040924575,0.0839135192357537));
#5042=DIRECTION('',(0.,-1.,0.));
#5043=DIRECTION('center_axis',(1.,0.,0.));
#5044=DIRECTION('ref_axis',(0.,1.,0.));
#5045=DIRECTION('',(0.,0.,1.));
#5046=DIRECTION('',(0.,1.,0.));
#5047=DIRECTION('',(0.,0.,1.));
#5048=DIRECTION('center_axis',(0.,1.,0.));
#5049=DIRECTION('ref_axis',(-1.,0.,0.));
#5050=DIRECTION('',(0.,0.,1.));
#5051=DIRECTION('',(-1.,0.,0.));
#5052=DIRECTION('center_axis',(-1.,0.,0.));
#5053=DIRECTION('ref_axis',(0.,-1.,0.));
#5054=DIRECTION('',(0.,0.,1.));
#5055=DIRECTION('',(0.,-1.,0.));
#5056=DIRECTION('center_axis',(0.,-1.,0.));
#5057=DIRECTION('ref_axis',(1.,0.,0.));
#5058=DIRECTION('',(1.,0.,0.));
#5059=DIRECTION('center_axis',(0.,0.,1.));
#5060=DIRECTION('ref_axis',(1.,0.,0.));
#5061=DIRECTION('',(0.,-0.998752338877845,-0.0499376169438922));
#5062=DIRECTION('',(0.,-1.,0.));
#5063=DIRECTION('',(0.,-1.,0.));
#5064=DIRECTION('center_axis',(1.,0.,0.));
#5065=DIRECTION('ref_axis',(0.,0.,-1.));
#5066=DIRECTION('',(0.,1.,0.));
#5067=DIRECTION('',(0.,0.,-1.));
#5068=DIRECTION('',(0.,1.,0.));
#5069=DIRECTION('',(0.,0.,-1.));
#5070=DIRECTION('center_axis',(0.,0.,1.));
#5071=DIRECTION('ref_axis',(1.,0.,0.));
#5072=DIRECTION('',(0.,-1.,0.));
#5073=DIRECTION('',(1.,0.,0.));
#5074=DIRECTION('',(0.,1.,0.));
#5075=DIRECTION('',(1.,0.,0.));
#5076=DIRECTION('center_axis',(0.,0.,-1.));
#5077=DIRECTION('ref_axis',(-1.,0.,0.));
#5078=DIRECTION('',(-1.,0.,0.));
#5079=DIRECTION('',(0.,1.,0.));
#5080=DIRECTION('',(-1.,0.,0.));
#5081=DIRECTION('center_axis',(-1.,0.,0.));
#5082=DIRECTION('ref_axis',(0.,0.,1.));
#5083=DIRECTION('',(0.,0.,1.));
#5084=DIRECTION('',(0.,0.,1.));
#5085=DIRECTION('center_axis',(0.,1.,0.));
#5086=DIRECTION('ref_axis',(0.,0.,1.));
#5087=DIRECTION('center_axis',(0.,-1.,0.));
#5088=DIRECTION('ref_axis',(1.,0.,0.));
#5089=DIRECTION('center_axis',(0.,1.,0.));
#5090=DIRECTION('ref_axis',(1.,0.,0.));
#5091=DIRECTION('center_axis',(0.,1.,0.));
#5092=DIRECTION('ref_axis',(1.,0.,0.));
#5093=DIRECTION('center_axis',(0.,1.,0.));
#5094=DIRECTION('ref_axis',(1.,0.,0.));
#5095=DIRECTION('',(0.,1.,0.));
#5096=DIRECTION('center_axis',(0.,-1.,0.));
#5097=DIRECTION('ref_axis',(1.,0.,0.));
#5098=DIRECTION('',(0.,-1.,0.));
#5099=DIRECTION('center_axis',(0.,1.,0.));
#5100=DIRECTION('ref_axis',(1.,0.,0.));
#5101=DIRECTION('',(0.,1.,0.));
#5102=DIRECTION('center_axis',(0.,-1.,0.));
#5103=DIRECTION('ref_axis',(1.,0.,0.));
#5104=DIRECTION('',(0.,-1.,0.));
#5105=DIRECTION('center_axis',(0.,1.,0.));
#5106=DIRECTION('ref_axis',(1.,0.,0.));
#5107=DIRECTION('center_axis',(0.,1.,0.));
#5108=DIRECTION('ref_axis',(1.,0.,0.));
#5109=DIRECTION('center_axis',(-1.,0.,0.));
#5110=DIRECTION('ref_axis',(0.,0.,1.));
#5111=DIRECTION('',(0.,0.,1.));
#5112=DIRECTION('',(0.,1.,0.));
#5113=DIRECTION('',(0.,0.,1.));
#5114=DIRECTION('center_axis',(0.,1.,0.));
#5115=DIRECTION('ref_axis',(0.,0.,1.));
#5116=DIRECTION('center_axis',(0.,-1.,0.));
#5117=DIRECTION('ref_axis',(1.,0.,0.));
#5118=DIRECTION('',(0.,0.,-1.));
#5119=DIRECTION('',(-1.,0.,0.));
#5120=DIRECTION('center_axis',(1.,0.,0.));
#5121=DIRECTION('ref_axis',(0.,0.,-1.));
#5122=DIRECTION('',(0.,0.,-1.));
#5123=DIRECTION('',(0.,1.,0.));
#5124=DIRECTION('',(0.,0.,-1.));
#5125=DIRECTION('center_axis',(1.,0.,0.));
#5126=DIRECTION('ref_axis',(0.,0.,-1.));
#5127=DIRECTION('',(0.,1.,0.));
#5128=DIRECTION('',(0.,0.,-1.));
#5129=DIRECTION('',(0.,1.,0.));
#5130=DIRECTION('center_axis',(0.,0.,-1.));
#5131=DIRECTION('ref_axis',(-1.,0.,0.));
#5132=DIRECTION('',(0.,-1.,0.));
#5133=DIRECTION('',(-1.,0.,0.));
#5134=DIRECTION('center_axis',(0.,0.,1.));
#5135=DIRECTION('ref_axis',(1.,0.,0.));
#5136=DIRECTION('',(1.,0.,0.));
#5137=DIRECTION('',(1.,0.,0.));
#5138=DIRECTION('center_axis',(0.,1.,0.));
#5139=DIRECTION('ref_axis',(0.,0.,1.));
#5140=DIRECTION('',(0.813733471206735,0.,-0.581238193719096));
#5141=DIRECTION('',(0.996473040924575,0.,-0.0839135192357537));
#5142=DIRECTION('',(0.996473040924575,0.,-0.0839135192357537));
#5143=DIRECTION('',(0.813733471206735,0.,-0.581238193719096));
#5144=DIRECTION('center_axis',(0.,0.,-1.));
#5145=DIRECTION('ref_axis',(-1.,0.,0.));
#5146=DIRECTION('',(0.,-1.,0.));
#5147=DIRECTION('',(-1.,0.,0.));
#5148=DIRECTION('',(0.,1.,0.));
#5149=DIRECTION('',(-1.,0.,0.));
#5150=DIRECTION('center_axis',(0.,1.,0.));
#5151=DIRECTION('ref_axis',(0.,0.,1.));
#5152=DIRECTION('center_axis',(0.,-1.,0.));
#5153=DIRECTION('ref_axis',(1.,0.,0.));
#5154=DIRECTION('',(1.,0.,0.));
#5155=DIRECTION('',(0.,0.,-1.));
#5156=DIRECTION('center_axis',(0.,0.,1.));
#5157=DIRECTION('ref_axis',(1.,0.,0.));
#5158=DIRECTION('',(0.,1.,0.));
#5159=DIRECTION('',(1.,0.,0.));
#5160=DIRECTION('',(0.,1.,0.));
#5161=DIRECTION('center_axis',(1.,0.,0.));
#5162=DIRECTION('ref_axis',(0.,0.,-1.));
#5163=DIRECTION('',(0.,0.,-1.));
#5164=DIRECTION('center_axis',(0.,1.,0.));
#5165=DIRECTION('ref_axis',(0.,0.,1.));
#5166=DIRECTION('',(0.996473040924575,0.,-0.0839135192357537));
#5167=DIRECTION('',(0.996473040924575,0.,0.0839135192357537));
#5168=DIRECTION('',(0.,0.,-1.));
#5169=DIRECTION('',(1.,0.,0.));
#5170=DIRECTION('',(0.,0.,1.));
#5171=DIRECTION('',(0.996473040924575,0.,0.0839135192357537));
#5172=DIRECTION('',(0.,0.,1.));
#5173=DIRECTION('',(-1.,0.,0.));
#5174=DIRECTION('',(1.,0.,0.));
#5175=DIRECTION('',(0.,0.,1.));
#5176=DIRECTION('',(-1.,0.,0.));
#5177=DIRECTION('',(-0.989315000853731,0.,-0.145793789599497));
#5178=DIRECTION('',(-0.989315000853731,0.,0.145793789599497));
#5179=DIRECTION('center_axis',(0.,1.,0.));
#5180=DIRECTION('ref_axis',(1.,0.,0.));
#5181=DIRECTION('center_axis',(0.,1.,0.));
#5182=DIRECTION('ref_axis',(1.,0.,0.));
#5183=DIRECTION('center_axis',(0.,1.,0.));
#5184=DIRECTION('ref_axis',(1.,0.,0.));
#5185=DIRECTION('center_axis',(0.,1.,0.));
#5186=DIRECTION('ref_axis',(0.,0.,1.));
#5187=DIRECTION('center_axis',(0.,-1.,0.));
#5188=DIRECTION('ref_axis',(1.,0.,0.));
#5189=DIRECTION('',(1.,0.,0.));
#5190=DIRECTION('',(0.,0.,-1.));
#5191=DIRECTION('',(-1.,0.,0.));
#5192=DIRECTION('',(0.,0.,1.));
#5193=DIRECTION('center_axis',(0.,0.,-1.));
#5194=DIRECTION('ref_axis',(-1.,0.,0.));
#5195=DIRECTION('',(-1.,0.,0.));
#5196=DIRECTION('',(0.,1.,0.));
#5197=DIRECTION('',(0.,1.,0.));
#5198=DIRECTION('center_axis',(1.,0.,0.));
#5199=DIRECTION('ref_axis',(0.,0.,-1.));
#5200=DIRECTION('',(0.,0.,-1.));
#5201=DIRECTION('',(0.,1.,0.));
#5202=DIRECTION('center_axis',(0.,0.,1.));
#5203=DIRECTION('ref_axis',(1.,0.,0.));
#5204=DIRECTION('',(0.,1.,0.));
#5205=DIRECTION('',(1.,0.,0.));
#5206=DIRECTION('',(0.,1.,0.));
#5207=DIRECTION('center_axis',(-1.,0.,0.));
#5208=DIRECTION('ref_axis',(0.,0.,1.));
#5209=DIRECTION('',(0.,0.,1.));
#5210=DIRECTION('center_axis',(0.,1.,0.));
#5211=DIRECTION('ref_axis',(1.,0.,0.));
#5212=DIRECTION('',(-0.813733471206735,0.,-0.581238193719096));
#5213=DIRECTION('center_axis',(0.,0.,-1.));
#5214=DIRECTION('ref_axis',(-1.,0.,0.));
#5215=DIRECTION('',(0.,1.,0.));
#5216=DIRECTION('',(-1.,0.,0.));
#5217=DIRECTION('center_axis',(1.,0.,0.));
#5218=DIRECTION('ref_axis',(0.,0.,-1.));
#5219=DIRECTION('',(0.,0.,-1.));
#5220=DIRECTION('',(0.,1.,0.));
#5221=DIRECTION('center_axis',(0.,1.,0.));
#5222=DIRECTION('ref_axis',(0.,0.,1.));
#5223=DIRECTION('',(0.,0.,1.));
#5224=DIRECTION('',(1.,0.,0.));
#5225=DIRECTION('center_axis',(-1.,0.,0.));
#5226=DIRECTION('ref_axis',(0.,0.,1.));
#5227=DIRECTION('',(0.,1.,0.));
#5228=DIRECTION('center_axis',(0.,0.,1.));
#5229=DIRECTION('ref_axis',(1.,0.,0.));
#5230=DIRECTION('center_axis',(-1.,0.,0.));
#5231=DIRECTION('ref_axis',(0.,0.,1.));
#5232=DIRECTION('',(0.,0.,1.));
#5233=DIRECTION('center_axis',(0.,1.,0.));
#5234=DIRECTION('ref_axis',(0.,0.,1.));
#5235=DIRECTION('center_axis',(0.,0.,1.));
#5236=DIRECTION('ref_axis',(1.,0.,0.));
#5237=DIRECTION('',(1.,0.,0.));
#5238=DIRECTION('',(0.,1.,0.));
#5239=DIRECTION('center_axis',(0.,0.,-1.));
#5240=DIRECTION('ref_axis',(-1.,0.,0.));
#5241=DIRECTION('',(0.,1.,0.));
#5242=DIRECTION('',(-1.,0.,0.));
#5243=DIRECTION('center_axis',(-1.,0.,0.));
#5244=DIRECTION('ref_axis',(0.,0.,1.));
#5245=DIRECTION('',(0.,0.,1.));
#5246=DIRECTION('center_axis',(0.,1.,0.));
#5247=DIRECTION('ref_axis',(0.,0.,1.));
#5248=DIRECTION('center_axis',(0.,1.,0.));
#5249=DIRECTION('ref_axis',(1.,0.,0.));
#5250=DIRECTION('',(0.813733471206735,0.,0.581238193719096));
#5251=DIRECTION('',(0.813733471206735,0.,0.581238193719096));
#5252=DIRECTION('center_axis',(0.,1.,0.));
#5253=DIRECTION('ref_axis',(1.,0.,0.));
#5254=DIRECTION('center_axis',(0.,1.,0.));
#5255=DIRECTION('ref_axis',(1.,0.,0.));
#5256=DIRECTION('center_axis',(0.,1.,0.));
#5257=DIRECTION('ref_axis',(-0.999084121438163,0.,-0.0427892310065627));
#5258=DIRECTION('',(-0.813733471206735,0.,-0.581238193719096));
#5259=DIRECTION('',(-0.813733471206735,0.,-0.581238193719096));
#5260=DIRECTION('center_axis',(-1.,0.,0.));
#5261=DIRECTION('ref_axis',(0.,-1.,0.));
#5262=DIRECTION('',(0.,1.,0.));
#5263=DIRECTION('',(0.,0.,1.));
#5264=DIRECTION('',(0.,-1.,0.));
#5265=DIRECTION('center_axis',(0.,0.,1.));
#5266=DIRECTION('ref_axis',(1.,0.,0.));
#5267=DIRECTION('',(-1.,0.,0.));
#5268=DIRECTION('',(0.,1.,0.));
#5269=DIRECTION('center_axis',(0.,1.,0.));
#5270=DIRECTION('ref_axis',(-1.,0.,0.));
#5271=DIRECTION('',(1.,0.,0.));
#5272=DIRECTION('',(0.,0.,1.));
#5273=DIRECTION('center_axis',(1.,0.,0.));
#5274=DIRECTION('ref_axis',(0.,1.,0.));
#5275=DIRECTION('',(0.,-1.,0.));
#5276=DIRECTION('center_axis',(0.,0.,1.));
#5277=DIRECTION('ref_axis',(1.,0.,0.));
#5278=DIRECTION('center_axis',(-1.,0.,0.));
#5279=DIRECTION('ref_axis',(0.,-1.,0.));
#5280=DIRECTION('',(0.,1.,0.));
#5281=DIRECTION('',(0.,0.,1.));
#5282=DIRECTION('',(0.,-1.,0.));
#5283=DIRECTION('center_axis',(0.,0.,1.));
#5284=DIRECTION('ref_axis',(1.,0.,0.));
#5285=DIRECTION('',(-1.,0.,0.));
#5286=DIRECTION('',(0.,1.,0.));
#5287=DIRECTION('center_axis',(0.,1.,0.));
#5288=DIRECTION('ref_axis',(-1.,0.,0.));
#5289=DIRECTION('',(1.,0.,0.));
#5290=DIRECTION('',(0.,0.,1.));
#5291=DIRECTION('center_axis',(1.,0.,0.));
#5292=DIRECTION('ref_axis',(0.,1.,0.));
#5293=DIRECTION('',(0.,-1.,0.));
#5294=DIRECTION('center_axis',(0.,0.,1.));
#5295=DIRECTION('ref_axis',(1.,0.,0.));
#5296=DIRECTION('center_axis',(0.,-0.987635528464463,-0.156767544200708));
#5297=DIRECTION('ref_axis',(0.,0.156767544200708,-0.987635528464463));
#5298=DIRECTION('',(0.,0.156767544200708,-0.987635528464463));
#5299=DIRECTION('',(1.,0.,0.));
#5300=DIRECTION('',(0.,0.156767544200708,-0.987635528464463));
#5301=DIRECTION('center_axis',(0.,-0.987635528464463,-0.156767544200708));
#5302=DIRECTION('ref_axis',(0.,0.156767544200708,-0.987635528464463));
#5303=DIRECTION('',(0.,0.156767544200708,-0.987635528464463));
#5304=DIRECTION('',(1.,0.,0.));
#5305=DIRECTION('',(0.,0.156767544200708,-0.987635528464463));
#5306=DIRECTION('center_axis',(1.,0.,0.));
#5307=DIRECTION('ref_axis',(0.,0.,-1.));
#5308=DIRECTION('',(0.,0.938876315886609,0.344254649158423));
#5309=DIRECTION('',(0.,-0.78086880944303,0.624695047554424));
#5310=DIRECTION('',(0.,-0.995037190209989,-0.0995037190209989));
#5311=DIRECTION('center_axis',(0.,0.344254649158423,-0.938876315886609));
#5312=DIRECTION('ref_axis',(0.,0.938876315886609,0.344254649158423));
#5313=DIRECTION('',(1.,0.,0.));
#5314=DIRECTION('center_axis',(0.,0.,-1.));
#5315=DIRECTION('ref_axis',(0.,1.,0.));
#5316=DIRECTION('',(0.,1.,0.));
#5317=DIRECTION('',(1.,0.,0.));
#5318=DIRECTION('',(0.,1.,0.));
#5319=DIRECTION('center_axis',(0.,-0.0995037190209989,0.995037190209989));
#5320=DIRECTION('ref_axis',(0.,-0.995037190209989,-0.0995037190209989));
#5321=DIRECTION('',(0.,-0.995037190209989,-0.0995037190209989));
#5322=DIRECTION('',(1.,0.,0.));
#5323=DIRECTION('center_axis',(0.,0.624695047554424,0.78086880944303));
#5324=DIRECTION('ref_axis',(0.,-0.78086880944303,0.624695047554424));
#5325=DIRECTION('',(0.,-0.78086880944303,0.624695047554424));
#5326=DIRECTION('center_axis',(0.,0.344254649158423,-0.938876315886609));
#5327=DIRECTION('ref_axis',(0.,0.938876315886609,0.344254649158423));
#5328=DIRECTION('',(0.,0.938876315886609,0.344254649158423));
#5329=DIRECTION('',(0.,0.938876315886609,0.344254649158423));
#5330=DIRECTION('center_axis',(1.,0.,0.));
#5331=DIRECTION('ref_axis',(0.,0.,-1.));
#5332=DIRECTION('center_axis',(1.,0.,0.));
#5333=DIRECTION('ref_axis',(0.,0.,-1.));
#5334=DIRECTION('',(0.,0.997199309888456,-0.0747899482416342));
#5335=DIRECTION('',(0.,0.996815278536125,-0.07974522228289));
#5336=DIRECTION('',(0.,0.996815278536125,-0.07974522228289));
#5337=DIRECTION('center_axis',(1.,0.,0.));
#5338=DIRECTION('ref_axis',(0.,0.,-1.));
#5339=DIRECTION('',(0.,0.156767544200708,-0.987635528464463));
#5340=DIRECTION('',(0.,-0.995037190209989,-0.0995037190209989));
#5341=DIRECTION('',(0.,-0.78086880944303,0.624695047554424));
#5342=DIRECTION('center_axis',(1.,0.,0.));
#5343=DIRECTION('ref_axis',(0.,0.,-1.));
#5344=DIRECTION('',(0.,0.997199309888456,-0.0747899482416342));
#5345=DIRECTION('',(0.,0.938876315886609,0.344254649158423));
#5346=DIRECTION('',(0.,1.,0.));
#5347=DIRECTION('',(0.,0.156767544200708,-0.987635528464463));
#5348=DIRECTION('center_axis',(0.,0.,-1.));
#5349=DIRECTION('ref_axis',(0.,1.,0.));
#5350=DIRECTION('',(1.,0.,0.));
#5351=DIRECTION('',(0.,1.,0.));
#5352=DIRECTION('',(1.,0.,0.));
#5353=DIRECTION('center_axis',(0.,-0.987635528464463,-0.156767544200708));
#5354=DIRECTION('ref_axis',(0.,0.156767544200708,-0.987635528464463));
#5355=DIRECTION('',(0.,-0.156767544200708,0.987635528464463));
#5356=DIRECTION('',(0.,0.156767544200708,-0.987635528464463));
#5357=DIRECTION('',(1.,0.,0.));
#5358=DIRECTION('center_axis',(0.,-0.0995037190209989,0.995037190209989));
#5359=DIRECTION('ref_axis',(0.,-0.995037190209989,-0.0995037190209989));
#5360=DIRECTION('',(0.,-0.995037190209989,-0.0995037190209989));
#5361=DIRECTION('',(1.,0.,0.));
#5362=DIRECTION('center_axis',(0.,0.624695047554424,0.78086880944303));
#5363=DIRECTION('ref_axis',(0.,-0.78086880944303,0.624695047554424));
#5364=DIRECTION('',(0.,-0.78086880944303,0.624695047554424));
#5365=DIRECTION('',(1.,0.,0.));
#5366=DIRECTION('center_axis',(0.,0.344254649158423,-0.938876315886609));
#5367=DIRECTION('ref_axis',(0.,0.938876315886609,0.344254649158423));
#5368=DIRECTION('',(0.,0.938876315886609,0.344254649158423));
#5369=DIRECTION('center_axis',(1.,0.,0.));
#5370=DIRECTION('ref_axis',(0.,0.,-1.));
#5371=DIRECTION('center_axis',(1.,0.,0.));
#5372=DIRECTION('ref_axis',(0.,0.,-1.));
#5373=DIRECTION('',(0.,0.997199309888456,-0.0747899482416342));
#5374=DIRECTION('center_axis',(1.,0.,0.));
#5375=DIRECTION('ref_axis',(0.,0.,-1.));
#5376=DIRECTION('center_axis',(1.,0.,0.));
#5377=DIRECTION('ref_axis',(0.,0.,-1.));
#5378=DIRECTION('center_axis',(1.,0.,0.));
#5379=DIRECTION('ref_axis',(0.,0.,-1.));
#5380=DIRECTION('',(0.,0.996815278536125,-0.07974522228289));
#5381=DIRECTION('',(0.,-0.974858506571867,0.222824801502141));
#5382=DIRECTION('',(0.,0.996815278536125,-0.07974522228289));
#5383=DIRECTION('center_axis',(0.,1.,0.));
#5384=DIRECTION('ref_axis',(0.,0.,1.));
#5385=DIRECTION('',(-0.813733471206735,0.,-0.581238193719096));
#5386=DIRECTION('',(-0.813733471206735,0.,0.581238193719096));
#5387=DIRECTION('center_axis',(0.,0.,1.));
#5388=DIRECTION('ref_axis',(1.,0.,0.));
#5389=DIRECTION('',(0.826227342807548,0.56333682464151,0.));
#5390=DIRECTION('',(0.826227342807548,-0.56333682464151,0.));
#5391=DIRECTION('',(-0.591363663627517,-0.806404995855705,0.));
#5392=DIRECTION('',(0.,-1.,0.));
#5393=DIRECTION('',(0.739940073395944,-0.672672793996312,0.));
#5394=DIRECTION('',(0.739940073395944,0.672672793996312,0.));
#5395=DIRECTION('',(0.,1.,0.));
#5396=DIRECTION('',(-0.591363663627517,0.806404995855705,0.));
#5397=DIRECTION('center_axis',(-0.806404995855706,0.591363663627517,0.));
#5398=DIRECTION('ref_axis',(-0.591363663627517,-0.806404995855706,0.));
#5399=DIRECTION('',(0.,0.,1.));
#5400=DIRECTION('',(-0.591363663627517,-0.806404995855705,0.));
#5401=DIRECTION('',(0.,0.,1.));
#5402=DIRECTION('center_axis',(0.806404995855706,0.591363663627517,0.));
#5403=DIRECTION('ref_axis',(-0.591363663627517,0.806404995855706,0.));
#5404=DIRECTION('',(0.,0.,-1.));
#5405=DIRECTION('',(0.,0.,1.));
#5406=DIRECTION('',(0.591363663627517,-0.806404995855705,0.));
#5407=DIRECTION('center_axis',(1.,0.,0.));
#5408=DIRECTION('ref_axis',(0.,1.,0.));
#5409=DIRECTION('',(0.,-1.,0.));
#5410=DIRECTION('',(0.,0.,1.));
#5411=DIRECTION('center_axis',(0.672672793996313,-0.739940073395944,0.));
#5412=DIRECTION('ref_axis',(0.739940073395944,0.672672793996312,0.));
#5413=DIRECTION('',(-0.739940073395944,-0.672672793996312,0.));
#5414=DIRECTION('',(0.,0.,1.));
#5415=DIRECTION('center_axis',(-0.672672793996313,-0.739940073395944,0.));
#5416=DIRECTION('ref_axis',(0.739940073395944,-0.672672793996312,0.));
#5417=DIRECTION('',(0.739940073395944,-0.672672793996312,0.));
#5418=DIRECTION('',(0.,0.,1.));
#5419=DIRECTION('center_axis',(-1.,0.,0.));
#5420=DIRECTION('ref_axis',(0.,-1.,0.));
#5421=DIRECTION('',(0.,-1.,0.));
#5422=DIRECTION('center_axis',(0.,0.,1.));
#5423=DIRECTION('ref_axis',(1.,0.,0.));
#5424=DIRECTION('',(0.826227342807548,-0.56333682464151,0.));
#5425=DIRECTION('',(-0.0117638918003617,-0.999930803030744,0.));
#5426=DIRECTION('',(-0.287347885566345,-0.957826285221151,0.));
#5427=DIRECTION('',(0.287347885566345,-0.957826285221151,0.));
#5428=DIRECTION('',(0.0117638918003617,-0.999930803030744,0.));
#5429=DIRECTION('',(-0.826227342807548,-0.56333682464151,0.));
#5430=DIRECTION('center_axis',(0.957826285221151,0.287347885566345,0.));
#5431=DIRECTION('ref_axis',(-0.287347885566345,0.957826285221151,0.));
#5432=DIRECTION('',(0.,0.,1.));
#5433=DIRECTION('',(-0.287347885566345,0.957826285221151,0.));
#5434=DIRECTION('',(0.,0.,1.));
#5435=DIRECTION('center_axis',(0.999930803030744,0.0117638918003617,0.));
#5436=DIRECTION('ref_axis',(-0.0117638918003617,0.999930803030744,0.));
#5437=DIRECTION('',(-0.0117638918003617,0.999930803030744,0.));
#5438=DIRECTION('',(0.,0.,1.));
#5439=DIRECTION('center_axis',(0.56333682464151,-0.826227342807548,0.));
#5440=DIRECTION('ref_axis',(0.826227342807548,0.56333682464151,0.));
#5441=DIRECTION('',(0.826227342807548,0.56333682464151,0.));
#5442=DIRECTION('',(0.,0.,1.));
#5443=DIRECTION('center_axis',(-0.56333682464151,-0.826227342807548,0.));
#5444=DIRECTION('ref_axis',(0.826227342807548,-0.56333682464151,0.));
#5445=DIRECTION('',(0.826227342807548,-0.56333682464151,0.));
#5446=DIRECTION('',(0.,0.,1.));
#5447=DIRECTION('center_axis',(-0.999930803030744,0.0117638918003617,0.));
#5448=DIRECTION('ref_axis',(-0.0117638918003617,-0.999930803030744,0.));
#5449=DIRECTION('',(-0.0117638918003617,-0.999930803030744,0.));
#5450=DIRECTION('',(0.,0.,1.));
#5451=DIRECTION('center_axis',(-0.957826285221151,0.287347885566345,0.));
#5452=DIRECTION('ref_axis',(-0.287347885566345,-0.957826285221151,0.));
#5453=DIRECTION('',(-0.287347885566345,-0.957826285221151,0.));
#5454=DIRECTION('center_axis',(0.,0.,1.));
#5455=DIRECTION('ref_axis',(1.,0.,0.));
#5456=DIRECTION('center_axis',(0.,-1.,0.));
#5457=DIRECTION('ref_axis',(1.,0.,0.));
#5458=DIRECTION('',(1.,0.,0.));
#5459=DIRECTION('',(0.,0.,1.));
#5460=DIRECTION('',(1.,0.,0.));
#5461=DIRECTION('',(0.,0.,1.));
#5462=DIRECTION('center_axis',(-1.,0.,0.));
#5463=DIRECTION('ref_axis',(0.,-1.,0.));
#5464=DIRECTION('',(0.,-1.,0.));
#5465=DIRECTION('',(0.,-1.,0.));
#5466=DIRECTION('',(0.,0.,1.));
#5467=DIRECTION('center_axis',(0.,1.,0.));
#5468=DIRECTION('ref_axis',(-1.,0.,0.));
#5469=DIRECTION('',(-1.,0.,0.));
#5470=DIRECTION('',(-1.,0.,0.));
#5471=DIRECTION('',(0.,0.,1.));
#5472=DIRECTION('center_axis',(1.,0.,0.));
#5473=DIRECTION('ref_axis',(0.,1.,0.));
#5474=DIRECTION('',(0.,1.,0.));
#5475=DIRECTION('',(0.,1.,0.));
#5476=DIRECTION('center_axis',(0.,0.,1.));
#5477=DIRECTION('ref_axis',(1.,0.,0.));
#5478=DIRECTION('center_axis',(0.,0.,1.));
#5479=DIRECTION('ref_axis',(1.,0.,0.));
#5480=DIRECTION('center_axis',(-1.,0.,0.));
#5481=DIRECTION('ref_axis',(0.,-1.,0.));
#5482=DIRECTION('',(0.,1.,0.));
#5483=DIRECTION('',(0.,0.,1.));
#5484=DIRECTION('',(0.,-1.,0.));
#5485=DIRECTION('',(0.,0.,1.));
#5486=DIRECTION('center_axis',(0.,1.,0.));
#5487=DIRECTION('ref_axis',(-1.,0.,0.));
#5488=DIRECTION('',(1.,0.,0.));
#5489=DIRECTION('',(-1.,0.,0.));
#5490=DIRECTION('',(0.,0.,1.));
#5491=DIRECTION('center_axis',(1.,0.,0.));
#5492=DIRECTION('ref_axis',(0.,1.,0.));
#5493=DIRECTION('',(0.,-1.,0.));
#5494=DIRECTION('',(0.,1.,0.));
#5495=DIRECTION('',(0.,0.,1.));
#5496=DIRECTION('center_axis',(0.,-1.,0.));
#5497=DIRECTION('ref_axis',(1.,0.,0.));
#5498=DIRECTION('',(-1.,0.,0.));
#5499=DIRECTION('',(1.,0.,0.));
#5500=DIRECTION('center_axis',(0.,0.,1.));
#5501=DIRECTION('ref_axis',(1.,0.,0.));
#5502=DIRECTION('center_axis',(0.,0.,1.));
#5503=DIRECTION('ref_axis',(1.,0.,0.));
#5504=DIRECTION('center_axis',(-0.966234939601246,0.257662650560332,0.));
#5505=DIRECTION('ref_axis',(-0.257662650560332,-0.966234939601246,0.));
#5506=DIRECTION('',(0.257662650560332,0.966234939601246,0.));
#5507=DIRECTION('',(0.,0.,1.));
#5508=DIRECTION('',(-0.257662650560332,-0.966234939601246,0.));
#5509=DIRECTION('',(0.,0.,1.));
#5510=DIRECTION('center_axis',(0.966234939601246,0.257662650560332,0.));
#5511=DIRECTION('ref_axis',(-0.257662650560332,0.966234939601246,0.));
#5512=DIRECTION('',(0.257662650560332,-0.966234939601246,0.));
#5513=DIRECTION('',(-0.257662650560332,0.966234939601246,0.));
#5514=DIRECTION('',(0.,0.,1.));
#5515=DIRECTION('center_axis',(0.999687646408123,0.0249921911602031,0.));
#5516=DIRECTION('ref_axis',(-0.0249921911602031,0.999687646408123,0.));
#5517=DIRECTION('',(0.0249921911602031,-0.999687646408123,0.));
#5518=DIRECTION('',(-0.0249921911602031,0.999687646408123,0.));
#5519=DIRECTION('',(0.,0.,1.));
#5520=DIRECTION('center_axis',(0.857492925712544,-0.514495755427527,0.));
#5521=DIRECTION('ref_axis',(0.514495755427527,0.857492925712544,0.));
#5522=DIRECTION('',(-0.514495755427527,-0.857492925712544,0.));
#5523=DIRECTION('',(0.514495755427527,0.857492925712544,0.));
#5524=DIRECTION('',(0.,0.,1.));
#5525=DIRECTION('center_axis',(-0.857492925712544,-0.514495755427527,0.));
#5526=DIRECTION('ref_axis',(0.514495755427527,-0.857492925712544,0.));
#5527=DIRECTION('',(-0.514495755427527,0.857492925712544,0.));
#5528=DIRECTION('',(0.514495755427527,-0.857492925712544,0.));
#5529=DIRECTION('',(0.,0.,1.));
#5530=DIRECTION('center_axis',(-0.999687646408123,0.0249921911602031,0.));
#5531=DIRECTION('ref_axis',(-0.0249921911602031,-0.999687646408123,0.));
#5532=DIRECTION('',(0.0249921911602031,0.999687646408123,0.));
#5533=DIRECTION('',(-0.0249921911602031,-0.999687646408123,0.));
#5534=DIRECTION('center_axis',(0.,0.,1.));
#5535=DIRECTION('ref_axis',(1.,0.,0.));
#5536=DIRECTION('center_axis',(0.,0.,1.));
#5537=DIRECTION('ref_axis',(1.,0.,0.));
#5538=DIRECTION('center_axis',(0.,-1.,0.));
#5539=DIRECTION('ref_axis',(1.,0.,0.));
#5540=DIRECTION('',(1.,0.,0.));
#5541=DIRECTION('',(0.,0.,1.));
#5542=DIRECTION('',(1.,0.,0.));
#5543=DIRECTION('',(0.,0.,1.));
#5544=DIRECTION('center_axis',(-0.999200958721789,0.0399680383488716,0.));
#5545=DIRECTION('ref_axis',(-0.0399680383488716,-0.999200958721789,0.));
#5546=DIRECTION('',(-0.0399680383488716,-0.999200958721789,0.));
#5547=DIRECTION('',(-0.0399680383488716,-0.999200958721789,0.));
#5548=DIRECTION('',(0.,0.,1.));
#5549=DIRECTION('center_axis',(-0.98058067569092,0.196116135138184,0.));
#5550=DIRECTION('ref_axis',(-0.196116135138184,-0.98058067569092,0.));
#5551=DIRECTION('',(-0.196116135138184,-0.98058067569092,0.));
#5552=DIRECTION('',(-0.196116135138184,-0.98058067569092,0.));
#5553=DIRECTION('',(0.,0.,1.));
#5554=DIRECTION('center_axis',(0.99975317783161,-0.0222167372851469,0.));
#5555=DIRECTION('ref_axis',(0.0222167372851469,0.99975317783161,0.));
#5556=DIRECTION('',(0.0222167372851469,0.99975317783161,0.));
#5557=DIRECTION('',(0.0222167372851469,0.99975317783161,0.));
#5558=DIRECTION('center_axis',(0.,0.,1.));
#5559=DIRECTION('ref_axis',(1.,0.,0.));
#5560=DIRECTION('center_axis',(0.,0.,1.));
#5561=DIRECTION('ref_axis',(1.,0.,0.));
#5562=DIRECTION('center_axis',(-0.99975317783161,-0.0222167372851469,0.));
#5563=DIRECTION('ref_axis',(0.0222167372851469,-0.99975317783161,0.));
#5564=DIRECTION('',(-0.0222167372851469,0.99975317783161,0.));
#5565=DIRECTION('',(0.,0.,1.));
#5566=DIRECTION('',(0.0222167372851469,-0.99975317783161,0.));
#5567=DIRECTION('',(0.,0.,1.));
#5568=DIRECTION('center_axis',(0.98058067569092,0.196116135138184,0.));
#5569=DIRECTION('ref_axis',(-0.196116135138184,0.98058067569092,0.));
#5570=DIRECTION('',(0.196116135138184,-0.98058067569092,0.));
#5571=DIRECTION('',(-0.196116135138184,0.98058067569092,0.));
#5572=DIRECTION('',(0.,0.,1.));
#5573=DIRECTION('center_axis',(0.999200958721789,0.0399680383488716,0.));
#5574=DIRECTION('ref_axis',(-0.0399680383488716,0.999200958721789,0.));
#5575=DIRECTION('',(0.0399680383488716,-0.999200958721789,0.));
#5576=DIRECTION('',(-0.0399680383488716,0.999200958721789,0.));
#5577=DIRECTION('',(0.,0.,1.));
#5578=DIRECTION('center_axis',(0.,-1.,0.));
#5579=DIRECTION('ref_axis',(1.,0.,0.));
#5580=DIRECTION('',(-1.,0.,0.));
#5581=DIRECTION('',(1.,0.,0.));
#5582=DIRECTION('center_axis',(0.,0.,1.));
#5583=DIRECTION('ref_axis',(1.,0.,0.));
#5584=DIRECTION('center_axis',(0.,0.,1.));
#5585=DIRECTION('ref_axis',(1.,0.,0.));
#5586=DIRECTION('center_axis',(0.,-1.,0.));
#5587=DIRECTION('ref_axis',(1.,0.,0.));
#5588=DIRECTION('',(1.,0.,0.));
#5589=DIRECTION('',(0.,0.,1.));
#5590=DIRECTION('',(1.,0.,0.));
#5591=DIRECTION('',(0.,0.,1.));
#5592=DIRECTION('center_axis',(-0.999938277319942,0.0111104253035549,0.));
#5593=DIRECTION('ref_axis',(-0.0111104253035549,-0.999938277319943,0.));
#5594=DIRECTION('',(-0.0111104253035549,-0.999938277319943,0.));
#5595=DIRECTION('',(-0.0111104253035549,-0.999938277319943,0.));
#5596=DIRECTION('',(0.,0.,1.));
#5597=DIRECTION('center_axis',(-0.966234939601246,0.257662650560332,0.));
#5598=DIRECTION('ref_axis',(-0.257662650560332,-0.966234939601246,0.));
#5599=DIRECTION('',(-0.257662650560332,-0.966234939601246,0.));
#5600=DIRECTION('',(-0.257662650560332,-0.966234939601246,0.));
#5601=DIRECTION('',(0.,0.,1.));
#5602=DIRECTION('center_axis',(0.9998611400396,0.0166643523339933,0.));
#5603=DIRECTION('ref_axis',(-0.0166643523339933,0.9998611400396,0.));
#5604=DIRECTION('',(-0.0166643523339933,0.9998611400396,0.));
#5605=DIRECTION('',(-0.0166643523339933,0.9998611400396,0.));
#5606=DIRECTION('center_axis',(0.,0.,1.));
#5607=DIRECTION('ref_axis',(1.,0.,0.));
#5608=DIRECTION('center_axis',(0.,0.,1.));
#5609=DIRECTION('ref_axis',(1.,0.,0.));
#5610=DIRECTION('center_axis',(-0.9998611400396,0.0166643523339933,0.));
#5611=DIRECTION('ref_axis',(-0.0166643523339933,-0.9998611400396,0.));
#5612=DIRECTION('',(0.0166643523339933,0.9998611400396,0.));
#5613=DIRECTION('',(0.,0.,1.));
#5614=DIRECTION('',(-0.0166643523339933,-0.9998611400396,0.));
#5615=DIRECTION('',(0.,0.,1.));
#5616=DIRECTION('center_axis',(0.966234939601246,0.257662650560332,0.));
#5617=DIRECTION('ref_axis',(-0.257662650560332,0.966234939601246,0.));
#5618=DIRECTION('',(0.257662650560332,-0.966234939601246,0.));
#5619=DIRECTION('',(-0.257662650560332,0.966234939601246,0.));
#5620=DIRECTION('',(0.,0.,1.));
#5621=DIRECTION('center_axis',(0.999938277319942,0.0111104253035549,0.));
#5622=DIRECTION('ref_axis',(-0.0111104253035549,0.999938277319943,0.));
#5623=DIRECTION('',(0.0111104253035549,-0.999938277319943,0.));
#5624=DIRECTION('',(-0.0111104253035549,0.999938277319943,0.));
#5625=DIRECTION('',(0.,0.,1.));
#5626=DIRECTION('center_axis',(0.,-1.,0.));
#5627=DIRECTION('ref_axis',(1.,0.,0.));
#5628=DIRECTION('',(-1.,0.,0.));
#5629=DIRECTION('',(1.,0.,0.));
#5630=DIRECTION('center_axis',(0.,0.,1.));
#5631=DIRECTION('ref_axis',(1.,0.,0.));
#5632=DIRECTION('center_axis',(0.,0.,1.));
#5633=DIRECTION('ref_axis',(1.,0.,0.));
#5634=DIRECTION('center_axis',(-1.,0.,0.));
#5635=DIRECTION('ref_axis',(0.,-1.,0.));
#5636=DIRECTION('',(0.,1.,0.));
#5637=DIRECTION('',(0.,0.,1.));
#5638=DIRECTION('',(0.,-1.,0.));
#5639=DIRECTION('',(0.,0.,1.));
#5640=DIRECTION('center_axis',(0.,1.,0.));
#5641=DIRECTION('ref_axis',(-1.,0.,0.));
#5642=DIRECTION('',(1.,0.,0.));
#5643=DIRECTION('',(-1.,0.,0.));
#5644=DIRECTION('',(0.,0.,1.));
#5645=DIRECTION('center_axis',(1.,0.,0.));
#5646=DIRECTION('ref_axis',(0.,1.,0.));
#5647=DIRECTION('',(0.,-1.,0.));
#5648=DIRECTION('',(0.,1.,0.));
#5649=DIRECTION('',(0.,0.,1.));
#5650=DIRECTION('center_axis',(0.,-1.,0.));
#5651=DIRECTION('ref_axis',(1.,0.,0.));
#5652=DIRECTION('',(-1.,0.,0.));
#5653=DIRECTION('',(1.,0.,0.));
#5654=DIRECTION('center_axis',(0.,0.,1.));
#5655=DIRECTION('ref_axis',(1.,0.,0.));
#5656=DIRECTION('center_axis',(0.,0.,1.));
#5657=DIRECTION('ref_axis',(1.,0.,0.));
#5658=DIRECTION('center_axis',(-1.,0.,0.));
#5659=DIRECTION('ref_axis',(0.,-1.,0.));
#5660=DIRECTION('',(0.,1.,0.));
#5661=DIRECTION('',(0.,0.,1.));
#5662=DIRECTION('',(0.,-1.,0.));
#5663=DIRECTION('',(0.,0.,1.));
#5664=DIRECTION('center_axis',(0.,1.,0.));
#5665=DIRECTION('ref_axis',(-1.,0.,0.));
#5666=DIRECTION('',(1.,0.,0.));
#5667=DIRECTION('',(-1.,0.,0.));
#5668=DIRECTION('',(0.,0.,1.));
#5669=DIRECTION('center_axis',(1.,0.,0.));
#5670=DIRECTION('ref_axis',(0.,1.,0.));
#5671=DIRECTION('',(0.,-1.,0.));
#5672=DIRECTION('',(0.,1.,0.));
#5673=DIRECTION('',(0.,0.,1.));
#5674=DIRECTION('center_axis',(0.,-1.,0.));
#5675=DIRECTION('ref_axis',(1.,0.,0.));
#5676=DIRECTION('',(-1.,0.,0.));
#5677=DIRECTION('',(1.,0.,0.));
#5678=DIRECTION('center_axis',(0.,0.,1.));
#5679=DIRECTION('ref_axis',(1.,0.,0.));
#5680=DIRECTION('center_axis',(0.,0.,1.));
#5681=DIRECTION('ref_axis',(1.,0.,0.));
#5682=DIRECTION('center_axis',(0.,1.,0.));
#5683=DIRECTION('ref_axis',(1.,0.,0.));
#5684=DIRECTION('center_axis',(0.,1.,0.));
#5685=DIRECTION('ref_axis',(1.,0.,0.));
#5686=DIRECTION('',(0.,-1.,0.));
#5687=DIRECTION('center_axis',(0.,1.,0.));
#5688=DIRECTION('ref_axis',(1.,0.,0.));
#5689=DIRECTION('center_axis',(0.,1.,0.));
#5690=DIRECTION('ref_axis',(1.,0.,0.));
#5691=DIRECTION('center_axis',(0.,1.,0.));
#5692=DIRECTION('ref_axis',(1.,0.,0.));
#5693=DIRECTION('center_axis',(0.,1.,0.));
#5694=DIRECTION('ref_axis',(1.,0.,0.));
#5695=DIRECTION('center_axis',(0.,1.,0.));
#5696=DIRECTION('ref_axis',(1.,0.,0.));
#5697=DIRECTION('',(0.,-1.,0.));
#5698=DIRECTION('center_axis',(0.,1.,0.));
#5699=DIRECTION('ref_axis',(1.,0.,0.));
#5700=DIRECTION('center_axis',(0.,1.,0.));
#5701=DIRECTION('ref_axis',(1.,0.,0.));
#5702=DIRECTION('center_axis',(0.,1.,0.));
#5703=DIRECTION('ref_axis',(1.,0.,0.));
#5704=DIRECTION('center_axis',(0.,0.,-1.));
#5705=DIRECTION('ref_axis',(-1.,0.,0.));
#5706=DIRECTION('',(-1.,0.,0.));
#5707=DIRECTION('',(0.,1.,0.));
#5708=DIRECTION('',(-1.,0.,0.));
#5709=DIRECTION('',(0.,1.,0.));
#5710=DIRECTION('center_axis',(1.,0.,0.));
#5711=DIRECTION('ref_axis',(0.,0.,-1.));
#5712=DIRECTION('',(0.,0.,-1.));
#5713=DIRECTION('',(0.,0.,-1.));
#5714=DIRECTION('',(0.,1.,0.));
#5715=DIRECTION('center_axis',(0.,0.,1.));
#5716=DIRECTION('ref_axis',(1.,0.,0.));
#5717=DIRECTION('',(1.,0.,0.));
#5718=DIRECTION('',(1.,0.,0.));
#5719=DIRECTION('',(0.,1.,0.));
#5720=DIRECTION('center_axis',(-1.,0.,0.));
#5721=DIRECTION('ref_axis',(0.,0.,1.));
#5722=DIRECTION('',(0.,0.,1.));
#5723=DIRECTION('',(0.,0.,1.));
#5724=DIRECTION('center_axis',(0.,1.,0.));
#5725=DIRECTION('ref_axis',(0.,0.,1.));
#5726=DIRECTION('center_axis',(0.,1.,0.));
#5727=DIRECTION('ref_axis',(1.,0.,0.));
#5728=DIRECTION('center_axis',(0.,0.,-1.));
#5729=DIRECTION('ref_axis',(-1.,0.,0.));
#5730=DIRECTION('',(-1.,0.,0.));
#5731=DIRECTION('',(0.,1.,0.));
#5732=DIRECTION('',(-1.,0.,0.));
#5733=DIRECTION('',(0.,1.,0.));
#5734=DIRECTION('center_axis',(1.,0.,0.));
#5735=DIRECTION('ref_axis',(0.,0.,-1.));
#5736=DIRECTION('',(0.,0.,-1.));
#5737=DIRECTION('',(0.,0.,-1.));
#5738=DIRECTION('',(0.,1.,0.));
#5739=DIRECTION('center_axis',(0.,0.,1.));
#5740=DIRECTION('ref_axis',(1.,0.,0.));
#5741=DIRECTION('',(1.,0.,0.));
#5742=DIRECTION('',(1.,0.,0.));
#5743=DIRECTION('',(0.,1.,0.));
#5744=DIRECTION('center_axis',(-1.,0.,0.));
#5745=DIRECTION('ref_axis',(0.,0.,1.));
#5746=DIRECTION('',(0.,0.,1.));
#5747=DIRECTION('',(0.,0.,1.));
#5748=DIRECTION('center_axis',(0.,1.,0.));
#5749=DIRECTION('ref_axis',(0.,0.,1.));
#5750=DIRECTION('center_axis',(0.,1.,0.));
#5751=DIRECTION('ref_axis',(1.,0.,0.));
#5752=DIRECTION('center_axis',(0.,0.,-1.));
#5753=DIRECTION('ref_axis',(-1.,0.,0.));
#5754=DIRECTION('',(-1.,0.,0.));
#5755=DIRECTION('',(0.,1.,0.));
#5756=DIRECTION('',(-1.,0.,0.));
#5757=DIRECTION('',(0.,1.,0.));
#5758=DIRECTION('center_axis',(1.,0.,0.));
#5759=DIRECTION('ref_axis',(0.,0.,-1.));
#5760=DIRECTION('',(0.,0.,-1.));
#5761=DIRECTION('',(0.,0.,-1.));
#5762=DIRECTION('',(0.,1.,0.));
#5763=DIRECTION('center_axis',(0.,0.,1.));
#5764=DIRECTION('ref_axis',(1.,0.,0.));
#5765=DIRECTION('',(1.,0.,0.));
#5766=DIRECTION('',(1.,0.,0.));
#5767=DIRECTION('',(0.,1.,0.));
#5768=DIRECTION('center_axis',(-1.,0.,0.));
#5769=DIRECTION('ref_axis',(0.,0.,1.));
#5770=DIRECTION('',(0.,0.,1.));
#5771=DIRECTION('',(0.,0.,1.));
#5772=DIRECTION('center_axis',(0.,1.,0.));
#5773=DIRECTION('ref_axis',(0.,0.,1.));
#5774=DIRECTION('center_axis',(0.,1.,0.));
#5775=DIRECTION('ref_axis',(1.,0.,0.));
#5776=DIRECTION('center_axis',(0.,0.,-1.));
#5777=DIRECTION('ref_axis',(-1.,0.,0.));
#5778=DIRECTION('',(-1.,0.,0.));
#5779=DIRECTION('',(0.,1.,0.));
#5780=DIRECTION('',(-1.,0.,0.));
#5781=DIRECTION('',(0.,1.,0.));
#5782=DIRECTION('center_axis',(1.,0.,0.));
#5783=DIRECTION('ref_axis',(0.,0.,-1.));
#5784=DIRECTION('',(0.,0.,-1.));
#5785=DIRECTION('',(0.,0.,-1.));
#5786=DIRECTION('',(0.,1.,0.));
#5787=DIRECTION('center_axis',(0.,0.,1.));
#5788=DIRECTION('ref_axis',(1.,0.,0.));
#5789=DIRECTION('',(1.,0.,0.));
#5790=DIRECTION('',(1.,0.,0.));
#5791=DIRECTION('',(0.,1.,0.));
#5792=DIRECTION('center_axis',(-1.,0.,0.));
#5793=DIRECTION('ref_axis',(0.,0.,1.));
#5794=DIRECTION('',(0.,0.,1.));
#5795=DIRECTION('',(0.,0.,1.));
#5796=DIRECTION('center_axis',(0.,1.,0.));
#5797=DIRECTION('ref_axis',(0.,0.,1.));
#5798=DIRECTION('center_axis',(0.,1.,0.));
#5799=DIRECTION('ref_axis',(1.,0.,0.));
#5800=DIRECTION('center_axis',(0.,0.,-1.));
#5801=DIRECTION('ref_axis',(-1.,0.,0.));
#5802=DIRECTION('',(-1.,0.,0.));
#5803=DIRECTION('',(0.,1.,0.));
#5804=DIRECTION('',(-1.,0.,0.));
#5805=DIRECTION('',(0.,1.,0.));
#5806=DIRECTION('center_axis',(1.,0.,0.));
#5807=DIRECTION('ref_axis',(0.,0.,-1.));
#5808=DIRECTION('',(0.,0.,-1.));
#5809=DIRECTION('',(0.,0.,-1.));
#5810=DIRECTION('',(0.,1.,0.));
#5811=DIRECTION('center_axis',(0.,0.,1.));
#5812=DIRECTION('ref_axis',(1.,0.,0.));
#5813=DIRECTION('',(1.,0.,0.));
#5814=DIRECTION('',(1.,0.,0.));
#5815=DIRECTION('',(0.,1.,0.));
#5816=DIRECTION('center_axis',(-1.,0.,0.));
#5817=DIRECTION('ref_axis',(0.,0.,1.));
#5818=DIRECTION('',(0.,0.,1.));
#5819=DIRECTION('',(0.,0.,1.));
#5820=DIRECTION('center_axis',(0.,1.,0.));
#5821=DIRECTION('ref_axis',(0.,0.,1.));
#5822=DIRECTION('center_axis',(0.,1.,0.));
#5823=DIRECTION('ref_axis',(1.,0.,0.));
#5824=DIRECTION('center_axis',(0.,0.,-1.));
#5825=DIRECTION('ref_axis',(-1.,0.,0.));
#5826=DIRECTION('',(-1.,0.,0.));
#5827=DIRECTION('',(0.,1.,0.));
#5828=DIRECTION('',(-1.,0.,0.));
#5829=DIRECTION('',(0.,1.,0.));
#5830=DIRECTION('center_axis',(1.,0.,0.));
#5831=DIRECTION('ref_axis',(0.,0.,-1.));
#5832=DIRECTION('',(0.,0.,-1.));
#5833=DIRECTION('',(0.,0.,-1.));
#5834=DIRECTION('',(0.,1.,0.));
#5835=DIRECTION('center_axis',(0.,0.,1.));
#5836=DIRECTION('ref_axis',(1.,0.,0.));
#5837=DIRECTION('',(1.,0.,0.));
#5838=DIRECTION('',(1.,0.,0.));
#5839=DIRECTION('',(0.,1.,0.));
#5840=DIRECTION('center_axis',(-1.,0.,0.));
#5841=DIRECTION('ref_axis',(0.,0.,1.));
#5842=DIRECTION('',(0.,0.,1.));
#5843=DIRECTION('',(0.,0.,1.));
#5844=DIRECTION('center_axis',(0.,1.,0.));
#5845=DIRECTION('ref_axis',(0.,0.,1.));
#5846=DIRECTION('center_axis',(0.,1.,0.));
#5847=DIRECTION('ref_axis',(1.,0.,0.));
#5848=DIRECTION('center_axis',(0.,0.,-1.));
#5849=DIRECTION('ref_axis',(-1.,0.,0.));
#5850=DIRECTION('',(-1.,0.,0.));
#5851=DIRECTION('',(0.,1.,0.));
#5852=DIRECTION('',(-1.,0.,0.));
#5853=DIRECTION('',(0.,1.,0.));
#5854=DIRECTION('center_axis',(1.,0.,0.));
#5855=DIRECTION('ref_axis',(0.,0.,-1.));
#5856=DIRECTION('',(0.,0.,-1.));
#5857=DIRECTION('',(0.,0.,-1.));
#5858=DIRECTION('',(0.,1.,0.));
#5859=DIRECTION('center_axis',(0.,0.,1.));
#5860=DIRECTION('ref_axis',(1.,0.,0.));
#5861=DIRECTION('',(1.,0.,0.));
#5862=DIRECTION('',(1.,0.,0.));
#5863=DIRECTION('',(0.,1.,0.));
#5864=DIRECTION('center_axis',(-1.,0.,0.));
#5865=DIRECTION('ref_axis',(0.,0.,1.));
#5866=DIRECTION('',(0.,0.,1.));
#5867=DIRECTION('',(0.,0.,1.));
#5868=DIRECTION('center_axis',(0.,1.,0.));
#5869=DIRECTION('ref_axis',(0.,0.,1.));
#5870=DIRECTION('center_axis',(0.,1.,0.));
#5871=DIRECTION('ref_axis',(1.,0.,0.));
#5872=DIRECTION('center_axis',(0.,0.,-1.));
#5873=DIRECTION('ref_axis',(-1.,0.,0.));
#5874=DIRECTION('',(-1.,0.,0.));
#5875=DIRECTION('',(0.,1.,0.));
#5876=DIRECTION('',(-1.,0.,0.));
#5877=DIRECTION('',(0.,1.,0.));
#5878=DIRECTION('center_axis',(1.,0.,0.));
#5879=DIRECTION('ref_axis',(0.,0.,-1.));
#5880=DIRECTION('',(0.,0.,-1.));
#5881=DIRECTION('',(0.,0.,-1.));
#5882=DIRECTION('',(0.,1.,0.));
#5883=DIRECTION('center_axis',(0.,0.,1.));
#5884=DIRECTION('ref_axis',(1.,0.,0.));
#5885=DIRECTION('',(1.,0.,0.));
#5886=DIRECTION('',(1.,0.,0.));
#5887=DIRECTION('',(0.,1.,0.));
#5888=DIRECTION('center_axis',(-1.,0.,0.));
#5889=DIRECTION('ref_axis',(0.,0.,1.));
#5890=DIRECTION('',(0.,0.,1.));
#5891=DIRECTION('',(0.,0.,1.));
#5892=DIRECTION('center_axis',(0.,1.,0.));
#5893=DIRECTION('ref_axis',(0.,0.,1.));
#5894=DIRECTION('center_axis',(0.,1.,0.));
#5895=DIRECTION('ref_axis',(1.,0.,0.));
#5896=DIRECTION('center_axis',(0.,0.,-1.));
#5897=DIRECTION('ref_axis',(-1.,0.,0.));
#5898=DIRECTION('',(-1.,0.,0.));
#5899=DIRECTION('',(0.,1.,0.));
#5900=DIRECTION('',(-1.,0.,0.));
#5901=DIRECTION('',(0.,1.,0.));
#5902=DIRECTION('center_axis',(1.,0.,0.));
#5903=DIRECTION('ref_axis',(0.,0.,-1.));
#5904=DIRECTION('',(0.,0.,-1.));
#5905=DIRECTION('',(0.,0.,-1.));
#5906=DIRECTION('',(0.,1.,0.));
#5907=DIRECTION('center_axis',(0.,0.,1.));
#5908=DIRECTION('ref_axis',(1.,0.,0.));
#5909=DIRECTION('',(1.,0.,0.));
#5910=DIRECTION('',(1.,0.,0.));
#5911=DIRECTION('',(0.,1.,0.));
#5912=DIRECTION('center_axis',(-1.,0.,0.));
#5913=DIRECTION('ref_axis',(0.,0.,1.));
#5914=DIRECTION('',(0.,0.,1.));
#5915=DIRECTION('',(0.,0.,1.));
#5916=DIRECTION('center_axis',(0.,1.,0.));
#5917=DIRECTION('ref_axis',(0.,0.,1.));
#5918=DIRECTION('center_axis',(0.,1.,0.));
#5919=DIRECTION('ref_axis',(1.,0.,0.));
#5920=DIRECTION('center_axis',(0.,0.,-1.));
#5921=DIRECTION('ref_axis',(-1.,0.,0.));
#5922=DIRECTION('',(-1.,0.,0.));
#5923=DIRECTION('',(0.,1.,0.));
#5924=DIRECTION('',(-1.,0.,0.));
#5925=DIRECTION('',(0.,1.,0.));
#5926=DIRECTION('center_axis',(1.,0.,0.));
#5927=DIRECTION('ref_axis',(0.,0.,-1.));
#5928=DIRECTION('',(0.,0.,-1.));
#5929=DIRECTION('',(0.,0.,-1.));
#5930=DIRECTION('',(0.,1.,0.));
#5931=DIRECTION('center_axis',(0.,0.,1.));
#5932=DIRECTION('ref_axis',(1.,0.,0.));
#5933=DIRECTION('',(1.,0.,0.));
#5934=DIRECTION('',(1.,0.,0.));
#5935=DIRECTION('',(0.,1.,0.));
#5936=DIRECTION('center_axis',(-1.,0.,0.));
#5937=DIRECTION('ref_axis',(0.,0.,1.));
#5938=DIRECTION('',(0.,0.,1.));
#5939=DIRECTION('',(0.,0.,1.));
#5940=DIRECTION('center_axis',(0.,1.,0.));
#5941=DIRECTION('ref_axis',(0.,0.,1.));
#5942=DIRECTION('center_axis',(0.,1.,0.));
#5943=DIRECTION('ref_axis',(1.,0.,0.));
#5944=DIRECTION('center_axis',(0.,0.,1.));
#5945=DIRECTION('ref_axis',(1.,0.,0.));
#5946=DIRECTION('center_axis',(0.,0.,-1.));
#5947=DIRECTION('ref_axis',(1.,0.,0.));
#5948=DIRECTION('center_axis',(0.,0.,1.));
#5949=DIRECTION('ref_axis',(1.,0.,0.));
#5950=DIRECTION('center_axis',(0.,0.,1.));
#5951=DIRECTION('ref_axis',(1.,0.,0.));
#5952=DIRECTION('',(0.,0.,-1.));
#5953=DIRECTION('center_axis',(0.,0.,1.));
#5954=DIRECTION('ref_axis',(1.,0.,0.));
#5955=DIRECTION('center_axis',(0.,0.,1.));
#5956=DIRECTION('ref_axis',(1.,0.,0.));
#5957=DIRECTION('center_axis',(0.,0.,-1.));
#5958=DIRECTION('ref_axis',(1.,0.,0.));
#5959=DIRECTION('center_axis',(0.,0.,1.));
#5960=DIRECTION('ref_axis',(1.,0.,0.));
#5961=DIRECTION('center_axis',(0.,0.,1.));
#5962=DIRECTION('ref_axis',(1.,0.,0.));
#5963=DIRECTION('',(0.,0.,-1.));
#5964=DIRECTION('center_axis',(0.,0.,1.));
#5965=DIRECTION('ref_axis',(1.,0.,0.));
#5966=DIRECTION('center_axis',(0.,0.,1.));
#5967=DIRECTION('ref_axis',(1.,0.,0.));
#5968=DIRECTION('center_axis',(0.,0.,-1.));
#5969=DIRECTION('ref_axis',(1.,0.,0.));
#5970=DIRECTION('center_axis',(0.,0.,1.));
#5971=DIRECTION('ref_axis',(1.,0.,0.));
#5972=DIRECTION('center_axis',(0.,0.,1.));
#5973=DIRECTION('ref_axis',(1.,0.,0.));
#5974=DIRECTION('',(0.,0.,-1.));
#5975=DIRECTION('center_axis',(0.,0.,1.));
#5976=DIRECTION('ref_axis',(1.,0.,0.));
#5977=DIRECTION('center_axis',(0.,0.,1.));
#5978=DIRECTION('ref_axis',(1.,0.,0.));
#5979=DIRECTION('center_axis',(0.,0.,-1.));
#5980=DIRECTION('ref_axis',(1.,0.,0.));
#5981=DIRECTION('center_axis',(0.,0.,1.));
#5982=DIRECTION('ref_axis',(1.,0.,0.));
#5983=DIRECTION('center_axis',(0.,0.,1.));
#5984=DIRECTION('ref_axis',(1.,0.,0.));
#5985=DIRECTION('',(0.,0.,-1.));
#5986=DIRECTION('center_axis',(0.,0.,1.));
#5987=DIRECTION('ref_axis',(1.,0.,0.));
#5988=DIRECTION('center_axis',(0.,0.,1.));
#5989=DIRECTION('ref_axis',(1.,0.,0.));
#5990=DIRECTION('center_axis',(0.,0.,-1.));
#5991=DIRECTION('ref_axis',(1.,0.,0.));
#5992=DIRECTION('center_axis',(0.,0.,1.));
#5993=DIRECTION('ref_axis',(1.,0.,0.));
#5994=DIRECTION('center_axis',(0.,0.,1.));
#5995=DIRECTION('ref_axis',(1.,0.,0.));
#5996=DIRECTION('',(0.,0.,-1.));
#5997=DIRECTION('center_axis',(0.,0.,1.));
#5998=DIRECTION('ref_axis',(1.,0.,0.));
#5999=DIRECTION('center_axis',(0.,0.,1.));
#6000=DIRECTION('ref_axis',(1.,0.,0.));
#6001=DIRECTION('center_axis',(0.,0.,-1.));
#6002=DIRECTION('ref_axis',(1.,0.,0.));
#6003=DIRECTION('center_axis',(0.,0.,1.));
#6004=DIRECTION('ref_axis',(1.,0.,0.));
#6005=DIRECTION('center_axis',(0.,0.,1.));
#6006=DIRECTION('ref_axis',(1.,0.,0.));
#6007=DIRECTION('',(0.,0.,-1.));
#6008=DIRECTION('center_axis',(0.,0.,1.));
#6009=DIRECTION('ref_axis',(1.,0.,0.));
#6010=CARTESIAN_POINT('',(0.,0.,0.));
#6011=CARTESIAN_POINT('Origin',(-3645.,-2800.,0.));
#6012=CARTESIAN_POINT('',(-3555.,-2800.,48.7620898434249));
#6013=CARTESIAN_POINT('',(-3645.,-2800.,49.222051670489));
#6014=CARTESIAN_POINT('Ctrl Pts',(-3555.,-2800.,48.7620898434249));
#6015=CARTESIAN_POINT('Ctrl Pts',(-3585.00278446951,-2800.,48.9387099008388));
#6016=CARTESIAN_POINT('Ctrl Pts',(-3614.99652457767,-2800.,49.0925233696683));
#6017=CARTESIAN_POINT('Ctrl Pts',(-3645.,-2800.,49.222051670489));
#6018=CARTESIAN_POINT('',(-3555.,-2800.,240.));
#6019=CARTESIAN_POINT('',(-3555.,-2800.,0.));
#6020=CARTESIAN_POINT('',(-3645.,-2800.,240.));
#6021=CARTESIAN_POINT('',(-3555.,-2800.,240.));
#6022=CARTESIAN_POINT('',(-3645.,-2800.,0.));
#6023=CARTESIAN_POINT('Origin',(-3555.,-2800.,0.));
#6024=CARTESIAN_POINT('',(-3555.,-2263.39926211491,68.7132553141824));
#6025=CARTESIAN_POINT('Ctrl Pts',(-3555.,-2263.39926211491,68.7132553141825));
#6026=CARTESIAN_POINT('Ctrl Pts',(-3555.,-2442.26617474327,62.06286682393));
#6027=CARTESIAN_POINT('Ctrl Pts',(-3555.,-2621.13308737164,55.4124783336774));
#6028=CARTESIAN_POINT('Ctrl Pts',(-3555.,-2800.,48.7620898434249));
#6029=CARTESIAN_POINT('',(-3555.,-1505.09378957757,24.3030303030303));
#6030=CARTESIAN_POINT('Ctrl Pts',(-3555.,-1505.09378957756,24.3030303030303));
#6031=CARTESIAN_POINT('Ctrl Pts',(-3555.,-1631.47803500046,31.7047344715557));
#6032=CARTESIAN_POINT('Ctrl Pts',(-3555.,-1757.86228042335,39.106438640081));
#6033=CARTESIAN_POINT('Ctrl Pts',(-3555.,-2010.63077126913,53.9098469771317));
#6034=CARTESIAN_POINT('Ctrl Pts',(-3555.,-2137.01501669202,61.3115511456571));
#6035=CARTESIAN_POINT('Ctrl Pts',(-3555.,-2263.39926211491,68.7132553141825));
#6036=CARTESIAN_POINT('',(-3555.,-1871.99000664078,0.));
#6037=CARTESIAN_POINT('Ctrl Pts',(-3555.,-1871.99000664078,0.));
#6038=CARTESIAN_POINT('Ctrl Pts',(-3555.,-1749.69126761971,8.10101010101011));
#6039=CARTESIAN_POINT('Ctrl Pts',(-3555.,-1627.39252859864,16.2020202020202));
#6040=CARTESIAN_POINT('Ctrl Pts',(-3555.,-1505.09378957756,24.3030303030303));
#6041=CARTESIAN_POINT('',(-3555.,-1200.,0.));
#6042=CARTESIAN_POINT('',(-3555.,-1200.,0.));
#6043=CARTESIAN_POINT('',(-3555.,-1200.,240.));
#6044=CARTESIAN_POINT('',(-3555.,-1200.,0.));
#6045=CARTESIAN_POINT('',(-3555.,-1200.,240.));
#6046=CARTESIAN_POINT('Origin',(-3645.,-1200.,0.));
#6047=CARTESIAN_POINT('',(-3645.,-2322.84031206315,66.1122760378726));
#6048=CARTESIAN_POINT('Ctrl Pts',(-3645.,-2800.,49.222051670489));
#6049=CARTESIAN_POINT('Ctrl Pts',(-3645.,-2640.94677068772,54.8521264596169));
#6050=CARTESIAN_POINT('Ctrl Pts',(-3645.,-2481.89354137543,60.4822012487448));
#6051=CARTESIAN_POINT('Ctrl Pts',(-3645.,-2322.84031206315,66.1122760378726));
#6052=CARTESIAN_POINT('',(-3645.,-1200.,240.));
#6053=CARTESIAN_POINT('',(-3645.,-2800.,240.));
#6054=CARTESIAN_POINT('',(-3645.,-1200.,0.));
#6055=CARTESIAN_POINT('',(-3645.,-1200.,0.));
#6056=CARTESIAN_POINT('',(-3645.,-1970.1752541509,0.));
#6057=CARTESIAN_POINT('',(-3645.,-2800.,0.));
#6058=CARTESIAN_POINT('',(-3645.,-1577.88365418571,25.3939393939394));
#6059=CARTESIAN_POINT('Ctrl Pts',(-3645.,-1577.88365418571,25.3939393939394));
#6060=CARTESIAN_POINT('Ctrl Pts',(-3645.,-1708.64752084078,16.9292929292929));
#6061=CARTESIAN_POINT('Ctrl Pts',(-3645.,-1839.41138749584,8.46464646464646));
#6062=CARTESIAN_POINT('Ctrl Pts',(-3645.,-1970.1752541509,0.));
#6063=CARTESIAN_POINT('Ctrl Pts',(-3645.,-2322.84031206315,66.1122760378726));
#6064=CARTESIAN_POINT('Ctrl Pts',(-3645.,-2198.68086908357,59.3258865972171));
#6065=CARTESIAN_POINT('Ctrl Pts',(-3645.,-2074.521426104,52.5394971565616));
#6066=CARTESIAN_POINT('Ctrl Pts',(-3645.,-1826.20254014486,38.9667182752505));
#6067=CARTESIAN_POINT('Ctrl Pts',(-3645.,-1702.04309716529,32.1803288345949));
#6068=CARTESIAN_POINT('Ctrl Pts',(-3645.,-1577.88365418571,25.3939393939394));
#6069=CARTESIAN_POINT('Origin',(-3555.,-1200.,0.));
#6070=CARTESIAN_POINT('',(-3645.,-1200.,0.));
#6071=CARTESIAN_POINT('',(-3645.,-1200.,240.));
#6072=CARTESIAN_POINT('Origin',(-3600.,-2000.,240.));
#6073=CARTESIAN_POINT('Origin',(-3600.,-2000.,0.));
#6074=CARTESIAN_POINT('Ctrl Pts',(-3645.,-1970.1752541509,-2.69490300095663E-15));
#6075=CARTESIAN_POINT('Ctrl Pts',(-3616.13132585915,-1938.69164356699,-2.69490300095663E-15));
#6076=CARTESIAN_POINT('Ctrl Pts',(-3585.14999870138,-1904.9091522453,-2.69490300095663E-15));
#6077=CARTESIAN_POINT('Ctrl Pts',(-3555.,-1871.99000664078,-2.69490300095663E-15));
#6078=CARTESIAN_POINT('Ctrl Pts',(-1550.,-1200.,-160.));
#6079=CARTESIAN_POINT('Ctrl Pts',(-2451.29723070492,-2243.9957720234,-120.290150726443));
#6080=CARTESIAN_POINT('Ctrl Pts',(-3551.29723070492,-2943.9957720234,-63.623484059776));
#6081=CARTESIAN_POINT('Ctrl Pts',(-4850.,-3300.,10.));
#6082=CARTESIAN_POINT('Ctrl Pts',(-1550.,-566.666666666667,-106.666666666667));
#6083=CARTESIAN_POINT('Ctrl Pts',(-2451.29723070492,-1701.70256300369,-76.5518288450833));
#6084=CARTESIAN_POINT('Ctrl Pts',(-3551.29723070492,-2512.8136741148,-34.3296066228611));
#6085=CARTESIAN_POINT('Ctrl Pts',(-4850.,-3000.,20.));
#6086=CARTESIAN_POINT('Ctrl Pts',(-1550.,66.6666666666668,-53.3333333333333));
#6087=CARTESIAN_POINT('Ctrl Pts',(-2451.29723070493,-1159.40935398399,-32.813506963724));
#6088=CARTESIAN_POINT('Ctrl Pts',(-3551.29723070492,-2081.63157620621,-5.03572918594621));
#6089=CARTESIAN_POINT('Ctrl Pts',(-4850.,-2700.,30.));
#6090=CARTESIAN_POINT('Ctrl Pts',(-1550.,700.,3.5527136788005E-14));
#6091=CARTESIAN_POINT('Ctrl Pts',(-2451.29723070492,-617.116144964282,10.9248149176355));
#6092=CARTESIAN_POINT('Ctrl Pts',(-3551.29723070492,-1650.44947829762,24.2581482509688));
#6093=CARTESIAN_POINT('Ctrl Pts',(-4850.,-2400.,40.));
#6094=CARTESIAN_POINT('',(-1550.,700.,3.5527136788005E-14));
#6095=CARTESIAN_POINT('Ctrl Pts',(-1550.,700.,3.5527136788005E-14));
#6096=CARTESIAN_POINT('Ctrl Pts',(-2041.02422198127,-17.5612087859565,5.95180875128818));
#6097=CARTESIAN_POINT('Ctrl Pts',(-2591.02422198127,-650.89454211929,12.6184754179548));
#6098=CARTESIAN_POINT('Ctrl Pts',(-3316.18656364169,-1304.76389789365,21.4083219835357));
#6099=CARTESIAN_POINT('Ctrl Pts',(-3434.51989697503,-1406.46182775284,22.8426654178791));
#6100=CARTESIAN_POINT('Ctrl Pts',(-3555.,-1505.09378957757,24.3030303030303));
#6101=CARTESIAN_POINT('',(-1550.,-1200.,-160.));
#6102=CARTESIAN_POINT('',(-1550.,-1200.,-160.));
#6103=CARTESIAN_POINT('',(-4770.,-3277.56297421893,5.47204409124473));
#6104=CARTESIAN_POINT('Ctrl Pts',(-1550.,-1200.,-160.));
#6105=CARTESIAN_POINT('Ctrl Pts',(-2041.02422198127,-1768.76599000375,-138.366184672184));
#6106=CARTESIAN_POINT('Ctrl Pts',(-2591.02422198127,-2235.43265667042,-111.699518005518));
#6107=CARTESIAN_POINT('Ctrl Pts',(-3685.80213140631,-2890.82863198083,-54.712141324019));
#6108=CARTESIAN_POINT('Ctrl Pts',(-4209.13546473964,-3116.68295672047,-26.2214599602708));
#6109=CARTESIAN_POINT('Ctrl Pts',(-4770.,-3277.56297421893,5.47204409124473));
#6110=CARTESIAN_POINT('',(-4770.,-2408.06573565672,37.0425635925367));
#6111=CARTESIAN_POINT('Ctrl Pts',(-4770.,-3277.56297421893,5.47204409124473));
#6112=CARTESIAN_POINT('Ctrl Pts',(-4770.,-3138.91572018636,10.5061783508014));
#6113=CARTESIAN_POINT('Ctrl Pts',(-4770.,-3000.26846615378,15.540312610358));
#6114=CARTESIAN_POINT('Ctrl Pts',(-4770.,-2710.43605329971,26.0638191107886));
#6115=CARTESIAN_POINT('Ctrl Pts',(-4770.,-2559.25089447821,31.5531913516627));
#6116=CARTESIAN_POINT('Ctrl Pts',(-4770.,-2408.06573565672,37.0425635925367));
#6117=CARTESIAN_POINT('',(-4850.,-2400.,40.));
#6118=CARTESIAN_POINT('Ctrl Pts',(-4770.,-2408.06573565672,37.0425635925367));
#6119=CARTESIAN_POINT('Ctrl Pts',(-4796.64526054431,-2405.20113904398,38.0929156838729));
#6120=CARTESIAN_POINT('Ctrl Pts',(-4823.31430611824,-2402.51056235877,39.07946046845));
#6121=CARTESIAN_POINT('Ctrl Pts',(-4850.,-2400.,40.));
#6122=CARTESIAN_POINT('Ctrl Pts',(-3645.,-1577.88365418571,25.3939393939394));
#6123=CARTESIAN_POINT('Ctrl Pts',(-4025.61499627703,-1881.98795677002,30.0074545003276));
#6124=CARTESIAN_POINT('Ctrl Pts',(-4427.28166294369,-2156.02673870812,34.8761413690144));
#6125=CARTESIAN_POINT('Ctrl Pts',(-4850.,-2400.,40.));
#6126=CARTESIAN_POINT('Ctrl Pts',(-1550.,700.,0.));
#6127=CARTESIAN_POINT('Ctrl Pts',(-2134.70679372896,-154.464800128562,7.08735507550251));
#6128=CARTESIAN_POINT('Ctrl Pts',(-2803.04012706229,-889.496063321084,15.1883651765126));
#6129=CARTESIAN_POINT('Ctrl Pts',(-3555.,-1505.09378957756,24.3030303030303));
#6130=CARTESIAN_POINT('Ctrl Pts',(-1550.,466.666666666667,53.3333333333333));
#6131=CARTESIAN_POINT('Ctrl Pts',(-2134.70679372896,-436.422033691479,45.1576477028874));
#6132=CARTESIAN_POINT('Ctrl Pts',(-2803.04012706229,-1177.93168272149,40.4153494718033));
#6133=CARTESIAN_POINT('Ctrl Pts',(-3555.,-1757.86228042335,39.106438640081));
#6134=CARTESIAN_POINT('Ctrl Pts',(-1550.,233.333333333333,106.666666666667));
#6135=CARTESIAN_POINT('Ctrl Pts',(-2134.70679372896,-718.379267254402,83.2279403302723));
#6136=CARTESIAN_POINT('Ctrl Pts',(-2803.04012706229,-1466.36730212189,65.642333767094));
#6137=CARTESIAN_POINT('Ctrl Pts',(-3555.,-2010.63077126913,53.9098469771317));
#6138=CARTESIAN_POINT('Ctrl Pts',(-1550.,0.,160.));
#6139=CARTESIAN_POINT('Ctrl Pts',(-2134.70679372896,-1000.33650081732,121.298232957657));
#6140=CARTESIAN_POINT('Ctrl Pts',(-2803.04012706229,-1754.80292152229,90.8693180623847));
#6141=CARTESIAN_POINT('Ctrl Pts',(-3555.,-2263.39926211491,68.7132553141824));
#6142=CARTESIAN_POINT('',(-2645.,-1485.3240784232,101.297990715103));
#6143=CARTESIAN_POINT('Ctrl Pts',(-2645.,-1485.3240784232,101.297990715103));
#6144=CARTESIAN_POINT('Ctrl Pts',(-2824.21132985798,-1673.9019666457,93.6260095881587));
#6145=CARTESIAN_POINT('Ctrl Pts',(-3009.21132985798,-1845.4606071713,86.5266793497908));
#6146=CARTESIAN_POINT('Ctrl Pts',(-3316.18656364169,-2094.11146367693,76.0253800968425));
#6147=CARTESIAN_POINT('Ctrl Pts',(-3434.51989697503,-2181.91121771524,72.2631318682367));
#6148=CARTESIAN_POINT('Ctrl Pts',(-3555.,-2263.39926211491,68.7132553141824));
#6149=CARTESIAN_POINT('',(-2645.,-1200.,70.8996647805379));
#6150=CARTESIAN_POINT('Ctrl Pts',(-2645.,-1485.3240784232,101.297990715103));
#6151=CARTESIAN_POINT('Ctrl Pts',(-2645.,-1390.21605228213,91.1652154035814));
#6152=CARTESIAN_POINT('Ctrl Pts',(-2645.,-1295.10802614107,81.0324400920598));
#6153=CARTESIAN_POINT('Ctrl Pts',(-2645.,-1200.,70.8996647805379));
#6154=CARTESIAN_POINT('',(-2555.,-1200.,83.9571856267033));
#6155=CARTESIAN_POINT('Ctrl Pts',(-2645.,-1200.,70.8996647805378));
#6156=CARTESIAN_POINT('Ctrl Pts',(-2614.97065147496,-1200.,74.9820232499804));
#6157=CARTESIAN_POINT('Ctrl Pts',(-2584.95049527684,-1200.,79.3275842050937));
#6158=CARTESIAN_POINT('Ctrl Pts',(-2555.,-1200.,83.9571856267033));
#6159=CARTESIAN_POINT('',(-2555.,-1388.6560299596,105.220593736295));
#6160=CARTESIAN_POINT('Ctrl Pts',(-2555.,-1200.,83.9571856267033));
#6161=CARTESIAN_POINT('Ctrl Pts',(-2555.,-1262.88534331987,91.0449883299007));
#6162=CARTESIAN_POINT('Ctrl Pts',(-2555.,-1325.77068663973,98.1327910330979));
#6163=CARTESIAN_POINT('Ctrl Pts',(-2555.,-1388.6560299596,105.220593736295));
#6164=CARTESIAN_POINT('',(-1550.,0.,160.));
#6165=CARTESIAN_POINT('Ctrl Pts',(-1550.,0.,160.));
#6166=CARTESIAN_POINT('Ctrl Pts',(-1861.29631789883,-532.576451486526,139.395283746191));
#6167=CARTESIAN_POINT('Ctrl Pts',(-2196.29631789883,-995.461794806393,121.135481658289));
#6168=CARTESIAN_POINT('Ctrl Pts',(-2555.,-1388.6560299596,105.220593736295));
#6169=CARTESIAN_POINT('',(-1550.,700.,0.));
#6170=CARTESIAN_POINT('Ctrl Pts',(-3645.,-1577.88365418571,25.3939393939394));
#6171=CARTESIAN_POINT('Ctrl Pts',(-4025.61499627702,-1881.98795677002,30.0074545003276));
#6172=CARTESIAN_POINT('Ctrl Pts',(-4427.28166294369,-2156.02673870812,34.8761413690144));
#6173=CARTESIAN_POINT('Ctrl Pts',(-4850.,-2400.,40.));
#6174=CARTESIAN_POINT('Ctrl Pts',(-3645.,-1826.20254014486,38.9667182752505));
#6175=CARTESIAN_POINT('Ctrl Pts',(-4025.61499627702,-2110.73169848063,38.4468440618978));
#6176=CARTESIAN_POINT('Ctrl Pts',(-4427.28166294369,-2354.58586360823,38.791271303481));
#6177=CARTESIAN_POINT('Ctrl Pts',(-4850.,-2557.76503552766,40.));
#6178=CARTESIAN_POINT('Ctrl Pts',(-3645.,-2074.521426104,52.5394971565616));
#6179=CARTESIAN_POINT('Ctrl Pts',(-4025.61499627703,-2339.47544019124,46.886233623468));
#6180=CARTESIAN_POINT('Ctrl Pts',(-4427.28166294369,-2553.14498850835,42.7064012379475));
#6181=CARTESIAN_POINT('Ctrl Pts',(-4850.,-2715.53007105532,40.));
#6182=CARTESIAN_POINT('Ctrl Pts',(-3645.,-2322.84031206315,66.1122760378726));
#6183=CARTESIAN_POINT('Ctrl Pts',(-4025.61499627702,-2568.21918190185,55.3256231850382));
#6184=CARTESIAN_POINT('Ctrl Pts',(-4427.28166294369,-2751.70411340846,46.621531172414));
#6185=CARTESIAN_POINT('Ctrl Pts',(-4850.,-2873.29510658297,40.));
#6186=CARTESIAN_POINT('',(-4770.,-2402.04155938309,39.2514282262));
#6187=CARTESIAN_POINT('Ctrl Pts',(-4850.,-2400.,40.));
#6188=CARTESIAN_POINT('Ctrl Pts',(-4823.35826437341,-2400.88071853311,39.6770698711928));
#6189=CARTESIAN_POINT('Ctrl Pts',(-4796.65451141721,-2401.55545728833,39.4296656609467));
#6190=CARTESIAN_POINT('Ctrl Pts',(-4770.,-2402.04155938309,39.2514282262));
#6191=CARTESIAN_POINT('',(-4770.,-2849.46748921469,41.2821157589183));
#6192=CARTESIAN_POINT('Ctrl Pts',(-4770.,-2402.04155938309,39.2514282262));
#6193=CARTESIAN_POINT('Ctrl Pts',(-4770.,-2551.18353599362,39.9283240704395));
#6194=CARTESIAN_POINT('Ctrl Pts',(-4770.,-2700.32551260416,40.6052199146789));
#6195=CARTESIAN_POINT('Ctrl Pts',(-4770.,-2849.46748921469,41.2821157589183));
#6196=CARTESIAN_POINT('Ctrl Pts',(-3645.,-2322.84031206315,66.1122760378726));
#6197=CARTESIAN_POINT('Ctrl Pts',(-4001.5284572144,-2552.69081914336,56.0082372119056));
#6198=CARTESIAN_POINT('Ctrl Pts',(-4376.5284572144,-2728.23321152721,47.7315171189208));
#6199=CARTESIAN_POINT('Ctrl Pts',(-4770.,-2849.46748921469,41.2821157589183));
#6200=CARTESIAN_POINT('Origin',(-2555.,-2800.,0.));
#6201=CARTESIAN_POINT('',(-2555.,-2800.,36.7599385869576));
#6202=CARTESIAN_POINT('Ctrl Pts',(-2555.,-1388.6560299596,105.220593736295));
#6203=CARTESIAN_POINT('Ctrl Pts',(-2555.,-1859.10401997307,82.4003753531827));
#6204=CARTESIAN_POINT('Ctrl Pts',(-2555.,-2329.55200998653,59.5801569700702));
#6205=CARTESIAN_POINT('Ctrl Pts',(-2555.,-2800.,36.7599385869576));
#6206=CARTESIAN_POINT('',(-2555.,-1200.,240.));
#6207=CARTESIAN_POINT('',(-2555.,-1200.,0.));
#6208=CARTESIAN_POINT('',(-2555.,-2800.,240.));
#6209=CARTESIAN_POINT('',(-2555.,-1200.,240.));
#6210=CARTESIAN_POINT('',(-2555.,-2800.,0.));
#6211=CARTESIAN_POINT('Origin',(-2555.,-1200.,0.));
#6212=CARTESIAN_POINT('',(-2645.,-1200.,240.));
#6213=CARTESIAN_POINT('',(-2645.,-1200.,0.));
#6214=CARTESIAN_POINT('',(-2645.,-1200.,240.));
#6215=CARTESIAN_POINT('Origin',(-2645.,-1200.,0.));
#6216=CARTESIAN_POINT('',(-2645.,-2800.,38.1768800182783));
#6217=CARTESIAN_POINT('Ctrl Pts',(-2645.,-2800.,38.1768800182783));
#6218=CARTESIAN_POINT('Ctrl Pts',(-2645.,-2361.77469280773,59.2172502505533));
#6219=CARTESIAN_POINT('Ctrl Pts',(-2645.,-1923.54938561547,80.2576204828284));
#6220=CARTESIAN_POINT('Ctrl Pts',(-2645.,-1485.3240784232,101.297990715103));
#6221=CARTESIAN_POINT('',(-2645.,-2800.,240.));
#6222=CARTESIAN_POINT('',(-2645.,-2800.,0.));
#6223=CARTESIAN_POINT('',(-2645.,-2800.,240.));
#6224=CARTESIAN_POINT('Origin',(-2645.,-2800.,0.));
#6225=CARTESIAN_POINT('Ctrl Pts',(-2555.,-2800.,36.7599385869576));
#6226=CARTESIAN_POINT('Ctrl Pts',(-2584.98856643877,-2800.,37.2379164149213));
#6227=CARTESIAN_POINT('Ctrl Pts',(-2615.00852694607,-2800.,37.7109462499714));
#6228=CARTESIAN_POINT('Ctrl Pts',(-2645.,-2800.,38.1768800182783));
#6229=CARTESIAN_POINT('',(-2555.,-2800.,240.));
#6230=CARTESIAN_POINT('Origin',(-2600.,-2000.,240.));
#6231=CARTESIAN_POINT('Ctrl Pts',(-1550.,0.,160.));
#6232=CARTESIAN_POINT('Ctrl Pts',(-2451.29723070492,-1541.97031337666,100.34309874152));
#6233=CARTESIAN_POINT('Ctrl Pts',(-3551.29723070492,-2499.73534890432,60.3430987415202));
#6234=CARTESIAN_POINT('Ctrl Pts',(-4850.,-2873.29510658297,40.));
#6235=CARTESIAN_POINT('Ctrl Pts',(-1550.,-1066.66666666667,106.666666666667));
#6236=CARTESIAN_POINT('Ctrl Pts',(-2451.29723070492,-2117.76489065328,70.5370041335587));
#6237=CARTESIAN_POINT('Ctrl Pts',(-3551.29723070492,-2811.83046989394,48.3147819113364));
#6238=CARTESIAN_POINT('Ctrl Pts',(-4850.,-3148.86340438865,40.));
#6239=CARTESIAN_POINT('Ctrl Pts',(-1550.,-2133.33333333333,53.3333333333333));
#6240=CARTESIAN_POINT('Ctrl Pts',(-2451.29723070493,-2693.5594679299,40.730909525597));
#6241=CARTESIAN_POINT('Ctrl Pts',(-3551.29723070492,-3123.92559088356,36.2864650811526));
#6242=CARTESIAN_POINT('Ctrl Pts',(-4850.,-3424.43170219432,40.));
#6243=CARTESIAN_POINT('Ctrl Pts',(-1550.,-3200.,0.));
#6244=CARTESIAN_POINT('Ctrl Pts',(-2451.29723070492,-3269.35404520651,10.9248149176354));
#6245=CARTESIAN_POINT('Ctrl Pts',(-3551.29723070492,-3436.02071187318,24.2581482509688));
#6246=CARTESIAN_POINT('Ctrl Pts',(-4850.,-3700.,40.));
#6247=CARTESIAN_POINT('',(-4770.,-3634.78771635516,39.1626130375315));
#6248=CARTESIAN_POINT('Ctrl Pts',(-4770.,-2849.46748921469,41.2821157589183));
#6249=CARTESIAN_POINT('Ctrl Pts',(-4770.,-2988.52479934614,40.9068136374824));
#6250=CARTESIAN_POINT('Ctrl Pts',(-4770.,-3127.58210947758,40.5315115160466));
#6251=CARTESIAN_POINT('Ctrl Pts',(-4770.,-3389.3555185244,39.8250106089176));
#6252=CARTESIAN_POINT('Ctrl Pts',(-4770.,-3512.07161743978,39.4938118232245));
#6253=CARTESIAN_POINT('Ctrl Pts',(-4770.,-3634.78771635516,39.1626130375315));
#6254=CARTESIAN_POINT('',(-4850.,-3634.92063492064,40.));
#6255=CARTESIAN_POINT('Ctrl Pts',(-4770.,-3634.78771635516,39.1626130375315));
#6256=CARTESIAN_POINT('Ctrl Pts',(-4782.2774413434,-3634.80915671281,39.2976870250153));
#6257=CARTESIAN_POINT('Ctrl Pts',(-4794.55036192989,-3634.83011024776,39.4296875732957));
#6258=CARTESIAN_POINT('Ctrl Pts',(-4806.82297299947,-3634.85058313627,39.5586667610153));
#6259=CARTESIAN_POINT('Ctrl Pts',(-4819.13450501372,-3634.8711209518,39.6880549889792));
#6260=CARTESIAN_POINT('Ctrl Pts',(-4831.44572554277,-3634.89117534481,39.8144026639014));
#6261=CARTESIAN_POINT('Ctrl Pts',(-4843.76093826436,-3634.91075608096,39.937762886259));
#6262=CARTESIAN_POINT('Ctrl Pts',(-4845.84050459878,-3634.91406251509,39.9585936888787));
#6263=CARTESIAN_POINT('Ctrl Pts',(-4847.92018488782,-3634.91735544568,39.9793393077556));
#6264=CARTESIAN_POINT('Ctrl Pts',(-4850.,-3634.92063492063,40.));
#6265=CARTESIAN_POINT('',(-4850.,-3700.,40.));
#6266=CARTESIAN_POINT('',(-4850.,-2400.,40.));
#6267=CARTESIAN_POINT('',(-1550.,-3200.,0.));
#6268=CARTESIAN_POINT('Ctrl Pts',(-1550.,-3200.,0.));
#6269=CARTESIAN_POINT('Ctrl Pts',(-2041.02422198127,-3237.78389073951,5.95180875128816));
#6270=CARTESIAN_POINT('Ctrl Pts',(-2591.02422198127,-3304.45055740618,12.6184754179548));
#6271=CARTESIAN_POINT('Ctrl Pts',(-3708.82688369108,-3479.83589309843,26.1675985901949));
#6272=CARTESIAN_POINT('Ctrl Pts',(-4258.82688369108,-3579.83589309843,32.8342652568616));
#6273=CARTESIAN_POINT('Ctrl Pts',(-4850.,-3700.,40.));
#6274=CARTESIAN_POINT('',(-1550.,-3042.58195829875,7.87090208506246));
#6275=CARTESIAN_POINT('',(-1550.,0.,160.));
#6276=CARTESIAN_POINT('',(-1550.,-2544.65623273051,32.7671883634746));
#6277=CARTESIAN_POINT('Ctrl Pts',(-1550.,-2544.65623273051,32.7671883634746));
#6278=CARTESIAN_POINT('Ctrl Pts',(-1563.52300771596,-2711.06982835839,24.6718220703302));
#6279=CARTESIAN_POINT('Ctrl Pts',(-1565.55474209523,-2876.54145024001,16.4239046499898));
#6280=CARTESIAN_POINT('Ctrl Pts',(-1550.,-3042.58195829876,7.87090208506209));
#6281=CARTESIAN_POINT('',(-1550.,0.,160.));
#6282=CARTESIAN_POINT('Origin',(3555.,-1200.,0.));
#6283=CARTESIAN_POINT('',(3555.,-1505.09378957757,24.3030303030303));
#6284=CARTESIAN_POINT('',(3555.,-1871.99000664078,0.));
#6285=CARTESIAN_POINT('Ctrl Pts',(3555.,-1505.09378957756,24.3030303030303));
#6286=CARTESIAN_POINT('Ctrl Pts',(3555.,-1627.39252859864,16.2020202020202));
#6287=CARTESIAN_POINT('Ctrl Pts',(3555.,-1749.69126761971,8.10101010101003));
#6288=CARTESIAN_POINT('Ctrl Pts',(3555.,-1871.99000664078,0.));
#6289=CARTESIAN_POINT('',(3555.,-2263.39926211491,68.7132553141825));
#6290=CARTESIAN_POINT('Ctrl Pts',(3555.,-2263.39926211491,68.7132553141825));
#6291=CARTESIAN_POINT('Ctrl Pts',(3555.,-2137.01501669202,61.3115511456571));
#6292=CARTESIAN_POINT('Ctrl Pts',(3555.,-2010.63077126913,53.9098469771317));
#6293=CARTESIAN_POINT('Ctrl Pts',(3555.,-1757.86228042335,39.106438640081));
#6294=CARTESIAN_POINT('Ctrl Pts',(3555.,-1631.47803500046,31.7047344715557));
#6295=CARTESIAN_POINT('Ctrl Pts',(3555.,-1505.09378957756,24.3030303030303));
#6296=CARTESIAN_POINT('',(3555.,-2800.,48.7620898434249));
#6297=CARTESIAN_POINT('Ctrl Pts',(3555.,-2800.,48.7620898434249));
#6298=CARTESIAN_POINT('Ctrl Pts',(3555.,-2621.13308737164,55.4124783336774));
#6299=CARTESIAN_POINT('Ctrl Pts',(3555.,-2442.26617474327,62.0628668239299));
#6300=CARTESIAN_POINT('Ctrl Pts',(3555.,-2263.39926211491,68.7132553141825));
#6301=CARTESIAN_POINT('',(3555.,-2800.,240.));
#6302=CARTESIAN_POINT('',(3555.,-2800.,0.));
#6303=CARTESIAN_POINT('',(3555.,-1200.,240.));
#6304=CARTESIAN_POINT('',(3555.,-2800.,240.));
#6305=CARTESIAN_POINT('',(3555.,-1200.,0.));
#6306=CARTESIAN_POINT('',(3555.,-1200.,0.));
#6307=CARTESIAN_POINT('',(3555.,-2800.,0.));
#6308=CARTESIAN_POINT('Origin',(3555.,-2800.,0.));
#6309=CARTESIAN_POINT('',(3645.,-2800.,49.222051670489));
#6310=CARTESIAN_POINT('Ctrl Pts',(3645.,-2800.,49.222051670489));
#6311=CARTESIAN_POINT('Ctrl Pts',(3614.99652457767,-2800.,49.0925233696683));
#6312=CARTESIAN_POINT('Ctrl Pts',(3585.00278446951,-2800.,48.9387099008388));
#6313=CARTESIAN_POINT('Ctrl Pts',(3555.,-2800.,48.7620898434249));
#6314=CARTESIAN_POINT('',(3645.,-2800.,240.));
#6315=CARTESIAN_POINT('',(3645.,-2800.,0.));
#6316=CARTESIAN_POINT('',(3645.,-2800.,240.));
#6317=CARTESIAN_POINT('Origin',(3645.,-1200.,0.));
#6318=CARTESIAN_POINT('',(3645.,-1200.,0.));
#6319=CARTESIAN_POINT('',(3555.,-1200.,0.));
#6320=CARTESIAN_POINT('',(3645.,-1200.,240.));
#6321=CARTESIAN_POINT('',(3555.,-1200.,240.));
#6322=CARTESIAN_POINT('',(3645.,-1200.,0.));
#6323=CARTESIAN_POINT('Origin',(3645.,-2800.,0.));
#6324=CARTESIAN_POINT('',(3645.,-1970.1752541509,0.));
#6325=CARTESIAN_POINT('',(3645.,-1577.88365418571,25.3939393939394));
#6326=CARTESIAN_POINT('Ctrl Pts',(3645.,-1970.1752541509,0.));
#6327=CARTESIAN_POINT('Ctrl Pts',(3645.,-1839.41138749584,8.46464646464645));
#6328=CARTESIAN_POINT('Ctrl Pts',(3645.,-1708.64752084078,16.9292929292929));
#6329=CARTESIAN_POINT('Ctrl Pts',(3645.,-1577.88365418571,25.3939393939394));
#6330=CARTESIAN_POINT('',(3645.,-1200.,0.));
#6331=CARTESIAN_POINT('',(3645.,-1200.,240.));
#6332=CARTESIAN_POINT('',(3645.,-2322.84031206315,66.1122760378726));
#6333=CARTESIAN_POINT('Ctrl Pts',(3645.,-2322.84031206315,66.1122760378726));
#6334=CARTESIAN_POINT('Ctrl Pts',(3645.,-2481.89354137543,60.4822012487448));
#6335=CARTESIAN_POINT('Ctrl Pts',(3645.,-2640.94677068772,54.8521264596169));
#6336=CARTESIAN_POINT('Ctrl Pts',(3645.,-2800.,49.222051670489));
#6337=CARTESIAN_POINT('Ctrl Pts',(3645.,-1577.88365418571,25.3939393939394));
#6338=CARTESIAN_POINT('Ctrl Pts',(3645.,-1702.04309716529,32.1803288345949));
#6339=CARTESIAN_POINT('Ctrl Pts',(3645.,-1826.20254014486,38.9667182752505));
#6340=CARTESIAN_POINT('Ctrl Pts',(3645.,-2074.521426104,52.5394971565616));
#6341=CARTESIAN_POINT('Ctrl Pts',(3645.,-2198.68086908357,59.3258865972171));
#6342=CARTESIAN_POINT('Ctrl Pts',(3645.,-2322.84031206315,66.1122760378726));
#6343=CARTESIAN_POINT('Origin',(3600.,-2000.,240.));
#6344=CARTESIAN_POINT('Origin',(3600.,-2000.,0.));
#6345=CARTESIAN_POINT('Ctrl Pts',(3555.,-1871.99000664078,-1.63571569386491E-16));
#6346=CARTESIAN_POINT('Ctrl Pts',(3585.14999870137,-1904.9091522453,-1.63571569386491E-16));
#6347=CARTESIAN_POINT('Ctrl Pts',(3616.1313258591,-1938.69164356693,-1.63571569386491E-16));
#6348=CARTESIAN_POINT('Ctrl Pts',(3645.,-1970.1752541509,-1.63571569386491E-16));
#6349=CARTESIAN_POINT('Ctrl Pts',(1550.,-1200.,-160.));
#6350=CARTESIAN_POINT('Ctrl Pts',(2451.29723070492,-2243.9957720234,-120.290150726443));
#6351=CARTESIAN_POINT('Ctrl Pts',(3551.29723070492,-2943.9957720234,-63.623484059776));
#6352=CARTESIAN_POINT('Ctrl Pts',(4850.,-3300.,10.));
#6353=CARTESIAN_POINT('Ctrl Pts',(1550.,-566.666666666667,-106.666666666667));
#6354=CARTESIAN_POINT('Ctrl Pts',(2451.29723070492,-1701.70256300369,-76.5518288450833));
#6355=CARTESIAN_POINT('Ctrl Pts',(3551.29723070492,-2512.8136741148,-34.3296066228611));
#6356=CARTESIAN_POINT('Ctrl Pts',(4850.,-3000.,20.));
#6357=CARTESIAN_POINT('Ctrl Pts',(1550.,66.6666666666668,-53.3333333333333));
#6358=CARTESIAN_POINT('Ctrl Pts',(2451.29723070493,-1159.40935398399,-32.813506963724));
#6359=CARTESIAN_POINT('Ctrl Pts',(3551.29723070492,-2081.63157620621,-5.03572918594621));
#6360=CARTESIAN_POINT('Ctrl Pts',(4850.,-2700.,30.));
#6361=CARTESIAN_POINT('Ctrl Pts',(1550.,700.,3.5527136788005E-14));
#6362=CARTESIAN_POINT('Ctrl Pts',(2451.29723070492,-617.116144964282,10.9248149176355));
#6363=CARTESIAN_POINT('Ctrl Pts',(3551.29723070492,-1650.44947829762,24.2581482509688));
#6364=CARTESIAN_POINT('Ctrl Pts',(4850.,-2400.,40.));
#6365=CARTESIAN_POINT('',(4850.,-2400.,40.));
#6366=CARTESIAN_POINT('Ctrl Pts',(3645.,-1577.88365418571,25.3939393939394));
#6367=CARTESIAN_POINT('Ctrl Pts',(4025.61499627702,-1881.98795677002,30.0074545003276));
#6368=CARTESIAN_POINT('Ctrl Pts',(4427.28166294369,-2156.02673870812,34.8761413690144));
#6369=CARTESIAN_POINT('Ctrl Pts',(4850.,-2400.,40.));
#6370=CARTESIAN_POINT('',(4850.,-3300.,10.));
#6371=CARTESIAN_POINT('',(4850.,-3300.,10.));
#6372=CARTESIAN_POINT('',(1550.,-1200.,-160.));
#6373=CARTESIAN_POINT('Ctrl Pts',(1550.,-1200.,-160.));
#6374=CARTESIAN_POINT('Ctrl Pts',(2041.02422198127,-1768.76599000375,-138.366184672184));
#6375=CARTESIAN_POINT('Ctrl Pts',(2591.02422198127,-2235.43265667042,-111.699518005518));
#6376=CARTESIAN_POINT('Ctrl Pts',(3708.82688369108,-2904.61255093831,-53.5136149195727));
#6377=CARTESIAN_POINT('Ctrl Pts',(4258.82688369108,-3137.94588427164,-23.5136149195727));
#6378=CARTESIAN_POINT('Ctrl Pts',(4850.,-3300.,10.));
#6379=CARTESIAN_POINT('',(1550.,700.,3.5527136788005E-14));
#6380=CARTESIAN_POINT('',(1550.,-1200.,-160.));
#6381=CARTESIAN_POINT('Ctrl Pts',(1550.,700.,3.5527136788005E-14));
#6382=CARTESIAN_POINT('Ctrl Pts',(2041.02422198127,-17.5612087859565,5.95180875128818));
#6383=CARTESIAN_POINT('Ctrl Pts',(2591.02422198127,-650.89454211929,12.6184754179548));
#6384=CARTESIAN_POINT('Ctrl Pts',(3316.18656364169,-1304.76389789365,21.4083219835357));
#6385=CARTESIAN_POINT('Ctrl Pts',(3434.51989697503,-1406.46182775284,22.8426654178791));
#6386=CARTESIAN_POINT('Ctrl Pts',(3555.,-1505.09378957757,24.3030303030303));
#6387=CARTESIAN_POINT('Ctrl Pts',(3645.,-1577.88365418571,25.3939393939394));
#6388=CARTESIAN_POINT('Ctrl Pts',(4025.61499627702,-1881.98795677002,30.0074545003276));
#6389=CARTESIAN_POINT('Ctrl Pts',(4427.28166294369,-2156.02673870812,34.8761413690144));
#6390=CARTESIAN_POINT('Ctrl Pts',(4850.,-2400.,40.));
#6391=CARTESIAN_POINT('Ctrl Pts',(3645.,-1826.20254014486,38.9667182752505));
#6392=CARTESIAN_POINT('Ctrl Pts',(4025.61499627703,-2110.73169848063,38.4468440618978));
#6393=CARTESIAN_POINT('Ctrl Pts',(4427.28166294369,-2354.58586360823,38.791271303481));
#6394=CARTESIAN_POINT('Ctrl Pts',(4850.,-2557.76503552766,40.));
#6395=CARTESIAN_POINT('Ctrl Pts',(3645.,-2074.521426104,52.5394971565616));
#6396=CARTESIAN_POINT('Ctrl Pts',(4025.61499627702,-2339.47544019124,46.886233623468));
#6397=CARTESIAN_POINT('Ctrl Pts',(4427.28166294369,-2553.14498850835,42.7064012379475));
#6398=CARTESIAN_POINT('Ctrl Pts',(4850.,-2715.53007105532,40.));
#6399=CARTESIAN_POINT('Ctrl Pts',(3645.,-2322.84031206315,66.1122760378726));
#6400=CARTESIAN_POINT('Ctrl Pts',(4025.61499627702,-2568.21918190185,55.3256231850382));
#6401=CARTESIAN_POINT('Ctrl Pts',(4427.28166294369,-2751.70411340846,46.621531172414));
#6402=CARTESIAN_POINT('Ctrl Pts',(4850.,-2873.29510658297,40.));
#6403=CARTESIAN_POINT('',(4850.,-2873.29510658297,40.));
#6404=CARTESIAN_POINT('Ctrl Pts',(3645.,-2322.84031206315,66.1122760378726));
#6405=CARTESIAN_POINT('Ctrl Pts',(4025.61499627702,-2568.21918190185,55.3256231850382));
#6406=CARTESIAN_POINT('Ctrl Pts',(4427.28166294369,-2751.70411340846,46.621531172414));
#6407=CARTESIAN_POINT('Ctrl Pts',(4850.,-2873.29510658297,40.));
#6408=CARTESIAN_POINT('',(4850.,-2400.,40.));
#6409=CARTESIAN_POINT('Origin',(2645.,-2800.,0.));
#6410=CARTESIAN_POINT('',(2645.,-1485.3240784232,101.297990715103));
#6411=CARTESIAN_POINT('',(2645.,-2800.,38.1768800182783));
#6412=CARTESIAN_POINT('Ctrl Pts',(2645.,-1485.3240784232,101.297990715103));
#6413=CARTESIAN_POINT('Ctrl Pts',(2645.,-1923.54938561547,80.2576204828283));
#6414=CARTESIAN_POINT('Ctrl Pts',(2645.,-2361.77469280773,59.2172502505534));
#6415=CARTESIAN_POINT('Ctrl Pts',(2645.,-2800.,38.1768800182783));
#6416=CARTESIAN_POINT('',(2645.,-1200.,70.8996647805379));
#6417=CARTESIAN_POINT('Ctrl Pts',(2645.,-1200.,70.8996647805379));
#6418=CARTESIAN_POINT('Ctrl Pts',(2645.,-1295.10802614107,81.0324400920598));
#6419=CARTESIAN_POINT('Ctrl Pts',(2645.,-1390.21605228213,91.1652154035815));
#6420=CARTESIAN_POINT('Ctrl Pts',(2645.,-1485.3240784232,101.297990715103));
#6421=CARTESIAN_POINT('',(2645.,-1200.,240.));
#6422=CARTESIAN_POINT('',(2645.,-1200.,0.));
#6423=CARTESIAN_POINT('',(2645.,-2800.,240.));
#6424=CARTESIAN_POINT('',(2645.,-1200.,240.));
#6425=CARTESIAN_POINT('',(2645.,-2800.,0.));
#6426=CARTESIAN_POINT('Origin',(2645.,-1200.,0.));
#6427=CARTESIAN_POINT('',(2555.,-1200.,83.9571856267033));
#6428=CARTESIAN_POINT('Ctrl Pts',(2555.,-1200.,83.9571856267033));
#6429=CARTESIAN_POINT('Ctrl Pts',(2584.95049527684,-1200.,79.3275842050935));
#6430=CARTESIAN_POINT('Ctrl Pts',(2614.97065147494,-1200.,74.9820232499828));
#6431=CARTESIAN_POINT('Ctrl Pts',(2645.,-1200.,70.8996647805378));
#6432=CARTESIAN_POINT('',(2555.,-1200.,240.));
#6433=CARTESIAN_POINT('',(2555.,-1200.,0.));
#6434=CARTESIAN_POINT('',(2555.,-1200.,240.));
#6435=CARTESIAN_POINT('Origin',(2555.,-1200.,0.));
#6436=CARTESIAN_POINT('',(2555.,-2800.,36.7599385869576));
#6437=CARTESIAN_POINT('',(2555.,-1388.6560299596,105.220593736295));
#6438=CARTESIAN_POINT('Ctrl Pts',(2555.,-2800.,36.7599385869576));
#6439=CARTESIAN_POINT('Ctrl Pts',(2555.,-2329.55200998653,59.5801569700701));
#6440=CARTESIAN_POINT('Ctrl Pts',(2555.,-1859.10401997307,82.4003753531827));
#6441=CARTESIAN_POINT('Ctrl Pts',(2555.,-1388.6560299596,105.220593736295));
#6442=CARTESIAN_POINT('',(2555.,-2800.,240.));
#6443=CARTESIAN_POINT('',(2555.,-2800.,0.));
#6444=CARTESIAN_POINT('',(2555.,-2800.,240.));
#6445=CARTESIAN_POINT('Ctrl Pts',(2555.,-1388.6560299596,105.220593736295));
#6446=CARTESIAN_POINT('Ctrl Pts',(2555.,-1325.77068663973,98.1327910330979));
#6447=CARTESIAN_POINT('Ctrl Pts',(2555.,-1262.88534331987,91.0449883299007));
#6448=CARTESIAN_POINT('Ctrl Pts',(2555.,-1200.,83.9571856267033));
#6449=CARTESIAN_POINT('Origin',(2555.,-2800.,0.));
#6450=CARTESIAN_POINT('Ctrl Pts',(2645.,-2800.,38.1768800182784));
#6451=CARTESIAN_POINT('Ctrl Pts',(2615.00852694607,-2800.,37.7109462499715));
#6452=CARTESIAN_POINT('Ctrl Pts',(2584.98856643877,-2800.,37.2379164149213));
#6453=CARTESIAN_POINT('Ctrl Pts',(2555.,-2800.,36.7599385869576));
#6454=CARTESIAN_POINT('',(2645.,-2800.,240.));
#6455=CARTESIAN_POINT('Origin',(2600.,-2000.,240.));
#6456=CARTESIAN_POINT('Ctrl Pts',(1550.,0.,160.));
#6457=CARTESIAN_POINT('Ctrl Pts',(2451.29723070492,-1541.97031337666,100.34309874152));
#6458=CARTESIAN_POINT('Ctrl Pts',(3551.29723070492,-2499.73534890432,60.3430987415202));
#6459=CARTESIAN_POINT('Ctrl Pts',(4850.,-2873.29510658297,40.));
#6460=CARTESIAN_POINT('Ctrl Pts',(1550.,-1066.66666666667,106.666666666667));
#6461=CARTESIAN_POINT('Ctrl Pts',(2451.29723070492,-2117.76489065328,70.5370041335587));
#6462=CARTESIAN_POINT('Ctrl Pts',(3551.29723070492,-2811.83046989394,48.3147819113364));
#6463=CARTESIAN_POINT('Ctrl Pts',(4850.,-3148.86340438865,40.));
#6464=CARTESIAN_POINT('Ctrl Pts',(1550.,-2133.33333333333,53.3333333333333));
#6465=CARTESIAN_POINT('Ctrl Pts',(2451.29723070493,-2693.5594679299,40.730909525597));
#6466=CARTESIAN_POINT('Ctrl Pts',(3551.29723070492,-3123.92559088356,36.2864650811526));
#6467=CARTESIAN_POINT('Ctrl Pts',(4850.,-3424.43170219432,40.));
#6468=CARTESIAN_POINT('Ctrl Pts',(1550.,-3200.,0.));
#6469=CARTESIAN_POINT('Ctrl Pts',(2451.29723070492,-3269.35404520651,10.9248149176354));
#6470=CARTESIAN_POINT('Ctrl Pts',(3551.29723070492,-3436.02071187318,24.2581482509688));
#6471=CARTESIAN_POINT('Ctrl Pts',(4850.,-3700.,40.));
#6472=CARTESIAN_POINT('Ctrl Pts',(2645.,-1485.3240784232,101.297990715103));
#6473=CARTESIAN_POINT('Ctrl Pts',(2824.21132985798,-1673.9019666457,93.6260095881586));
#6474=CARTESIAN_POINT('Ctrl Pts',(3009.21132985798,-1845.4606071713,86.5266793497909));
#6475=CARTESIAN_POINT('Ctrl Pts',(3316.18656364169,-2094.11146367693,76.0253800968425));
#6476=CARTESIAN_POINT('Ctrl Pts',(3434.51989697503,-2181.91121771524,72.2631318682367));
#6477=CARTESIAN_POINT('Ctrl Pts',(3555.,-2263.39926211491,68.7132553141825));
#6478=CARTESIAN_POINT('',(1550.,0.,160.));
#6479=CARTESIAN_POINT('Ctrl Pts',(1550.,0.,160.));
#6480=CARTESIAN_POINT('Ctrl Pts',(1861.29631789883,-532.576451486526,139.395283746191));
#6481=CARTESIAN_POINT('Ctrl Pts',(2196.29631789883,-995.461794806393,121.135481658289));
#6482=CARTESIAN_POINT('Ctrl Pts',(2555.,-1388.6560299596,105.220593736295));
#6483=CARTESIAN_POINT('',(1550.,-3200.,0.));
#6484=CARTESIAN_POINT('',(1550.,0.,160.));
#6485=CARTESIAN_POINT('',(4850.,-3700.,40.));
#6486=CARTESIAN_POINT('Ctrl Pts',(1550.,-3200.,0.));
#6487=CARTESIAN_POINT('Ctrl Pts',(2041.02422198127,-3237.78389073951,5.95180875128816));
#6488=CARTESIAN_POINT('Ctrl Pts',(2591.02422198127,-3304.45055740618,12.6184754179548));
#6489=CARTESIAN_POINT('Ctrl Pts',(3708.82688369108,-3479.83589309843,26.1675985901949));
#6490=CARTESIAN_POINT('Ctrl Pts',(4258.82688369108,-3579.83589309843,32.8342652568616));
#6491=CARTESIAN_POINT('Ctrl Pts',(4850.,-3700.,40.));
#6492=CARTESIAN_POINT('',(4850.,-3634.92063492064,40.));
#6493=CARTESIAN_POINT('',(4850.,-2400.,40.));
#6494=CARTESIAN_POINT('',(4850.,-2400.,40.));
#6495=CARTESIAN_POINT('Origin',(-655.441558772843,-4600.,-264.558441227157));
#6496=CARTESIAN_POINT('',(-655.441558772843,-4503.67060719697,-264.558441227157));
#6497=CARTESIAN_POINT('',(-655.441558772843,-4380.,-275.172663908645));
#6498=CARTESIAN_POINT('Ctrl Pts',(-655.441558772843,-4503.67060719697,-264.558441227157));
#6499=CARTESIAN_POINT('Ctrl Pts',(-655.441558772843,-4462.43220798663,-268.021961722443));
#6500=CARTESIAN_POINT('Ctrl Pts',(-655.441558772843,-4421.22317267088,-271.554424102542));
#6501=CARTESIAN_POINT('Ctrl Pts',(-655.441558772843,-4380.,-275.172663908645));
#6502=CARTESIAN_POINT('',(-655.441558772843,-4600.,-264.558441227157));
#6503=CARTESIAN_POINT('',(-655.441558772843,-4600.,-264.558441227157));
#6504=CARTESIAN_POINT('',(-655.441558772843,-4600.,-344.558441227157));
#6505=CARTESIAN_POINT('',(-655.441558772843,-4600.,-264.558441227157));
#6506=CARTESIAN_POINT('',(-655.441558772843,-4380.,-344.558441227157));
#6507=CARTESIAN_POINT('',(-655.441558772843,-4600.,-344.558441227157));
#6508=CARTESIAN_POINT('',(-655.441558772843,-4380.,-264.558441227157));
#6509=CARTESIAN_POINT('Origin',(-735.441558772843,-4600.,-264.558441227157));
#6510=CARTESIAN_POINT('',(-686.248838299863,-4558.91722829847,-264.558441227158));
#6511=CARTESIAN_POINT('Ctrl Pts',(-686.248838299854,-4558.91722829847,-264.558441227157));
#6512=CARTESIAN_POINT('Ctrl Pts',(-675.910632103418,-4540.53068124503,-264.558441227157));
#6513=CARTESIAN_POINT('Ctrl Pts',(-665.639041450244,-4522.10305724506,-264.558441227157));
#6514=CARTESIAN_POINT('Ctrl Pts',(-655.441558772843,-4503.67060719697,-264.558441227157));
#6515=CARTESIAN_POINT('',(-686.248838299862,-4380.,-264.558441227157));
#6516=CARTESIAN_POINT('',(-686.248838299862,-4600.,-264.558441227157));
#6517=CARTESIAN_POINT('',(-735.441558772843,-4380.,-264.558441227157));
#6518=CARTESIAN_POINT('',(-735.441558772843,-4380.,-264.558441227157));
#6519=CARTESIAN_POINT('',(-735.441558772843,-4600.,-264.558441227157));
#6520=CARTESIAN_POINT('',(-735.441558772843,-4600.,-264.558441227157));
#6521=CARTESIAN_POINT('',(-735.441558772843,-4600.,-264.558441227157));
#6522=CARTESIAN_POINT('Origin',(-655.441558772843,-4600.,-344.558441227157));
#6523=CARTESIAN_POINT('',(-735.441558772843,-4600.,-344.558441227157));
#6524=CARTESIAN_POINT('',(-655.441558772843,-4600.,-344.558441227157));
#6525=CARTESIAN_POINT('',(-735.441558772843,-4380.,-344.558441227157));
#6526=CARTESIAN_POINT('',(-735.441558772843,-4600.,-344.558441227157));
#6527=CARTESIAN_POINT('',(-655.441558772843,-4380.,-344.558441227157));
#6528=CARTESIAN_POINT('Origin',(-735.441558772843,-4600.,-344.558441227157));
#6529=CARTESIAN_POINT('',(-735.441558772843,-4600.,-344.558441227157));
#6530=CARTESIAN_POINT('',(-735.441558772843,-4380.,-344.558441227157));
#6531=CARTESIAN_POINT('Origin',(-695.441558772843,-4380.,-304.558441227157));
#6532=CARTESIAN_POINT('',(-701.911311752204,-4380.,-282.490865978618));
#6533=CARTESIAN_POINT('Ctrl Pts',(-655.441558772843,-4380.,-275.172663908645));
#6534=CARTESIAN_POINT('Ctrl Pts',(-670.93147643263,-4380.,-277.612064598636));
#6535=CARTESIAN_POINT('Ctrl Pts',(-686.421394092417,-4380.,-280.051465288627));
#6536=CARTESIAN_POINT('Ctrl Pts',(-701.911311752204,-4380.,-282.490865978618));
#6537=CARTESIAN_POINT('Origin',(-950.,-4380.,-50.));
#6538=CARTESIAN_POINT('Origin',(-695.441558772843,-4600.,-304.558441227157));
#6539=CARTESIAN_POINT('Origin',(-950.,-4600.,-50.));
#6540=CARTESIAN_POINT('',(-683.134664083622,-4600.,-260.672476812323));
#6541=CARTESIAN_POINT('Ctrl Pts',(-683.134664083622,-4600.,-260.672476812323));
#6542=CARTESIAN_POINT('Ctrl Pts',(-684.146682169903,-4586.31456868958,-261.954431392415));
#6543=CARTESIAN_POINT('Ctrl Pts',(-685.18435534713,-4572.61514626085,-263.249899769701));
#6544=CARTESIAN_POINT('Ctrl Pts',(-686.248838299863,-4558.91722829846,-264.558441227159));
#6545=CARTESIAN_POINT('',(-612.361139677317,-4600.,-90.));
#6546=CARTESIAN_POINT('Origin',(-950.,-4600.,-50.));
#6547=CARTESIAN_POINT('',(-612.361139677317,-4380.,-90.));
#6548=CARTESIAN_POINT('',(-612.361139677317,-4600.,-90.));
#6549=CARTESIAN_POINT('',(-612.361139677317,-4380.,-10.));
#6550=CARTESIAN_POINT('Origin',(-950.,-4380.,-50.));
#6551=CARTESIAN_POINT('',(-612.361139677317,-4600.,-10.));
#6552=CARTESIAN_POINT('',(-612.361139677317,-4600.,-10.));
#6553=CARTESIAN_POINT('',(-686.248838299862,-4600.,164.558441227157));
#6554=CARTESIAN_POINT('Origin',(-950.,-4600.,-50.));
#6555=CARTESIAN_POINT('',(-686.248838299862,-4380.,164.558441227157));
#6556=CARTESIAN_POINT('',(-686.248838299862,-4600.,164.558441227157));
#6557=CARTESIAN_POINT('',(-735.441558772843,-4380.,213.751161700138));
#6558=CARTESIAN_POINT('Origin',(-950.,-4380.,-50.));
#6559=CARTESIAN_POINT('',(-735.441558772843,-4600.,213.751161700138));
#6560=CARTESIAN_POINT('',(-735.441558772843,-4600.,213.751161700138));
#6561=CARTESIAN_POINT('',(-740.333162318618,-4600.,217.656154752116));
#6562=CARTESIAN_POINT('Origin',(-950.,-4600.,-50.));
#6563=CARTESIAN_POINT('',(-778.839820381328,-4220.,243.775752765445));
#6564=CARTESIAN_POINT('Ctrl Pts',(-778.839820381327,-4220.,243.775752765445));
#6565=CARTESIAN_POINT('Ctrl Pts',(-765.394680331173,-4346.45620692078,235.942320072924));
#6566=CARTESIAN_POINT('Ctrl Pts',(-752.532389514194,-4473.47690080555,227.212345943094));
#6567=CARTESIAN_POINT('Ctrl Pts',(-740.333162318618,-4600.,217.656154752116));
#6568=CARTESIAN_POINT('',(-719.879523348284,-4220.,-300.288965449113));
#6569=CARTESIAN_POINT('Origin',(-950.,-4220.,-50.));
#6570=CARTESIAN_POINT('Ctrl Pts',(-701.911311752204,-4380.,-282.490865978618));
#6571=CARTESIAN_POINT('Ctrl Pts',(-702.526909063284,-4373.77180584214,-283.147725212443));
#6572=CARTESIAN_POINT('Ctrl Pts',(-703.151351023157,-4367.54007974178,-283.808750996487));
#6573=CARTESIAN_POINT('Ctrl Pts',(-703.784749927288,-4361.30732382266,-284.473808391877));
#6574=CARTESIAN_POINT('Ctrl Pts',(-704.41984375056,-4355.05788960297,-285.140645421715));
#6575=CARTESIAN_POINT('Ctrl Pts',(-705.063942522857,-4348.80742004537,-285.811535684153));
#6576=CARTESIAN_POINT('Ctrl Pts',(-705.717211838254,-4342.55843817367,-286.486344625782));
#6577=CARTESIAN_POINT('Ctrl Pts',(-706.371654631872,-4336.29823115492,-287.162365737611));
#6578=CARTESIAN_POINT('Ctrl Pts',(-707.035300961376,-4330.03951717143,-287.842319636026));
#6579=CARTESIAN_POINT('Ctrl Pts',(-707.708369654881,-4323.78483363326,-288.526072272979));
#6580=CARTESIAN_POINT('Ctrl Pts',(-708.383346928235,-4317.51241407041,-289.211763785586));
#6581=CARTESIAN_POINT('Ctrl Pts',(-709.067800090495,-4311.24404784289,-289.901275627452));
#6582=CARTESIAN_POINT('Ctrl Pts',(-709.762002221362,-4304.98229477943,-290.594473597766));
#6583=CARTESIAN_POINT('Ctrl Pts',(-709.901084341341,-4303.72776407126,-290.733354536026));
#6584=CARTESIAN_POINT('Ctrl Pts',(-710.0405579463,-4302.47349881391,-290.872383435927));
#6585=CARTESIAN_POINT('Ctrl Pts',(-710.180425483382,-4301.21951959685,-291.011559222101));
#6586=CARTESIAN_POINT('Ctrl Pts',(-710.826767474545,-4295.42475520095,-291.65470456257));
#6587=CARTESIAN_POINT('Ctrl Pts',(-711.482727660517,-4289.62540659644,-292.302176037802));
#6588=CARTESIAN_POINT('Ctrl Pts',(-712.148403928991,-4283.82413537567,-292.953807745534));
#6589=CARTESIAN_POINT('Ctrl Pts',(-712.815156863896,-4278.01348116457,-293.606493403991));
#6590=CARTESIAN_POINT('Ctrl Pts',(-713.491657337286,-4272.20089811261,-294.263352778116));
#6591=CARTESIAN_POINT('Ctrl Pts',(-714.178056027498,-4266.38906149656,-294.92422029811));
#6592=CARTESIAN_POINT('Ctrl Pts',(-714.865272688717,-4260.57029900213,-295.585875363998));
#6593=CARTESIAN_POINT('Ctrl Pts',(-715.562411182139,-4254.7522847236,-296.251548149371));
#6594=CARTESIAN_POINT('Ctrl Pts',(-716.269675033471,-4248.93770426635,-296.921073408552));
#6595=CARTESIAN_POINT('Ctrl Pts',(-716.978585492245,-4243.10958666673,-297.592157414546));
#6596=CARTESIAN_POINT('Ctrl Pts',(-717.697668516189,-4237.28491889568,-298.267111868549));
#6597=CARTESIAN_POINT('Ctrl Pts',(-718.427181469949,-4231.4664061177,-298.945771061938));
#6598=CARTESIAN_POINT('Ctrl Pts',(-718.906758434613,-4227.64135450959,-299.391917102703));
#6599=CARTESIAN_POINT('Ctrl Pts',(-719.390843933385,-4223.81896289584,-299.839664219693));
#6600=CARTESIAN_POINT('Ctrl Pts',(-719.879523348284,-4220.,-300.288965449113));
#6601=CARTESIAN_POINT('Origin',(655.441558772843,-4600.,164.558441227157));
#6602=CARTESIAN_POINT('',(655.441558772843,-4430.57492677965,238.712603003978));
#6603=CARTESIAN_POINT('',(655.441558772843,-4380.,242.620280341761));
#6604=CARTESIAN_POINT('Ctrl Pts',(655.441558772843,-4430.57492677965,238.712603003978));
#6605=CARTESIAN_POINT('Ctrl Pts',(655.441558772843,-4413.72105240955,240.032427009104));
#6606=CARTESIAN_POINT('Ctrl Pts',(655.441558772843,-4396.85693852023,241.335181004716));
#6607=CARTESIAN_POINT('Ctrl Pts',(655.441558772843,-4380.,242.620280341761));
#6608=CARTESIAN_POINT('',(655.441558772843,-4600.,224.804921366497));
#6609=CARTESIAN_POINT('Ctrl Pts',(655.441558772843,-4600.,224.804921366497));
#6610=CARTESIAN_POINT('Ctrl Pts',(655.441558772843,-4543.38233231868,226.563009106868));
#6611=CARTESIAN_POINT('Ctrl Pts',(655.441558772843,-4486.7088670711,231.62739825858));
#6612=CARTESIAN_POINT('Ctrl Pts',(655.441558772843,-4430.57492677965,238.712603003978));
#6613=CARTESIAN_POINT('',(655.441558772843,-4600.,244.558441227157));
#6614=CARTESIAN_POINT('',(655.441558772843,-4600.,164.558441227157));
#6615=CARTESIAN_POINT('',(655.441558772843,-4380.,244.558441227157));
#6616=CARTESIAN_POINT('',(655.441558772843,-4600.,244.558441227157));
#6617=CARTESIAN_POINT('',(655.441558772843,-4380.,164.558441227157));
#6618=CARTESIAN_POINT('Origin',(695.441558772843,-4380.,204.558441227157));
#6619=CARTESIAN_POINT('',(735.441558772843,-4380.,213.751161700138));
#6620=CARTESIAN_POINT('',(686.248838299862,-4380.,164.558441227157));
#6621=CARTESIAN_POINT('Origin',(950.,-4380.,-50.));
#6622=CARTESIAN_POINT('',(735.441558772843,-4380.,164.558441227157));
#6623=CARTESIAN_POINT('',(735.441558772843,-4380.,244.558441227157));
#6624=CARTESIAN_POINT('',(735.441558772843,-4380.,164.558441227157));
#6625=CARTESIAN_POINT('Origin',(735.441558772843,-4600.,244.558441227157));
#6626=CARTESIAN_POINT('',(735.441558772843,-4380.,227.968446711947));
#6627=CARTESIAN_POINT('',(735.441558772843,-4600.,218.068079261234));
#6628=CARTESIAN_POINT('Ctrl Pts',(735.441558772843,-4380.,227.968446711947));
#6629=CARTESIAN_POINT('Ctrl Pts',(735.441558772843,-4452.88184885544,220.495261381177));
#6630=CARTESIAN_POINT('Ctrl Pts',(735.441558772843,-4526.60088915855,216.311642053445));
#6631=CARTESIAN_POINT('Ctrl Pts',(735.441558772843,-4600.,218.068079261234));
#6632=CARTESIAN_POINT('',(735.441558772843,-4380.,244.558441227157));
#6633=CARTESIAN_POINT('',(735.441558772843,-4380.,244.558441227157));
#6634=CARTESIAN_POINT('',(735.441558772843,-4600.,244.558441227157));
#6635=CARTESIAN_POINT('',(735.441558772843,-4600.,244.558441227157));
#6636=CARTESIAN_POINT('',(735.441558772843,-4600.,244.558441227157));
#6637=CARTESIAN_POINT('Origin',(735.441558772843,-4600.,244.558441227157));
#6638=CARTESIAN_POINT('',(735.441558772843,-4600.,213.751161700138));
#6639=CARTESIAN_POINT('',(735.441558772843,-4600.,213.751161700138));
#6640=CARTESIAN_POINT('',(735.441558772843,-4600.,164.558441227157));
#6641=CARTESIAN_POINT('',(735.441558772843,-4600.,244.558441227157));
#6642=CARTESIAN_POINT('',(735.441558772843,-4600.,164.558441227157));
#6643=CARTESIAN_POINT('Origin',(735.441558772843,-4600.,164.558441227157));
#6644=CARTESIAN_POINT('',(686.248838299862,-4600.,164.558441227157));
#6645=CARTESIAN_POINT('',(686.248838299862,-4600.,164.558441227157));
#6646=CARTESIAN_POINT('',(735.441558772843,-4600.,164.558441227157));
#6647=CARTESIAN_POINT('Origin',(655.441558772843,-4600.,244.558441227157));
#6648=CARTESIAN_POINT('',(655.441558772843,-4600.,244.558441227157));
#6649=CARTESIAN_POINT('',(655.441558772843,-4380.,244.558441227157));
#6650=CARTESIAN_POINT('Origin',(695.441558772843,-4380.,204.558441227157));
#6651=CARTESIAN_POINT('',(677.196261502262,-4380.,240.829087490278));
#6652=CARTESIAN_POINT('Ctrl Pts',(655.441558772843,-4380.,242.620280341761));
#6653=CARTESIAN_POINT('Ctrl Pts',(662.693126349316,-4380.,242.023216057933));
#6654=CARTESIAN_POINT('Ctrl Pts',(669.944693925789,-4380.,241.426151774106));
#6655=CARTESIAN_POINT('Ctrl Pts',(677.196261502262,-4380.,240.829087490278));
#6656=CARTESIAN_POINT('Ctrl Pts',(677.196261502262,-4380.,240.829087490278));
#6657=CARTESIAN_POINT('Ctrl Pts',(696.611360592456,-4380.,236.542207230834));
#6658=CARTESIAN_POINT('Ctrl Pts',(716.02645968265,-4380.,232.255326971391));
#6659=CARTESIAN_POINT('Ctrl Pts',(735.441558772843,-4380.,227.968446711947));
#6660=CARTESIAN_POINT('Ctrl Pts',(0.,5700.,50.));
#6661=CARTESIAN_POINT('Ctrl Pts',(0.,5231.36494946795,92.372277210838));
#6662=CARTESIAN_POINT('Ctrl Pts',(0.,4764.69828280128,142.372277210838));
#6663=CARTESIAN_POINT('Ctrl Pts',(0.,3662.96761253228,278.999056358481));
#6664=CARTESIAN_POINT('Ctrl Pts',(0.,3033.53958596936,440.021699502215));
#6665=CARTESIAN_POINT('Ctrl Pts',(0.,1766.87265097756,519.952287075885));
#6666=CARTESIAN_POINT('Ctrl Pts',(0.,1138.25734800631,453.104410688464));
#6667=CARTESIAN_POINT('Ctrl Pts',(0.,-161.379426309215,426.420857275941));
#6668=CARTESIAN_POINT('Ctrl Pts',(0.,-840.442155250272,413.947447333873));
#6669=CARTESIAN_POINT('Ctrl Pts',(0.,-2106.00121018123,387.185096757551));
#6670=CARTESIAN_POINT('Ctrl Pts',(0.,-2702.13841975253,386.863533327701));
#6671=CARTESIAN_POINT('Ctrl Pts',(0.,-3734.46259987112,340.478423573486));
#6672=CARTESIAN_POINT('Ctrl Pts',(0.,-4167.79593320445,313.81175690682));
#6673=CARTESIAN_POINT('Ctrl Pts',(0.,-4600.,280.));
#6674=CARTESIAN_POINT('Ctrl Pts',(10.8020896967147,5700.,42.2842216452038));
#6675=CARTESIAN_POINT('Ctrl Pts',(17.3287886704765,5231.36494946795,73.9396364329954));
#6676=CARTESIAN_POINT('Ctrl Pts',(29.1596488144973,4764.69828280128,116.223858078199));
#6677=CARTESIAN_POINT('Ctrl Pts',(69.7842416230919,3662.96761253228,241.672796702918));
#6678=CARTESIAN_POINT('Ctrl Pts',(118.265382557508,3033.53958596936,407.099935498998));
#6679=CARTESIAN_POINT('Ctrl Pts',(175.049470385793,1766.87265097756,486.20765221588));
#6680=CARTESIAN_POINT('Ctrl Pts',(207.42540955888,1138.25734800631,418.717888001514));
#6681=CARTESIAN_POINT('Ctrl Pts',(226.242705772861,-161.379426309215,394.17886707037));
#6682=CARTESIAN_POINT('Ctrl Pts',(180.601755093158,-840.442155250272,386.216690176359));
#6683=CARTESIAN_POINT('Ctrl Pts',(217.823091609802,-2106.00121018123,361.496115566584));
#6684=CARTESIAN_POINT('Ctrl Pts',(333.357606135943,-2702.13841975253,357.41306318999));
#6685=CARTESIAN_POINT('Ctrl Pts',(304.537456167622,-3734.46259987112,315.834731009051));
#6686=CARTESIAN_POINT('Ctrl Pts',(263.057394290429,-4167.79593320445,292.661122184675));
#6687=CARTESIAN_POINT('Ctrl Pts',(192.226481035086,-4600.,263.812506860203));
#6688=CARTESIAN_POINT('Ctrl Pts',(21.6041793934294,5700.,34.5684432904076));
#6689=CARTESIAN_POINT('Ctrl Pts',(34.657577340953,5231.36494946795,55.5069956551527));
#6690=CARTESIAN_POINT('Ctrl Pts',(58.3192976289948,4764.69828280128,90.0754389455603));
#6691=CARTESIAN_POINT('Ctrl Pts',(139.568483246184,3662.96761253228,204.346537047354));
#6692=CARTESIAN_POINT('Ctrl Pts',(236.530765115016,3033.53958596936,374.178171495782));
#6693=CARTESIAN_POINT('Ctrl Pts',(350.098940771586,1766.87265097756,452.463017355876));
#6694=CARTESIAN_POINT('Ctrl Pts',(414.850819117759,1138.25734800631,384.331365314563));
#6695=CARTESIAN_POINT('Ctrl Pts',(452.485411545721,-161.379426309215,361.936876864799));
#6696=CARTESIAN_POINT('Ctrl Pts',(361.203510186316,-840.442155250272,358.485933018844));
#6697=CARTESIAN_POINT('Ctrl Pts',(435.646183219605,-2106.00121018123,335.807134375618));
#6698=CARTESIAN_POINT('Ctrl Pts',(666.715212271885,-2702.13841975253,327.96259305228));
#6699=CARTESIAN_POINT('Ctrl Pts',(609.074912335244,-3734.46259987112,291.191038444616));
#6700=CARTESIAN_POINT('Ctrl Pts',(526.114788580856,-4167.79593320445,271.510487462529));
#6701=CARTESIAN_POINT('Ctrl Pts',(384.452962070172,-4600.,247.625013720407));
#6702=CARTESIAN_POINT('Ctrl Pts',(32.406269090144,5700.,26.8526649356114));
#6703=CARTESIAN_POINT('Ctrl Pts',(51.9863660114295,5231.36494946795,37.07435487731));
#6704=CARTESIAN_POINT('Ctrl Pts',(87.478946443492,4764.69828280128,63.9270198129215));
#6705=CARTESIAN_POINT('Ctrl Pts',(209.352724869276,3662.96761253228,167.02027739179));
#6706=CARTESIAN_POINT('Ctrl Pts',(354.796147672523,3033.53958596936,341.256407492566));
#6707=CARTESIAN_POINT('Ctrl Pts',(525.148411157379,1766.87265097756,418.718382495871));
#6708=CARTESIAN_POINT('Ctrl Pts',(622.276228676638,1138.25734800631,349.944842627612));
#6709=CARTESIAN_POINT('Ctrl Pts',(678.728117318582,-161.379426309215,329.694886659228));
#6710=CARTESIAN_POINT('Ctrl Pts',(541.805265279474,-840.442155250272,330.75517586133));
#6711=CARTESIAN_POINT('Ctrl Pts',(653.469274829407,-2106.00121018123,310.118153184652));
#6712=CARTESIAN_POINT('Ctrl Pts',(1000.07281840783,-2702.13841975253,298.51212291457));
#6713=CARTESIAN_POINT('Ctrl Pts',(913.612368502866,-3734.46259987112,266.547345880181));
#6714=CARTESIAN_POINT('Ctrl Pts',(789.172182871285,-4167.79593320445,250.359852740384));
#6715=CARTESIAN_POINT('Ctrl Pts',(576.679443105258,-4600.,231.43752058061));
#6716=CARTESIAN_POINT('',(138.884010386332,4300.,107.410659742446));
#6717=CARTESIAN_POINT('Ctrl Pts',(138.884010386332,4300.,107.410659742446));
#6718=CARTESIAN_POINT('Ctrl Pts',(209.352724869276,3662.96761253228,167.02027739179));
#6719=CARTESIAN_POINT('Ctrl Pts',(354.796147672523,3033.53958596936,341.256407492566));
#6720=CARTESIAN_POINT('Ctrl Pts',(525.148411157379,1766.87265097756,418.718382495871));
#6721=CARTESIAN_POINT('Ctrl Pts',(622.276228676638,1138.25734800631,349.944842627612));
#6722=CARTESIAN_POINT('Ctrl Pts',(678.728117318583,-161.379426309215,329.694886659228));
#6723=CARTESIAN_POINT('Ctrl Pts',(541.805265279474,-840.442155250272,330.75517586133));
#6724=CARTESIAN_POINT('Ctrl Pts',(653.469274829407,-2106.00121018123,310.118153184652));
#6725=CARTESIAN_POINT('Ctrl Pts',(1000.07281840783,-2702.13841975253,298.51212291457));
#6726=CARTESIAN_POINT('Ctrl Pts',(919.783630154183,-3660.77870588843,268.828886202051));
#6727=CARTESIAN_POINT('Ctrl Pts',(828.849050654937,-4020.77870588843,255.771915365477));
#6728=CARTESIAN_POINT('Ctrl Pts',(677.196261502262,-4380.,240.829087490278));
#6729=CARTESIAN_POINT('',(32.406269090144,5700.,26.8526649356114));
#6730=CARTESIAN_POINT('Ctrl Pts',(32.406269090144,5700.,26.8526649356114));
#6731=CARTESIAN_POINT('Ctrl Pts',(51.9863660114295,5231.36494946795,37.07435487731));
#6732=CARTESIAN_POINT('Ctrl Pts',(87.478946443492,4764.69828280128,63.9270198129214));
#6733=CARTESIAN_POINT('Ctrl Pts',(138.884010386332,4300.,107.410659742446));
#6734=CARTESIAN_POINT('',(0.,5700.,50.));
#6735=CARTESIAN_POINT('',(0.,5700.,50.));
#6736=CARTESIAN_POINT('',(0.,-4600.,280.));
#6737=CARTESIAN_POINT('Ctrl Pts',(0.,5700.,50.));
#6738=CARTESIAN_POINT('Ctrl Pts',(0.,5231.36494946795,92.372277210838));
#6739=CARTESIAN_POINT('Ctrl Pts',(0.,4764.69828280128,142.372277210838));
#6740=CARTESIAN_POINT('Ctrl Pts',(0.,3662.96761253228,278.999056358481));
#6741=CARTESIAN_POINT('Ctrl Pts',(0.,3033.53958596936,440.021699502215));
#6742=CARTESIAN_POINT('Ctrl Pts',(0.,1766.87265097756,519.952287075885));
#6743=CARTESIAN_POINT('Ctrl Pts',(0.,1138.25734800631,453.104410688464));
#6744=CARTESIAN_POINT('Ctrl Pts',(0.,-161.379426309215,426.420857275941));
#6745=CARTESIAN_POINT('Ctrl Pts',(0.,-840.442155250272,413.947447333873));
#6746=CARTESIAN_POINT('Ctrl Pts',(0.,-2106.00121018123,387.185096757551));
#6747=CARTESIAN_POINT('Ctrl Pts',(0.,-2702.13841975253,386.863533327701));
#6748=CARTESIAN_POINT('Ctrl Pts',(0.,-3734.46259987112,340.478423573486));
#6749=CARTESIAN_POINT('Ctrl Pts',(0.,-4167.79593320445,313.81175690682));
#6750=CARTESIAN_POINT('Ctrl Pts',(0.,-4600.,280.));
#6751=CARTESIAN_POINT('',(576.679443105258,-4600.,231.43752058061));
#6752=CARTESIAN_POINT('',(0.,-4600.,280.));
#6753=CARTESIAN_POINT('Ctrl Pts',(655.441558772843,-4430.57492677965,238.712603003978));
#6754=CARTESIAN_POINT('Ctrl Pts',(630.689903429007,-4487.06921912369,236.334238301223));
#6755=CARTESIAN_POINT('Ctrl Pts',(604.435864873145,-4543.54424353047,233.909210826766));
#6756=CARTESIAN_POINT('Ctrl Pts',(576.679443105258,-4600.,231.43752058061));
#6757=CARTESIAN_POINT('Ctrl Pts',(32.406269090144,5700.,26.8526649356114));
#6758=CARTESIAN_POINT('Ctrl Pts',(51.9863660114295,5231.36494946795,37.07435487731));
#6759=CARTESIAN_POINT('Ctrl Pts',(87.478946443492,4764.69828280128,63.9270198129214));
#6760=CARTESIAN_POINT('Ctrl Pts',(209.352724869276,3662.96761253228,167.02027739179));
#6761=CARTESIAN_POINT('Ctrl Pts',(354.796147672523,3033.53958596936,341.256407492565));
#6762=CARTESIAN_POINT('Ctrl Pts',(525.148411157379,1766.87265097756,418.718382495871));
#6763=CARTESIAN_POINT('Ctrl Pts',(622.276228676638,1138.25734800631,349.944842627612));
#6764=CARTESIAN_POINT('Ctrl Pts',(678.728117318583,-161.379426309215,329.694886659228));
#6765=CARTESIAN_POINT('Ctrl Pts',(541.805265279474,-840.442155250272,330.75517586133));
#6766=CARTESIAN_POINT('Ctrl Pts',(653.469274829407,-2106.00121018123,310.118153184652));
#6767=CARTESIAN_POINT('Ctrl Pts',(1000.07281840783,-2702.13841975253,298.51212291457));
#6768=CARTESIAN_POINT('Ctrl Pts',(913.612368502866,-3734.46259987112,266.547345880181));
#6769=CARTESIAN_POINT('Ctrl Pts',(789.172182871285,-4167.79593320445,250.359852740384));
#6770=CARTESIAN_POINT('Ctrl Pts',(576.679443105258,-4600.,231.43752058061));
#6771=CARTESIAN_POINT('Ctrl Pts',(43.2083587868587,5700.,19.1368865808152));
#6772=CARTESIAN_POINT('Ctrl Pts',(72.0501252699767,5231.36494946795,28.2141111577154));
#6773=CARTESIAN_POINT('Ctrl Pts',(119.37356584606,4764.69828280128,47.3509977385305));
#6774=CARTESIAN_POINT('Ctrl Pts',(275.387727668264,3662.96761253228,116.571681851865));
#6775=CARTESIAN_POINT('Ctrl Pts',(440.828093820027,3033.53958596936,228.327410321944));
#6776=CARTESIAN_POINT('Ctrl Pts',(679.094362386578,1766.87265097756,278.322985277239));
#6777=CARTESIAN_POINT('Ctrl Pts',(834.426246030408,1138.25734800631,233.296561751742));
#6778=CARTESIAN_POINT('Ctrl Pts',(967.949287096843,-161.379426309215,219.796591106152));
#6779=CARTESIAN_POINT('Ctrl Pts',(907.356009536703,-840.442155250272,220.50345057422));
#6780=CARTESIAN_POINT('Ctrl Pts',(989.181263680551,-2106.00121018123,206.745435456434));
#6781=CARTESIAN_POINT('Ctrl Pts',(1222.43221659452,-2702.13841975253,181.298011812639));
#6782=CARTESIAN_POINT('Ctrl Pts',(1068.58568313102,-3734.46259987112,190.568037523657));
#6783=CARTESIAN_POINT('Ctrl Pts',(924.514448265517,-4167.79593320445,201.998597652681));
#6784=CARTESIAN_POINT('Ctrl Pts',(701.119628736838,-4600.,220.95834705374));
#6785=CARTESIAN_POINT('Ctrl Pts',(57.4687563633813,5700.,8.95088831187046));
#6786=CARTESIAN_POINT('Ctrl Pts',(102.477557335964,5231.36494946795,12.3581182924366));
#6787=CARTESIAN_POINT('Ctrl Pts',(165.419528591095,4764.69828280128,21.3090066043072));
#6788=CARTESIAN_POINT('Ctrl Pts',(357.162487823233,3662.96761253228,55.6734257972634));
#6789=CARTESIAN_POINT('Ctrl Pts',(529.329455948231,3033.53958596936,113.752135830855));
#6790=CARTESIAN_POINT('Ctrl Pts',(830.572504455749,1766.87265097756,139.57279416529));
#6791=CARTESIAN_POINT('Ctrl Pts',(1046.57626338418,1138.25734800631,116.648280875871));
#6792=CARTESIAN_POINT('Ctrl Pts',(1257.1704568751,-161.379426309215,109.898295553076));
#6793=CARTESIAN_POINT('Ctrl Pts',(1272.90675379393,-840.442155250272,110.25172528711));
#6794=CARTESIAN_POINT('Ctrl Pts',(1324.8932525317,-2106.00121018123,103.372717728217));
#6795=CARTESIAN_POINT('Ctrl Pts',(1444.79161478121,-2702.13841975253,64.0839007107081));
#6796=CARTESIAN_POINT('Ctrl Pts',(1223.55899775916,-3734.46259987112,114.588729167133));
#6797=CARTESIAN_POINT('Ctrl Pts',(1059.85671365975,-4167.79593320445,153.637342564978));
#6798=CARTESIAN_POINT('Ctrl Pts',(825.559814368419,-4600.,210.47917352687));
#6799=CARTESIAN_POINT('Ctrl Pts',(70.,5700.,-8.88178419700125E-15));
#6800=CARTESIAN_POINT('Ctrl Pts',(127.723152998231,5231.36494946795,-4.67244208446604E-15));
#6801=CARTESIAN_POINT('Ctrl Pts',(204.389819664897,4764.69828280128,-1.7046349363963E-15));
#6802=CARTESIAN_POINT('Ctrl Pts',(431.067369300212,3662.96761253228,2.36385635283204E-15));
#6803=CARTESIAN_POINT('Ctrl Pts',(616.596110086086,3033.53958596936,-1.18065016729883E-14));
#6804=CARTESIAN_POINT('Ctrl Pts',(983.284551104934,1766.87265097756,1.19537751252041E-14));
#6805=CARTESIAN_POINT('Ctrl Pts',(1258.72628073795,1138.25734800631,7.04700181464588E-14));
#6806=CARTESIAN_POINT('Ctrl Pts',(1546.39162665336,-161.379426309215,7.25031120453495E-14));
#6807=CARTESIAN_POINT('Ctrl Pts',(1638.45749805116,-840.442155250272,1.25905422356267E-14));
#6808=CARTESIAN_POINT('Ctrl Pts',(1660.60524138284,-2106.00121018123,-6.98208109332952E-15));
#6809=CARTESIAN_POINT('Ctrl Pts',(1667.15101296791,-2702.13841975253,-53.1302103912225));
#6810=CARTESIAN_POINT('Ctrl Pts',(1378.53231238731,-3734.46259987112,38.6094208106083));
#6811=CARTESIAN_POINT('Ctrl Pts',(1195.19897905398,-4167.79593320445,105.276087477275));
#6812=CARTESIAN_POINT('Ctrl Pts',(950.,-4600.,200.));
#6813=CARTESIAN_POINT('',(740.333162318618,-4600.,217.656154752116));
#6814=CARTESIAN_POINT('',(0.,-4600.,280.));
#6815=CARTESIAN_POINT('',(770.081004838049,-4220.,238.494636310476));
#6816=CARTESIAN_POINT('Ctrl Pts',(740.333162318618,-4600.,217.656154752116));
#6817=CARTESIAN_POINT('Ctrl Pts',(739.308238382966,-4567.41963976648,216.853286756605));
#6818=CARTESIAN_POINT('Ctrl Pts',(739.704271501423,-4534.33659863432,217.167527550458));
#6819=CARTESIAN_POINT('Ctrl Pts',(742.755106250527,-4458.83820963663,219.544790280278));
#6820=CARTESIAN_POINT('Ctrl Pts',(746.162576547354,-4415.26623846109,222.175314174324));
#6821=CARTESIAN_POINT('Ctrl Pts',(755.735852546655,-4321.88470929911,229.110643038329));
#6822=CARTESIAN_POINT('Ctrl Pts',(762.512523045856,-4270.48531455294,233.774570605381));
#6823=CARTESIAN_POINT('Ctrl Pts',(770.081004838049,-4220.,238.494636310476));
#6824=CARTESIAN_POINT('',(1149.50090827531,-4220.,123.999588705519));
#6825=CARTESIAN_POINT('Ctrl Pts',(770.081004838049,-4220.,238.494636310476));
#6826=CARTESIAN_POINT('Ctrl Pts',(828.422356095563,-4220.,220.889350638711));
#6827=CARTESIAN_POINT('Ctrl Pts',(886.763707353078,-4220.,203.284064966945));
#6828=CARTESIAN_POINT('Ctrl Pts',(1013.23700849883,-4220.,165.119049098627));
#6829=CARTESIAN_POINT('Ctrl Pts',(1081.36895838707,-4220.,144.559318902073));
#6830=CARTESIAN_POINT('Ctrl Pts',(1149.50090827531,-4220.,123.999588705519));
#6831=CARTESIAN_POINT('',(1579.71053827504,-2947.62482446564,-20.2221383642696));
#6832=CARTESIAN_POINT('Ctrl Pts',(1579.71053827504,-2947.62482446564,-20.2221383642696));
#6833=CARTESIAN_POINT('Ctrl Pts',(1558.99058669585,-3065.0752566021,-16.7789309233683));
#6834=CARTESIAN_POINT('Ctrl Pts',(1532.84961131117,-3182.50432838966,-10.4414967593859));
#6835=CARTESIAN_POINT('Ctrl Pts',(1414.10380439607,-3607.23137317075,27.3027537387322));
#6836=CARTESIAN_POINT('Ctrl Pts',(1297.27077382117,-3913.89803983741,68.6359499739054));
#6837=CARTESIAN_POINT('Ctrl Pts',(1149.50090827531,-4220.,123.999588705519));
#6838=CARTESIAN_POINT('',(1550.,-3054.70336322115,-11.6237309423079));
#6839=CARTESIAN_POINT('Ctrl Pts',(1579.71053827504,-2947.62482446563,-20.2221383642698));
#6840=CARTESIAN_POINT('Ctrl Pts',(1569.62080794773,-2983.21724477101,-17.3332884348843));
#6841=CARTESIAN_POINT('Ctrl Pts',(1559.698410503,-3019.06222726206,-14.4556186000326));
#6842=CARTESIAN_POINT('Ctrl Pts',(1550.,-3054.70336322115,-11.6237309423079));
#6843=CARTESIAN_POINT('',(1550.,-313.955250524826,0.));
#6844=CARTESIAN_POINT('Ctrl Pts',(1550.,-3054.70336322115,-11.6237309423079));
#6845=CARTESIAN_POINT('Ctrl Pts',(1550.,-2969.45767870773,-6.84247120267379));
#6846=CARTESIAN_POINT('Ctrl Pts',(1550.,-2896.43345632299,-3.08864259736063));
#6847=CARTESIAN_POINT('Ctrl Pts',(1550.,-2739.83466433343,4.02399516262842));
#6848=CARTESIAN_POINT('Ctrl Pts',(1550.,-2664.25451916769,7.03337906623994));
#6849=CARTESIAN_POINT('Ctrl Pts',(1550.,-2527.2818131902,11.9427800176142));
#6850=CARTESIAN_POINT('Ctrl Pts',(1550.,-2465.25303429172,13.9690562151726));
#6851=CARTESIAN_POINT('Ctrl Pts',(1550.,-2315.75516384935,18.5065963713766));
#6852=CARTESIAN_POINT('Ctrl Pts',(1550.,-2223.29583199972,21.0104635062497));
#6853=CARTESIAN_POINT('Ctrl Pts',(1550.,-1941.3171515795,27.7141980285974));
#6854=CARTESIAN_POINT('Ctrl Pts',(1550.,-1727.0588162438,31.449988101661));
#6855=CARTESIAN_POINT('Ctrl Pts',(1550.,-1510.89682343344,30.5400953947222));
#6856=CARTESIAN_POINT('Ctrl Pts',(1550.00000000205,-1499.92052610699,30.4769952841314));
#6857=CARTESIAN_POINT('Ctrl Pts',(1550.00000000205,-1311.22457429729,29.3267633558963));
#6858=CARTESIAN_POINT('Ctrl Pts',(1550.00000000046,-1127.18838174943,26.9221159053116));
#6859=CARTESIAN_POINT('Ctrl Pts',(1550.00000000046,-738.888689049066,18.1863330524356));
#6860=CARTESIAN_POINT('Ctrl Pts',(1550.,-523.84474062146,11.0134167442517));
#6861=CARTESIAN_POINT('Ctrl Pts',(1550.,-313.955250524826,-3.77475828372553E-14));
#6862=CARTESIAN_POINT('',(70.,5700.,0.));
#6863=CARTESIAN_POINT('Ctrl Pts',(70.,5700.,0.));
#6864=CARTESIAN_POINT('Ctrl Pts',(127.723152998231,5231.36494946795,0.));
#6865=CARTESIAN_POINT('Ctrl Pts',(204.389819664897,4764.69828280128,0.));
#6866=CARTESIAN_POINT('Ctrl Pts',(431.067369300212,3662.96761253228,0.));
#6867=CARTESIAN_POINT('Ctrl Pts',(616.596110086086,3033.53958596936,0.));
#6868=CARTESIAN_POINT('Ctrl Pts',(983.284551104934,1766.87265097756,0.));
#6869=CARTESIAN_POINT('Ctrl Pts',(1258.72628073795,1138.25734800631,0.));
#6870=CARTESIAN_POINT('Ctrl Pts',(1459.590902245,230.775607587363,0.));
#6871=CARTESIAN_POINT('Ctrl Pts',(1510.1799244412,-41.3789414040432,0.));
#6872=CARTESIAN_POINT('Ctrl Pts',(1550.,-313.955250524826,0.));
#6873=CARTESIAN_POINT('',(0.,5700.,50.));
#6874=CARTESIAN_POINT('Origin',(630.,-4600.,-90.));
#6875=CARTESIAN_POINT('',(612.361139677317,-4380.,-90.));
#6876=CARTESIAN_POINT('',(612.361139677317,-4600.,-90.));
#6877=CARTESIAN_POINT('',(612.361139677317,-4600.,-90.));
#6878=CARTESIAN_POINT('',(630.,-4380.,-90.));
#6879=CARTESIAN_POINT('',(630.,-4380.,-90.));
#6880=CARTESIAN_POINT('',(630.,-4600.,-90.));
#6881=CARTESIAN_POINT('',(630.,-4600.,-90.));
#6882=CARTESIAN_POINT('',(630.,-4600.,-90.));
#6883=CARTESIAN_POINT('Origin',(590.,-4380.,-50.));
#6884=CARTESIAN_POINT('',(612.361139677317,-4380.,-9.99999999999996));
#6885=CARTESIAN_POINT('Origin',(950.,-4380.,-50.));
#6886=CARTESIAN_POINT('',(630.,-4380.,-9.99999999999996));
#6887=CARTESIAN_POINT('',(550.,-4380.,-9.99999999999996));
#6888=CARTESIAN_POINT('',(630.,-4380.,-9.99999999999996));
#6889=CARTESIAN_POINT('Origin',(550.,-4600.,-9.99999999999996));
#6890=CARTESIAN_POINT('',(612.361139677317,-4600.,-9.99999999999996));
#6891=CARTESIAN_POINT('',(612.361139677317,-4600.,-9.99999999999996));
#6892=CARTESIAN_POINT('',(630.,-4600.,-9.99999999999996));
#6893=CARTESIAN_POINT('',(550.,-4600.,-9.99999999999996));
#6894=CARTESIAN_POINT('',(630.,-4600.,-9.99999999999996));
#6895=CARTESIAN_POINT('Origin',(630.,-4600.,-9.99999999999996));
#6896=CARTESIAN_POINT('',(630.,-4600.,-9.99999999999996));
#6897=CARTESIAN_POINT('Origin',(-3.5527136788005E-14,-4600.,-7.0152030054421));
#6898=CARTESIAN_POINT('',(0.,-4600.,280.));
#6899=CARTESIAN_POINT('',(-655.441558772843,-4600.,224.804921366497));
#6900=CARTESIAN_POINT('',(-950.,-4600.,200.));
#6901=CARTESIAN_POINT('',(-655.441558772843,-4600.,244.558441227157));
#6902=CARTESIAN_POINT('',(-655.441558772843,-4600.,244.558441227157));
#6903=CARTESIAN_POINT('',(-735.441558772843,-4600.,244.558441227157));
#6904=CARTESIAN_POINT('',(-735.441558772843,-4600.,244.558441227157));
#6905=CARTESIAN_POINT('',(-735.441558772843,-4600.,218.068079261234));
#6906=CARTESIAN_POINT('',(-735.441558772843,-4600.,164.558441227157));
#6907=CARTESIAN_POINT('',(-950.,-4600.,200.));
#6908=CARTESIAN_POINT('',(-735.441558772843,-4600.,164.558441227157));
#6909=CARTESIAN_POINT('',(-735.441558772843,-4600.,164.558441227157));
#6910=CARTESIAN_POINT('',(-655.441558772843,-4600.,164.558441227157));
#6911=CARTESIAN_POINT('',(-630.,-4600.,-10.));
#6912=CARTESIAN_POINT('',(-630.,-4600.,-10.));
#6913=CARTESIAN_POINT('',(-630.,-4600.,-90.));
#6914=CARTESIAN_POINT('',(-630.,-4600.,-90.));
#6915=CARTESIAN_POINT('',(-550.,-4600.,-90.));
#6916=CARTESIAN_POINT('',(0.,-4600.,-160.));
#6917=CARTESIAN_POINT('',(0.,-4600.,-160.));
#6918=CARTESIAN_POINT('',(683.134664083622,-4600.,-260.672476812323));
#6919=CARTESIAN_POINT('',(950.,-4600.,-300.));
#6920=CARTESIAN_POINT('Origin',(950.,-4600.,-50.));
#6921=CARTESIAN_POINT('Origin',(950.,-4600.,-50.));
#6922=CARTESIAN_POINT('Origin',(950.,-4600.,-50.));
#6923=CARTESIAN_POINT('Origin',(695.441558772843,-4380.,-304.558441227157));
#6924=CARTESIAN_POINT('',(734.940787945038,-4380.00000000003,-313.34299935692));
#6925=CARTESIAN_POINT('',(655.441558772843,-4380.,-299.243144035983));
#6926=CARTESIAN_POINT('Ctrl Pts',(734.940787945036,-4380.,-313.34299935693));
#6927=CARTESIAN_POINT('Ctrl Pts',(708.434096569965,-4380.,-308.666225578374));
#6928=CARTESIAN_POINT('Ctrl Pts',(681.940774338466,-4380.,-303.965921587709));
#6929=CARTESIAN_POINT('Ctrl Pts',(655.441558772843,-4380.,-299.243144035983));
#6930=CARTESIAN_POINT('',(686.248838299862,-4380.,-264.558441227157));
#6931=CARTESIAN_POINT('Origin',(950.,-4380.,-50.));
#6932=CARTESIAN_POINT('',(735.441558772843,-4380.,-264.558441227157));
#6933=CARTESIAN_POINT('',(655.441558772843,-4380.,-264.558441227157));
#6934=CARTESIAN_POINT('',(735.441558772843,-4380.,-344.558441227157));
#6935=CARTESIAN_POINT('',(735.441558772843,-4380.,-264.558441227157));
#6936=CARTESIAN_POINT('',(655.441558772843,-4380.,-344.558441227157));
#6937=CARTESIAN_POINT('',(735.441558772843,-4380.,-344.558441227157));
#6938=CARTESIAN_POINT('',(655.441558772843,-4380.,-344.558441227157));
#6939=CARTESIAN_POINT('Origin',(735.441558772843,-4600.,-344.558441227157));
#6940=CARTESIAN_POINT('',(735.441558772843,-4600.,-344.558441227157));
#6941=CARTESIAN_POINT('',(655.441558772843,-4600.,-344.558441227157));
#6942=CARTESIAN_POINT('',(735.441558772843,-4600.,-344.558441227157));
#6943=CARTESIAN_POINT('',(655.441558772843,-4600.,-344.558441227157));
#6944=CARTESIAN_POINT('',(735.441558772843,-4600.,-344.558441227157));
#6945=CARTESIAN_POINT('Origin',(735.441558772843,-4600.,-264.558441227157));
#6946=CARTESIAN_POINT('',(735.441558772843,-4600.,-264.558441227157));
#6947=CARTESIAN_POINT('',(735.441558772843,-4600.,-264.558441227157));
#6948=CARTESIAN_POINT('',(735.441558772843,-4600.,-264.558441227157));
#6949=CARTESIAN_POINT('Origin',(655.441558772843,-4600.,-264.558441227157));
#6950=CARTESIAN_POINT('',(655.441558772843,-4561.3030602423,-264.558441227157));
#6951=CARTESIAN_POINT('',(686.248838299892,-4583.85186992316,-264.558441227176));
#6952=CARTESIAN_POINT('Ctrl Pts',(655.441558772843,-4561.3030602423,-264.558441227157));
#6953=CARTESIAN_POINT('Ctrl Pts',(663.807302085646,-4567.61620812971,-264.558441092647));
#6954=CARTESIAN_POINT('Ctrl Pts',(672.244499091439,-4573.82312175212,-264.558439717675));
#6955=CARTESIAN_POINT('Ctrl Pts',(680.753617033191,-4579.92942666334,-264.558440524193));
#6956=CARTESIAN_POINT('Ctrl Pts',(682.582035447594,-4581.24153450109,-264.558440697495));
#6957=CARTESIAN_POINT('Ctrl Pts',(684.41377443646,-4582.54899698809,-264.558440939035));
#6958=CARTESIAN_POINT('Ctrl Pts',(686.248838299889,-4583.85186992317,-264.558441227193));
#6959=CARTESIAN_POINT('',(655.441558772843,-4600.,-264.558441227157));
#6960=CARTESIAN_POINT('',(655.441558772843,-4600.,-264.558441227157));
#6961=CARTESIAN_POINT('',(655.441558772843,-4600.,-264.558441227157));
#6962=CARTESIAN_POINT('',(686.248838299862,-4600.,-264.558441227157));
#6963=CARTESIAN_POINT('Origin',(655.441558772843,-4600.,-344.558441227157));
#6964=CARTESIAN_POINT('Ctrl Pts',(655.441558772843,-4380.,-299.243144035983));
#6965=CARTESIAN_POINT('Ctrl Pts',(655.441558772843,-4440.63021849639,-288.415527353808));
#6966=CARTESIAN_POINT('Ctrl Pts',(655.441558772843,-4500.93256903458,-276.841229973438));
#6967=CARTESIAN_POINT('Ctrl Pts',(655.441558772843,-4561.3030602423,-264.558441227157));
#6968=CARTESIAN_POINT('',(655.441558772843,-4600.,-344.558441227157));
#6969=CARTESIAN_POINT('Origin',(695.441558772843,-4600.,-304.558441227157));
#6970=CARTESIAN_POINT('Ctrl Pts',(51.1218418732254,5700.,-13.4843986619819));
#6971=CARTESIAN_POINT('Ctrl Pts',(93.2777547303617,5231.36494946795,-42.2523437228638));
#6972=CARTESIAN_POINT('Ctrl Pts',(149.268343448656,4764.69828280128,-68.3221811360287));
#6973=CARTESIAN_POINT('Ctrl Pts',(314.813684143896,3662.96761253228,-123.7330841947));
#6974=CARTESIAN_POINT('Ctrl Pts',(450.307554849525,3033.53958596935,-151.921588777337));
#6975=CARTESIAN_POINT('Ctrl Pts',(718.104533399598,1766.87265097756,-193.265561567157));
#6976=CARTESIAN_POINT('Ctrl Pts',(919.262941222263,1138.25734800631,-214.395433355081));
#6977=CARTESIAN_POINT('Ctrl Pts',(1129.34840302647,-161.379426309215,-217.154409279459));
#6978=CARTESIAN_POINT('Ctrl Pts',(1224.08923814263,-840.442155250272,-130.70088431222));
#6979=CARTESIAN_POINT('Ctrl Pts',(1187.48930650504,-2106.00121018123,-221.446995761932));
#6980=CARTESIAN_POINT('Ctrl Pts',(985.77507089695,-2702.13841975253,-462.942618683746));
#6981=CARTESIAN_POINT('Ctrl Pts',(924.00246005768,-3734.46259987112,-457.861615788658));
#6982=CARTESIAN_POINT('Ctrl Pts',(924.00246005768,-4167.79593320445,-404.528282455324));
#6983=CARTESIAN_POINT('Ctrl Pts',(950.,-4600.,-300.));
#6984=CARTESIAN_POINT('Ctrl Pts',(47.3935833846786,5700.,-16.1474404395153));
#6985=CARTESIAN_POINT('Ctrl Pts',(86.4751128825101,5231.36494946795,-50.5967837941832));
#6986=CARTESIAN_POINT('Ctrl Pts',(138.382370875253,4764.69828280128,-81.8151686439128));
#6987=CARTESIAN_POINT('Ctrl Pts',(291.854675876338,3662.96761253228,-148.169203352358));
#6988=CARTESIAN_POINT('Ctrl Pts',(417.467130829048,3033.53958596935,-181.924672189871));
#6989=CARTESIAN_POINT('Ctrl Pts',(665.733976623686,1766.87265097756,-231.433690344221));
#6990=CARTESIAN_POINT('Ctrl Pts',(852.222127780575,1138.25734800631,-256.736512868451));
#6991=CARTESIAN_POINT('Ctrl Pts',(1046.98629290236,-161.379426309215,-260.040360561605));
#6992=CARTESIAN_POINT('Ctrl Pts',(1181.59136809994,-840.442155250272,-186.294346759619));
#6993=CARTESIAN_POINT('Ctrl Pts',(1057.9115159193,-2106.00121018123,-237.817687354072));
#6994=CARTESIAN_POINT('Ctrl Pts',(701.203969885969,-2702.13841975253,-405.246709043205));
#6995=CARTESIAN_POINT('Ctrl Pts',(584.012128917823,-3734.46259987112,-384.675951164689));
#6996=CARTESIAN_POINT('Ctrl Pts',(584.012128917823,-4167.79593320445,-338.009284498022));
#6997=CARTESIAN_POINT('Ctrl Pts',(633.333333333333,-4600.,-253.333333333333));
#6998=CARTESIAN_POINT('Ctrl Pts',(34.0812279154836,5700.,-25.6562657746546));
#6999=CARTESIAN_POINT('Ctrl Pts',(62.185169820241,5231.36494946795,-80.3919690695742));
#7000=CARTESIAN_POINT('Ctrl Pts',(99.5122289657707,4764.69828280128,-129.994082900573));
#7001=CARTESIAN_POINT('Ctrl Pts',(209.875789429263,3662.96761253228,-235.422355330332));
#7002=CARTESIAN_POINT('Ctrl Pts',(300.20503656635,3033.53958596935,-289.055578693954));
#7003=CARTESIAN_POINT('Ctrl Pts',(478.736355599732,1766.87265097756,-367.719224041844));
#7004=CARTESIAN_POINT('Ctrl Pts',(612.841960814842,1138.25734800631,-407.922248289695));
#7005=CARTESIAN_POINT('Ctrl Pts',(752.898935350981,-161.379426309215,-413.171649568618));
#7006=CARTESIAN_POINT('Ctrl Pts',(875.932485172985,-840.442155250272,-352.397078254682));
#7007=CARTESIAN_POINT('Ctrl Pts',(736.648280429739,-2106.00121018123,-326.043580236817));
#7008=CARTESIAN_POINT('Ctrl Pts',(384.940686536725,-2702.13841975253,-360.22767233797));
#7009=CARTESIAN_POINT('Ctrl Pts',(267.052325895481,-3734.46259987112,-302.278075293713));
#7010=CARTESIAN_POINT('Ctrl Pts',(267.05232589548,-4167.79593320445,-262.278075293713));
#7011=CARTESIAN_POINT('Ctrl Pts',(316.666666666667,-4600.,-206.666666666667));
#7012=CARTESIAN_POINT('Ctrl Pts',(25.5609209366126,5700.,-31.742199330991));
#7013=CARTESIAN_POINT('Ctrl Pts',(46.6388773651807,5231.36494946795,-99.4617817429293));
#7014=CARTESIAN_POINT('Ctrl Pts',(74.6341717243279,4764.69828280128,-160.830033782845));
#7015=CARTESIAN_POINT('Ctrl Pts',(157.406842071948,3662.96761253228,-291.266990898147));
#7016=CARTESIAN_POINT('Ctrl Pts',(225.153777424762,3033.53958596935,-357.622573652262));
#7017=CARTESIAN_POINT('Ctrl Pts',(359.052266699799,1766.87265097756,-454.946055279187));
#7018=CARTESIAN_POINT('Ctrl Pts',(459.631470611131,1138.25734800631,-504.685655757002));
#7019=CARTESIAN_POINT('Ctrl Pts',(564.674201513236,-161.379426309215,-511.180269713198));
#7020=CARTESIAN_POINT('Ctrl Pts',(701.85410868816,-840.442155250272,-463.245175225912));
#7021=CARTESIAN_POINT('Ctrl Pts',(511.227767392089,-2106.00121018123,-378.34187247426));
#7022=CARTESIAN_POINT('Ctrl Pts',(84.5234943566138,-2702.13841975253,-308.870199165083));
#7023=CARTESIAN_POINT('Ctrl Pts',(-61.4227411856192,-3734.46259987112,-224.486305046241));
#7024=CARTESIAN_POINT('Ctrl Pts',(-61.4227411856193,-4167.79593320445,-191.152971712908));
#7025=CARTESIAN_POINT('Ctrl Pts',(0.,-4600.,-160.));
#7026=CARTESIAN_POINT('Ctrl Pts',(686.248838299891,-4583.85186992317,-264.558441227193));
#7027=CARTESIAN_POINT('Ctrl Pts',(685.193976875483,-4589.24348165352,-263.261727266517));
#7028=CARTESIAN_POINT('Ctrl Pts',(684.155944637412,-4594.62718300519,-261.966164446208));
#7029=CARTESIAN_POINT('Ctrl Pts',(683.134664083622,-4600.,-260.672476812323));
#7030=CARTESIAN_POINT('',(602.507422077299,-1500.,-418.99703116908));
#7031=CARTESIAN_POINT('Ctrl Pts',(602.507422077299,-1500.,-418.99703116908));
#7032=CARTESIAN_POINT('Ctrl Pts',(511.227767392089,-2106.00121018123,-378.34187247426));
#7033=CARTESIAN_POINT('Ctrl Pts',(84.5234943566135,-2702.13841975253,-308.870199165083));
#7034=CARTESIAN_POINT('Ctrl Pts',(-61.4227411856194,-3734.46259987112,-224.486305046241));
#7035=CARTESIAN_POINT('Ctrl Pts',(-61.4227411856194,-4167.79593320445,-191.152971712908));
#7036=CARTESIAN_POINT('Ctrl Pts',(0.,-4600.,-160.));
#7037=CARTESIAN_POINT('',(511.218418732254,500.,-507.875189295855));
#7038=CARTESIAN_POINT('Ctrl Pts',(511.218418732254,500.,-507.875189295855));
#7039=CARTESIAN_POINT('Ctrl Pts',(564.674201513236,-161.379426309215,-511.180269713198));
#7040=CARTESIAN_POINT('Ctrl Pts',(701.85410868816,-840.442155250272,-463.245175225912));
#7041=CARTESIAN_POINT('Ctrl Pts',(602.507422077299,-1500.,-418.99703116908));
#7042=CARTESIAN_POINT('',(25.5609209366127,5700.,-31.742199330991));
#7043=CARTESIAN_POINT('Ctrl Pts',(25.5609209366127,5700.,-31.742199330991));
#7044=CARTESIAN_POINT('Ctrl Pts',(46.6388773651808,5231.36494946795,-99.4617817429293));
#7045=CARTESIAN_POINT('Ctrl Pts',(74.634171724328,4764.69828280128,-160.830033782845));
#7046=CARTESIAN_POINT('Ctrl Pts',(157.406842071948,3662.96761253228,-291.266990898147));
#7047=CARTESIAN_POINT('Ctrl Pts',(225.153777424762,3033.53958596936,-357.622573652262));
#7048=CARTESIAN_POINT('Ctrl Pts',(359.052266699799,1766.87265097756,-454.946055279187));
#7049=CARTESIAN_POINT('Ctrl Pts',(459.631470611131,1138.25734800631,-504.685655757002));
#7050=CARTESIAN_POINT('Ctrl Pts',(511.218418732254,500.,-507.875189295855));
#7051=CARTESIAN_POINT('',(51.1218418732254,5700.,-13.4843986619819));
#7052=CARTESIAN_POINT('',(70.,5700.,0.));
#7053=CARTESIAN_POINT('',(1022.43683746451,500.,-215.75037859171));
#7054=CARTESIAN_POINT('Ctrl Pts',(51.1218418732254,5700.,-13.4843986619819));
#7055=CARTESIAN_POINT('Ctrl Pts',(93.2777547303617,5231.36494946795,-42.2523437228638));
#7056=CARTESIAN_POINT('Ctrl Pts',(149.268343448656,4764.69828280128,-68.3221811360287));
#7057=CARTESIAN_POINT('Ctrl Pts',(314.813684143896,3662.96761253228,-123.7330841947));
#7058=CARTESIAN_POINT('Ctrl Pts',(450.307554849525,3033.53958596936,-151.921588777337));
#7059=CARTESIAN_POINT('Ctrl Pts',(718.104533399598,1766.87265097756,-193.265561567157));
#7060=CARTESIAN_POINT('Ctrl Pts',(919.262941222263,1138.25734800631,-214.395433355081));
#7061=CARTESIAN_POINT('Ctrl Pts',(1022.43683746451,500.,-215.75037859171));
#7062=CARTESIAN_POINT('',(1205.0148441546,-1500.,-177.99406233816));
#7063=CARTESIAN_POINT('Ctrl Pts',(1022.43683746451,500.,-215.75037859171));
#7064=CARTESIAN_POINT('Ctrl Pts',(1129.34840302647,-161.379426309215,-217.154409279459));
#7065=CARTESIAN_POINT('Ctrl Pts',(1224.08923814263,-840.442155250272,-130.70088431222));
#7066=CARTESIAN_POINT('Ctrl Pts',(1205.0148441546,-1500.,-177.99406233816));
#7067=CARTESIAN_POINT('',(933.848681114494,-4220.,-378.661123931199));
#7068=CARTESIAN_POINT('Ctrl Pts',(1205.0148441546,-1500.,-177.99406233816));
#7069=CARTESIAN_POINT('Ctrl Pts',(1187.48930650504,-2106.00121018123,-221.446995761932));
#7070=CARTESIAN_POINT('Ctrl Pts',(985.77507089695,-2702.13841975253,-462.942618683746));
#7071=CARTESIAN_POINT('Ctrl Pts',(931.615771074634,-3607.23137317075,-458.48783596606));
#7072=CARTESIAN_POINT('Ctrl Pts',(926.231998112799,-3913.89803983741,-431.374877276459));
#7073=CARTESIAN_POINT('Ctrl Pts',(933.848681114494,-4220.,-378.661123931199));
#7074=CARTESIAN_POINT('',(795.406154011299,-4220.,-352.821305033879));
#7075=CARTESIAN_POINT('Ctrl Pts',(933.848681114494,-4220.,-378.661123931199));
#7076=CARTESIAN_POINT('Ctrl Pts',(887.439857715871,-4220.,-370.152376711116));
#7077=CARTESIAN_POINT('Ctrl Pts',(841.312038887583,-4220.,-361.531227662899));
#7078=CARTESIAN_POINT('Ctrl Pts',(795.406154011301,-4220.,-352.82130503388));
#7079=CARTESIAN_POINT('Ctrl Pts',(795.406154011299,-4220.,-352.821305033879));
#7080=CARTESIAN_POINT('Ctrl Pts',(779.956007858617,-4249.81653665404,-344.933823290931));
#7081=CARTESIAN_POINT('Ctrl Pts',(766.496815574178,-4283.91719508221,-336.544737016249));
#7082=CARTESIAN_POINT('Ctrl Pts',(748.162438926581,-4336.59448700961,-323.752891537429));
#7083=CARTESIAN_POINT('Ctrl Pts',(741.319861039083,-4358.24373079582,-318.552473072176));
#7084=CARTESIAN_POINT('Ctrl Pts',(734.940787945038,-4380.00000000005,-313.34299935692));
#7085=CARTESIAN_POINT('Origin',(-655.441558772843,-4600.,164.558441227157));
#7086=CARTESIAN_POINT('',(-735.441558772843,-4380.,164.558441227157));
#7087=CARTESIAN_POINT('',(-735.441558772843,-4600.,164.558441227157));
#7088=CARTESIAN_POINT('',(-655.441558772843,-4380.,164.558441227157));
#7089=CARTESIAN_POINT('Origin',(-655.441558772843,-4600.,244.558441227157));
#7090=CARTESIAN_POINT('',(-655.441558772843,-4380.,242.253758915761));
#7091=CARTESIAN_POINT('Ctrl Pts',(-655.441558772843,-4380.,242.253758915761));
#7092=CARTESIAN_POINT('Ctrl Pts',(-655.441558772843,-4453.33996965649,236.707220775147));
#7093=CARTESIAN_POINT('Ctrl Pts',(-655.441558772843,-4526.70447567122,230.890464223571));
#7094=CARTESIAN_POINT('Ctrl Pts',(-655.441558772843,-4600.,224.804921366497));
#7095=CARTESIAN_POINT('',(-655.441558772843,-4380.,244.558441227157));
#7096=CARTESIAN_POINT('',(-655.441558772843,-4380.,244.558441227157));
#7097=CARTESIAN_POINT('',(-655.441558772843,-4600.,244.558441227157));
#7098=CARTESIAN_POINT('Origin',(-695.441558772843,-4380.,204.558441227157));
#7099=CARTESIAN_POINT('',(-735.441558772843,-4380.,235.622151748874));
#7100=CARTESIAN_POINT('Ctrl Pts',(-735.441558772843,-4380.,235.622151748874));
#7101=CARTESIAN_POINT('Ctrl Pts',(-708.774892106177,-4380.,237.83268747117));
#7102=CARTESIAN_POINT('Ctrl Pts',(-682.108225439509,-4380.,240.043223193466));
#7103=CARTESIAN_POINT('Ctrl Pts',(-655.441558772843,-4380.,242.253758915761));
#7104=CARTESIAN_POINT('',(-735.441558772843,-4380.,244.558441227157));
#7105=CARTESIAN_POINT('',(-735.441558772843,-4380.,164.558441227157));
#7106=CARTESIAN_POINT('',(-735.441558772843,-4380.,244.558441227157));
#7107=CARTESIAN_POINT('Origin',(-735.441558772843,-4600.,164.558441227157));
#7108=CARTESIAN_POINT('Ctrl Pts',(-735.441558772843,-4600.,218.068079261234));
#7109=CARTESIAN_POINT('Ctrl Pts',(-735.441558772843,-4526.70668679831,224.196347011608));
#7110=CARTESIAN_POINT('Ctrl Pts',(-735.441558772843,-4453.33934008012,230.048193109054));
#7111=CARTESIAN_POINT('Ctrl Pts',(-735.441558772843,-4380.,235.622151748874));
#7112=CARTESIAN_POINT('',(-735.441558772843,-4600.,244.558441227157));
#7113=CARTESIAN_POINT('Origin',(-735.441558772843,-4600.,244.558441227157));
#7114=CARTESIAN_POINT('Origin',(-735.441558772843,-4600.,164.558441227157));
#7115=CARTESIAN_POINT('',(-735.441558772843,-4380.,164.558441227157));
#7116=CARTESIAN_POINT('Origin',(-695.441558772843,-4380.,204.558441227157));
#7117=CARTESIAN_POINT('Origin',(-630.,-4600.,-10.));
#7118=CARTESIAN_POINT('',(-630.,-4380.,-10.));
#7119=CARTESIAN_POINT('',(-630.,-4380.,-10.));
#7120=CARTESIAN_POINT('',(-630.,-4600.,-10.));
#7121=CARTESIAN_POINT('Origin',(-550.,-4600.,-90.));
#7122=CARTESIAN_POINT('',(-630.,-4380.,-90.));
#7123=CARTESIAN_POINT('',(-630.,-4600.,-90.));
#7124=CARTESIAN_POINT('',(-550.,-4380.,-90.));
#7125=CARTESIAN_POINT('Origin',(-630.,-4600.,-90.));
#7126=CARTESIAN_POINT('',(-630.,-4380.,-90.));
#7127=CARTESIAN_POINT('Origin',(-590.,-4380.,-50.));
#7128=CARTESIAN_POINT('Origin',(-950.,-4220.,-50.));
#7129=CARTESIAN_POINT('',(-1010.16807763523,-4220.,-348.133365322904));
#7130=CARTESIAN_POINT('Ctrl Pts',(-719.879523348284,-4220.,-300.288965449113));
#7131=CARTESIAN_POINT('Ctrl Pts',(-816.642374777267,-4220.,-316.237098740376));
#7132=CARTESIAN_POINT('Ctrl Pts',(-913.405226206249,-4220.,-332.18523203164));
#7133=CARTESIAN_POINT('Ctrl Pts',(-1010.16807763523,-4220.,-348.133365322904));
#7134=CARTESIAN_POINT('',(-972.167186497191,-4220.,227.866771775256));
#7135=CARTESIAN_POINT('Ctrl Pts',(-972.167186497191,-4220.,227.866771775256));
#7136=CARTESIAN_POINT('Ctrl Pts',(-907.724731125236,-4220.,233.169765438652));
#7137=CARTESIAN_POINT('Ctrl Pts',(-843.282275753282,-4220.,238.472759102049));
#7138=CARTESIAN_POINT('Ctrl Pts',(-778.839820381328,-4220.,243.775752765445));
#7139=CARTESIAN_POINT('',(-1106.10105222838,-4220.,-4.73808806958831E-16));
#7140=CARTESIAN_POINT('Ctrl Pts',(-1106.10105222838,-4220.,0.));
#7141=CARTESIAN_POINT('Ctrl Pts',(-1083.77874127318,-4220.,37.977795295876));
#7142=CARTESIAN_POINT('Ctrl Pts',(-1061.45643031798,-4220.,75.955590591752));
#7143=CARTESIAN_POINT('Ctrl Pts',(-1016.81180840759,-4220.,151.911181183504));
#7144=CARTESIAN_POINT('Ctrl Pts',(-994.489497452389,-4220.,189.88897647938));
#7145=CARTESIAN_POINT('Ctrl Pts',(-972.167186497191,-4220.,227.866771775256));
#7146=CARTESIAN_POINT('Ctrl Pts',(-1010.16807763523,-4220.,-348.133365322904));
#7147=CARTESIAN_POINT('Ctrl Pts',(-1026.15690673409,-4220.,-290.111137769087));
#7148=CARTESIAN_POINT('Ctrl Pts',(-1042.14573583295,-4220.,-232.088910215269));
#7149=CARTESIAN_POINT('Ctrl Pts',(-1074.12339403066,-4220.,-116.044455107635));
#7150=CARTESIAN_POINT('Ctrl Pts',(-1090.11222312952,-4220.,-58.0222275538174));
#7151=CARTESIAN_POINT('Ctrl Pts',(-1106.10105222838,-4220.,-4.73808806958848E-16));
#7152=CARTESIAN_POINT('Ctrl Pts',(-70.,5700.,0.));
#7153=CARTESIAN_POINT('Ctrl Pts',(-127.723152998231,5231.36494946795,0.));
#7154=CARTESIAN_POINT('Ctrl Pts',(-204.389819664897,4764.69828280128,0.));
#7155=CARTESIAN_POINT('Ctrl Pts',(-431.067369300212,3662.96761253228,0.));
#7156=CARTESIAN_POINT('Ctrl Pts',(-616.596110086086,3033.53958596936,0.));
#7157=CARTESIAN_POINT('Ctrl Pts',(-983.284551104934,1766.87265097756,0.));
#7158=CARTESIAN_POINT('Ctrl Pts',(-1258.72628073795,1138.25734800631,0.));
#7159=CARTESIAN_POINT('Ctrl Pts',(-1546.39162665336,-161.379426309215,0.));
#7160=CARTESIAN_POINT('Ctrl Pts',(-1638.45749805116,-840.442155250272,0.));
#7161=CARTESIAN_POINT('Ctrl Pts',(-1660.60524138284,-2106.00121018123,0.));
#7162=CARTESIAN_POINT('Ctrl Pts',(-1685.74658660483,-2702.13841975253,0.));
#7163=CARTESIAN_POINT('Ctrl Pts',(-1404.54784058751,-3607.23137317075,0.));
#7164=CARTESIAN_POINT('Ctrl Pts',(-1273.24819133031,-3913.89803983741,0.));
#7165=CARTESIAN_POINT('Ctrl Pts',(-1106.10105222838,-4220.,0.));
#7166=CARTESIAN_POINT('Ctrl Pts',(-57.4687563633813,5700.,8.95088831187048));
#7167=CARTESIAN_POINT('Ctrl Pts',(-102.477557335964,5231.36494946795,12.3581182924367));
#7168=CARTESIAN_POINT('Ctrl Pts',(-165.419528591095,4764.69828280128,21.3090066043072));
#7169=CARTESIAN_POINT('Ctrl Pts',(-357.162487823233,3662.96761253228,55.6734257972634));
#7170=CARTESIAN_POINT('Ctrl Pts',(-529.329455948231,3033.53958596936,113.752135830855));
#7171=CARTESIAN_POINT('Ctrl Pts',(-830.572504455749,1766.87265097756,139.57279416529));
#7172=CARTESIAN_POINT('Ctrl Pts',(-1046.57626338418,1138.25734800631,116.648280875871));
#7173=CARTESIAN_POINT('Ctrl Pts',(-1257.1704568751,-161.379426309215,109.898295553076));
#7174=CARTESIAN_POINT('Ctrl Pts',(-1272.90675379393,-840.442155250272,110.25172528711));
#7175=CARTESIAN_POINT('Ctrl Pts',(-1324.89325253169,-2106.00121018123,103.372717728217));
#7176=CARTESIAN_POINT('Ctrl Pts',(-1424.13099765386,-2702.13841975253,102.287844442567));
#7177=CARTESIAN_POINT('Ctrl Pts',(-1261.44248925355,-3607.23137317075,88.7317552506211));
#7178=CARTESIAN_POINT('Ctrl Pts',(-1176.37241047066,-3913.89803983741,82.9391743367604));
#7179=CARTESIAN_POINT('Ctrl Pts',(-1061.45643031798,-4220.,75.955590591752));
#7180=CARTESIAN_POINT('Ctrl Pts',(-43.2083587868587,5700.,19.1368865808152));
#7181=CARTESIAN_POINT('Ctrl Pts',(-72.0501252699767,5231.36494946795,28.2141111577154));
#7182=CARTESIAN_POINT('Ctrl Pts',(-119.37356584606,4764.69828280128,47.3509977385305));
#7183=CARTESIAN_POINT('Ctrl Pts',(-275.387727668264,3662.96761253228,116.571681851865));
#7184=CARTESIAN_POINT('Ctrl Pts',(-440.828093820027,3033.53958596936,228.327410321944));
#7185=CARTESIAN_POINT('Ctrl Pts',(-679.094362386577,1766.87265097756,278.322985277239));
#7186=CARTESIAN_POINT('Ctrl Pts',(-834.426246030408,1138.25734800631,233.296561751742));
#7187=CARTESIAN_POINT('Ctrl Pts',(-967.949287096843,-161.379426309215,219.796591106152));
#7188=CARTESIAN_POINT('Ctrl Pts',(-907.356009536703,-840.442155250272,220.50345057422));
#7189=CARTESIAN_POINT('Ctrl Pts',(-989.181263680551,-2106.00121018123,206.745435456435));
#7190=CARTESIAN_POINT('Ctrl Pts',(-1162.51540870288,-2702.13841975253,204.575688885134));
#7191=CARTESIAN_POINT('Ctrl Pts',(-1118.3371379196,-3607.23137317075,177.463510501242));
#7192=CARTESIAN_POINT('Ctrl Pts',(-1079.49662961101,-3913.89803983741,165.878348673521));
#7193=CARTESIAN_POINT('Ctrl Pts',(-1016.81180840759,-4220.,151.911181183504));
#7194=CARTESIAN_POINT('Ctrl Pts',(-32.406269090144,5700.,26.8526649356114));
#7195=CARTESIAN_POINT('Ctrl Pts',(-51.9863660114295,5231.36494946795,37.07435487731));
#7196=CARTESIAN_POINT('Ctrl Pts',(-87.478946443492,4764.69828280128,63.9270198129214));
#7197=CARTESIAN_POINT('Ctrl Pts',(-209.352724869276,3662.96761253228,167.02027739179));
#7198=CARTESIAN_POINT('Ctrl Pts',(-354.796147672523,3033.53958596936,341.256407492565));
#7199=CARTESIAN_POINT('Ctrl Pts',(-525.148411157379,1766.87265097756,418.718382495871));
#7200=CARTESIAN_POINT('Ctrl Pts',(-622.276228676638,1138.25734800631,349.944842627612));
#7201=CARTESIAN_POINT('Ctrl Pts',(-678.728117318583,-161.379426309215,329.694886659228));
#7202=CARTESIAN_POINT('Ctrl Pts',(-541.805265279474,-840.442155250272,330.75517586133));
#7203=CARTESIAN_POINT('Ctrl Pts',(-653.469274829407,-2106.00121018123,310.118153184652));
#7204=CARTESIAN_POINT('Ctrl Pts',(-900.899819751898,-2702.13841975253,306.863533327701));
#7205=CARTESIAN_POINT('Ctrl Pts',(-975.231786585637,-3607.23137317075,266.195265751863));
#7206=CARTESIAN_POINT('Ctrl Pts',(-982.620848751367,-3913.89803983741,248.817523010282));
#7207=CARTESIAN_POINT('Ctrl Pts',(-972.167186497191,-4220.,227.866771775256));
#7208=CARTESIAN_POINT('',(-138.884010386332,4300.,107.410659742446));
#7209=CARTESIAN_POINT('Ctrl Pts',(-138.884010386332,4300.,107.410659742446));
#7210=CARTESIAN_POINT('Ctrl Pts',(-209.352724869276,3662.96761253228,167.02027739179));
#7211=CARTESIAN_POINT('Ctrl Pts',(-354.796147672523,3033.53958596936,341.256407492566));
#7212=CARTESIAN_POINT('Ctrl Pts',(-525.148411157379,1766.87265097756,418.718382495871));
#7213=CARTESIAN_POINT('Ctrl Pts',(-622.276228676638,1138.25734800631,349.944842627612));
#7214=CARTESIAN_POINT('Ctrl Pts',(-678.728117318583,-161.379426309215,329.694886659228));
#7215=CARTESIAN_POINT('Ctrl Pts',(-541.805265279474,-840.442155250272,330.75517586133));
#7216=CARTESIAN_POINT('Ctrl Pts',(-653.469274829407,-2106.00121018123,310.118153184652));
#7217=CARTESIAN_POINT('Ctrl Pts',(-900.899819751898,-2702.13841975253,306.863533327701));
#7218=CARTESIAN_POINT('Ctrl Pts',(-975.231786585636,-3607.23137317075,266.195265751863));
#7219=CARTESIAN_POINT('Ctrl Pts',(-982.620848751367,-3913.89803983741,248.817523010282));
#7220=CARTESIAN_POINT('Ctrl Pts',(-972.16718649719,-4220.,227.866771775256));
#7221=CARTESIAN_POINT('',(-32.406269090144,5700.,26.8526649356114));
#7222=CARTESIAN_POINT('Ctrl Pts',(-32.406269090144,5700.,26.8526649356114));
#7223=CARTESIAN_POINT('Ctrl Pts',(-51.9863660114295,5231.36494946795,37.07435487731));
#7224=CARTESIAN_POINT('Ctrl Pts',(-87.478946443492,4764.69828280128,63.9270198129215));
#7225=CARTESIAN_POINT('Ctrl Pts',(-138.884010386332,4300.,107.410659742446));
#7226=CARTESIAN_POINT('',(-70.,5700.,8.88178419700125E-15));
#7227=CARTESIAN_POINT('',(-70.,5700.,0.));
#7228=CARTESIAN_POINT('',(-1550.,-313.955250524823,1.37383677340272E-13));
#7229=CARTESIAN_POINT('Ctrl Pts',(-70.,5700.,8.88178419700125E-15));
#7230=CARTESIAN_POINT('Ctrl Pts',(-127.723152998231,5231.36494946795,-3.62897203803329E-14));
#7231=CARTESIAN_POINT('Ctrl Pts',(-204.389819664897,4764.69828280128,-6.29350729713367E-14));
#7232=CARTESIAN_POINT('Ctrl Pts',(-431.067369300212,3662.96761253228,-8.218449276758E-14));
#7233=CARTESIAN_POINT('Ctrl Pts',(-616.596110086086,3033.53958596936,-5.92543098665974E-14));
#7234=CARTESIAN_POINT('Ctrl Pts',(-983.284551104934,1766.87265097756,5.92157537663439E-14));
#7235=CARTESIAN_POINT('Ctrl Pts',(-1258.72628073795,1138.25734800631,3.03355062781887E-13));
#7236=CARTESIAN_POINT('Ctrl Pts',(-1459.59090224501,230.775607587363,2.76144476023099E-13));
#7237=CARTESIAN_POINT('Ctrl Pts',(-1510.1799244412,-41.3789414040417,2.13050522949653E-13));
#7238=CARTESIAN_POINT('Ctrl Pts',(-1550.,-313.955250524823,1.37383677340272E-13));
#7239=CARTESIAN_POINT('Ctrl Pts',(-1550.,-313.955250524826,2.22044604925031E-15));
#7240=CARTESIAN_POINT('Ctrl Pts',(-1550.,-510.400791313357,10.3079797242725));
#7241=CARTESIAN_POINT('Ctrl Pts',(-1549.9999999994,-710.973189063413,17.2362485129358));
#7242=CARTESIAN_POINT('Ctrl Pts',(-1549.9999999994,-1088.71289241836,26.2976335734221));
#7243=CARTESIAN_POINT('Ctrl Pts',(-1550.,-1275.44475000943,28.9323275761853));
#7244=CARTESIAN_POINT('Ctrl Pts',(-1550.,-1488.1507207098,30.4182490795719));
#7245=CARTESIAN_POINT('Ctrl Pts',(-1550.,-1559.99648495763,30.7836520507308));
#7246=CARTESIAN_POINT('Ctrl Pts',(-1550.,-1802.13054064026,32.772425770018));
#7247=CARTESIAN_POINT('Ctrl Pts',(-1550.,-1914.7000665646,33.8344268178761));
#7248=CARTESIAN_POINT('Ctrl Pts',(-1550.,-2139.26271276776,35.2454713841242));
#7249=CARTESIAN_POINT('Ctrl Pts',(-1550.,-2257.4180805326,35.6241377961559));
#7250=CARTESIAN_POINT('Ctrl Pts',(-1550.,-2428.84844840206,34.5169586970766));
#7251=CARTESIAN_POINT('Ctrl Pts',(-1550.,-2486.93359179788,33.8541851626128));
#7252=CARTESIAN_POINT('Ctrl Pts',(-1550.,-2544.65623273051,32.7671883634747));
#7253=CARTESIAN_POINT('',(-1550.,-3119.13389703814,-8.38187237575068E-14));
#7254=CARTESIAN_POINT('Ctrl Pts',(-1550.,-3042.58195829875,7.87090208506251));
#7255=CARTESIAN_POINT('Ctrl Pts',(-1550.,-3068.22620206912,5.47716042351229));
#7256=CARTESIAN_POINT('Ctrl Pts',(-1550.,-3093.76909695949,2.86058062604837));
#7257=CARTESIAN_POINT('Ctrl Pts',(-1550.,-3119.13389703814,-1.11577413974828E-13));
#7258=CARTESIAN_POINT('Ctrl Pts',(-1550.,-3119.13389703814,-8.38187237575068E-14));
#7259=CARTESIAN_POINT('Ctrl Pts',(-1535.32457241744,-3179.41298270388,-7.92310924994422E-14));
#7260=CARTESIAN_POINT('Ctrl Pts',(-1518.73500998487,-3239.69771999453,-7.49154611348395E-14));
#7261=CARTESIAN_POINT('Ctrl Pts',(-1404.54784058751,-3607.23137317075,-5.13820828120546E-14));
#7262=CARTESIAN_POINT('Ctrl Pts',(-1273.24819133031,-3913.89803983741,-2.78552612223709E-14));
#7263=CARTESIAN_POINT('Ctrl Pts',(-1106.10105222838,-4220.,-4.73808806958835E-16));
#7264=CARTESIAN_POINT('Ctrl Pts',(-32.406269090144,5700.,26.8526649356114));
#7265=CARTESIAN_POINT('Ctrl Pts',(-51.9863660114295,5231.36494946795,37.07435487731));
#7266=CARTESIAN_POINT('Ctrl Pts',(-87.478946443492,4764.69828280128,63.9270198129215));
#7267=CARTESIAN_POINT('Ctrl Pts',(-209.352724869276,3662.96761253228,167.02027739179));
#7268=CARTESIAN_POINT('Ctrl Pts',(-354.796147672523,3033.53958596936,341.256407492566));
#7269=CARTESIAN_POINT('Ctrl Pts',(-525.148411157379,1766.87265097756,418.718382495871));
#7270=CARTESIAN_POINT('Ctrl Pts',(-622.276228676638,1138.25734800631,349.944842627612));
#7271=CARTESIAN_POINT('Ctrl Pts',(-678.728117318583,-161.379426309215,329.694886659228));
#7272=CARTESIAN_POINT('Ctrl Pts',(-541.805265279474,-840.442155250272,330.75517586133));
#7273=CARTESIAN_POINT('Ctrl Pts',(-653.469274829407,-2106.00121018123,310.118153184652));
#7274=CARTESIAN_POINT('Ctrl Pts',(-900.899819751897,-2702.13841975253,306.863533327701));
#7275=CARTESIAN_POINT('Ctrl Pts',(-985.680820894864,-3734.46259987111,260.478423573486));
#7276=CARTESIAN_POINT('Ctrl Pts',(-985.680820894865,-4167.79593320445,233.81175690682));
#7277=CARTESIAN_POINT('Ctrl Pts',(-950.,-4600.,200.));
#7278=CARTESIAN_POINT('Ctrl Pts',(-21.6041793934293,5700.,34.5684432904076));
#7279=CARTESIAN_POINT('Ctrl Pts',(-34.657577340953,5231.36494946795,55.5069956551527));
#7280=CARTESIAN_POINT('Ctrl Pts',(-58.3192976289946,4764.69828280128,90.0754389455603));
#7281=CARTESIAN_POINT('Ctrl Pts',(-139.568483246184,3662.96761253228,204.346537047354));
#7282=CARTESIAN_POINT('Ctrl Pts',(-236.530765115015,3033.53958596936,374.178171495782));
#7283=CARTESIAN_POINT('Ctrl Pts',(-350.098940771586,1766.87265097756,452.463017355876));
#7284=CARTESIAN_POINT('Ctrl Pts',(-414.850819117759,1138.25734800631,384.331365314563));
#7285=CARTESIAN_POINT('Ctrl Pts',(-452.485411545722,-161.379426309215,361.936876864799));
#7286=CARTESIAN_POINT('Ctrl Pts',(-361.203510186316,-840.442155250272,358.485933018844));
#7287=CARTESIAN_POINT('Ctrl Pts',(-435.646183219605,-2106.00121018123,335.807134375618));
#7288=CARTESIAN_POINT('Ctrl Pts',(-600.599879834599,-2702.13841975253,333.530199994367));
#7289=CARTESIAN_POINT('Ctrl Pts',(-657.120547263243,-3734.46259987111,287.145090240153));
#7290=CARTESIAN_POINT('Ctrl Pts',(-657.120547263243,-4167.79593320445,260.478423573486));
#7291=CARTESIAN_POINT('Ctrl Pts',(-633.333333333333,-4600.,226.666666666667));
#7292=CARTESIAN_POINT('Ctrl Pts',(-10.8020896967147,5700.,42.2842216452038));
#7293=CARTESIAN_POINT('Ctrl Pts',(-17.3287886704765,5231.36494946795,73.9396364329953));
#7294=CARTESIAN_POINT('Ctrl Pts',(-29.1596488144974,4764.69828280128,116.223858078199));
#7295=CARTESIAN_POINT('Ctrl Pts',(-69.7842416230919,3662.96761253228,241.672796702918));
#7296=CARTESIAN_POINT('Ctrl Pts',(-118.265382557508,3033.53958596936,407.099935498998));
#7297=CARTESIAN_POINT('Ctrl Pts',(-175.049470385793,1766.87265097756,486.207652215881));
#7298=CARTESIAN_POINT('Ctrl Pts',(-207.425409558879,1138.25734800631,418.717888001514));
#7299=CARTESIAN_POINT('Ctrl Pts',(-226.242705772861,-161.379426309215,394.17886707037));
#7300=CARTESIAN_POINT('Ctrl Pts',(-180.601755093158,-840.442155250272,386.216690176359));
#7301=CARTESIAN_POINT('Ctrl Pts',(-217.823091609802,-2106.00121018123,361.496115566584));
#7302=CARTESIAN_POINT('Ctrl Pts',(-300.299939917299,-2702.13841975253,360.196866661034));
#7303=CARTESIAN_POINT('Ctrl Pts',(-328.560273631621,-3734.46259987111,313.81175690682));
#7304=CARTESIAN_POINT('Ctrl Pts',(-328.560273631622,-4167.79593320445,287.145090240153));
#7305=CARTESIAN_POINT('Ctrl Pts',(-316.666666666667,-4600.,253.333333333333));
#7306=CARTESIAN_POINT('Ctrl Pts',(0.,5700.,50.));
#7307=CARTESIAN_POINT('Ctrl Pts',(7.28742556451726E-15,5231.36494946795,
92.372277210838));
#7308=CARTESIAN_POINT('Ctrl Pts',(7.28742556451726E-15,4764.69828280128,
142.372277210838));
#7309=CARTESIAN_POINT('Ctrl Pts',(-9.98997904161167E-15,3662.96761253228,
278.999056358481));
#7310=CARTESIAN_POINT('Ctrl Pts',(-4.73618024903791E-14,3033.53958596936,
440.021699502215));
#7311=CARTESIAN_POINT('Ctrl Pts',(-9.47313282422701E-14,1766.87265097756,
519.952287075885));
#7312=CARTESIAN_POINT('Ctrl Pts',(-1.30055478268147E-13,1138.25734800631,
453.104410688464));
#7313=CARTESIAN_POINT('Ctrl Pts',(-1.54598261228297E-13,-161.379426309215,
426.420857275942));
#7314=CARTESIAN_POINT('Ctrl Pts',(-2.22715048772529E-13,-840.442155250272,
413.947447333873));
#7315=CARTESIAN_POINT('Ctrl Pts',(-6.80473591616938E-14,-2106.00121018123,
387.185096757551));
#7316=CARTESIAN_POINT('Ctrl Pts',(2.62160762661557E-13,-2702.13841975253,
386.8635333277));
#7317=CARTESIAN_POINT('Ctrl Pts',(3.00245304688535E-13,-3734.46259987111,
340.478423573486));
#7318=CARTESIAN_POINT('Ctrl Pts',(2.52875788971195E-13,-4167.79593320445,
313.81175690682));
#7319=CARTESIAN_POINT('Ctrl Pts',(1.4210854715202E-13,-4600.,280.));
#7320=CARTESIAN_POINT('',(-70.,5700.,0.));
#7321=CARTESIAN_POINT('Origin',(950.,-4220.,-50.));
#7322=CARTESIAN_POINT('Origin',(950.,-4220.,-50.));
#7323=CARTESIAN_POINT('',(1018.21667843871,-4220.,-78.5151012477988));
#7324=CARTESIAN_POINT('Ctrl Pts',(1018.21667843871,-4220.,-78.5151012477988));
#7325=CARTESIAN_POINT('Ctrl Pts',(1003.38850585779,-4220.,-166.686596016491));
#7326=CARTESIAN_POINT('Ctrl Pts',(961.971346889232,-4220.,-278.612449703399));
#7327=CARTESIAN_POINT('Ctrl Pts',(933.848681114494,-4220.,-378.661123931199));
#7328=CARTESIAN_POINT('Ctrl Pts',(1149.50090827531,-4220.,123.999588705519));
#7329=CARTESIAN_POINT('Ctrl Pts',(1127.62020330254,-4220.,90.2471403799665));
#7330=CARTESIAN_POINT('Ctrl Pts',(1105.73949832978,-4220.,56.4946920544134));
#7331=CARTESIAN_POINT('Ctrl Pts',(1061.97808838424,-4220.,-11.0102045966927));
#7332=CARTESIAN_POINT('Ctrl Pts',(1040.09738341147,-4220.,-44.7626529222457));
#7333=CARTESIAN_POINT('Ctrl Pts',(1018.21667843871,-4220.,-78.5151012477988));
#7334=CARTESIAN_POINT('Origin',(950.,-4600.,-50.));
#7335=CARTESIAN_POINT('Ctrl Pts',(70.,5700.,0.));
#7336=CARTESIAN_POINT('Ctrl Pts',(127.723152998231,5231.36494946795,0.));
#7337=CARTESIAN_POINT('Ctrl Pts',(204.389819664897,4764.69828280128,-4.31462360968432E-19));
#7338=CARTESIAN_POINT('Ctrl Pts',(431.067369300212,3662.96761253228,3.75228115179212E-18));
#7339=CARTESIAN_POINT('Ctrl Pts',(616.596110086086,3033.53958596936,-1.06785200236846E-17));
#7340=CARTESIAN_POINT('Ctrl Pts',(983.284551104934,1766.87265097756,3.45435536653092E-17));
#7341=CARTESIAN_POINT('Ctrl Pts',(1258.72628073795,1138.25734800631,-1.31373415587288E-16));
#7342=CARTESIAN_POINT('Ctrl Pts',(1546.39162665336,-161.379426309215,3.32457045146996E-16));
#7343=CARTESIAN_POINT('Ctrl Pts',(1638.45749805116,-840.442155250272,-1.53531851956546E-15));
#7344=CARTESIAN_POINT('Ctrl Pts',(1660.60524138284,-2106.00121018123,3.09552244976908E-15));
#7345=CARTESIAN_POINT('Ctrl Pts',(1667.15101296791,-2702.13841975253,-53.1302103912225));
#7346=CARTESIAN_POINT('Ctrl Pts',(1414.10380439607,-3607.23137317075,27.3027537387322));
#7347=CARTESIAN_POINT('Ctrl Pts',(1297.27077382117,-3913.89803983741,68.6359499739054));
#7348=CARTESIAN_POINT('Ctrl Pts',(1149.50090827531,-4220.,123.999588705519));
#7349=CARTESIAN_POINT('Ctrl Pts',(67.4355391129552,5700.,-1.83175777646054));
#7350=CARTESIAN_POINT('Ctrl Pts',(123.043995423459,5231.36494946795,-5.73967450296849));
#7351=CARTESIAN_POINT('Ctrl Pts',(196.901966832886,4764.69828280128,-9.28107287079218));
#7352=CARTESIAN_POINT('Ctrl Pts',(415.275149182331,3662.96761253228,-16.8082422405759));
#7353=CARTESIAN_POINT('Ctrl Pts',(594.007015694376,3033.53958596936,-20.637446179912));
#7354=CARTESIAN_POINT('Ctrl Pts',(947.261768645735,1766.87265097756,-26.2537250786548));
#7355=CARTESIAN_POINT('Ctrl Pts',(1212.61264767441,1138.25734800631,-29.1240649383231));
#7356=CARTESIAN_POINT('Ctrl Pts',(1489.73932890185,-161.379426309215,-29.498851811007));
#7357=CARTESIAN_POINT('Ctrl Pts',(1582.16857472335,-840.442155250272,-17.7547673597179));
#7358=CARTESIAN_POINT('Ctrl Pts',(1596.33587241771,-2106.00121018123,-30.0819685570706));
#7359=CARTESIAN_POINT('Ctrl Pts',(1580.78955676331,-2702.13841975253,-109.133568706465));
#7360=CARTESIAN_POINT('Ctrl Pts',(1345.37598254939,-3607.23137317075,-38.517090312144));
#7361=CARTESIAN_POINT('Ctrl Pts',(1238.86031922236,-3913.89803983741,1.14369514660856));
#7362=CARTESIAN_POINT('Ctrl Pts',(1105.73949832978,-4220.,56.4946920544134));
#7363=CARTESIAN_POINT('Ctrl Pts',(64.8710782259105,5700.,-3.66351555292109));
#7364=CARTESIAN_POINT('Ctrl Pts',(118.364837848688,5231.36494946795,-11.479349005937));
#7365=CARTESIAN_POINT('Ctrl Pts',(189.414114000875,4764.69828280128,-18.5621457415844));
#7366=CARTESIAN_POINT('Ctrl Pts',(399.48292906445,3662.96761253228,-33.6164844811519));
#7367=CARTESIAN_POINT('Ctrl Pts',(571.417921302666,3033.53958596936,-41.274892359824));
#7368=CARTESIAN_POINT('Ctrl Pts',(911.238986186535,1766.87265097756,-52.5074501573098));
#7369=CARTESIAN_POINT('Ctrl Pts',(1166.49901461087,1138.25734800631,-58.2481298766462));
#7370=CARTESIAN_POINT('Ctrl Pts',(1433.08703115033,-161.379426309215,-58.997703622014));
#7371=CARTESIAN_POINT('Ctrl Pts',(1525.87965139555,-840.442155250272,-35.5095347194358));
#7372=CARTESIAN_POINT('Ctrl Pts',(1532.06650345258,-2106.00121018123,-60.1639371141413));
#7373=CARTESIAN_POINT('Ctrl Pts',(1494.42810055871,-2702.13841975253,-165.136927021707));
#7374=CARTESIAN_POINT('Ctrl Pts',(1276.6481607027,-3607.23137317075,-104.33693436302));
#7375=CARTESIAN_POINT('Ctrl Pts',(1180.44986462355,-3913.89803983741,-66.3485596806882));
#7376=CARTESIAN_POINT('Ctrl Pts',(1061.97808838424,-4220.,-11.0102045966927));
#7377=CARTESIAN_POINT('Ctrl Pts',(62.3066173388657,5700.,-5.49527332938163));
#7378=CARTESIAN_POINT('Ctrl Pts',(113.685680273916,5231.36494946795,-17.2190235089054));
#7379=CARTESIAN_POINT('Ctrl Pts',(181.926261168865,4764.69828280128,-27.8432186123766));
#7380=CARTESIAN_POINT('Ctrl Pts',(383.690708946569,3662.96761253228,-50.4247267217278));
#7381=CARTESIAN_POINT('Ctrl Pts',(548.828826910956,3033.53958596936,-61.912338539736));
#7382=CARTESIAN_POINT('Ctrl Pts',(875.216203727336,1766.87265097756,-78.7611752359646));
#7383=CARTESIAN_POINT('Ctrl Pts',(1120.38538154733,1138.25734800631,-87.3721948149693));
#7384=CARTESIAN_POINT('Ctrl Pts',(1376.43473339882,-161.379426309215,-88.496555433021));
#7385=CARTESIAN_POINT('Ctrl Pts',(1469.59072806774,-840.442155250272,-53.2643020791537));
#7386=CARTESIAN_POINT('Ctrl Pts',(1467.79713448745,-2106.00121018123,-90.2459056712118));
#7387=CARTESIAN_POINT('Ctrl Pts',(1408.06664435411,-2702.13841975253,-221.14028533695));
#7388=CARTESIAN_POINT('Ctrl Pts',(1207.92033885601,-3607.23137317075,-170.156778413896));
#7389=CARTESIAN_POINT('Ctrl Pts',(1122.03941002474,-3913.89803983741,-133.840814507985));
#7390=CARTESIAN_POINT('Ctrl Pts',(1018.21667843871,-4220.,-78.5151012477988));
#7391=CARTESIAN_POINT('',(1275.85946493252,-3300.,-187.462992965533));
#7392=CARTESIAN_POINT('Ctrl Pts',(1275.85946493252,-3300.,-187.462992965533));
#7393=CARTESIAN_POINT('Ctrl Pts',(1207.92033885601,-3607.23137317075,-170.156778413896));
#7394=CARTESIAN_POINT('Ctrl Pts',(1122.03941002474,-3913.89803983741,-133.840814507985));
#7395=CARTESIAN_POINT('Ctrl Pts',(1018.21667843871,-4220.,-78.5151012477988));
#7396=CARTESIAN_POINT('',(1468.65598013041,-1500.,-72.5376079478374));
#7397=CARTESIAN_POINT('Ctrl Pts',(1468.65598013041,-1500.,-72.5376079478374));
#7398=CARTESIAN_POINT('Ctrl Pts',(1467.79713448745,-2106.00121018123,-90.2459056712118));
#7399=CARTESIAN_POINT('Ctrl Pts',(1408.06664435411,-2702.13841975253,-221.14028533695));
#7400=CARTESIAN_POINT('Ctrl Pts',(1275.85946493252,-3300.,-187.462992965533));
#7401=CARTESIAN_POINT('',(62.3066173388657,5700.,-5.49527332938163));
#7402=CARTESIAN_POINT('Ctrl Pts',(62.3066173388657,5700.,-5.49527332938163));
#7403=CARTESIAN_POINT('Ctrl Pts',(113.685680273916,5231.36494946795,-17.2190235089054));
#7404=CARTESIAN_POINT('Ctrl Pts',(181.926261168865,4764.69828280128,-27.8432186123766));
#7405=CARTESIAN_POINT('Ctrl Pts',(383.690708946569,3662.96761253228,-50.4247267217278));
#7406=CARTESIAN_POINT('Ctrl Pts',(548.828826910956,3033.53958596936,-61.912338539736));
#7407=CARTESIAN_POINT('Ctrl Pts',(875.216203727335,1766.87265097756,-78.7611752359646));
#7408=CARTESIAN_POINT('Ctrl Pts',(1120.38538154733,1138.25734800631,-87.3721948149692));
#7409=CARTESIAN_POINT('Ctrl Pts',(1376.43473339882,-161.379426309215,-88.4965554330209));
#7410=CARTESIAN_POINT('Ctrl Pts',(1469.59072806774,-840.442155250272,-53.2643020791537));
#7411=CARTESIAN_POINT('Ctrl Pts',(1468.65598013041,-1500.,-72.5376079478374));
#7412=CARTESIAN_POINT('',(70.,5700.,0.));
#7413=CARTESIAN_POINT('',(1550.,-2300.33161833539,-71.9734705331685));
#7414=CARTESIAN_POINT('Ctrl Pts',(1550.,-313.955250524826,-2.77555756156289E-14));
#7415=CARTESIAN_POINT('Ctrl Pts',(1550.,-425.914700220727,-7.53088656951257));
#7416=CARTESIAN_POINT('Ctrl Pts',(1550.00000000056,-536.859455727987,-13.3205640397487));
#7417=CARTESIAN_POINT('Ctrl Pts',(1550.00000000056,-800.658993052907,-24.282924896859));
#7418=CARTESIAN_POINT('Ctrl Pts',(1550.,-955.827804946568,-28.5177253831425));
#7419=CARTESIAN_POINT('Ctrl Pts',(1550.,-1167.92457792094,-33.3772740082582));
#7420=CARTESIAN_POINT('Ctrl Pts',(1550.,-1233.67662131596,-34.7576492059242));
#7421=CARTESIAN_POINT('Ctrl Pts',(1550.,-1329.80433652728,-36.7006507965093));
#7422=CARTESIAN_POINT('Ctrl Pts',(1549.99999999999,-1364.31992236622,-37.38324941992));
#7423=CARTESIAN_POINT('Ctrl Pts',(1549.99999999999,-1426.86997640079,-38.6027164121804));
#7424=CARTESIAN_POINT('Ctrl Pts',(1550.,-1456.69754429063,-39.1769320026169));
#7425=CARTESIAN_POINT('Ctrl Pts',(1550.,-1495.3653165255,-39.9124090258137));
#7426=CARTESIAN_POINT('Ctrl Pts',(1550.,-1535.49514656171,-40.6063821937766));
#7427=CARTESIAN_POINT('Ctrl Pts',(1550.,-1619.93881772961,-43.0948618822955));
#7428=CARTESIAN_POINT('Ctrl Pts',(1549.99999999995,-1653.50846731823,-44.2705169847134));
#7429=CARTESIAN_POINT('Ctrl Pts',(1549.99999999995,-1729.66685701085,-47.2461607604721));
#7430=CARTESIAN_POINT('Ctrl Pts',(1549.99999999999,-1772.06899104457,-49.1204442327619));
#7431=CARTESIAN_POINT('Ctrl Pts',(1549.99999999999,-1904.94263901688,-55.3334533047407));
#7432=CARTESIAN_POINT('Ctrl Pts',(1550.,-1994.2860640775,-59.9989323902554));
#7433=CARTESIAN_POINT('Ctrl Pts',(1550.,-2154.81435700314,-67.2598017336441));
#7434=CARTESIAN_POINT('Ctrl Pts',(1550.,-2227.35635206793,-70.1417510293406));
#7435=CARTESIAN_POINT('Ctrl Pts',(1550.,-2300.33161833539,-71.9734705331684));
#7436=CARTESIAN_POINT('Ctrl Pts',(1550.,-2300.33161833539,-71.9734705331684));
#7437=CARTESIAN_POINT('Ctrl Pts',(1573.25112462254,-2428.91245296462,-62.1190893030806));
#7438=CARTESIAN_POINT('Ctrl Pts',(1587.59619376117,-2558.10386086019,-51.8045186992767));
#7439=CARTESIAN_POINT('Ctrl Pts',(1592.13568257176,-2775.09174603086,-34.2444120068931));
#7440=CARTESIAN_POINT('Ctrl Pts',(1588.78989630011,-2861.43994352153,-27.1982475837983));
#7441=CARTESIAN_POINT('Ctrl Pts',(1579.71053827504,-2947.62482446564,-20.2221383642696));
#7442=CARTESIAN_POINT('Ctrl Pts',(62.3066173388657,5700.,-5.49527332938163));
#7443=CARTESIAN_POINT('Ctrl Pts',(113.685680273916,5231.36494946795,-17.2190235089054));
#7444=CARTESIAN_POINT('Ctrl Pts',(181.926261168865,4764.69828280128,-27.8432186123766));
#7445=CARTESIAN_POINT('Ctrl Pts',(383.690708946569,3662.96761253228,-50.4247267217278));
#7446=CARTESIAN_POINT('Ctrl Pts',(548.828826910956,3033.53958596936,-61.912338539736));
#7447=CARTESIAN_POINT('Ctrl Pts',(875.216203727335,1766.87265097756,-78.7611752359646));
#7448=CARTESIAN_POINT('Ctrl Pts',(1120.38538154733,1138.25734800631,-87.3721948149693));
#7449=CARTESIAN_POINT('Ctrl Pts',(1376.43473339882,-161.379426309215,-88.496555433021));
#7450=CARTESIAN_POINT('Ctrl Pts',(1469.59072806774,-840.442155250272,-53.2643020791537));
#7451=CARTESIAN_POINT('Ctrl Pts',(1467.79713448745,-2106.00121018123,-90.2459056712118));
#7452=CARTESIAN_POINT('Ctrl Pts',(1408.06664435411,-2702.13841975253,-221.14028533695));
#7453=CARTESIAN_POINT('Ctrl Pts',(1207.92033885601,-3607.23137317075,-170.156778413896));
#7454=CARTESIAN_POINT('Ctrl Pts',(1122.03941002474,-3913.89803983742,-133.840814507985));
#7455=CARTESIAN_POINT('Ctrl Pts',(1018.21667843871,-4220.,-78.5151012477986));
#7456=CARTESIAN_POINT('Ctrl Pts',(59.742156451821,5700.,-7.32703110584217));
#7457=CARTESIAN_POINT('Ctrl Pts',(109.006522699145,5231.36494946795,-22.9586980118739));
#7458=CARTESIAN_POINT('Ctrl Pts',(174.438408336854,4764.69828280128,-37.1242914831688));
#7459=CARTESIAN_POINT('Ctrl Pts',(367.898488828688,3662.96761253228,-67.2329689623037));
#7460=CARTESIAN_POINT('Ctrl Pts',(526.239732519245,3033.53958596936,-82.549784719648));
#7461=CARTESIAN_POINT('Ctrl Pts',(839.193421268136,1766.87265097756,-105.014900314619));
#7462=CARTESIAN_POINT('Ctrl Pts',(1074.27174848379,1138.25734800631,-116.496259753292));
#7463=CARTESIAN_POINT('Ctrl Pts',(1319.7824356473,-161.379426309215,-117.995407244028));
#7464=CARTESIAN_POINT('Ctrl Pts',(1413.30180473994,-840.442155250272,-71.0190694388716));
#7465=CARTESIAN_POINT('Ctrl Pts',(1403.52776552232,-2106.00121018123,-120.327874228282));
#7466=CARTESIAN_POINT('Ctrl Pts',(1309.30813905823,-2702.13841975253,-268.288608586989));
#7467=CARTESIAN_POINT('Ctrl Pts',(1145.56315954837,-3607.23137317075,-240.527081421228));
#7468=CARTESIAN_POINT('Ctrl Pts',(1079.64401041984,-3913.89803983742,-212.772394330933));
#7469=CARTESIAN_POINT('Ctrl Pts',(1003.38850585779,-4220.,-166.686596016491));
#7470=CARTESIAN_POINT('Ctrl Pts',(54.8501003617722,5700.,-10.8213568844484));
#7471=CARTESIAN_POINT('Ctrl Pts',(100.080396578213,5231.36494946795,-33.9079036515443));
#7472=CARTESIAN_POINT('Ctrl Pts',(160.154316022059,4764.69828280128,-54.8291936281447));
#7473=CARTESIAN_POINT('Ctrl Pts',(337.772692411453,3662.96761253228,-99.2969650370426));
#7474=CARTESIAN_POINT('Ctrl Pts',(483.147978870002,3033.53958596936,-121.918505364804));
#7475=CARTESIAN_POINT('Ctrl Pts',(770.475090175511,1766.87265097756,-155.097432790093));
#7476=CARTESIAN_POINT('Ctrl Pts',(986.303754663951,1138.25734800631,-172.05435384171));
#7477=CARTESIAN_POINT('Ctrl Pts',(1211.71051315059,-161.379426309215,-174.268457997313));
#7478=CARTESIAN_POINT('Ctrl Pts',(1305.92306811767,-840.442155250272,-104.888690234531));
#7479=CARTESIAN_POINT('Ctrl Pts',(1280.92524916584,-2106.00121018123,-177.713299065025));
#7480=CARTESIAN_POINT('Ctrl Pts',(1126.53892871601,-2702.13841975253,-382.34184090148));
#7481=CARTESIAN_POINT('Ctrl Pts',(1023.71729366843,-3607.23137317075,-362.377483448672));
#7482=CARTESIAN_POINT('Ctrl Pts',(991.50113541678,-3913.89803983742,-332.196856353634));
#7483=CARTESIAN_POINT('Ctrl Pts',(961.971346889231,-4220.,-278.612449703399));
#7484=CARTESIAN_POINT('Ctrl Pts',(51.1218418732254,5700.,-13.4843986619819));
#7485=CARTESIAN_POINT('Ctrl Pts',(93.2777547303617,5231.36494946795,-42.2523437228638));
#7486=CARTESIAN_POINT('Ctrl Pts',(149.268343448656,4764.69828280128,-68.3221811360287));
#7487=CARTESIAN_POINT('Ctrl Pts',(314.813684143896,3662.96761253228,-123.7330841947));
#7488=CARTESIAN_POINT('Ctrl Pts',(450.307554849525,3033.53958596936,-151.921588777337));
#7489=CARTESIAN_POINT('Ctrl Pts',(718.104533399598,1766.87265097756,-193.265561567157));
#7490=CARTESIAN_POINT('Ctrl Pts',(919.262941222263,1138.25734800631,-214.395433355081));
#7491=CARTESIAN_POINT('Ctrl Pts',(1129.34840302647,-161.379426309215,-217.154409279459));
#7492=CARTESIAN_POINT('Ctrl Pts',(1224.08923814263,-840.442155250272,-130.70088431222));
#7493=CARTESIAN_POINT('Ctrl Pts',(1187.48930650504,-2106.00121018123,-221.446995761932));
#7494=CARTESIAN_POINT('Ctrl Pts',(985.77507089695,-2702.13841975253,-462.942618683746));
#7495=CARTESIAN_POINT('Ctrl Pts',(931.615771074633,-3607.23137317075,-458.487835966059));
#7496=CARTESIAN_POINT('Ctrl Pts',(926.231998112798,-3913.89803983742,-431.374877276459));
#7497=CARTESIAN_POINT('Ctrl Pts',(933.848681114494,-4220.,-378.661123931199));
#7498=CARTESIAN_POINT('',(70.,5700.,0.));
#7499=CARTESIAN_POINT('Origin',(15.,-200.,-520.));
#7500=CARTESIAN_POINT('',(15.,-2035.55067386674,-520.));
#7501=CARTESIAN_POINT('',(15.,-2259.04713302705,-460.));
#7502=CARTESIAN_POINT('Ctrl Pts',(15.,-2035.55067386674,-520.));
#7503=CARTESIAN_POINT('Ctrl Pts',(15.,-2119.09782703827,-497.253026523248));
#7504=CARTESIAN_POINT('Ctrl Pts',(15.,-2183.76503028264,-479.730690679505));
#7505=CARTESIAN_POINT('Ctrl Pts',(15.,-2259.04713302706,-460.));
#7506=CARTESIAN_POINT('',(15.,-200.,-520.));
#7507=CARTESIAN_POINT('',(15.,-2800.,-520.));
#7508=CARTESIAN_POINT('',(15.,-200.,-460.));
#7509=CARTESIAN_POINT('',(15.,-200.,-520.));
#7510=CARTESIAN_POINT('',(15.,-2800.,-460.));
#7511=CARTESIAN_POINT('Origin',(127.5,-1500.,-460.));
#7512=CARTESIAN_POINT('',(240.,-1977.82211200113,-460.));
#7513=CARTESIAN_POINT('Ctrl Pts',(14.9999999999998,-2259.04713302705,-460.));
#7514=CARTESIAN_POINT('Ctrl Pts',(93.431813126132,-2169.07472767319,-460.));
#7515=CARTESIAN_POINT('Ctrl Pts',(170.212572962748,-2074.88809649045,-460.));
#7516=CARTESIAN_POINT('Ctrl Pts',(240.,-1977.82211200113,-460.));
#7517=CARTESIAN_POINT('',(240.,-200.,-460.));
#7518=CARTESIAN_POINT('',(15.,-200.,-460.));
#7519=CARTESIAN_POINT('',(240.,-200.,-460.));
#7520=CARTESIAN_POINT('Origin',(240.,-200.,-520.));
#7521=CARTESIAN_POINT('',(240.,-200.,-520.));
#7522=CARTESIAN_POINT('',(15.,-200.,-520.));
#7523=CARTESIAN_POINT('',(240.,-200.,-520.));
#7524=CARTESIAN_POINT('Origin',(240.,-2800.,-520.));
#7525=CARTESIAN_POINT('',(240.,-1721.48296607392,-520.));
#7526=CARTESIAN_POINT('Ctrl Pts',(240.,-1977.82211200113,-460.));
#7527=CARTESIAN_POINT('Ctrl Pts',(240.,-1897.31273804385,-479.479330799052));
#7528=CARTESIAN_POINT('Ctrl Pts',(240.,-1807.7654554784,-500.958989535072));
#7529=CARTESIAN_POINT('Ctrl Pts',(240.,-1721.48296607392,-520.));
#7530=CARTESIAN_POINT('',(240.,-200.,-520.));
#7531=CARTESIAN_POINT('Origin',(127.5,-1500.,-520.));
#7532=CARTESIAN_POINT('Ctrl Pts',(240.,-1721.48296607392,-520.));
#7533=CARTESIAN_POINT('Ctrl Pts',(174.54737061157,-1831.6155202963,-520.));
#7534=CARTESIAN_POINT('Ctrl Pts',(96.5573689236527,-1937.04055484735,-520.));
#7535=CARTESIAN_POINT('Ctrl Pts',(14.9999999999999,-2035.55067386674,-520.));
#7536=CARTESIAN_POINT('Origin',(-240.,-200.,-520.));
#7537=CARTESIAN_POINT('',(-240.,-2316.54562261033,-520.));
#7538=CARTESIAN_POINT('',(-240.,-2535.73410063733,-460.));
#7539=CARTESIAN_POINT('Ctrl Pts',(-240.,-2316.54562261033,-520.));
#7540=CARTESIAN_POINT('Ctrl Pts',(-240.,-2389.70204792301,-499.00909249104));
#7541=CARTESIAN_POINT('Ctrl Pts',(-240.,-2462.2409797817,-479.049602580154));
#7542=CARTESIAN_POINT('Ctrl Pts',(-240.,-2535.73410063733,-460.));
#7543=CARTESIAN_POINT('',(-240.,-200.,-520.));
#7544=CARTESIAN_POINT('',(-240.,-2800.,-520.));
#7545=CARTESIAN_POINT('',(-240.,-200.,-460.));
#7546=CARTESIAN_POINT('',(-240.,-200.,-520.));
#7547=CARTESIAN_POINT('',(-240.,-2800.,-460.));
#7548=CARTESIAN_POINT('Origin',(-127.5,-1500.,-460.));
#7549=CARTESIAN_POINT('',(-15.,-2293.1745770838,-460.));
#7550=CARTESIAN_POINT('Ctrl Pts',(-240.,-2535.73410063733,-460.));
#7551=CARTESIAN_POINT('Ctrl Pts',(-163.961335549555,-2456.54212073559,-460.));
#7552=CARTESIAN_POINT('Ctrl Pts',(-87.929247312864,-2375.46648077814,-460.));
#7553=CARTESIAN_POINT('Ctrl Pts',(-15.,-2293.17457708379,-460.));
#7554=CARTESIAN_POINT('',(-15.,-200.,-460.));
#7555=CARTESIAN_POINT('',(-240.,-200.,-460.));
#7556=CARTESIAN_POINT('',(-15.,-200.,-460.));
#7557=CARTESIAN_POINT('Origin',(-15.,-200.,-520.));
#7558=CARTESIAN_POINT('',(-15.,-200.,-520.));
#7559=CARTESIAN_POINT('',(-240.,-200.,-520.));
#7560=CARTESIAN_POINT('',(-15.,-200.,-520.));
#7561=CARTESIAN_POINT('Origin',(-15.,-2800.,-520.));
#7562=CARTESIAN_POINT('',(-15.,-2071.30057056084,-520.));
#7563=CARTESIAN_POINT('Ctrl Pts',(-15.,-2293.1745770838,-460.));
#7564=CARTESIAN_POINT('Ctrl Pts',(-15.,-2218.54187140449,-479.617407875608));
#7565=CARTESIAN_POINT('Ctrl Pts',(-15.,-2148.04418092338,-498.846725959977));
#7566=CARTESIAN_POINT('Ctrl Pts',(-15.,-2071.30057056084,-520.));
#7567=CARTESIAN_POINT('',(-15.,-200.,-520.));
#7568=CARTESIAN_POINT('Origin',(-127.5,-1500.,-520.));
#7569=CARTESIAN_POINT('Ctrl Pts',(-15.0000000000001,-2071.30057056084,-520.));
#7570=CARTESIAN_POINT('Ctrl Pts',(-86.5795696691484,-2155.48598964557,-520.));
#7571=CARTESIAN_POINT('Ctrl Pts',(-162.914147583602,-2237.59796796121,-520.));
#7572=CARTESIAN_POINT('Ctrl Pts',(-240.,-2316.54562261033,-520.));
#7573=CARTESIAN_POINT('Origin',(-4850.,-3700.,450.));
#7574=CARTESIAN_POINT('',(-4850.,-3634.13654618474,35.0602409638554));
#7575=CARTESIAN_POINT('',(-4770.,-3634.11510009896,34.925130623468));
#7576=CARTESIAN_POINT('Ctrl Pts',(-4850.,-3634.13654618474,35.0602409638554));
#7577=CARTESIAN_POINT('Ctrl Pts',(-4823.32579642641,-3634.12223425624,34.9700758142982));
#7578=CARTESIAN_POINT('Ctrl Pts',(-4796.67408992065,-3634.11530422072,34.9264165905434));
#7579=CARTESIAN_POINT('Ctrl Pts',(-4770.,-3634.11510009896,34.925130623468));
#7580=CARTESIAN_POINT('',(-4850.,-3600.,-180.));
#7581=CARTESIAN_POINT('',(-4850.,-3700.,450.));
#7582=CARTESIAN_POINT('',(-4770.,-3600.,-180.));
#7583=CARTESIAN_POINT('',(-4850.,-3600.,-180.));
#7584=CARTESIAN_POINT('',(-4770.,-3700.,450.));
#7585=CARTESIAN_POINT('Origin',(-4850.,-3700.,450.));
#7586=CARTESIAN_POINT('',(-4770.,-3700.,450.));
#7587=CARTESIAN_POINT('',(-4770.,-3700.,450.));
#7588=CARTESIAN_POINT('',(-4850.,-3700.,450.));
#7589=CARTESIAN_POINT('',(-4850.,-3700.,450.));
#7590=CARTESIAN_POINT('',(-4850.,-3700.,450.));
#7591=CARTESIAN_POINT('Origin',(-4770.,-3050.,170.));
#7592=CARTESIAN_POINT('',(-4770.,-2400.,40.));
#7593=CARTESIAN_POINT('',(-4770.,-3000.,-180.));
#7594=CARTESIAN_POINT('',(-4770.,-3000.,520.));
#7595=CARTESIAN_POINT('',(-4770.,-2400.,40.));
#7596=CARTESIAN_POINT('',(-4770.,-3000.,520.));
#7597=CARTESIAN_POINT('Origin',(-4850.,-3000.,-180.));
#7598=CARTESIAN_POINT('',(-4850.,-2400.,40.));
#7599=CARTESIAN_POINT('Origin',(-4850.,-3600.,-180.));
#7600=CARTESIAN_POINT('',(-4850.,-3000.,-180.));
#7601=CARTESIAN_POINT('',(-4850.,-3600.,-180.));
#7602=CARTESIAN_POINT('',(-4770.,-3000.,-180.));
#7603=CARTESIAN_POINT('',(-4850.,-3000.,-180.));
#7604=CARTESIAN_POINT('',(-4770.,-3600.,-180.));
#7605=CARTESIAN_POINT('Origin',(-4850.,-3000.,520.));
#7606=CARTESIAN_POINT('',(-4850.,-3000.,520.));
#7607=CARTESIAN_POINT('',(-4850.,-3000.,520.));
#7608=CARTESIAN_POINT('',(-4850.,-3000.,520.));
#7609=CARTESIAN_POINT('Origin',(-4850.,-2400.,40.));
#7610=CARTESIAN_POINT('',(-4850.,-2400.,40.));
#7611=CARTESIAN_POINT('Origin',(-4850.,-3000.,-180.));
#7612=CARTESIAN_POINT('',(-4770.,-3000.,-180.));
#7613=CARTESIAN_POINT('',(-4850.,-3000.,-180.));
#7614=CARTESIAN_POINT('Origin',(-4770.,-3050.,170.));
#7615=CARTESIAN_POINT('Ctrl Pts',(-4770.,-3634.11510009896,34.925130623468));
#7616=CARTESIAN_POINT('Ctrl Pts',(-4770.,-3582.97245410302,30.7004782692366));
#7617=CARTESIAN_POINT('Ctrl Pts',(-4770.,-3531.82980810708,26.4758259150052));
#7618=CARTESIAN_POINT('Ctrl Pts',(-4770.,-3412.97909948041,16.6581304042642));
#7619=CARTESIAN_POINT('Ctrl Pts',(-4770.,-3345.27103684967,11.0650872477544));
#7620=CARTESIAN_POINT('Ctrl Pts',(-4770.,-3277.56297421893,5.47204409124473));
#7621=CARTESIAN_POINT('Origin',(-4850.,-3050.1558903036,32.4953203728579));
#7622=CARTESIAN_POINT('',(-4850.,-3700.,40.));
#7623=CARTESIAN_POINT('Ctrl Pts',(-1550.,-3200.,0.));
#7624=CARTESIAN_POINT('Ctrl Pts',(-2451.29723070492,-3269.35404520651,10.9248149176354));
#7625=CARTESIAN_POINT('Ctrl Pts',(-3551.29723070492,-3436.02071187318,24.2581482509688));
#7626=CARTESIAN_POINT('Ctrl Pts',(-4850.,-3700.,40.));
#7627=CARTESIAN_POINT('Ctrl Pts',(-1550.,-2533.33333333333,-53.3333333333333));
#7628=CARTESIAN_POINT('Ctrl Pts',(-2451.29723070492,-2927.56795414547,-32.8135069637239));
#7629=CARTESIAN_POINT('Ctrl Pts',(-3551.29723070492,-3272.01239858992,-5.03572918594605));
#7630=CARTESIAN_POINT('Ctrl Pts',(-4850.,-3566.66666666667,30.));
#7631=CARTESIAN_POINT('Ctrl Pts',(-1550.,-1866.66666666667,-106.666666666667));
#7632=CARTESIAN_POINT('Ctrl Pts',(-2451.29723070493,-2585.78186308443,-76.5518288450833));
#7633=CARTESIAN_POINT('Ctrl Pts',(-3551.29723070492,-3108.00408530665,-34.3296066228612));
#7634=CARTESIAN_POINT('Ctrl Pts',(-4850.,-3433.33333333333,20.));
#7635=CARTESIAN_POINT('Ctrl Pts',(-1550.,-1200.,-160.));
#7636=CARTESIAN_POINT('Ctrl Pts',(-2451.29723070492,-2243.9957720234,-120.290150726443));
#7637=CARTESIAN_POINT('Ctrl Pts',(-3551.29723070492,-2943.9957720234,-63.6234840597761));
#7638=CARTESIAN_POINT('Ctrl Pts',(-4850.,-3300.,10.));
#7639=CARTESIAN_POINT('',(-1550.,-2659.34686975792,-43.2522504193661));
#7640=CARTESIAN_POINT('',(-1550.,-3200.,0.));
#7641=CARTESIAN_POINT('',(-1550.,-3037.51454732275,-12.9988362141803));
#7642=CARTESIAN_POINT('Ctrl Pts',(-1550.,-3037.51454732274,-12.9988362141804));
#7643=CARTESIAN_POINT('Ctrl Pts',(-1561.0899998648,-2911.07693886831,-23.0968590155414));
#7644=CARTESIAN_POINT('Ctrl Pts',(-1560.0520233082,-2785.88793294612,-33.2172944391455));
#7645=CARTESIAN_POINT('Ctrl Pts',(-1550.,-2659.34686975792,-43.2522504193661));
#7646=CARTESIAN_POINT('',(-1550.,-3200.,0.));
#7647=CARTESIAN_POINT('Origin',(4850.,-3050.,170.));
#7648=CARTESIAN_POINT('',(4850.,-3700.,450.));
#7649=CARTESIAN_POINT('',(4850.,-3700.,450.));
#7650=CARTESIAN_POINT('',(4850.,-3000.,520.));
#7651=CARTESIAN_POINT('',(4850.,-3000.,520.));
#7652=CARTESIAN_POINT('',(4850.,-2400.,40.));
#7653=CARTESIAN_POINT('Origin',(4850.,-3050.,170.));
#7654=CARTESIAN_POINT('',(4850.,-3634.13654618474,35.0602409638554));
#7655=CARTESIAN_POINT('',(4850.,-3700.,40.));
#7656=CARTESIAN_POINT('',(4850.,-3000.,-180.));
#7657=CARTESIAN_POINT('',(4850.,-3000.,-180.));
#7658=CARTESIAN_POINT('',(4850.,-3600.,-180.));
#7659=CARTESIAN_POINT('',(4850.,-3600.,-180.));
#7660=CARTESIAN_POINT('',(4850.,-3700.,450.));
#7661=CARTESIAN_POINT('Origin',(4850.,-3600.,-180.));
#7662=CARTESIAN_POINT('',(4930.,-3000.,-180.));
#7663=CARTESIAN_POINT('',(4850.,-3000.,-180.));
#7664=CARTESIAN_POINT('',(4930.,-3600.,-180.));
#7665=CARTESIAN_POINT('',(4930.,-3600.,-180.));
#7666=CARTESIAN_POINT('',(4850.,-3600.,-180.));
#7667=CARTESIAN_POINT('Origin',(4850.,-3700.,450.));
#7668=CARTESIAN_POINT('',(4850.,-3659.69373812549,196.070550190605));
#7669=CARTESIAN_POINT('',(4930.,-3700.,450.));
#7670=CARTESIAN_POINT('',(4930.,-3700.,450.));
#7671=CARTESIAN_POINT('',(4850.,-3700.,450.));
#7672=CARTESIAN_POINT('Origin',(4850.,-3000.,520.));
#7673=CARTESIAN_POINT('',(4930.,-3000.,520.));
#7674=CARTESIAN_POINT('',(4930.,-3000.,520.));
#7675=CARTESIAN_POINT('',(4850.,-3000.,520.));
#7676=CARTESIAN_POINT('Origin',(4850.,-2400.,40.));
#7677=CARTESIAN_POINT('',(4930.,-2400.,40.));
#7678=CARTESIAN_POINT('',(4930.,-2400.,40.));
#7679=CARTESIAN_POINT('',(4850.,-2400.,40.));
#7680=CARTESIAN_POINT('Origin',(4850.,-3000.,-180.));
#7681=CARTESIAN_POINT('',(4930.,-3000.,-180.));
#7682=CARTESIAN_POINT('Origin',(4930.,-3050.,170.));
#7683=CARTESIAN_POINT('Origin',(4850.,-3050.1558903036,32.4953203728579));
#7684=CARTESIAN_POINT('',(4850.,-3700.,40.));
#7685=CARTESIAN_POINT('Origin',(-1550.,-1246.40847541702,0.0912368003177644));
#7686=CARTESIAN_POINT('Ctrl Pts',(-1550.,-3119.13389703813,-2.28705943072782E-13));
#7687=CARTESIAN_POINT('Ctrl Pts',(-1550.,-3092.07561830184,-4.84111380252367));
#7688=CARTESIAN_POINT('Ctrl Pts',(-1550.,-3064.83730084687,-9.15284678865096));
#7689=CARTESIAN_POINT('Ctrl Pts',(-1550.,-3037.51454732275,-12.9988362141801));
#7690=CARTESIAN_POINT('Origin',(-1550.,-1246.40847541702,0.0912368003177644));
#7691=CARTESIAN_POINT('Ctrl Pts',(-1550.,-2659.34686975792,-43.2522504193662));
#7692=CARTESIAN_POINT('Ctrl Pts',(-1550.,-2622.75030083169,-44.5548896500168));
#7693=CARTESIAN_POINT('Ctrl Pts',(-1550.,-2586.05194524,-45.5300332831195));
#7694=CARTESIAN_POINT('Ctrl Pts',(-1550.,-2459.92687226681,-48.0460256674582));
#7695=CARTESIAN_POINT('Ctrl Pts',(-1550.,-2367.122440605,-48.40731317122));
#7696=CARTESIAN_POINT('Ctrl Pts',(-1550.,-2051.65860789384,-47.4672178531));
#7697=CARTESIAN_POINT('Ctrl Pts',(-1550.,-1782.8510855502,-42.3650995795134));
#7698=CARTESIAN_POINT('Ctrl Pts',(-1550.,-1480.96134556015,-39.8306050470071));
#7699=CARTESIAN_POINT('Ctrl Pts',(-1550.,-1434.86301262912,-39.5420297958906));
#7700=CARTESIAN_POINT('Ctrl Pts',(-1550.,-1283.45174608651,-37.684734928331));
#7701=CARTESIAN_POINT('Ctrl Pts',(-1549.99999999969,-1211.48511316121,-36.5406723850117));
#7702=CARTESIAN_POINT('Ctrl Pts',(-1549.99999999969,-866.919468795692,-29.5344434125699));
#7703=CARTESIAN_POINT('Ctrl Pts',(-1550.,-589.789411092976,-19.3382263650312));
#7704=CARTESIAN_POINT('Ctrl Pts',(-1550.,-313.955250524823,7.54951656745106E-13));
#7705=CARTESIAN_POINT('Origin',(1550.,-1246.40847541702,0.0912368003177644));
#7706=CARTESIAN_POINT('',(1550.,-3200.,0.));
#7707=CARTESIAN_POINT('',(1550.,700.,0.));
#7708=CARTESIAN_POINT('',(1550.,-3200.,0.));
#7709=CARTESIAN_POINT('Ctrl Pts',(1550.,700.,0.));
#7710=CARTESIAN_POINT('Ctrl Pts',(2134.70679372896,-154.464800128562,7.08735507550251));
#7711=CARTESIAN_POINT('Ctrl Pts',(2803.04012706229,-889.496063321084,15.1883651765126));
#7712=CARTESIAN_POINT('Ctrl Pts',(3555.,-1505.09378957757,24.3030303030303));
#7713=CARTESIAN_POINT('Ctrl Pts',(1550.,466.666666666667,53.3333333333333));
#7714=CARTESIAN_POINT('Ctrl Pts',(2134.70679372896,-436.42203369148,45.1576477028874));
#7715=CARTESIAN_POINT('Ctrl Pts',(2803.04012706229,-1177.93168272149,40.4153494718033));
#7716=CARTESIAN_POINT('Ctrl Pts',(3555.,-1757.86228042335,39.106438640081));
#7717=CARTESIAN_POINT('Ctrl Pts',(1550.,233.333333333333,106.666666666667));
#7718=CARTESIAN_POINT('Ctrl Pts',(2134.70679372896,-718.379267254402,83.2279403302723));
#7719=CARTESIAN_POINT('Ctrl Pts',(2803.04012706229,-1466.36730212189,65.6423337670939));
#7720=CARTESIAN_POINT('Ctrl Pts',(3555.,-2010.63077126913,53.9098469771317));
#7721=CARTESIAN_POINT('Ctrl Pts',(1550.,0.,160.));
#7722=CARTESIAN_POINT('Ctrl Pts',(2134.70679372896,-1000.33650081732,121.298232957657));
#7723=CARTESIAN_POINT('Ctrl Pts',(2803.04012706229,-1754.80292152229,90.8693180623847));
#7724=CARTESIAN_POINT('Ctrl Pts',(3555.,-2263.39926211491,68.7132553141824));
#7725=CARTESIAN_POINT('Ctrl Pts',(1550.,-3200.,0.));
#7726=CARTESIAN_POINT('Ctrl Pts',(2451.29723070492,-3269.35404520651,10.9248149176354));
#7727=CARTESIAN_POINT('Ctrl Pts',(3551.29723070492,-3436.02071187318,24.2581482509688));
#7728=CARTESIAN_POINT('Ctrl Pts',(4850.,-3700.,40.));
#7729=CARTESIAN_POINT('Ctrl Pts',(1550.,-2533.33333333333,-53.3333333333333));
#7730=CARTESIAN_POINT('Ctrl Pts',(2451.29723070492,-2927.56795414547,-32.8135069637239));
#7731=CARTESIAN_POINT('Ctrl Pts',(3551.29723070492,-3272.01239858992,-5.03572918594605));
#7732=CARTESIAN_POINT('Ctrl Pts',(4850.,-3566.66666666667,30.));
#7733=CARTESIAN_POINT('Ctrl Pts',(1550.,-1866.66666666667,-106.666666666667));
#7734=CARTESIAN_POINT('Ctrl Pts',(2451.29723070493,-2585.78186308443,-76.5518288450833));
#7735=CARTESIAN_POINT('Ctrl Pts',(3551.29723070492,-3108.00408530665,-34.3296066228612));
#7736=CARTESIAN_POINT('Ctrl Pts',(4850.,-3433.33333333333,20.));
#7737=CARTESIAN_POINT('Ctrl Pts',(1550.,-1200.,-160.));
#7738=CARTESIAN_POINT('Ctrl Pts',(2451.29723070492,-2243.9957720234,-120.290150726443));
#7739=CARTESIAN_POINT('Ctrl Pts',(3551.29723070492,-2943.9957720234,-63.6234840597761));
#7740=CARTESIAN_POINT('Ctrl Pts',(4850.,-3300.,10.));
#7741=CARTESIAN_POINT('Ctrl Pts',(655.441558772843,-4430.57492677965,238.712603003978));
#7742=CARTESIAN_POINT('Ctrl Pts',(630.689903429007,-4487.06921912369,236.334238301223));
#7743=CARTESIAN_POINT('Ctrl Pts',(604.435864873145,-4543.54424353047,233.909210826766));
#7744=CARTESIAN_POINT('Ctrl Pts',(576.679443105258,-4600.,231.43752058061));
#7745=CARTESIAN_POINT('Ctrl Pts',(682.69119745378,-4430.57492677965,233.480666083685));
#7746=CARTESIAN_POINT('Ctrl Pts',(657.576253156839,-4487.06921912369,232.072376789315));
#7747=CARTESIAN_POINT('Ctrl Pts',(630.990347892619,-4543.54424353047,230.654372820055));
#7748=CARTESIAN_POINT('Ctrl Pts',(602.933481661119,-4600.,229.226654175906));
#7749=CARTESIAN_POINT('Ctrl Pts',(709.940836134718,-4430.57492677965,228.248729163392));
#7750=CARTESIAN_POINT('Ctrl Pts',(684.46260288467,-4487.06921912369,227.810515277407));
#7751=CARTESIAN_POINT('Ctrl Pts',(657.544830912092,-4543.54424353047,227.399534813344));
#7752=CARTESIAN_POINT('Ctrl Pts',(629.187520216981,-4600.,227.015787771202));
#7753=CARTESIAN_POINT('Ctrl Pts',(737.190474815655,-4430.57492677965,223.016792243099));
#7754=CARTESIAN_POINT('Ctrl Pts',(711.348952612502,-4487.06921912369,223.548653765499));
#7755=CARTESIAN_POINT('Ctrl Pts',(684.099313931565,-4543.54424353047,224.144696806632));
#7756=CARTESIAN_POINT('Ctrl Pts',(655.441558772843,-4600.,224.804921366497));
#7757=CARTESIAN_POINT('Origin',(0.,5700.,-1.66533453693773E-15));
#7758=CARTESIAN_POINT('',(0.,5700.,-50.));
#7759=CARTESIAN_POINT('',(70.,5700.,0.));
#7760=CARTESIAN_POINT('',(0.,5700.,-50.));
#7761=CARTESIAN_POINT('Ctrl Pts',(25.5609209366127,5700.,-31.742199330991));
#7762=CARTESIAN_POINT('Ctrl Pts',(46.6388773651808,5231.36494946795,-99.4617817429293));
#7763=CARTESIAN_POINT('Ctrl Pts',(74.634171724328,4764.69828280128,-160.830033782845));
#7764=CARTESIAN_POINT('Ctrl Pts',(157.406842071948,3662.96761253228,-291.266990898147));
#7765=CARTESIAN_POINT('Ctrl Pts',(225.153777424762,3033.53958596936,-357.622573652262));
#7766=CARTESIAN_POINT('Ctrl Pts',(359.052266699799,1766.87265097756,-454.946055279187));
#7767=CARTESIAN_POINT('Ctrl Pts',(459.631470611131,1138.25734800631,-504.685655757002));
#7768=CARTESIAN_POINT('Ctrl Pts',(564.674201513236,-161.379426309215,-511.180269713198));
#7769=CARTESIAN_POINT('Ctrl Pts',(701.85410868816,-840.442155250272,-463.245175225912));
#7770=CARTESIAN_POINT('Ctrl Pts',(511.227767392089,-2106.00121018123,-378.34187247426));
#7771=CARTESIAN_POINT('Ctrl Pts',(84.5234943566135,-2702.13841975253,-308.870199165083));
#7772=CARTESIAN_POINT('Ctrl Pts',(-61.4227411856194,-3734.46259987112,-224.486305046241));
#7773=CARTESIAN_POINT('Ctrl Pts',(-61.4227411856194,-4167.79593320445,-191.152971712908));
#7774=CARTESIAN_POINT('Ctrl Pts',(0.,-4600.,-160.));
#7775=CARTESIAN_POINT('Ctrl Pts',(17.0406139577418,5700.,-37.8281328873273));
#7776=CARTESIAN_POINT('Ctrl Pts',(31.0925849101206,5231.36494946795,-118.531594416284));
#7777=CARTESIAN_POINT('Ctrl Pts',(49.7561144828853,4764.69828280128,-191.665984665117));
#7778=CARTESIAN_POINT('Ctrl Pts',(104.937894714632,3662.96761253228,-347.111626465963));
#7779=CARTESIAN_POINT('Ctrl Pts',(150.102518283175,3033.53958596936,-426.189568610571));
#7780=CARTESIAN_POINT('Ctrl Pts',(239.368177799866,1766.87265097756,-542.17288651653));
#7781=CARTESIAN_POINT('Ctrl Pts',(306.42098040742,1138.25734800631,-601.449063224309));
#7782=CARTESIAN_POINT('Ctrl Pts',(376.449467675491,-161.379426309215,-609.188889857777));
#7783=CARTESIAN_POINT('Ctrl Pts',(527.775732203335,-840.442155250272,-548.883590901187));
#7784=CARTESIAN_POINT('Ctrl Pts',(285.807254354439,-2106.00121018123,-453.802799339192));
#7785=CARTESIAN_POINT('Ctrl Pts',(-215.893697823499,-2702.13841975253,-382.767270833067));
#7786=CARTESIAN_POINT('Ctrl Pts',(-389.897808266719,-3734.46259987112,-285.898677644215));
#7787=CARTESIAN_POINT('Ctrl Pts',(-389.89780826672,-4167.79593320445,-245.898677644215));
#7788=CARTESIAN_POINT('Ctrl Pts',(-316.666666666667,-4600.,-206.666666666667));
#7789=CARTESIAN_POINT('Ctrl Pts',(8.52030697887089,5700.,-43.9140664436636));
#7790=CARTESIAN_POINT('Ctrl Pts',(15.5462924550602,5231.36494946795,-137.60140708964));
#7791=CARTESIAN_POINT('Ctrl Pts',(24.8780572414428,4764.69828280128,-222.501935547389));
#7792=CARTESIAN_POINT('Ctrl Pts',(52.4689473573158,3662.96761253228,-402.956262033779));
#7793=CARTESIAN_POINT('Ctrl Pts',(75.0512591415876,3033.53958596936,-494.756563568879));
#7794=CARTESIAN_POINT('Ctrl Pts',(119.684088899933,1766.87265097756,-629.399717753873));
#7795=CARTESIAN_POINT('Ctrl Pts',(153.21049020371,1138.25734800631,-698.212470691615));
#7796=CARTESIAN_POINT('Ctrl Pts',(188.224733837746,-161.379426309215,-707.197510002357));
#7797=CARTESIAN_POINT('Ctrl Pts',(353.69735571851,-840.442155250272,-634.522006576462));
#7798=CARTESIAN_POINT('Ctrl Pts',(60.3867413167877,-2106.00121018123,-529.263726204125));
#7799=CARTESIAN_POINT('Ctrl Pts',(-516.310890003611,-2702.13841975253,-456.664342501052));
#7800=CARTESIAN_POINT('Ctrl Pts',(-718.372875347818,-3734.46259987112,-347.311050242188));
#7801=CARTESIAN_POINT('Ctrl Pts',(-718.372875347819,-4167.79593320445,-300.644383575522));
#7802=CARTESIAN_POINT('Ctrl Pts',(-633.333333333333,-4600.,-253.333333333333));
#7803=CARTESIAN_POINT('Ctrl Pts',(8.88178419700125E-15,5700.,-50.));
#7804=CARTESIAN_POINT('Ctrl Pts',(6.61156857816645E-14,5231.36494946795,
-156.671219762995));
#7805=CARTESIAN_POINT('Ctrl Pts',(9.83751366930441E-14,4764.69828280128,
-253.337886429661));
#7806=CARTESIAN_POINT('Ctrl Pts',(1.16809630861446E-13,3662.96761253228,
-458.800897601594));
#7807=CARTESIAN_POINT('Ctrl Pts',(1.55348673425886E-14,3033.53958596936,
-563.323558527187));
#7808=CARTESIAN_POINT('Ctrl Pts',(-2.11733406867423E-14,1766.87265097756,
-716.626548991217));
#7809=CARTESIAN_POINT('Ctrl Pts',(3.14819141742098E-14,1138.25734800631,
-794.975878158922));
#7810=CARTESIAN_POINT('Ctrl Pts',(-6.13138675890523E-14,-161.379426309215,
-805.206130146937));
#7811=CARTESIAN_POINT('Ctrl Pts',(179.618979233685,-840.442155250272,-720.160422251737));
#7812=CARTESIAN_POINT('Ctrl Pts',(-165.033771720863,-2106.00121018123,-604.724653069057));
#7813=CARTESIAN_POINT('Ctrl Pts',(-816.728082183723,-2702.13841975253,-530.561414169036));
#7814=CARTESIAN_POINT('Ctrl Pts',(-1046.84794242892,-3734.46259987112,-408.723422840162));
#7815=CARTESIAN_POINT('Ctrl Pts',(-1046.84794242892,-4167.79593320445,-355.390089506829));
#7816=CARTESIAN_POINT('Ctrl Pts',(-950.,-4600.,-300.));
#7817=CARTESIAN_POINT('Ctrl Pts',(0.,5700.,-50.));
#7818=CARTESIAN_POINT('Ctrl Pts',(0.,5231.36494946795,-156.671219762995));
#7819=CARTESIAN_POINT('Ctrl Pts',(0.,4764.69828280128,-253.337886429661));
#7820=CARTESIAN_POINT('Ctrl Pts',(0.,3662.96761253228,-458.800897601594));
#7821=CARTESIAN_POINT('Ctrl Pts',(0.,3033.53958596936,-563.323558527187));
#7822=CARTESIAN_POINT('Ctrl Pts',(0.,1766.87265097756,-716.626548991217));
#7823=CARTESIAN_POINT('Ctrl Pts',(0.,1138.25734800631,-794.975878158923));
#7824=CARTESIAN_POINT('Ctrl Pts',(0.,-161.379426309215,-805.206130146937));
#7825=CARTESIAN_POINT('Ctrl Pts',(179.618979233686,-840.442155250272,-720.160422251736));
#7826=CARTESIAN_POINT('Ctrl Pts',(-165.033771720863,-2106.00121018123,-604.724653069057));
#7827=CARTESIAN_POINT('Ctrl Pts',(-816.728082183723,-2702.13841975253,-530.561414169036));
#7828=CARTESIAN_POINT('Ctrl Pts',(-1018.4862778753,-3607.23137317075,-423.739633245793));
#7829=CARTESIAN_POINT('Ctrl Pts',(-1038.54230375371,-3913.89803983741,-386.450755020095));
#7830=CARTESIAN_POINT('Ctrl Pts',(-1010.16807763523,-4220.,-348.133365322904));
#7831=CARTESIAN_POINT('Ctrl Pts',(0.,5700.,-50.));
#7832=CARTESIAN_POINT('Ctrl Pts',(0.,5231.36494946795,-156.671219762995));
#7833=CARTESIAN_POINT('Ctrl Pts',(-5.97778882892212E-17,4764.69828280128,
-253.337886429661));
#7834=CARTESIAN_POINT('Ctrl Pts',(-2.87549926334997E-16,3662.96761253228,
-458.800897601594));
#7835=CARTESIAN_POINT('Ctrl Pts',(-1.60817955471179E-16,3033.53958596936,
-563.323558527187));
#7836=CARTESIAN_POINT('Ctrl Pts',(-2.14338207333335E-15,1766.87265097756,
-716.626548991217));
#7837=CARTESIAN_POINT('Ctrl Pts',(1.43928211682184E-15,1138.25734800631,
-794.975878158922));
#7838=CARTESIAN_POINT('Ctrl Pts',(-1.60721852998101E-14,-161.379426309215,
-805.206130146937));
#7839=CARTESIAN_POINT('Ctrl Pts',(179.618979233686,-840.442155250272,-720.160422251737));
#7840=CARTESIAN_POINT('Ctrl Pts',(-165.033771720863,-2106.00121018123,-604.724653069057));
#7841=CARTESIAN_POINT('Ctrl Pts',(-816.728082183723,-2702.13841975253,-530.561414169037));
#7842=CARTESIAN_POINT('Ctrl Pts',(-1018.4862778753,-3607.23137317075,-423.739633245794));
#7843=CARTESIAN_POINT('Ctrl Pts',(-1038.54230375371,-3913.89803983741,-386.450755020095));
#7844=CARTESIAN_POINT('Ctrl Pts',(-1010.16807763523,-4220.,-348.133365322904));
#7845=CARTESIAN_POINT('Ctrl Pts',(-23.3333333333333,5700.,-33.3333333333333));
#7846=CARTESIAN_POINT('Ctrl Pts',(-42.5743843327435,5231.36494946795,-104.447479841997));
#7847=CARTESIAN_POINT('Ctrl Pts',(-68.129939888299,4764.69828280128,-168.891924286441));
#7848=CARTESIAN_POINT('Ctrl Pts',(-143.689123100071,3662.96761253228,-305.86726506773));
#7849=CARTESIAN_POINT('Ctrl Pts',(-205.532036695361,3033.53958596936,-375.549039018125));
#7850=CARTESIAN_POINT('Ctrl Pts',(-327.761517034979,1766.87265097756,-477.751032660811));
#7851=CARTESIAN_POINT('Ctrl Pts',(-419.575426912648,1138.25734800631,-529.983918772615));
#7852=CARTESIAN_POINT('Ctrl Pts',(-515.463875551122,-161.379426309215,-536.804086764624));
#7853=CARTESIAN_POINT('Ctrl Pts',(-426.406513194596,-840.442155250272,-480.106948167825));
#7854=CARTESIAN_POINT('Ctrl Pts',(-663.557594941522,-2106.00121018123,-403.149768712705));
#7855=CARTESIAN_POINT('Ctrl Pts',(-1106.40091699076,-2702.13841975253,-353.707609446025));
#7856=CARTESIAN_POINT('Ctrl Pts',(-1147.17346544604,-3607.23137317075,-282.493088830529));
#7857=CARTESIAN_POINT('Ctrl Pts',(-1116.77759961258,-3913.89803983741,-257.633836680063));
#7858=CARTESIAN_POINT('Ctrl Pts',(-1042.14573583295,-4220.,-232.088910215269));
#7859=CARTESIAN_POINT('Ctrl Pts',(-46.6666666666667,5700.,-16.6666666666667));
#7860=CARTESIAN_POINT('Ctrl Pts',(-85.148768665487,5231.36494946795,-52.223739920998));
#7861=CARTESIAN_POINT('Ctrl Pts',(-136.259879776598,4764.69828280128,-84.4459621432208));
#7862=CARTESIAN_POINT('Ctrl Pts',(-287.378246200141,3662.96761253228,-152.933632533864));
#7863=CARTESIAN_POINT('Ctrl Pts',(-411.064073390725,3033.53958596936,-187.774519509063));
#7864=CARTESIAN_POINT('Ctrl Pts',(-655.523034069955,1766.87265097756,-238.875516330405));
#7865=CARTESIAN_POINT('Ctrl Pts',(-839.150853825298,1138.25734800631,-264.991959386307));
#7866=CARTESIAN_POINT('Ctrl Pts',(-1030.92775110224,-161.379426309215,-268.402043382312));
#7867=CARTESIAN_POINT('Ctrl Pts',(-1032.43200562288,-840.442155250272,-240.053474083912));
#7868=CARTESIAN_POINT('Ctrl Pts',(-1162.08141816218,-2106.00121018123,-201.574884356352));
#7869=CARTESIAN_POINT('Ctrl Pts',(-1396.0737517978,-2702.13841975253,-176.853804723012));
#7870=CARTESIAN_POINT('Ctrl Pts',(-1275.86065301678,-3607.23137317075,-141.246544415264));
#7871=CARTESIAN_POINT('Ctrl Pts',(-1195.01289547144,-3913.89803983741,-128.816918340032));
#7872=CARTESIAN_POINT('Ctrl Pts',(-1074.12339403066,-4220.,-116.044455107635));
#7873=CARTESIAN_POINT('Ctrl Pts',(-70.,5700.,8.88178419700125E-15));
#7874=CARTESIAN_POINT('Ctrl Pts',(-127.723152998231,5231.36494946795,-3.62897203803329E-14));
#7875=CARTESIAN_POINT('Ctrl Pts',(-204.389819664897,4764.69828280128,-6.29350729713367E-14));
#7876=CARTESIAN_POINT('Ctrl Pts',(-431.067369300212,3662.96761253228,-8.218449276758E-14));
#7877=CARTESIAN_POINT('Ctrl Pts',(-616.596110086086,3033.53958596936,-5.92543098665975E-14));
#7878=CARTESIAN_POINT('Ctrl Pts',(-983.284551104934,1766.87265097756,5.92157537663439E-14));
#7879=CARTESIAN_POINT('Ctrl Pts',(-1258.72628073795,1138.25734800631,3.03355062781887E-13));
#7880=CARTESIAN_POINT('Ctrl Pts',(-1546.39162665337,-161.379426309215,2.64385816760367E-13));
#7881=CARTESIAN_POINT('Ctrl Pts',(-1638.45749805116,-840.442155250272,-8.74956049270778E-14));
#7882=CARTESIAN_POINT('Ctrl Pts',(-1660.60524138284,-2106.00121018123,-1.92286873955837E-13));
#7883=CARTESIAN_POINT('Ctrl Pts',(-1685.74658660483,-2702.13841975253,-1.09335673472405E-13));
#7884=CARTESIAN_POINT('Ctrl Pts',(-1404.54784058751,-3607.23137317075,-5.13820828120547E-14));
#7885=CARTESIAN_POINT('Ctrl Pts',(-1273.24819133031,-3913.89803983741,-2.78552612223709E-14));
#7886=CARTESIAN_POINT('Ctrl Pts',(-1106.10105222838,-4220.,-4.73808806958848E-16));
#7887=CARTESIAN_POINT('Origin',(0.,-2000.,880.));
#7888=CARTESIAN_POINT('',(0.,200.,880.));
#7889=CARTESIAN_POINT('',(97.7777777777778,266.666666666667,880.));
#7890=CARTESIAN_POINT('',(-511.988716502116,-149.083215796897,880.));
#7891=CARTESIAN_POINT('',(-97.7777777777778,266.666666666667,880.));
#7892=CARTESIAN_POINT('',(291.988716502116,0.91678420310302,880.));
#7893=CARTESIAN_POINT('',(-220.,100.,880.));
#7894=CARTESIAN_POINT('',(0.,400.,880.));
#7895=CARTESIAN_POINT('',(-220.,-4200.,880.));
#7896=CARTESIAN_POINT('',(-220.,100.,880.));
#7897=CARTESIAN_POINT('',(0.,-4400.,880.));
#7898=CARTESIAN_POINT('',(-220.,-4200.,880.));
#7899=CARTESIAN_POINT('',(220.,-4200.,880.));
#7900=CARTESIAN_POINT('',(220.,-4200.,880.));
#7901=CARTESIAN_POINT('',(220.,100.,880.));
#7902=CARTESIAN_POINT('',(220.,100.,880.));
#7903=CARTESIAN_POINT('',(0.,400.,880.));
#7904=CARTESIAN_POINT('Origin',(0.,400.,720.));
#7905=CARTESIAN_POINT('',(-97.7777777777778,266.666666666667,720.));
#7906=CARTESIAN_POINT('',(-97.7777777777778,266.666666666667,720.));
#7907=CARTESIAN_POINT('',(-220.,100.,720.));
#7908=CARTESIAN_POINT('',(0.,400.,720.));
#7909=CARTESIAN_POINT('',(-220.,100.,720.));
#7910=CARTESIAN_POINT('Origin',(220.,100.,720.));
#7911=CARTESIAN_POINT('',(97.7777777777778,266.666666666667,720.));
#7912=CARTESIAN_POINT('',(97.7777777777778,266.666666666667,720.));
#7913=CARTESIAN_POINT('',(220.,100.,720.));
#7914=CARTESIAN_POINT('',(220.,100.,720.));
#7915=CARTESIAN_POINT('',(0.,400.,720.));
#7916=CARTESIAN_POINT('Origin',(220.,-4200.,720.));
#7917=CARTESIAN_POINT('',(220.,-4200.,720.));
#7918=CARTESIAN_POINT('',(220.,100.,720.));
#7919=CARTESIAN_POINT('',(220.,-4200.,720.));
#7920=CARTESIAN_POINT('Origin',(0.,-4400.,720.));
#7921=CARTESIAN_POINT('',(0.,-4400.,720.));
#7922=CARTESIAN_POINT('',(220.,-4200.,720.));
#7923=CARTESIAN_POINT('',(0.,-4400.,720.));
#7924=CARTESIAN_POINT('Origin',(-220.,-4200.,720.));
#7925=CARTESIAN_POINT('',(-220.,-4200.,720.));
#7926=CARTESIAN_POINT('',(-220.,-4200.,720.));
#7927=CARTESIAN_POINT('',(-220.,-4200.,720.));
#7928=CARTESIAN_POINT('Origin',(-220.,100.,720.));
#7929=CARTESIAN_POINT('',(-220.,100.,720.));
#7930=CARTESIAN_POINT('Origin',(0.,1900.,720.));
#7931=CARTESIAN_POINT('',(-440.,500.,720.));
#7932=CARTESIAN_POINT('',(-440.,500.,720.));
#7933=CARTESIAN_POINT('',(-420.,2200.,720.));
#7934=CARTESIAN_POINT('',(-420.,2200.,720.));
#7935=CARTESIAN_POINT('',(0.,3600.,720.));
#7936=CARTESIAN_POINT('',(0.,3600.,720.));
#7937=CARTESIAN_POINT('',(420.,2200.,720.));
#7938=CARTESIAN_POINT('',(0.,3600.,720.));
#7939=CARTESIAN_POINT('',(440.,500.,720.));
#7940=CARTESIAN_POINT('',(420.,2200.,720.));
#7941=CARTESIAN_POINT('',(440.,500.,720.));
#7942=CARTESIAN_POINT('Origin',(420.,2200.,720.));
#7943=CARTESIAN_POINT('',(0.,3600.,1000.));
#7944=CARTESIAN_POINT('',(0.,3600.,720.));
#7945=CARTESIAN_POINT('',(420.,2200.,1000.));
#7946=CARTESIAN_POINT('',(0.,3600.,1000.));
#7947=CARTESIAN_POINT('',(420.,2200.,720.));
#7948=CARTESIAN_POINT('Origin',(440.,500.,720.));
#7949=CARTESIAN_POINT('',(440.,500.,1000.));
#7950=CARTESIAN_POINT('',(420.,2200.,1000.));
#7951=CARTESIAN_POINT('',(440.,500.,720.));
#7952=CARTESIAN_POINT('Origin',(0.,200.,720.));
#7953=CARTESIAN_POINT('',(0.,200.,1000.));
#7954=CARTESIAN_POINT('',(440.,500.,1000.));
#7955=CARTESIAN_POINT('',(0.,200.,720.));
#7956=CARTESIAN_POINT('Origin',(-440.,500.,720.));
#7957=CARTESIAN_POINT('',(-440.,500.,1000.));
#7958=CARTESIAN_POINT('',(-440.,500.,1000.));
#7959=CARTESIAN_POINT('',(-440.,500.,720.));
#7960=CARTESIAN_POINT('Origin',(-420.,2200.,720.));
#7961=CARTESIAN_POINT('',(-420.,2200.,1000.));
#7962=CARTESIAN_POINT('',(-420.,2200.,1000.));
#7963=CARTESIAN_POINT('',(-420.,2200.,720.));
#7964=CARTESIAN_POINT('Origin',(0.,3600.,720.));
#7965=CARTESIAN_POINT('',(0.,3600.,1000.));
#7966=CARTESIAN_POINT('Origin',(0.,1900.,1000.));
#7967=CARTESIAN_POINT('Origin',(-1160.,-4400.,720.));
#7968=CARTESIAN_POINT('',(-1160.,-4400.,720.));
#7969=CARTESIAN_POINT('',(-1050.,-4400.,720.));
#7970=CARTESIAN_POINT('',(-1160.,-4400.,720.));
#7971=CARTESIAN_POINT('',(-1050.,-4400.,1670.));
#7972=CARTESIAN_POINT('',(-1050.,-4400.,720.));
#7973=CARTESIAN_POINT('',(-1160.,-4400.,1670.));
#7974=CARTESIAN_POINT('',(-1160.,-4400.,1670.));
#7975=CARTESIAN_POINT('',(-1160.,-4400.,720.));
#7976=CARTESIAN_POINT('Origin',(-1160.,-1800.,720.));
#7977=CARTESIAN_POINT('',(-1160.,-1800.,720.));
#7978=CARTESIAN_POINT('',(-1160.,-1800.,720.));
#7979=CARTESIAN_POINT('',(-1160.,-1800.,1670.));
#7980=CARTESIAN_POINT('',(-1160.,-1800.,1670.));
#7981=CARTESIAN_POINT('',(-1160.,-1800.,720.));
#7982=CARTESIAN_POINT('Origin',(-1050.,-1800.,720.));
#7983=CARTESIAN_POINT('',(-1050.,-1800.,720.));
#7984=CARTESIAN_POINT('',(-1050.,-1800.,720.));
#7985=CARTESIAN_POINT('',(-1050.,-1800.,1670.));
#7986=CARTESIAN_POINT('',(-1050.,-1800.,1670.));
#7987=CARTESIAN_POINT('',(-1050.,-1800.,720.));
#7988=CARTESIAN_POINT('Origin',(-1050.,-4400.,720.));
#7989=CARTESIAN_POINT('',(-1050.,-4400.,720.));
#7990=CARTESIAN_POINT('',(-1050.,-4400.,1670.));
#7991=CARTESIAN_POINT('Origin',(-1105.,-3100.,1670.));
#7992=CARTESIAN_POINT('Origin',(-1105.,-3100.,720.));
#7993=CARTESIAN_POINT('Origin',(1050.,-1800.,720.));
#7994=CARTESIAN_POINT('',(1050.,-4400.,720.));
#7995=CARTESIAN_POINT('',(1050.,-1800.,720.));
#7996=CARTESIAN_POINT('',(1050.,-4400.,720.));
#7997=CARTESIAN_POINT('',(1050.,-4400.,1670.));
#7998=CARTESIAN_POINT('',(1050.,-4400.,720.));
#7999=CARTESIAN_POINT('',(1050.,-1800.,1670.));
#8000=CARTESIAN_POINT('',(1050.,-4400.,1670.));
#8001=CARTESIAN_POINT('',(1050.,-1800.,720.));
#8002=CARTESIAN_POINT('Origin',(1160.,-1800.,720.));
#8003=CARTESIAN_POINT('',(1160.,-1800.,720.));
#8004=CARTESIAN_POINT('',(1050.,-1800.,720.));
#8005=CARTESIAN_POINT('',(1160.,-1800.,1670.));
#8006=CARTESIAN_POINT('',(1050.,-1800.,1670.));
#8007=CARTESIAN_POINT('',(1160.,-1800.,720.));
#8008=CARTESIAN_POINT('Origin',(1160.,-4400.,720.));
#8009=CARTESIAN_POINT('',(1160.,-4400.,720.));
#8010=CARTESIAN_POINT('',(1160.,-1800.,720.));
#8011=CARTESIAN_POINT('',(1160.,-4400.,1670.));
#8012=CARTESIAN_POINT('',(1160.,-1800.,1670.));
#8013=CARTESIAN_POINT('',(1160.,-4400.,720.));
#8014=CARTESIAN_POINT('Origin',(1050.,-4400.,720.));
#8015=CARTESIAN_POINT('',(1160.,-4400.,720.));
#8016=CARTESIAN_POINT('',(1160.,-4400.,1670.));
#8017=CARTESIAN_POINT('Origin',(1105.,-3100.,1670.));
#8018=CARTESIAN_POINT('Origin',(1105.,-3100.,720.));
#8019=CARTESIAN_POINT('Origin',(-1.77635683940025E-14,3600.,-960.));
#8020=CARTESIAN_POINT('',(-160.,3000.,-960.));
#8021=CARTESIAN_POINT('',(0.,3600.,-960.));
#8022=CARTESIAN_POINT('',(-160.,3000.,-960.));
#8023=CARTESIAN_POINT('',(-160.,3000.,-740.));
#8024=CARTESIAN_POINT('',(-160.,3000.,-960.));
#8025=CARTESIAN_POINT('',(0.,3600.,-740.));
#8026=CARTESIAN_POINT('',(-160.,3000.,-740.));
#8027=CARTESIAN_POINT('',(0.,3600.,-960.));
#8028=CARTESIAN_POINT('Origin',(160.,3000.,-960.));
#8029=CARTESIAN_POINT('',(160.,3000.,-960.));
#8030=CARTESIAN_POINT('',(0.,3600.,-960.));
#8031=CARTESIAN_POINT('',(160.,3000.,-740.));
#8032=CARTESIAN_POINT('',(0.,3600.,-740.));
#8033=CARTESIAN_POINT('',(160.,3000.,-960.));
#8034=CARTESIAN_POINT('Origin',(180.,2200.,-960.));
#8035=CARTESIAN_POINT('',(180.,2200.,-960.));
#8036=CARTESIAN_POINT('',(160.,3000.,-960.));
#8037=CARTESIAN_POINT('',(180.,2200.,-740.));
#8038=CARTESIAN_POINT('',(160.,3000.,-740.));
#8039=CARTESIAN_POINT('',(180.,2200.,-960.));
#8040=CARTESIAN_POINT('Origin',(0.,1900.,-960.));
#8041=CARTESIAN_POINT('',(0.,1900.,-960.));
#8042=CARTESIAN_POINT('',(180.,2200.,-960.));
#8043=CARTESIAN_POINT('',(0.,1900.,-740.));
#8044=CARTESIAN_POINT('',(180.,2200.,-740.));
#8045=CARTESIAN_POINT('',(0.,1900.,-960.));
#8046=CARTESIAN_POINT('Origin',(-180.,2200.,-960.));
#8047=CARTESIAN_POINT('',(-180.,2200.,-960.));
#8048=CARTESIAN_POINT('',(0.,1900.,-960.));
#8049=CARTESIAN_POINT('',(-180.,2200.,-740.));
#8050=CARTESIAN_POINT('',(0.,1900.,-740.));
#8051=CARTESIAN_POINT('',(-180.,2200.,-960.));
#8052=CARTESIAN_POINT('Origin',(-160.,3000.,-960.));
#8053=CARTESIAN_POINT('',(-180.,2200.,-960.));
#8054=CARTESIAN_POINT('',(-180.,2200.,-740.));
#8055=CARTESIAN_POINT('Origin',(0.,2750.,-740.));
#8056=CARTESIAN_POINT('Origin',(0.,2750.,-960.));
#8057=CARTESIAN_POINT('Origin',(-320.,2600.,720.));
#8058=CARTESIAN_POINT('',(-320.,2600.,720.));
#8059=CARTESIAN_POINT('',(-160.,2600.,720.));
#8060=CARTESIAN_POINT('',(-320.,2600.,720.));
#8061=CARTESIAN_POINT('',(-160.,2600.,760.));
#8062=CARTESIAN_POINT('',(-160.,2600.,720.));
#8063=CARTESIAN_POINT('',(-320.,2600.,760.));
#8064=CARTESIAN_POINT('',(-320.,2600.,760.));
#8065=CARTESIAN_POINT('',(-320.,2600.,720.));
#8066=CARTESIAN_POINT('Origin',(-280.,3600.,720.));
#8067=CARTESIAN_POINT('',(-280.,3600.,720.));
#8068=CARTESIAN_POINT('',(-280.,3600.,720.));
#8069=CARTESIAN_POINT('',(-280.,3600.,760.));
#8070=CARTESIAN_POINT('',(-280.,3600.,760.));
#8071=CARTESIAN_POINT('',(-280.,3600.,720.));
#8072=CARTESIAN_POINT('Origin',(-120.,4400.,720.));
#8073=CARTESIAN_POINT('',(-120.,4400.,720.));
#8074=CARTESIAN_POINT('',(-120.,4400.,720.));
#8075=CARTESIAN_POINT('',(-120.,4400.,760.));
#8076=CARTESIAN_POINT('',(-120.,4400.,760.));
#8077=CARTESIAN_POINT('',(-120.,4400.,720.));
#8078=CARTESIAN_POINT('Origin',(-160.,2600.,720.));
#8079=CARTESIAN_POINT('',(-160.,2600.,720.));
#8080=CARTESIAN_POINT('',(-160.,2600.,760.));
#8081=CARTESIAN_POINT('Origin',(-220.,3500.,760.));
#8082=CARTESIAN_POINT('Origin',(-220.,3500.,720.));
#8083=CARTESIAN_POINT('Origin',(120.,4400.,720.));
#8084=CARTESIAN_POINT('',(160.,2600.,720.));
#8085=CARTESIAN_POINT('',(120.,4400.,720.));
#8086=CARTESIAN_POINT('',(160.,2600.,720.));
#8087=CARTESIAN_POINT('',(160.,2600.,760.));
#8088=CARTESIAN_POINT('',(160.,2600.,720.));
#8089=CARTESIAN_POINT('',(120.,4400.,760.));
#8090=CARTESIAN_POINT('',(160.,2600.,760.));
#8091=CARTESIAN_POINT('',(120.,4400.,720.));
#8092=CARTESIAN_POINT('Origin',(280.,3600.,720.));
#8093=CARTESIAN_POINT('',(280.,3600.,720.));
#8094=CARTESIAN_POINT('',(120.,4400.,720.));
#8095=CARTESIAN_POINT('',(280.,3600.,760.));
#8096=CARTESIAN_POINT('',(120.,4400.,760.));
#8097=CARTESIAN_POINT('',(280.,3600.,720.));
#8098=CARTESIAN_POINT('Origin',(320.,2600.,720.));
#8099=CARTESIAN_POINT('',(320.,2600.,720.));
#8100=CARTESIAN_POINT('',(280.,3600.,720.));
#8101=CARTESIAN_POINT('',(320.,2600.,760.));
#8102=CARTESIAN_POINT('',(280.,3600.,760.));
#8103=CARTESIAN_POINT('',(320.,2600.,720.));
#8104=CARTESIAN_POINT('Origin',(160.,2600.,720.));
#8105=CARTESIAN_POINT('',(320.,2600.,720.));
#8106=CARTESIAN_POINT('',(320.,2600.,760.));
#8107=CARTESIAN_POINT('Origin',(220.,3500.,760.));
#8108=CARTESIAN_POINT('Origin',(220.,3500.,720.));
#8109=CARTESIAN_POINT('Origin',(-660.,-600.,720.));
#8110=CARTESIAN_POINT('',(-660.,-600.,720.));
#8111=CARTESIAN_POINT('',(-440.,-600.,720.));
#8112=CARTESIAN_POINT('',(-660.,-600.,720.));
#8113=CARTESIAN_POINT('',(-440.,-600.,770.));
#8114=CARTESIAN_POINT('',(-440.,-600.,720.));
#8115=CARTESIAN_POINT('',(-660.,-600.,770.));
#8116=CARTESIAN_POINT('',(-660.,-600.,770.));
#8117=CARTESIAN_POINT('',(-660.,-600.,720.));
#8118=CARTESIAN_POINT('Origin',(-640.,1200.,720.));
#8119=CARTESIAN_POINT('',(-640.,1200.,720.));
#8120=CARTESIAN_POINT('',(-640.,1200.,720.));
#8121=CARTESIAN_POINT('',(-640.,1200.,770.));
#8122=CARTESIAN_POINT('',(-640.,1200.,770.));
#8123=CARTESIAN_POINT('',(-640.,1200.,720.));
#8124=CARTESIAN_POINT('Origin',(-480.,1800.,720.));
#8125=CARTESIAN_POINT('',(-480.,1800.,720.));
#8126=CARTESIAN_POINT('',(-480.,1800.,720.));
#8127=CARTESIAN_POINT('',(-480.,1800.,770.));
#8128=CARTESIAN_POINT('',(-480.,1800.,770.));
#8129=CARTESIAN_POINT('',(-480.,1800.,720.));
#8130=CARTESIAN_POINT('Origin',(-440.,-600.,720.));
#8131=CARTESIAN_POINT('',(-440.,-600.,720.));
#8132=CARTESIAN_POINT('',(-440.,-600.,770.));
#8133=CARTESIAN_POINT('Origin',(-550.,600.,770.));
#8134=CARTESIAN_POINT('Origin',(-550.,600.,720.));
#8135=CARTESIAN_POINT('Origin',(480.,1800.,720.));
#8136=CARTESIAN_POINT('',(440.,-600.,720.));
#8137=CARTESIAN_POINT('',(480.,1800.,720.));
#8138=CARTESIAN_POINT('',(440.,-600.,720.));
#8139=CARTESIAN_POINT('',(440.,-600.,770.));
#8140=CARTESIAN_POINT('',(440.,-600.,720.));
#8141=CARTESIAN_POINT('',(480.,1800.,770.));
#8142=CARTESIAN_POINT('',(440.,-600.,770.));
#8143=CARTESIAN_POINT('',(480.,1800.,720.));
#8144=CARTESIAN_POINT('Origin',(640.,1200.,720.));
#8145=CARTESIAN_POINT('',(640.,1200.,720.));
#8146=CARTESIAN_POINT('',(480.,1800.,720.));
#8147=CARTESIAN_POINT('',(640.,1200.,770.));
#8148=CARTESIAN_POINT('',(480.,1800.,770.));
#8149=CARTESIAN_POINT('',(640.,1200.,720.));
#8150=CARTESIAN_POINT('Origin',(660.,-600.,720.));
#8151=CARTESIAN_POINT('',(660.,-600.,720.));
#8152=CARTESIAN_POINT('',(640.,1200.,720.));
#8153=CARTESIAN_POINT('',(660.,-600.,770.));
#8154=CARTESIAN_POINT('',(640.,1200.,770.));
#8155=CARTESIAN_POINT('',(660.,-600.,720.));
#8156=CARTESIAN_POINT('Origin',(440.,-600.,720.));
#8157=CARTESIAN_POINT('',(660.,-600.,720.));
#8158=CARTESIAN_POINT('',(660.,-600.,770.));
#8159=CARTESIAN_POINT('Origin',(550.,600.,770.));
#8160=CARTESIAN_POINT('Origin',(550.,600.,720.));
#8161=CARTESIAN_POINT('Origin',(750.,-1600.,720.));
#8162=CARTESIAN_POINT('',(750.,-3600.,720.));
#8163=CARTESIAN_POINT('',(750.,-1600.,720.));
#8164=CARTESIAN_POINT('',(750.,-3600.,720.));
#8165=CARTESIAN_POINT('',(750.,-3600.,760.));
#8166=CARTESIAN_POINT('',(750.,-3600.,720.));
#8167=CARTESIAN_POINT('',(750.,-1600.,760.));
#8168=CARTESIAN_POINT('',(750.,-3600.,760.));
#8169=CARTESIAN_POINT('',(750.,-1600.,720.));
#8170=CARTESIAN_POINT('Origin',(1150.,-1600.,720.));
#8171=CARTESIAN_POINT('',(1150.,-1600.,720.));
#8172=CARTESIAN_POINT('',(750.,-1600.,720.));
#8173=CARTESIAN_POINT('',(1150.,-1600.,760.));
#8174=CARTESIAN_POINT('',(750.,-1600.,760.));
#8175=CARTESIAN_POINT('',(1150.,-1600.,720.));
#8176=CARTESIAN_POINT('Origin',(1150.,-3600.,720.));
#8177=CARTESIAN_POINT('',(1150.,-3600.,720.));
#8178=CARTESIAN_POINT('',(1150.,-1600.,720.));
#8179=CARTESIAN_POINT('',(1150.,-3600.,760.));
#8180=CARTESIAN_POINT('',(1150.,-1600.,760.));
#8181=CARTESIAN_POINT('',(1150.,-3600.,720.));
#8182=CARTESIAN_POINT('Origin',(750.,-3600.,720.));
#8183=CARTESIAN_POINT('',(1150.,-3600.,720.));
#8184=CARTESIAN_POINT('',(1150.,-3600.,760.));
#8185=CARTESIAN_POINT('Origin',(950.,-2600.,760.));
#8186=CARTESIAN_POINT('Origin',(950.,-2600.,720.));
#8187=CARTESIAN_POINT('Origin',(-1150.,-1600.,720.));
#8188=CARTESIAN_POINT('',(-1150.,-3600.,720.));
#8189=CARTESIAN_POINT('',(-1150.,-1600.,720.));
#8190=CARTESIAN_POINT('',(-1150.,-3600.,720.));
#8191=CARTESIAN_POINT('',(-1150.,-3600.,760.));
#8192=CARTESIAN_POINT('',(-1150.,-3600.,720.));
#8193=CARTESIAN_POINT('',(-1150.,-1600.,760.));
#8194=CARTESIAN_POINT('',(-1150.,-3600.,760.));
#8195=CARTESIAN_POINT('',(-1150.,-1600.,720.));
#8196=CARTESIAN_POINT('Origin',(-750.,-1600.,720.));
#8197=CARTESIAN_POINT('',(-750.,-1600.,720.));
#8198=CARTESIAN_POINT('',(-1150.,-1600.,720.));
#8199=CARTESIAN_POINT('',(-750.,-1600.,760.));
#8200=CARTESIAN_POINT('',(-1150.,-1600.,760.));
#8201=CARTESIAN_POINT('',(-750.,-1600.,720.));
#8202=CARTESIAN_POINT('Origin',(-750.,-3600.,720.));
#8203=CARTESIAN_POINT('',(-750.,-3600.,720.));
#8204=CARTESIAN_POINT('',(-750.,-1600.,720.));
#8205=CARTESIAN_POINT('',(-750.,-3600.,760.));
#8206=CARTESIAN_POINT('',(-750.,-1600.,760.));
#8207=CARTESIAN_POINT('',(-750.,-3600.,720.));
#8208=CARTESIAN_POINT('Origin',(-1150.,-3600.,720.));
#8209=CARTESIAN_POINT('',(-750.,-3600.,720.));
#8210=CARTESIAN_POINT('',(-750.,-3600.,760.));
#8211=CARTESIAN_POINT('Origin',(-950.,-2600.,760.));
#8212=CARTESIAN_POINT('Origin',(-950.,-2600.,720.));
#8213=CARTESIAN_POINT('Origin',(950.,-4600.,-50.));
#8214=CARTESIAN_POINT('',(800.,-4320.,-50.));
#8215=CARTESIAN_POINT('Origin',(950.,-4320.,-50.));
#8216=CARTESIAN_POINT('',(800.,-4600.,-50.));
#8217=CARTESIAN_POINT('',(800.,-4600.,-50.));
#8218=CARTESIAN_POINT('Origin',(950.,-4600.,-50.));
#8219=CARTESIAN_POINT('Origin',(950.,-4320.,-50.));
#8220=CARTESIAN_POINT('Origin',(950.,-4600.,-50.));
#8221=CARTESIAN_POINT('Origin',(-950.,-4600.,-50.));
#8222=CARTESIAN_POINT('',(-1100.,-4320.,-50.));
#8223=CARTESIAN_POINT('Origin',(-950.,-4320.,-50.));
#8224=CARTESIAN_POINT('',(-1100.,-4600.,-50.));
#8225=CARTESIAN_POINT('',(-1100.,-4600.,-50.));
#8226=CARTESIAN_POINT('Origin',(-950.,-4600.,-50.));
#8227=CARTESIAN_POINT('Origin',(-950.,-4320.,-50.));
#8228=CARTESIAN_POINT('Origin',(-950.,-4600.,-50.));
#8229=CARTESIAN_POINT('Origin',(1350.,-4600.,-90.));
#8230=CARTESIAN_POINT('',(1350.,-4600.,-90.));
#8231=CARTESIAN_POINT('',(1270.,-4600.,-90.));
#8232=CARTESIAN_POINT('',(1350.,-4600.,-90.));
#8233=CARTESIAN_POINT('',(1270.,-4380.,-90.));
#8234=CARTESIAN_POINT('',(1270.,-4600.,-90.));
#8235=CARTESIAN_POINT('',(1350.,-4380.,-90.));
#8236=CARTESIAN_POINT('',(1350.,-4380.,-90.));
#8237=CARTESIAN_POINT('',(1350.,-4600.,-90.));
#8238=CARTESIAN_POINT('Origin',(1350.,-4600.,-10.));
#8239=CARTESIAN_POINT('',(1350.,-4600.,-10.));
#8240=CARTESIAN_POINT('',(1350.,-4600.,-10.));
#8241=CARTESIAN_POINT('',(1350.,-4380.,-10.));
#8242=CARTESIAN_POINT('',(1350.,-4380.,-10.));
#8243=CARTESIAN_POINT('',(1350.,-4600.,-10.));
#8244=CARTESIAN_POINT('Origin',(1270.,-4600.,-10.));
#8245=CARTESIAN_POINT('',(1270.,-4600.,-10.));
#8246=CARTESIAN_POINT('',(1270.,-4600.,-10.));
#8247=CARTESIAN_POINT('',(1270.,-4380.,-10.));
#8248=CARTESIAN_POINT('',(1270.,-4380.,-10.));
#8249=CARTESIAN_POINT('',(1270.,-4600.,-10.));
#8250=CARTESIAN_POINT('Origin',(1270.,-4600.,-90.));
#8251=CARTESIAN_POINT('',(1270.,-4600.,-90.));
#8252=CARTESIAN_POINT('',(1270.,-4380.,-90.));
#8253=CARTESIAN_POINT('Origin',(1310.,-4380.,-50.));
#8254=CARTESIAN_POINT('Origin',(1310.,-4600.,-50.));
#8255=CARTESIAN_POINT('Origin',(1244.55844122716,-4600.,-344.558441227157));
#8256=CARTESIAN_POINT('',(1244.55844122716,-4600.,-344.558441227157));
#8257=CARTESIAN_POINT('',(1164.55844122716,-4600.,-344.558441227157));
#8258=CARTESIAN_POINT('',(1244.55844122716,-4600.,-344.558441227157));
#8259=CARTESIAN_POINT('',(1164.55844122716,-4380.,-344.558441227157));
#8260=CARTESIAN_POINT('',(1164.55844122716,-4600.,-344.558441227157));
#8261=CARTESIAN_POINT('',(1244.55844122716,-4380.,-344.558441227157));
#8262=CARTESIAN_POINT('',(1244.55844122716,-4380.,-344.558441227157));
#8263=CARTESIAN_POINT('',(1244.55844122716,-4600.,-344.558441227157));
#8264=CARTESIAN_POINT('Origin',(1244.55844122716,-4600.,-264.558441227157));
#8265=CARTESIAN_POINT('',(1244.55844122716,-4600.,-264.558441227157));
#8266=CARTESIAN_POINT('',(1244.55844122716,-4600.,-264.558441227157));
#8267=CARTESIAN_POINT('',(1244.55844122716,-4380.,-264.558441227157));
#8268=CARTESIAN_POINT('',(1244.55844122716,-4380.,-264.558441227157));
#8269=CARTESIAN_POINT('',(1244.55844122716,-4600.,-264.558441227157));
#8270=CARTESIAN_POINT('Origin',(1164.55844122716,-4600.,-264.558441227157));
#8271=CARTESIAN_POINT('',(1164.55844122716,-4600.,-264.558441227157));
#8272=CARTESIAN_POINT('',(1164.55844122716,-4600.,-264.558441227157));
#8273=CARTESIAN_POINT('',(1164.55844122716,-4380.,-264.558441227157));
#8274=CARTESIAN_POINT('',(1164.55844122716,-4380.,-264.558441227157));
#8275=CARTESIAN_POINT('',(1164.55844122716,-4600.,-264.558441227157));
#8276=CARTESIAN_POINT('Origin',(1164.55844122716,-4600.,-344.558441227157));
#8277=CARTESIAN_POINT('',(1164.55844122716,-4600.,-344.558441227157));
#8278=CARTESIAN_POINT('',(1164.55844122716,-4380.,-344.558441227157));
#8279=CARTESIAN_POINT('Origin',(1204.55844122716,-4380.,-304.558441227157));
#8280=CARTESIAN_POINT('Origin',(1204.55844122716,-4600.,-304.558441227157));
#8281=CARTESIAN_POINT('Origin',(990.,-4600.,-450.));
#8282=CARTESIAN_POINT('',(990.,-4600.,-450.));
#8283=CARTESIAN_POINT('',(910.,-4600.,-450.));
#8284=CARTESIAN_POINT('',(990.,-4600.,-450.));
#8285=CARTESIAN_POINT('',(910.,-4380.,-450.));
#8286=CARTESIAN_POINT('',(910.,-4600.,-450.));
#8287=CARTESIAN_POINT('',(990.,-4380.,-450.));
#8288=CARTESIAN_POINT('',(990.,-4380.,-450.));
#8289=CARTESIAN_POINT('',(990.,-4600.,-450.));
#8290=CARTESIAN_POINT('Origin',(990.,-4600.,-370.));
#8291=CARTESIAN_POINT('',(990.,-4600.,-370.));
#8292=CARTESIAN_POINT('',(990.,-4600.,-370.));
#8293=CARTESIAN_POINT('',(990.,-4380.,-370.));
#8294=CARTESIAN_POINT('',(990.,-4380.,-370.));
#8295=CARTESIAN_POINT('',(990.,-4600.,-370.));
#8296=CARTESIAN_POINT('Origin',(910.,-4600.,-370.));
#8297=CARTESIAN_POINT('',(910.,-4600.,-370.));
#8298=CARTESIAN_POINT('',(910.,-4600.,-370.));
#8299=CARTESIAN_POINT('',(910.,-4380.,-370.));
#8300=CARTESIAN_POINT('',(910.,-4380.,-370.));
#8301=CARTESIAN_POINT('',(910.,-4600.,-370.));
#8302=CARTESIAN_POINT('Origin',(910.,-4600.,-450.));
#8303=CARTESIAN_POINT('',(910.,-4600.,-450.));
#8304=CARTESIAN_POINT('',(910.,-4380.,-450.));
#8305=CARTESIAN_POINT('Origin',(950.,-4380.,-410.));
#8306=CARTESIAN_POINT('Origin',(950.,-4600.,-410.));
#8307=CARTESIAN_POINT('Origin',(-910.,-4600.,270.));
#8308=CARTESIAN_POINT('',(-910.,-4600.,270.));
#8309=CARTESIAN_POINT('',(-990.,-4600.,270.));
#8310=CARTESIAN_POINT('',(-910.,-4600.,270.));
#8311=CARTESIAN_POINT('',(-990.,-4380.,270.));
#8312=CARTESIAN_POINT('',(-990.,-4600.,270.));
#8313=CARTESIAN_POINT('',(-910.,-4380.,270.));
#8314=CARTESIAN_POINT('',(-910.,-4380.,270.));
#8315=CARTESIAN_POINT('',(-910.,-4600.,270.));
#8316=CARTESIAN_POINT('Origin',(-910.,-4600.,350.));
#8317=CARTESIAN_POINT('',(-910.,-4600.,350.));
#8318=CARTESIAN_POINT('',(-910.,-4600.,350.));
#8319=CARTESIAN_POINT('',(-910.,-4380.,350.));
#8320=CARTESIAN_POINT('',(-910.,-4380.,350.));
#8321=CARTESIAN_POINT('',(-910.,-4600.,350.));
#8322=CARTESIAN_POINT('Origin',(-990.,-4600.,350.));
#8323=CARTESIAN_POINT('',(-990.,-4600.,350.));
#8324=CARTESIAN_POINT('',(-990.,-4600.,350.));
#8325=CARTESIAN_POINT('',(-990.,-4380.,350.));
#8326=CARTESIAN_POINT('',(-990.,-4380.,350.));
#8327=CARTESIAN_POINT('',(-990.,-4600.,350.));
#8328=CARTESIAN_POINT('Origin',(-990.,-4600.,270.));
#8329=CARTESIAN_POINT('',(-990.,-4600.,270.));
#8330=CARTESIAN_POINT('',(-990.,-4380.,270.));
#8331=CARTESIAN_POINT('Origin',(-950.,-4380.,310.));
#8332=CARTESIAN_POINT('Origin',(-950.,-4600.,310.));
#8333=CARTESIAN_POINT('Origin',(-1164.55844122716,-4600.,164.558441227157));
#8334=CARTESIAN_POINT('',(-1164.55844122716,-4600.,164.558441227157));
#8335=CARTESIAN_POINT('',(-1244.55844122716,-4600.,164.558441227157));
#8336=CARTESIAN_POINT('',(-1164.55844122716,-4600.,164.558441227157));
#8337=CARTESIAN_POINT('',(-1244.55844122716,-4380.,164.558441227157));
#8338=CARTESIAN_POINT('',(-1244.55844122716,-4600.,164.558441227157));
#8339=CARTESIAN_POINT('',(-1164.55844122716,-4380.,164.558441227157));
#8340=CARTESIAN_POINT('',(-1164.55844122716,-4380.,164.558441227157));
#8341=CARTESIAN_POINT('',(-1164.55844122716,-4600.,164.558441227157));
#8342=CARTESIAN_POINT('Origin',(-1164.55844122716,-4600.,244.558441227157));
#8343=CARTESIAN_POINT('',(-1164.55844122716,-4600.,244.558441227157));
#8344=CARTESIAN_POINT('',(-1164.55844122716,-4600.,244.558441227157));
#8345=CARTESIAN_POINT('',(-1164.55844122716,-4380.,244.558441227157));
#8346=CARTESIAN_POINT('',(-1164.55844122716,-4380.,244.558441227157));
#8347=CARTESIAN_POINT('',(-1164.55844122716,-4600.,244.558441227157));
#8348=CARTESIAN_POINT('Origin',(-1244.55844122716,-4600.,244.558441227157));
#8349=CARTESIAN_POINT('',(-1244.55844122716,-4600.,244.558441227157));
#8350=CARTESIAN_POINT('',(-1244.55844122716,-4600.,244.558441227157));
#8351=CARTESIAN_POINT('',(-1244.55844122716,-4380.,244.558441227157));
#8352=CARTESIAN_POINT('',(-1244.55844122716,-4380.,244.558441227157));
#8353=CARTESIAN_POINT('',(-1244.55844122716,-4600.,244.558441227157));
#8354=CARTESIAN_POINT('Origin',(-1244.55844122716,-4600.,164.558441227157));
#8355=CARTESIAN_POINT('',(-1244.55844122716,-4600.,164.558441227157));
#8356=CARTESIAN_POINT('',(-1244.55844122716,-4380.,164.558441227157));
#8357=CARTESIAN_POINT('Origin',(-1204.55844122716,-4380.,204.558441227157));
#8358=CARTESIAN_POINT('Origin',(-1204.55844122716,-4600.,204.558441227157));
#8359=CARTESIAN_POINT('Origin',(-1270.,-4600.,-90.));
#8360=CARTESIAN_POINT('',(-1270.,-4600.,-90.));
#8361=CARTESIAN_POINT('',(-1350.,-4600.,-90.));
#8362=CARTESIAN_POINT('',(-1270.,-4600.,-90.));
#8363=CARTESIAN_POINT('',(-1350.,-4380.,-90.));
#8364=CARTESIAN_POINT('',(-1350.,-4600.,-90.));
#8365=CARTESIAN_POINT('',(-1270.,-4380.,-90.));
#8366=CARTESIAN_POINT('',(-1270.,-4380.,-90.));
#8367=CARTESIAN_POINT('',(-1270.,-4600.,-90.));
#8368=CARTESIAN_POINT('Origin',(-1270.,-4600.,-9.99999999999996));
#8369=CARTESIAN_POINT('',(-1270.,-4600.,-9.99999999999996));
#8370=CARTESIAN_POINT('',(-1270.,-4600.,-9.99999999999996));
#8371=CARTESIAN_POINT('',(-1270.,-4380.,-9.99999999999996));
#8372=CARTESIAN_POINT('',(-1270.,-4380.,-9.99999999999996));
#8373=CARTESIAN_POINT('',(-1270.,-4600.,-9.99999999999996));
#8374=CARTESIAN_POINT('Origin',(-1350.,-4600.,-9.99999999999996));
#8375=CARTESIAN_POINT('',(-1350.,-4600.,-9.99999999999996));
#8376=CARTESIAN_POINT('',(-1350.,-4600.,-9.99999999999996));
#8377=CARTESIAN_POINT('',(-1350.,-4380.,-9.99999999999996));
#8378=CARTESIAN_POINT('',(-1350.,-4380.,-9.99999999999996));
#8379=CARTESIAN_POINT('',(-1350.,-4600.,-9.99999999999996));
#8380=CARTESIAN_POINT('Origin',(-1350.,-4600.,-90.));
#8381=CARTESIAN_POINT('',(-1350.,-4600.,-90.));
#8382=CARTESIAN_POINT('',(-1350.,-4380.,-90.));
#8383=CARTESIAN_POINT('Origin',(-1310.,-4380.,-50.));
#8384=CARTESIAN_POINT('Origin',(-1310.,-4600.,-50.));
#8385=CARTESIAN_POINT('Origin',(-1164.55844122716,-4600.,-344.558441227157));
#8386=CARTESIAN_POINT('',(-1164.55844122716,-4600.,-344.558441227157));
#8387=CARTESIAN_POINT('',(-1244.55844122716,-4600.,-344.558441227157));
#8388=CARTESIAN_POINT('',(-1164.55844122716,-4600.,-344.558441227157));
#8389=CARTESIAN_POINT('',(-1244.55844122716,-4380.,-344.558441227157));
#8390=CARTESIAN_POINT('',(-1244.55844122716,-4600.,-344.558441227157));
#8391=CARTESIAN_POINT('',(-1164.55844122716,-4380.,-344.558441227157));
#8392=CARTESIAN_POINT('',(-1164.55844122716,-4380.,-344.558441227157));
#8393=CARTESIAN_POINT('',(-1164.55844122716,-4600.,-344.558441227157));
#8394=CARTESIAN_POINT('Origin',(-1164.55844122716,-4600.,-264.558441227157));
#8395=CARTESIAN_POINT('',(-1164.55844122716,-4600.,-264.558441227157));
#8396=CARTESIAN_POINT('',(-1164.55844122716,-4600.,-264.558441227157));
#8397=CARTESIAN_POINT('',(-1164.55844122716,-4380.,-264.558441227157));
#8398=CARTESIAN_POINT('',(-1164.55844122716,-4380.,-264.558441227157));
#8399=CARTESIAN_POINT('',(-1164.55844122716,-4600.,-264.558441227157));
#8400=CARTESIAN_POINT('Origin',(-1244.55844122716,-4600.,-264.558441227157));
#8401=CARTESIAN_POINT('',(-1244.55844122716,-4600.,-264.558441227157));
#8402=CARTESIAN_POINT('',(-1244.55844122716,-4600.,-264.558441227157));
#8403=CARTESIAN_POINT('',(-1244.55844122716,-4380.,-264.558441227157));
#8404=CARTESIAN_POINT('',(-1244.55844122716,-4380.,-264.558441227157));
#8405=CARTESIAN_POINT('',(-1244.55844122716,-4600.,-264.558441227157));
#8406=CARTESIAN_POINT('Origin',(-1244.55844122716,-4600.,-344.558441227157));
#8407=CARTESIAN_POINT('',(-1244.55844122716,-4600.,-344.558441227157));
#8408=CARTESIAN_POINT('',(-1244.55844122716,-4380.,-344.558441227157));
#8409=CARTESIAN_POINT('Origin',(-1204.55844122716,-4380.,-304.558441227157));
#8410=CARTESIAN_POINT('Origin',(-1204.55844122716,-4600.,-304.558441227157));
#8411=CARTESIAN_POINT('Origin',(990.,-4600.,270.));
#8412=CARTESIAN_POINT('',(990.,-4600.,270.));
#8413=CARTESIAN_POINT('',(910.,-4600.,270.));
#8414=CARTESIAN_POINT('',(990.,-4600.,270.));
#8415=CARTESIAN_POINT('',(910.,-4380.,270.));
#8416=CARTESIAN_POINT('',(910.,-4600.,270.));
#8417=CARTESIAN_POINT('',(990.,-4380.,270.));
#8418=CARTESIAN_POINT('',(990.,-4380.,270.));
#8419=CARTESIAN_POINT('',(990.,-4600.,270.));
#8420=CARTESIAN_POINT('Origin',(990.,-4600.,350.));
#8421=CARTESIAN_POINT('',(990.,-4600.,350.));
#8422=CARTESIAN_POINT('',(990.,-4600.,350.));
#8423=CARTESIAN_POINT('',(990.,-4380.,350.));
#8424=CARTESIAN_POINT('',(990.,-4380.,350.));
#8425=CARTESIAN_POINT('',(990.,-4600.,350.));
#8426=CARTESIAN_POINT('Origin',(910.,-4600.,350.));
#8427=CARTESIAN_POINT('',(910.,-4600.,350.));
#8428=CARTESIAN_POINT('',(910.,-4600.,350.));
#8429=CARTESIAN_POINT('',(910.,-4380.,350.));
#8430=CARTESIAN_POINT('',(910.,-4380.,350.));
#8431=CARTESIAN_POINT('',(910.,-4600.,350.));
#8432=CARTESIAN_POINT('Origin',(910.,-4600.,270.));
#8433=CARTESIAN_POINT('',(910.,-4600.,270.));
#8434=CARTESIAN_POINT('',(910.,-4380.,270.));
#8435=CARTESIAN_POINT('Origin',(950.,-4380.,310.));
#8436=CARTESIAN_POINT('Origin',(950.,-4600.,310.));
#8437=CARTESIAN_POINT('Origin',(-910.,-4600.,-450.));
#8438=CARTESIAN_POINT('',(-910.,-4600.,-450.));
#8439=CARTESIAN_POINT('',(-990.,-4600.,-450.));
#8440=CARTESIAN_POINT('',(-910.,-4600.,-450.));
#8441=CARTESIAN_POINT('',(-990.,-4380.,-450.));
#8442=CARTESIAN_POINT('',(-990.,-4600.,-450.));
#8443=CARTESIAN_POINT('',(-910.,-4380.,-450.));
#8444=CARTESIAN_POINT('',(-910.,-4380.,-450.));
#8445=CARTESIAN_POINT('',(-910.,-4600.,-450.));
#8446=CARTESIAN_POINT('Origin',(-910.,-4600.,-370.));
#8447=CARTESIAN_POINT('',(-910.,-4600.,-370.));
#8448=CARTESIAN_POINT('',(-910.,-4600.,-370.));
#8449=CARTESIAN_POINT('',(-910.,-4380.,-370.));
#8450=CARTESIAN_POINT('',(-910.,-4380.,-370.));
#8451=CARTESIAN_POINT('',(-910.,-4600.,-370.));
#8452=CARTESIAN_POINT('Origin',(-990.,-4600.,-370.));
#8453=CARTESIAN_POINT('',(-990.,-4600.,-370.));
#8454=CARTESIAN_POINT('',(-990.,-4600.,-370.));
#8455=CARTESIAN_POINT('',(-990.,-4380.,-370.));
#8456=CARTESIAN_POINT('',(-990.,-4380.,-370.));
#8457=CARTESIAN_POINT('',(-990.,-4600.,-370.));
#8458=CARTESIAN_POINT('Origin',(-990.,-4600.,-450.));
#8459=CARTESIAN_POINT('',(-990.,-4600.,-450.));
#8460=CARTESIAN_POINT('',(-990.,-4380.,-450.));
#8461=CARTESIAN_POINT('Origin',(-950.,-4380.,-410.));
#8462=CARTESIAN_POINT('Origin',(-950.,-4600.,-410.));
#8463=CARTESIAN_POINT('Origin',(1244.55844122716,-4600.,164.558441227157));
#8464=CARTESIAN_POINT('',(1244.55844122716,-4600.,164.558441227157));
#8465=CARTESIAN_POINT('',(1164.55844122716,-4600.,164.558441227157));
#8466=CARTESIAN_POINT('',(1244.55844122716,-4600.,164.558441227157));
#8467=CARTESIAN_POINT('',(1164.55844122716,-4380.,164.558441227157));
#8468=CARTESIAN_POINT('',(1164.55844122716,-4600.,164.558441227157));
#8469=CARTESIAN_POINT('',(1244.55844122716,-4380.,164.558441227157));
#8470=CARTESIAN_POINT('',(1244.55844122716,-4380.,164.558441227157));
#8471=CARTESIAN_POINT('',(1244.55844122716,-4600.,164.558441227157));
#8472=CARTESIAN_POINT('Origin',(1244.55844122716,-4600.,244.558441227157));
#8473=CARTESIAN_POINT('',(1244.55844122716,-4600.,244.558441227157));
#8474=CARTESIAN_POINT('',(1244.55844122716,-4600.,244.558441227157));
#8475=CARTESIAN_POINT('',(1244.55844122716,-4380.,244.558441227157));
#8476=CARTESIAN_POINT('',(1244.55844122716,-4380.,244.558441227157));
#8477=CARTESIAN_POINT('',(1244.55844122716,-4600.,244.558441227157));
#8478=CARTESIAN_POINT('Origin',(1164.55844122716,-4600.,244.558441227157));
#8479=CARTESIAN_POINT('',(1164.55844122716,-4600.,244.558441227157));
#8480=CARTESIAN_POINT('',(1164.55844122716,-4600.,244.558441227157));
#8481=CARTESIAN_POINT('',(1164.55844122716,-4380.,244.558441227157));
#8482=CARTESIAN_POINT('',(1164.55844122716,-4380.,244.558441227157));
#8483=CARTESIAN_POINT('',(1164.55844122716,-4600.,244.558441227157));
#8484=CARTESIAN_POINT('Origin',(1164.55844122716,-4600.,164.558441227157));
#8485=CARTESIAN_POINT('',(1164.55844122716,-4600.,164.558441227157));
#8486=CARTESIAN_POINT('',(1164.55844122716,-4380.,164.558441227157));
#8487=CARTESIAN_POINT('Origin',(1204.55844122716,-4380.,204.558441227157));
#8488=CARTESIAN_POINT('Origin',(1204.55844122716,-4600.,204.558441227157));
#8489=CARTESIAN_POINT('Origin',(2600.,-2000.,-1025.));
#8490=CARTESIAN_POINT('',(2510.,-2000.,-1025.));
#8491=CARTESIAN_POINT('Origin',(2600.,-2000.,-1025.));
#8492=CARTESIAN_POINT('Origin',(2600.,-2000.,-600.));
#8493=CARTESIAN_POINT('',(2510.,-2000.,-175.));
#8494=CARTESIAN_POINT('Origin',(2600.,-2000.,-175.));
#8495=CARTESIAN_POINT('',(2510.,-2000.,-600.));
#8496=CARTESIAN_POINT('Origin',(2600.,-2000.,-175.));
#8497=CARTESIAN_POINT('Origin',(-2600.,-2000.,-1025.));
#8498=CARTESIAN_POINT('',(-2690.,-2000.,-1025.));
#8499=CARTESIAN_POINT('Origin',(-2600.,-2000.,-1025.));
#8500=CARTESIAN_POINT('Origin',(-2600.,-2000.,-600.));
#8501=CARTESIAN_POINT('',(-2690.,-2000.,-175.));
#8502=CARTESIAN_POINT('Origin',(-2600.,-2000.,-175.));
#8503=CARTESIAN_POINT('',(-2690.,-2000.,-600.));
#8504=CARTESIAN_POINT('Origin',(-2600.,-2000.,-175.));
#8505=CARTESIAN_POINT('Origin',(3600.,-2000.,-1025.));
#8506=CARTESIAN_POINT('',(3510.,-2000.,-1025.));
#8507=CARTESIAN_POINT('Origin',(3600.,-2000.,-1025.));
#8508=CARTESIAN_POINT('Origin',(3600.,-2000.,-600.));
#8509=CARTESIAN_POINT('',(3510.,-2000.,-175.));
#8510=CARTESIAN_POINT('Origin',(3600.,-2000.,-175.));
#8511=CARTESIAN_POINT('',(3510.,-2000.,-600.));
#8512=CARTESIAN_POINT('Origin',(3600.,-2000.,-175.));
#8513=CARTESIAN_POINT('Origin',(-3600.,-2000.,-1025.));
#8514=CARTESIAN_POINT('',(-3690.,-2000.,-1025.));
#8515=CARTESIAN_POINT('Origin',(-3600.,-2000.,-1025.));
#8516=CARTESIAN_POINT('Origin',(-3600.,-2000.,-600.));
#8517=CARTESIAN_POINT('',(-3690.,-2000.,-175.));
#8518=CARTESIAN_POINT('Origin',(-3600.,-2000.,-175.));
#8519=CARTESIAN_POINT('',(-3690.,-2000.,-600.));
#8520=CARTESIAN_POINT('Origin',(-3600.,-2000.,-175.));
#8521=CARTESIAN_POINT('Origin',(360.,4600.,-70.));
#8522=CARTESIAN_POINT('',(280.,4600.,-70.));
#8523=CARTESIAN_POINT('Origin',(360.,4600.,-70.));
#8524=CARTESIAN_POINT('Origin',(360.,4600.,0.));
#8525=CARTESIAN_POINT('',(280.,4600.,70.));
#8526=CARTESIAN_POINT('Origin',(360.,4600.,70.));
#8527=CARTESIAN_POINT('',(280.,4600.,0.));
#8528=CARTESIAN_POINT('Origin',(360.,4600.,70.));
#8529=CARTESIAN_POINT('Origin',(-360.,4600.,-70.));
#8530=CARTESIAN_POINT('',(-440.,4600.,-70.));
#8531=CARTESIAN_POINT('Origin',(-360.,4600.,-70.));
#8532=CARTESIAN_POINT('Origin',(-360.,4600.,0.));
#8533=CARTESIAN_POINT('',(-440.,4600.,70.));
#8534=CARTESIAN_POINT('Origin',(-360.,4600.,70.));
#8535=CARTESIAN_POINT('',(-440.,4600.,0.));
#8536=CARTESIAN_POINT('Origin',(-360.,4600.,70.));
#8537=UNCERTAINTY_MEASURE_WITH_UNIT(LENGTH_MEASURE(0.01),#8541,
'DISTANCE_ACCURACY_VALUE',
'Maximum model space distance between geometric entities at asserted c
onnectivities');
#8538=UNCERTAINTY_MEASURE_WITH_UNIT(LENGTH_MEASURE(0.01),#8541,
'DISTANCE_ACCURACY_VALUE',
'Maximum model space distance between geometric entities at asserted c
onnectivities');
#8539=(
GEOMETRIC_REPRESENTATION_CONTEXT(3)
GLOBAL_UNCERTAINTY_ASSIGNED_CONTEXT((#8537))
GLOBAL_UNIT_ASSIGNED_CONTEXT((#8541,#8543,#8544))
REPRESENTATION_CONTEXT('','3D')
);
#8540=(
GEOMETRIC_REPRESENTATION_CONTEXT(3)
GLOBAL_UNCERTAINTY_ASSIGNED_CONTEXT((#8538))
GLOBAL_UNIT_ASSIGNED_CONTEXT((#8541,#8543,#8544))
REPRESENTATION_CONTEXT('','3D')
);
#8541=(
LENGTH_UNIT()
NAMED_UNIT(*)
SI_UNIT(.MILLI.,.METRE.)
);
#8542=(
LENGTH_UNIT()
NAMED_UNIT(*)
SI_UNIT($,.METRE.)
);
#8543=(
NAMED_UNIT(*)
PLANE_ANGLE_UNIT()
SI_UNIT($,.RADIAN.)
);
#8544=(
NAMED_UNIT(*)
SI_UNIT($,.STERADIAN.)
SOLID_ANGLE_UNIT()
);
#8545=SHAPE_DEFINITION_REPRESENTATION(#8546,#8547);
#8546=PRODUCT_DEFINITION_SHAPE('',$,#8549);
#8547=SHAPE_REPRESENTATION('',(#4689),#8539);
#8548=PRODUCT_DEFINITION_CONTEXT('part definition',#8553,'design');
#8549=PRODUCT_DEFINITION('2026-09-18-22-18-52-978','(Unsaved)',#8550,#8548);
#8550=PRODUCT_DEFINITION_FORMATION('',$,#8555);
#8551=PRODUCT_RELATED_PRODUCT_CATEGORY('(Unsaved)','(Unsaved)',(#8555));
#8552=APPLICATION_PROTOCOL_DEFINITION('international standard',
'automotive_design',2009,#8553);
#8553=APPLICATION_CONTEXT(
'Core Data for Automotive Mechanical Design Process');
#8554=PRODUCT_CONTEXT('part definition',#8553,'mechanical');
#8555=PRODUCT('2026-09-18-22-18-52-978','(Unsaved)',$,(#8554));
#8556=PRESENTATION_STYLE_ASSIGNMENT((#8563));
#8557=PRESENTATION_STYLE_ASSIGNMENT((#8564));
#8558=PRESENTATION_STYLE_ASSIGNMENT((#8565));
#8559=PRESENTATION_STYLE_ASSIGNMENT((#8566));
#8560=PRESENTATION_STYLE_ASSIGNMENT((#8567));
#8561=PRESENTATION_STYLE_ASSIGNMENT((#8568));
#8562=PRESENTATION_STYLE_ASSIGNMENT((#8569));
#8563=SURFACE_STYLE_USAGE(.BOTH.,#8570);
#8564=SURFACE_STYLE_USAGE(.BOTH.,#8571);
#8565=SURFACE_STYLE_USAGE(.BOTH.,#8572);
#8566=SURFACE_STYLE_USAGE(.BOTH.,#8573);
#8567=SURFACE_STYLE_USAGE(.BOTH.,#8574);
#8568=SURFACE_STYLE_USAGE(.BOTH.,#8575);
#8569=SURFACE_STYLE_USAGE(.BOTH.,#8576);
#8570=SURFACE_SIDE_STYLE('',(#8577));
#8571=SURFACE_SIDE_STYLE('',(#8578));
#8572=SURFACE_SIDE_STYLE('',(#8579));
#8573=SURFACE_SIDE_STYLE('',(#8580));
#8574=SURFACE_SIDE_STYLE('',(#8581));
#8575=SURFACE_SIDE_STYLE('',(#8582));
#8576=SURFACE_SIDE_STYLE('',(#8583));
#8577=SURFACE_STYLE_FILL_AREA(#8584);
#8578=SURFACE_STYLE_FILL_AREA(#8585);
#8579=SURFACE_STYLE_FILL_AREA(#8586);
#8580=SURFACE_STYLE_FILL_AREA(#8587);
#8581=SURFACE_STYLE_FILL_AREA(#8588);
#8582=SURFACE_STYLE_FILL_AREA(#8589);
#8583=SURFACE_STYLE_FILL_AREA(#8590);
#8584=FILL_AREA_STYLE('Steel - Satin',(#8591));
#8585=FILL_AREA_STYLE('Titanium - Satin',(#8592));
#8586=FILL_AREA_STYLE('Carbon Fiber - Plain',(#8593));
#8587=FILL_AREA_STYLE('Stainless Steel - Brushed Linear Long',(#8594));
#8588=FILL_AREA_STYLE('Glass (Bronze)',(#8595));
#8589=FILL_AREA_STYLE('Paint - Enamel Glossy (Black)',(#8596));
#8590=FILL_AREA_STYLE('Paint - Enamel Glossy (White)',(#8597));
#8591=FILL_AREA_STYLE_COLOUR('Steel - Satin',#8598);
#8592=FILL_AREA_STYLE_COLOUR('Titanium - Satin',#8599);
#8593=FILL_AREA_STYLE_COLOUR('Carbon Fiber - Plain',#8600);
#8594=FILL_AREA_STYLE_COLOUR('Stainless Steel - Brushed Linear Long',#8601);
#8595=FILL_AREA_STYLE_COLOUR('Glass (Bronze)',#8602);
#8596=FILL_AREA_STYLE_COLOUR('Paint - Enamel Glossy (Black)',#8603);
#8597=FILL_AREA_STYLE_COLOUR('Paint - Enamel Glossy (White)',#8604);
#8598=COLOUR_RGB('Steel - Satin',0.627450980392157,0.627450980392157,0.627450980392157);
#8599=COLOUR_RGB('Titanium - Satin',0.858823529411765,0.847058823529412,
0.827450980392157);
#8600=COLOUR_RGB('Carbon Fiber - Plain',0.0980392156862745,0.0980392156862745,
0.0980392156862745);
#8601=COLOUR_RGB('Stainless Steel - Brushed Linear Long',0.796078431372549,
0.796078431372549,0.796078431372549);
#8602=COLOUR_RGB('Glass (Bronze)',0.627450980392157,0.486274509803922,0.349019607843137);
#8603=COLOUR_RGB('Paint - Enamel Glossy (Black)',0.0980392156862745,0.0980392156862745,
0.0980392156862745);
#8604=COLOUR_RGB('Paint - Enamel Glossy (White)',0.964705882352941,0.964705882352941,
0.952941176470588);
ENDSEC;
END-ISO-10303-21;
